# 'Timestamp', '--imbalance% 0 100', '--moveIntervalMean 1 10', '--delay 1 10', '--selfEvents% 0 100', '--callIntervalMean 1 10', '--callDurationMean 1 10', '--maxChannels 10 100', '--simEndTime 300 600', '--rows 10 100', '--eventsPerAgent 1 20', '--granularity 0 50', '--cols 10 100', 2tLadderQ_timing_secs, heap2tQ_timing_secs
Wed May 17 14:09:33 EDT 2017, 0.210, 1, 5, 0.450, 4, 6, 11, 492, 77, 7, 46, 27, 11.693, 13.283
Wed May 17 14:10:22 EDT 2017, 0.710, 6, 1, 0.950, 8, 2, 56, 342, 32, 16, 21, 72, 47.927, 29.447
Wed May 17 14:11:34 EDT 2017, 0.960, 4, 3, 0.200, 6, 9, 79, 567, 55, 11, 34, 94, 71.330, 61.420
Wed May 17 14:11:35 EDT 2017, 0.460, 8, 8, 0.700, 1, 4, 34, 417, 10, 2, 9, 49, 1.143, 1.530
Wed May 17 14:12:46 EDT 2017, 0.340, 5, 2, 0.330, 7, 3, 23, 304, 88, 14, 27, 61, 70.537, 44.293
Wed May 17 14:12:49 EDT 2017, 0.840, 9, 7, 0.830, 2, 8, 68, 454, 43, 4, 2, 16, 1.873, 2.527
Wed May 17 14:13:01 EDT 2017, 0.590, 2, 9, 0.080, 5, 1, 90, 379, 66, 9, 40, 38, 8.907, 11.303
Wed May 17 14:13:31 EDT 2017, 0.090, 7, 4, 0.580, 9, 5, 45, 529, 21, 18, 15, 83, 29.240, 21.870
Wed May 17 14:13:38 EDT 2017, 0.060, 2, 1, 0.670, 5, 7, 65, 464, 29, 4, 10, 30, 6.827, 6.053
Wed May 17 14:14:15 EDT 2017, 0.560, 7, 5, 0.170, 1, 3, 20, 314, 74, 13, 35, 75, 36.430, 31.473
Wed May 17 14:15:16 EDT 2017, 0.810, 4, 7, 0.920, 3, 5, 42, 539, 52, 18, 23, 97, 60.490, 54.173
Wed May 17 14:15:54 EDT 2017, 0.310, 9, 3, 0.420, 8, 1, 87, 389, 97, 8, 48, 52, 37.177, 34.360
Wed May 17 14:16:02 EDT 2017, 0.430, 3, 6, 0.550, 4, 2, 76, 351, 18, 15, 17, 64, 8.013, 7.133
Wed May 17 14:16:14 EDT 2017, 0.930, 8, 2, 0.050, 9, 6, 31, 501, 63, 6, 42, 19, 11.810, 10.140
Wed May 17 14:16:17 EDT 2017, 0.680, 1, 4, 0.800, 7, 4, 54, 426, 41, 1, 4, 41, 1.927, 2.770
Wed May 17 14:17:17 EDT 2017, 0.180, 6, 9, 0.300, 2, 8, 99, 576, 86, 11, 29, 86, 52.783, 58.340
Wed May 17 14:17:23 EDT 2017, 0.120, 4, 3, 0.110, 2, 9, 59, 445, 12, 5, 26, 92, 5.843, 6.387
Wed May 17 14:17:51 EDT 2017, 0.620, 8, 8, 0.610, 6, 4, 14, 595, 57, 14, 1, 47, 25.727, 26.050
Wed May 17 14:17:58 EDT 2017, 0.870, 2, 6, 0.360, 8, 7, 37, 370, 35, 19, 38, 24, 7.270, 6.017
Wed May 17 14:26:48 EDT 2017, 0.370, 6, 1, 0.860, 4, 2, 82, 520, 80, 10, 13, 69, 221.100, 516.767
Wed May 17 14:26:57 EDT 2017, 0.250, 1, 9, 0.230, 9, 1, 70, 558, 24, 17, 45, 35, 7.500, 7.673
Wed May 17 14:27:31 EDT 2017, 0.750, 5, 5, 0.730, 5, 6, 25, 408, 69, 7, 20, 80, 27.650, 32.663
Wed May 17 14:27:44 EDT 2017, 0.500, 3, 2, 0.480, 3, 3, 48, 483, 46, 2, 32, 58, 10.137, 12.467
Wed May 17 14:27:50 EDT 2017, 0.000, 7, 7, 0.980, 7, 8, 93, 333, 91, 12, 7, 13, 5.997, 6.157
Wed May 17 14:28:29 EDT 2017, 0.000, 4, 8, 0.650, 6, 7, 85, 548, 38, 18, 47, 96, 38.703, 36.623
Wed May 17 14:29:04 EDT 2017, 0.500, 8, 3, 0.150, 2, 2, 40, 398, 83, 9, 22, 51, 34.370, 30.017
Wed May 17 14:29:08 EDT 2017, 0.750, 2, 1, 0.900, 4, 9, 18, 473, 15, 4, 34, 28, 3.370, 3.007
Wed May 17 14:29:34 EDT 2017, 0.250, 6, 6, 0.400, 8, 5, 63, 323, 60, 13, 9, 73, 26.013, 24.927
Wed May 17 14:29:37 EDT 2017, 0.370, 1, 5, 0.520, 5, 4, 97, 436, 49, 1, 28, 40, 1.953, 2.870
Wed May 17 14:30:43 EDT 2017, 0.870, 5, 9, 0.020, 9, 8, 52, 586, 94, 11, 3, 85, 56.917, 65.383
Wed May 17 14:30:54 EDT 2017, 0.620, 3, 7, 0.770, 7, 1, 29, 361, 26, 16, 40, 62, 10.810, 10.357
Wed May 17 14:31:06 EDT 2017, 0.120, 7, 2, 0.270, 3, 6, 74, 511, 71, 6, 15, 17, 11.610, 9.867
Wed May 17 14:31:17 EDT 2017, 0.180, 2, 5, 0.090, 1, 5, 80, 342, 54, 19, 12, 23, 11.523, 9.047
Wed May 17 14:42:44 EDT 2017, 0.680, 7, 1, 0.590, 5, 1, 35, 492, 99, 10, 37, 68, 250.410, 558.373
Wed May 17 14:43:01 EDT 2017, 0.930, 4, 3, 0.340, 8, 8, 12, 417, 32, 5, 0, 90, 14.813, 16.310
Wed May 17 14:43:35 EDT 2017, 0.430, 9, 7, 0.840, 3, 3, 57, 567, 77, 14, 25, 45, 33.903, 32.410
Wed May 17 14:43:49 EDT 2017, 0.310, 3, 2, 0.210, 9, 4, 91, 455, 43, 3, 6, 56, 11.557, 13.033
Wed May 17 14:43:54 EDT 2017, 0.810, 8, 6, 0.710, 4, 9, 46, 305, 88, 12, 31, 11, 4.873, 4.920
Wed May 17 14:44:01 EDT 2017, 0.560, 1, 8, 0.460, 2, 2, 23, 530, 21, 17, 18, 34, 6.243, 6.263
Wed May 17 14:44:31 EDT 2017, 0.060, 6, 4, 0.960, 7, 6, 68, 380, 66, 7, 43, 79, 28.610, 29.857
Wed May 17 14:44:48 EDT 2017, 0.090, 1, 1, 0.810, 8, 8, 43, 314, 57, 10, 29, 25, 16.890, 11.443
Wed May 17 14:44:49 EDT 2017, 0.590, 6, 5, 0.310, 3, 4, 88, 464, 12, 1, 4, 70, 1.000, 1.387
Wed May 17 14:45:20 EDT 2017, 0.840, 4, 8, 0.560, 1, 6, 66, 389, 80, 6, 42, 93, 22.867, 30.127
Wed May 17 14:45:49 EDT 2017, 0.340, 8, 3, 0.060, 6, 2, 21, 539, 35, 15, 17, 48, 28.060, 21.277
Wed May 17 14:46:17 EDT 2017, 0.470, 5, 6, 0.930, 2, 1, 54, 502, 69, 8, 48, 59, 23.820, 27.120
Wed May 17 14:46:23 EDT 2017, 0.970, 9, 2, 0.430, 7, 5, 99, 352, 24, 17, 23, 14, 5.777, 3.737
Wed May 17 14:47:10 EDT 2017, 0.720, 2, 4, 0.680, 9, 3, 77, 577, 91, 13, 36, 37, 46.413, 37.687
Wed May 17 14:47:19 EDT 2017, 0.220, 7, 9, 0.180, 5, 7, 32, 427, 46, 3, 11, 82, 6.623, 9.590
Wed May 17 14:49:02 EDT 2017, 0.150, 3, 4, 0.490, 3, 8, 37, 595, 74, 11, 7, 99, 101.403, 96.127
Wed May 17 14:49:06 EDT 2017, 0.650, 8, 8, 0.990, 7, 3, 82, 445, 29, 2, 32, 54, 2.210, 3.197
Wed May 17 14:49:25 EDT 2017, 0.900, 1, 6, 0.240, 5, 6, 60, 520, 97, 7, 20, 31, 16.150, 19.217
Wed May 17 14:51:49 EDT 2017, 0.400, 5, 1, 0.740, 1, 1, 15, 370, 52, 16, 45, 76, 136.123, 136.943
Wed May 17 14:52:02 EDT 2017, 0.280, 2, 9, 0.370, 6, 2, 49, 408, 63, 9, 14, 42, 10.143, 12.783
Wed May 17 14:52:27 EDT 2017, 0.780, 6, 5, 0.870, 2, 7, 94, 558, 18, 19, 39, 87, 24.297, 19.547
Wed May 17 14:53:23 EDT 2017, 0.530, 4, 3, 0.120, 4, 4, 71, 333, 85, 14, 1, 65, 55.870, 42.633
Wed May 17 14:53:26 EDT 2017, 0.030, 9, 7, 0.620, 9, 9, 26, 483, 40, 4, 26, 20, 2.357, 3.160
Wed May 17 15:01:19 EDT 2017, 0.040, 2, 3, 0.200, 2, 2, 61, 441, 87, 18, 38, 83, 203.203, 376.560
Wed May 17 15:01:31 EDT 2017, 0.540, 6, 8, 0.700, 6, 6, 16, 591, 42, 8, 13, 38, 8.890, 10.837
Wed May 17 15:01:34 EDT 2017, 0.790, 4, 6, 0.450, 9, 4, 39, 366, 64, 3, 25, 16, 1.870, 2.867
Wed May 17 15:02:04 EDT 2017, 0.290, 9, 1, 0.950, 4, 8, 84, 516, 19, 13, 0, 61, 30.130, 19.210
Wed May 17 15:02:12 EDT 2017, 0.420, 3, 9, 0.070, 8, 9, 73, 553, 98, 1, 32, 49, 4.457, 6.910
Wed May 17 15:02:55 EDT 2017, 0.920, 7, 4, 0.570, 3, 5, 28, 403, 53, 11, 7, 94, 42.637, 38.010
Wed May 17 15:09:32 EDT 2017, 0.670, 1, 2, 0.320, 1, 7, 50, 478, 76, 15, 44, 72, 221.357, 345.673
Wed May 17 15:09:35 EDT 2017, 0.170, 5, 7, 0.820, 5, 3, 95, 328, 31, 6, 19, 27, 2.290, 2.917
Wed May 17 15:09:57 EDT 2017, 0.230, 5, 2, 0.510, 7, 2, 56, 459, 92, 19, 22, 10, 22.410, 13.393
Wed May 17 15:10:09 EDT 2017, 0.730, 9, 6, 0.010, 2, 7, 11, 309, 47, 9, 47, 55, 10.783, 11.337
Wed May 17 15:10:35 EDT 2017, 0.980, 2, 8, 0.760, 5, 4, 33, 534, 70, 5, 10, 77, 18.947, 25.740
Wed May 17 15:10:43 EDT 2017, 0.480, 7, 4, 0.260, 9, 9, 78, 384, 25, 14, 35, 32, 7.560, 6.307
Wed May 17 15:10:53 EDT 2017, 0.360, 1, 7, 0.630, 4, 8, 67, 347, 81, 2, 4, 66, 6.543, 9.760
Wed May 17 15:11:03 EDT 2017, 0.860, 6, 3, 0.130, 8, 3, 22, 497, 36, 12, 29, 21, 10.547, 9.007
Wed May 17 15:11:31 EDT 2017, 0.610, 3, 5, 0.880, 6, 5, 45, 422, 59, 17, 16, 44, 27.610, 22.530
Wed May 17 15:11:39 EDT 2017, 0.110, 8, 9, 0.380, 1, 1, 90, 572, 14, 7, 41, 89, 5.130, 6.947
Wed May 17 15:11:40 EDT 2017, 0.070, 4, 6, 0.350, 4, 3, 19, 487, 16, 11, 33, 13, 1.700, 1.713
Wed May 17 15:11:56 EDT 2017, 0.570, 8, 1, 0.850, 8, 7, 64, 337, 61, 2, 8, 58, 12.330, 14.760
Wed May 17 15:12:22 EDT 2017, 0.820, 1, 4, 0.100, 6, 1, 87, 562, 39, 6, 46, 80, 21.723, 24.623
Wed May 17 15:12:44 EDT 2017, 0.320, 6, 8, 0.600, 2, 5, 42, 412, 84, 16, 21, 35, 21.310, 20.930
Wed May 17 15:12:59 EDT 2017, 0.450, 3, 2, 0.480, 5, 6, 30, 300, 28, 9, 40, 69, 15.463, 12.027
Wed May 17 15:13:17 EDT 2017, 0.950, 7, 7, 0.980, 1, 2, 75, 450, 73, 18, 15, 24, 16.990, 14.740
Wed May 17 15:13:30 EDT 2017, 0.700, 5, 9, 0.230, 3, 9, 98, 375, 50, 14, 27, 47, 12.670, 13.317
Wed May 17 15:14:18 EDT 2017, 0.200, 9, 5, 0.730, 7, 4, 53, 525, 95, 4, 2, 92, 36.863, 47.477
Wed May 17 15:14:30 EDT 2017, 0.140, 1, 7, 0.920, 9, 5, 14, 394, 22, 12, 5, 86, 11.180, 11.760
Wed May 17 15:14:47 EDT 2017, 0.640, 5, 3, 0.420, 4, 9, 59, 544, 67, 3, 30, 41, 11.947, 15.713
Wed May 17 15:14:55 EDT 2017, 0.890, 3, 1, 0.670, 2, 2, 81, 319, 45, 8, 18, 18, 8.140, 5.797
Wed May 17 15:16:09 EDT 2017, 0.390, 8, 5, 0.170, 7, 7, 36, 469, 90, 17, 43, 63, 73.303, 58.497
Wed May 17 15:16:16 EDT 2017, 0.260, 4, 4, 0.790, 1, 6, 25, 581, 11, 10, 24, 52, 6.227, 5.837
Wed May 17 15:17:02 EDT 2017, 0.760, 9, 9, 0.290, 6, 1, 70, 431, 56, 19, 49, 97, 45.330, 43.640
Wed May 17 15:17:29 EDT 2017, 0.510, 2, 6, 0.540, 8, 8, 92, 506, 33, 15, 11, 75, 25.910, 23.687
Wed May 17 15:17:43 EDT 2017, 0.010, 7, 2, 0.040, 3, 3, 47, 356, 78, 5, 36, 30, 14.183, 13.133
Wed May 17 15:18:01 EDT 2017, 0.020, 1, 6, 0.410, 6, 4, 72, 419, 50, 14, 18, 46, 18.080, 16.900
Wed May 17 15:19:15 EDT 2017, 0.520, 5, 2, 0.910, 2, 9, 27, 569, 95, 4, 43, 91, 72.297, 70.330
Wed May 17 15:19:26 EDT 2017, 0.770, 3, 4, 0.160, 4, 2, 49, 344, 27, 9, 6, 68, 10.673, 10.380
Wed May 17 15:19:43 EDT 2017, 0.270, 7, 8, 0.660, 9, 6, 94, 494, 72, 19, 31, 23, 16.440, 15.517
Wed May 17 15:20:29 EDT 2017, 0.390, 4, 1, 0.280, 3, 5, 61, 532, 38, 7, 12, 80, 45.710, 35.267
Wed May 17 15:20:57 EDT 2017, 0.890, 9, 5, 0.780, 8, 1, 16, 382, 83, 16, 37, 35, 27.467, 23.023
Wed May 17 15:20:58 EDT 2017, 0.640, 2, 7, 0.030, 5, 7, 38, 457, 16, 12, 24, 12, 1.360, 1.350
Wed May 17 15:21:07 EDT 2017, 0.140, 6, 3, 0.530, 1, 3, 83, 307, 61, 2, 49, 57, 6.120, 8.820
Wed May 17 15:21:24 EDT 2017, 0.210, 4, 9, 0.850, 3, 4, 66, 476, 33, 13, 46, 74, 15.187, 16.473
Wed May 17 15:21:32 EDT 2017, 0.710, 8, 4, 0.350, 7, 8, 21, 326, 78, 3, 21, 29, 5.250, 6.997
Wed May 17 15:21:38 EDT 2017, 0.960, 1, 2, 0.600, 9, 1, 44, 551, 10, 8, 34, 51, 6.043, 4.907
Wed May 17 15:22:25 EDT 2017, 0.460, 6, 7, 0.100, 5, 6, 89, 401, 55, 18, 9, 96, 46.790, 41.790
Wed May 17 15:22:29 EDT 2017, 0.330, 2, 3, 0.970, 8, 7, 55, 363, 44, 6, 27, 18, 3.860, 4.010
Wed May 17 15:23:20 EDT 2017, 0.830, 7, 8, 0.470, 4, 2, 10, 513, 89, 15, 2, 63, 49.390, 46.910
Wed May 17 15:23:32 EDT 2017, 0.580, 5, 6, 0.720, 1, 9, 33, 438, 21, 10, 40, 85, 11.347, 11.780
Wed May 17 15:23:46 EDT 2017, 0.080, 9, 1, 0.220, 6, 5, 78, 588, 66, 1, 15, 40, 9.077, 13.227
Wed May 17 15:25:08 EDT 2017, 0.110, 5, 5, 0.000, 8, 3, 30, 523, 75, 17, 10, 77, 80.860, 64.693
Wed May 17 15:25:12 EDT 2017, 0.610, 9, 9, 0.500, 4, 7, 75, 373, 30, 7, 35, 32, 2.823, 3.537
Wed May 17 15:25:34 EDT 2017, 0.860, 3, 7, 0.250, 2, 5, 97, 598, 97, 3, 23, 54, 14.887, 21.737
Wed May 17 15:27:01 EDT 2017, 0.360, 7, 2, 0.750, 6, 9, 52, 448, 52, 12, 48, 99, 85.970, 58.673
Wed May 17 15:27:05 EDT 2017, 0.490, 2, 8, 0.130, 1, 8, 19, 335, 64, 5, 16, 21, 2.957, 4.030
Wed May 17 15:27:21 EDT 2017, 0.990, 6, 4, 0.630, 5, 4, 64, 485, 19, 15, 41, 66, 15.683, 12.883
Wed May 17 15:47:28 EDT 2017, 0.740, 4, 1, 0.380, 7, 6, 86, 410, 86, 19, 4, 88, 555.230, 1200.123
Wed May 17 15:47:43 EDT 2017, 0.240, 8, 6, 0.880, 3, 2, 41, 560, 41, 10, 29, 43, 14.297, 15.073
Wed May 17 15:48:35 EDT 2017, 0.180, 2, 2, 0.690, 5, 1, 24, 391, 58, 16, 26, 49, 51.483, 31.600
Wed May 17 15:48:43 EDT 2017, 0.680, 7, 6, 0.190, 9, 6, 69, 541, 13, 6, 1, 94, 6.590, 7.890
Wed May 17 15:48:53 EDT 2017, 0.930, 4, 9, 0.940, 7, 3, 92, 316, 80, 2, 38, 71, 6.547, 9.013
Wed May 17 15:49:01 EDT 2017, 0.430, 9, 4, 0.440, 2, 8, 47, 466, 35, 11, 13, 26, 8.517, 7.610
Wed May 17 15:49:35 EDT 2017, 0.300, 3, 5, 0.560, 6, 9, 13, 579, 69, 4, 45, 82, 24.253, 33.347
Wed May 17 15:49:54 EDT 2017, 0.800, 8, 1, 0.060, 1, 4, 58, 429, 24, 13, 20, 37, 18.663, 11.597
Wed May 17 15:50:21 EDT 2017, 0.550, 1, 3, 0.810, 3, 7, 80, 504, 92, 18, 32, 15, 26.450, 19.863
Wed May 17 15:50:34 EDT 2017, 0.050, 6, 8, 0.310, 8, 2, 35, 354, 47, 9, 7, 60, 10.450, 12.563
Wed May 17 15:51:24 EDT 2017, 0.040, 3, 3, 0.990, 2, 7, 96, 537, 90, 14, 20, 33, 48.743, 38.047
Wed May 17 15:51:38 EDT 2017, 0.540, 7, 7, 0.490, 6, 3, 51, 387, 45, 5, 45, 78, 10.353, 13.470
Wed May 17 15:52:01 EDT 2017, 0.790, 1, 9, 0.740, 8, 5, 28, 462, 68, 10, 8, 56, 18.937, 22.943
Wed May 17 15:52:04 EDT 2017, 0.290, 5, 5, 0.240, 4, 1, 73, 312, 23, 19, 33, 11, 2.253, 2.067
Wed May 17 15:52:45 EDT 2017, 0.410, 2, 6, 0.860, 9, 2, 85, 424, 79, 7, 2, 89, 33.227, 39.493
Wed May 17 15:53:27 EDT 2017, 0.910, 6, 2, 0.360, 5, 6, 40, 574, 34, 17, 27, 44, 41.600, 25.847
Wed May 17 15:53:36 EDT 2017, 0.660, 4, 4, 0.610, 3, 4, 17, 349, 57, 12, 14, 22, 9.337, 7.967
Wed May 17 15:53:38 EDT 2017, 0.160, 8, 8, 0.110, 7, 8, 62, 499, 12, 2, 39, 67, 1.163, 1.737
Wed May 17 15:54:25 EDT 2017, 0.220, 1, 4, 0.300, 6, 9, 90, 368, 85, 13, 42, 61, 46.157, 38.100
Wed May 17 15:54:27 EDT 2017, 0.720, 6, 9, 0.800, 1, 5, 45, 518, 40, 4, 17, 16, 1.680, 2.297
Wed May 17 15:54:41 EDT 2017, 0.970, 3, 7, 0.050, 3, 7, 23, 443, 62, 8, 30, 39, 11.043, 13.210
Wed May 17 15:55:23 EDT 2017, 0.470, 8, 2, 0.550, 8, 2, 68, 593, 17, 18, 5, 84, 42.310, 26.333
Wed May 17 15:55:36 EDT 2017, 0.350, 5, 8, 0.420, 4, 1, 79, 480, 96, 6, 36, 28, 9.480, 12.593
Wed May 17 15:56:17 EDT 2017, 0.850, 9, 3, 0.920, 9, 6, 34, 330, 51, 15, 11, 73, 40.393, 30.347
Wed May 17 16:11:25 EDT 2017, 0.600, 2, 1, 0.170, 7, 3, 11, 555, 73, 11, 48, 95, 420.137, 835.733
Wed May 17 16:11:27 EDT 2017, 0.100, 7, 5, 0.670, 2, 8, 56, 405, 28, 1, 23, 50, 1.457, 2.133
Wed May 17 16:11:36 EDT 2017, 0.070, 3, 9, 0.580, 4, 6, 54, 321, 26, 16, 0, 64, 8.383, 8.637
Wed May 17 16:11:45 EDT 2017, 0.570, 7, 4, 0.080, 8, 1, 99, 471, 71, 7, 25, 19, 8.680, 8.940
Wed May 17 16:11:53 EDT 2017, 0.820, 5, 2, 0.830, 6, 8, 76, 396, 48, 2, 13, 42, 6.193, 7.960
Wed May 17 16:13:07 EDT 2017, 0.320, 9, 6, 0.330, 1, 4, 31, 546, 93, 11, 38, 87, 73.037, 69.850
Wed May 17 16:13:10 EDT 2017, 0.440, 4, 3, 0.700, 7, 5, 42, 509, 14, 4, 19, 30, 2.163, 2.560
Wed May 17 16:13:39 EDT 2017, 0.940, 8, 7, 0.200, 2, 9, 87, 359, 59, 14, 44, 75, 28.643, 26.917
Wed May 17 16:14:36 EDT 2017, 0.690, 1, 5, 0.950, 5, 3, 65, 584, 37, 18, 6, 98, 56.920, 45.393
Wed May 17 16:15:45 EDT 2017, 0.190, 6, 1, 0.450, 9, 7, 20, 434, 82, 9, 31, 53, 68.620, 48.840
Wed May 17 16:15:52 EDT 2017, 0.130, 4, 7, 0.140, 7, 7, 48, 565, 20, 15, 34, 36, 6.923, 6.700
Wed May 17 16:16:31 EDT 2017, 0.630, 9, 2, 0.640, 3, 2, 93, 415, 65, 5, 9, 81, 37.780, 33.583
Wed May 17 16:16:35 EDT 2017, 0.880, 2, 5, 0.390, 1, 9, 71, 490, 43, 1, 47, 58, 2.930, 4.293
Wed May 17 16:16:40 EDT 2017, 0.380, 6, 9, 0.890, 5, 4, 26, 340, 88, 10, 22, 13, 3.967, 4.653
Wed May 17 16:16:56 EDT 2017, 0.250, 1, 1, 0.020, 2, 3, 37, 377, 31, 3, 41, 92, 14.513, 14.957
Wed May 17 16:17:30 EDT 2017, 0.750, 5, 6, 0.520, 6, 8, 82, 527, 76, 13, 16, 47, 34.317, 32.810
Wed May 17 16:17:38 EDT 2017, 0.500, 3, 8, 0.270, 9, 1, 59, 302, 54, 17, 28, 25, 7.087, 6.893
Wed May 17 16:18:38 EDT 2017, 0.000, 8, 3, 0.770, 4, 5, 14, 452, 99, 8, 3, 70, 59.430, 54.573
Wed May 17 16:30:12 EDT 2017, 0.010, 2, 1, 0.330, 9, 8, 66, 498, 96, 9, 19, 81, 295.467, 631.870
Wed May 17 16:30:28 EDT 2017, 0.510, 7, 6, 0.830, 4, 3, 21, 348, 51, 19, 44, 36, 15.923, 13.350
Wed May 17 16:30:37 EDT 2017, 0.760, 5, 8, 0.080, 2, 6, 43, 573, 73, 14, 6, 13, 8.123, 8.593
Wed May 17 16:30:45 EDT 2017, 0.260, 9, 4, 0.580, 7, 1, 88, 423, 28, 5, 31, 58, 6.880, 8.240
Wed May 17 16:31:05 EDT 2017, 0.380, 4, 7, 0.460, 1, 2, 55, 310, 84, 12, 0, 47, 18.657, 18.340
Wed May 17 16:31:19 EDT 2017, 0.880, 8, 3, 0.960, 5, 7, 10, 460, 39, 2, 25, 92, 9.737, 13.613
Wed May 17 16:31:42 EDT 2017, 0.630, 1, 5, 0.210, 8, 5, 32, 385, 62, 7, 12, 69, 20.003, 22.670
Wed May 17 16:31:45 EDT 2017, 0.130, 6, 9, 0.710, 3, 9, 77, 535, 17, 17, 37, 24, 3.417, 3.430
Wed May 17 16:31:56 EDT 2017, 0.200, 4, 3, 0.900, 5, 9, 72, 404, 79, 8, 40, 19, 10.933, 10.077
Wed May 17 16:32:20 EDT 2017, 0.700, 9, 8, 0.400, 9, 4, 27, 554, 34, 18, 15, 64, 23.110, 21.377
Wed May 17 16:32:54 EDT 2017, 0.950, 2, 5, 0.650, 7, 6, 49, 329, 56, 13, 28, 86, 33.760, 30.563
Wed May 17 16:32:58 EDT 2017, 0.450, 6, 1, 0.150, 3, 2, 94, 479, 11, 4, 3, 41, 3.667, 3.157
Wed May 17 16:33:55 EDT 2017, 0.320, 1, 9, 0.770, 6, 1, 60, 592, 90, 11, 34, 75, 47.320, 55.053
Wed May 17 16:33:57 EDT 2017, 0.820, 5, 4, 0.270, 1, 5, 15, 442, 45, 1, 9, 30, 1.810, 2.493
Wed May 17 16:34:33 EDT 2017, 0.570, 3, 2, 0.520, 4, 3, 38, 517, 67, 6, 47, 53, 35.190, 30.273
Wed May 17 16:34:49 EDT 2017, 0.070, 7, 7, 0.020, 8, 7, 83, 367, 22, 15, 22, 98, 15.057, 14.377
Wed May 17 16:34:50 EDT 2017, 0.100, 3, 7, 0.240, 6, 5, 24, 432, 31, 2, 1, 16, 0.823, 1.167
Wed May 17 16:35:58 EDT 2017, 0.600, 8, 3, 0.740, 2, 1, 69, 582, 76, 11, 26, 61, 67.130, 57.783
Wed May 17 16:38:51 EDT 2017, 0.850, 1, 1, 0.490, 4, 8, 91, 357, 53, 16, 14, 83, 127.993, 146.447
Wed May 17 16:39:18 EDT 2017, 0.350, 5, 5, 0.990, 9, 3, 46, 507, 98, 7, 39, 38, 22.217, 25.740
Wed May 17 16:39:41 EDT 2017, 0.480, 2, 4, 0.110, 3, 4, 13, 545, 20, 18, 20, 72, 23.600, 18.100
Wed May 17 16:39:50 EDT 2017, 0.980, 7, 9, 0.610, 7, 9, 58, 395, 65, 9, 45, 27, 6.593, 8.263
Wed May 17 16:39:59 EDT 2017, 0.730, 4, 6, 0.360, 5, 2, 80, 470, 42, 4, 8, 50, 6.320, 8.523
Wed May 17 16:45:40 EDT 2017, 0.230, 9, 2, 0.860, 1, 7, 35, 320, 87, 14, 33, 95, 192.167, 319.413
Wed May 17 16:45:42 EDT 2017, 0.160, 2, 6, 0.550, 2, 7, 29, 451, 14, 1, 36, 78, 1.273, 1.700
Wed May 17 16:46:05 EDT 2017, 0.660, 6, 1, 0.050, 7, 3, 74, 301, 59, 10, 11, 33, 22.843, 15.827
Wed May 17 16:46:11 EDT 2017, 0.910, 4, 3, 0.800, 9, 9, 97, 526, 37, 15, 48, 10, 5.837, 4.390
Wed May 17 16:46:27 EDT 2017, 0.410, 8, 8, 0.300, 5, 5, 52, 376, 82, 5, 23, 55, 11.497, 15.493
Wed May 17 16:46:44 EDT 2017, 0.290, 5, 2, 0.680, 8, 4, 18, 339, 25, 17, 42, 44, 17.290, 11.043
Wed May 17 16:47:26 EDT 2017, 0.790, 9, 7, 0.180, 3, 8, 63, 489, 70, 8, 17, 89, 33.353, 39.647
Wed May 17 16:47:34 EDT 2017, 0.540, 3, 9, 0.930, 1, 1, 86, 414, 48, 3, 30, 67, 5.247, 7.703
Wed May 17 16:47:56 EDT 2017, 0.040, 7, 5, 0.430, 6, 6, 41, 564, 93, 12, 5, 22, 21.700, 20.850
Wed May 17 16:48:16 EDT 2017, 0.060, 4, 5, 0.760, 4, 5, 90, 306, 44, 9, 16, 93, 18.597, 19.330
Wed May 17 16:55:48 EDT 2017, 0.560, 9, 1, 0.260, 8, 9, 45, 456, 89, 19, 41, 48, 294.730, 446.397
Wed May 17 16:55:54 EDT 2017, 0.810, 2, 3, 0.510, 6, 2, 22, 381, 21, 14, 4, 26, 5.760, 4.510
Wed May 17 16:56:14 EDT 2017, 0.310, 7, 8, 0.010, 2, 7, 67, 531, 66, 4, 29, 71, 13.963, 19.640
Wed May 17 16:56:33 EDT 2017, 0.430, 1, 2, 0.880, 7, 6, 79, 493, 32, 12, 10, 37, 19.220, 13.267
Wed May 17 16:56:46 EDT 2017, 0.930, 6, 6, 0.380, 3, 1, 34, 343, 77, 2, 35, 82, 8.373, 12.373
Wed May 17 16:56:50 EDT 2017, 0.680, 3, 9, 0.630, 5, 8, 11, 568, 10, 7, 23, 60, 2.590, 3.450
Wed May 17 16:57:00 EDT 2017, 0.180, 8, 4, 0.130, 9, 4, 56, 418, 55, 16, 48, 15, 9.740, 7.523
Wed May 17 16:57:08 EDT 2017, 0.240, 2, 8, 0.440, 8, 3, 96, 587, 38, 8, 44, 31, 6.367, 7.950
Wed May 17 16:58:40 EDT 2017, 0.740, 6, 4, 0.940, 3, 8, 51, 437, 83, 17, 19, 76, 90.880, 64.700
Wed May 17 16:59:17 EDT 2017, 0.990, 4, 1, 0.190, 1, 1, 28, 512, 15, 13, 32, 99, 36.563, 22.927
Wed May 17 16:59:26 EDT 2017, 0.490, 8, 6, 0.690, 6, 5, 73, 362, 60, 3, 7, 54, 6.463, 9.013
Wed May 17 16:59:48 EDT 2017, 0.370, 3, 5, 0.320, 2, 6, 84, 400, 49, 10, 26, 65, 20.583, 20.100
Wed May 17 16:59:50 EDT 2017, 0.870, 7, 9, 0.820, 7, 2, 39, 550, 94, 1, 1, 20, 1.737, 2.470
Wed May 17 16:59:54 EDT 2017, 0.620, 1, 7, 0.070, 9, 9, 17, 325, 27, 6, 38, 43, 2.903, 3.750
Wed May 17 17:08:38 EDT 2017, 0.120, 5, 2, 0.570, 4, 4, 62, 475, 72, 15, 13, 88, 255.390, 404.987
Wed May 17 17:08:48 EDT 2017, 0.090, 1, 4, 0.660, 1, 2, 48, 559, 69, 3, 12, 29, 7.270, 9.743
Wed May 17 17:08:59 EDT 2017, 0.590, 5, 8, 0.160, 6, 7, 93, 409, 24, 12, 37, 74, 9.790, 10.447
Wed May 17 17:10:56 EDT 2017, 0.840, 3, 6, 0.910, 8, 4, 70, 484, 91, 17, 24, 96, 113.843, 93.537
Wed May 17 17:11:14 EDT 2017, 0.340, 8, 2, 0.410, 4, 9, 25, 334, 46, 7, 49, 51, 17.833, 14.490
Wed May 17 17:11:44 EDT 2017, 0.460, 4, 9, 0.540, 9, 8, 36, 446, 58, 19, 18, 62, 29.377, 28.553
Wed May 17 17:11:46 EDT 2017, 0.960, 9, 5, 0.040, 5, 3, 81, 596, 13, 10, 43, 17, 2.097, 2.007
Wed May 17 17:12:02 EDT 2017, 0.710, 2, 3, 0.790, 2, 6, 59, 371, 80, 5, 5, 40, 14.423, 15.877
Wed May 17 17:12:31 EDT 2017, 0.210, 6, 7, 0.290, 7, 1, 14, 521, 35, 15, 30, 85, 28.347, 26.260
Wed May 17 17:12:49 EDT 2017, 0.150, 4, 1, 0.100, 5, 2, 53, 353, 63, 1, 27, 90, 11.943, 17.863
Wed May 17 17:12:55 EDT 2017, 0.650, 8, 6, 0.600, 1, 6, 98, 503, 18, 11, 2, 45, 5.953, 5.943
Wed May 17 17:13:10 EDT 2017, 0.900, 1, 8, 0.350, 3, 4, 76, 428, 86, 16, 40, 23, 14.150, 14.107
Wed May 17 17:13:35 EDT 2017, 0.400, 6, 3, 0.850, 8, 8, 31, 578, 41, 6, 15, 68, 22.757, 24.773
Wed May 17 17:14:00 EDT 2017, 0.270, 3, 7, 0.220, 4, 9, 42, 465, 74, 18, 46, 34, 24.370, 22.360
Wed May 17 17:14:20 EDT 2017, 0.770, 7, 2, 0.720, 9, 5, 87, 315, 29, 9, 21, 79, 19.647, 15.370
Wed May 17 17:14:53 EDT 2017, 0.520, 5, 4, 0.470, 6, 7, 65, 540, 97, 4, 33, 57, 26.213, 33.023
Wed May 17 17:14:57 EDT 2017, 0.020, 9, 9, 0.970, 2, 3, 20, 390, 52, 13, 8, 12, 3.203, 3.487
Wed May 17 17:15:07 EDT 2017, 0.020, 3, 4, 0.590, 8, 1, 79, 332, 81, 3, 40, 41, 7.607, 10.270
Wed May 17 17:15:30 EDT 2017, 0.520, 8, 9, 0.090, 4, 5, 34, 482, 36, 13, 15, 86, 19.710, 22.050
Wed May 17 17:16:06 EDT 2017, 0.770, 1, 6, 0.840, 2, 3, 12, 407, 58, 18, 28, 63, 35.633, 29.293
Wed May 17 17:16:10 EDT 2017, 0.270, 6, 2, 0.340, 6, 8, 57, 557, 13, 8, 3, 18, 3.057, 2.417
Wed May 17 17:17:32 EDT 2017, 0.390, 2, 8, 0.720, 3, 9, 91, 519, 92, 15, 34, 97, 81.617, 78.280
Wed May 17 17:17:46 EDT 2017, 0.890, 7, 3, 0.220, 7, 4, 46, 369, 47, 6, 9, 52, 12.990, 13.317
Wed May 17 17:17:56 EDT 2017, 0.640, 5, 1, 0.970, 9, 7, 23, 594, 70, 1, 46, 29, 6.897, 9.827
Wed May 17 17:18:10 EDT 2017, 0.140, 9, 5, 0.470, 5, 2, 68, 444, 25, 11, 21, 74, 13.983, 13.480
Wed May 17 17:18:54 EDT 2017, 0.200, 1, 3, 0.150, 3, 3, 85, 575, 98, 5, 24, 57, 38.393, 43.373
Wed May 17 17:18:58 EDT 2017, 0.700, 5, 7, 0.650, 8, 7, 40, 425, 53, 14, 49, 12, 4.343, 4.247
Wed May 17 17:19:23 EDT 2017, 0.950, 3, 9, 0.400, 5, 5, 17, 500, 75, 19, 12, 35, 23.803, 22.657
Wed May 17 17:19:36 EDT 2017, 0.450, 7, 5, 0.900, 1, 9, 62, 350, 30, 9, 37, 80, 12.663, 12.867
Wed May 17 17:19:53 EDT 2017, 0.330, 4, 6, 0.030, 7, 8, 96, 388, 86, 16, 6, 24, 17.053, 15.357
Wed May 17 17:20:36 EDT 2017, 0.830, 8, 1, 0.530, 2, 4, 51, 538, 41, 7, 31, 69, 42.720, 32.440
Wed May 17 17:20:50 EDT 2017, 0.580, 2, 4, 0.280, 4, 6, 29, 313, 64, 2, 18, 91, 9.447, 13.223
Wed May 17 17:20:57 EDT 2017, 0.080, 6, 8, 0.780, 9, 2, 74, 463, 19, 12, 43, 46, 5.653, 5.997
Wed May 17 17:21:00 EDT 2017, 0.110, 2, 7, 0.930, 6, 4, 37, 528, 11, 6, 32, 55, 2.527, 3.193
Wed May 17 17:21:10 EDT 2017, 0.610, 7, 2, 0.430, 1, 8, 82, 378, 56, 16, 7, 10, 9.720, 6.127
Wed May 17 17:21:19 EDT 2017, 0.860, 4, 4, 0.680, 4, 1, 60, 453, 33, 11, 45, 32, 9.217, 8.317
Wed May 17 17:21:28 EDT 2017, 0.360, 9, 9, 0.180, 8, 6, 15, 303, 78, 2, 20, 77, 5.517, 8.027
Wed May 17 17:21:37 EDT 2017, 0.480, 3, 1, 0.810, 5, 7, 48, 416, 22, 13, 39, 21, 9.450, 5.770
Wed May 17 17:22:01 EDT 2017, 0.980, 8, 6, 0.310, 9, 2, 93, 566, 67, 4, 14, 66, 16.677, 23.387
Wed May 17 17:22:18 EDT 2017, 0.730, 1, 8, 0.560, 7, 9, 71, 341, 44, 9, 26, 88, 13.827, 16.463
Wed May 17 17:23:30 EDT 2017, 0.230, 5, 3, 0.060, 2, 5, 26, 491, 89, 18, 1, 43, 71.397, 50.397
Wed May 17 17:23:35 EDT 2017, 0.170, 5, 8, 0.250, 1, 4, 43, 360, 27, 8, 4, 38, 3.480, 4.260
Wed May 17 17:25:41 EDT 2017, 0.670, 9, 4, 0.750, 5, 9, 88, 510, 72, 17, 29, 83, 114.887, 94.157
Wed May 17 17:26:27 EDT 2017, 0.920, 3, 2, 0.000, 7, 2, 65, 435, 50, 12, 17, 60, 45.227, 31.757
Wed May 17 17:26:33 EDT 2017, 0.420, 7, 6, 0.500, 3, 6, 20, 585, 95, 3, 42, 15, 3.977, 5.993
Wed May 17 17:26:54 EDT 2017, 0.300, 1, 3, 0.370, 9, 5, 54, 472, 16, 15, 23, 94, 20.990, 16.303
Wed May 17 17:27:03 EDT 2017, 0.800, 6, 7, 0.870, 4, 1, 99, 322, 61, 5, 48, 49, 6.957, 9.153
Wed May 17 17:27:13 EDT 2017, 0.550, 4, 5, 0.120, 2, 7, 77, 547, 39, 10, 10, 27, 9.020, 8.760
Wed May 17 17:39:12 EDT 2017, 0.050, 8, 1, 0.620, 6, 3, 32, 397, 84, 19, 35, 72, 398.887, 672.000
Wed May 17 17:39:21 EDT 2017, 0.030, 1, 9, 0.040, 4, 6, 55, 514, 43, 4, 49, 53, 5.623, 8.167
Wed May 17 17:40:29 EDT 2017, 0.530, 6, 5, 0.540, 9, 2, 10, 364, 88, 13, 24, 98, 67.453, 59.033
Wed May 17 17:41:14 EDT 2017, 0.780, 4, 2, 0.290, 6, 9, 33, 589, 20, 18, 36, 76, 44.787, 28.013
Wed May 17 17:41:25 EDT 2017, 0.280, 8, 7, 0.790, 2, 4, 78, 439, 65, 8, 11, 31, 9.267, 10.833
Wed May 17 17:42:12 EDT 2017, 0.410, 5, 4, 0.170, 5, 3, 67, 327, 54, 16, 30, 87, 46.150, 34.220
Wed May 17 17:42:33 EDT 2017, 0.910, 9, 8, 0.670, 1, 8, 22, 477, 99, 6, 5, 42, 15.317, 20.443
Wed May 17 17:42:34 EDT 2017, 0.660, 2, 6, 0.420, 3, 1, 44, 402, 32, 1, 42, 19, 0.643, 0.840
Wed May 17 17:51:02 EDT 2017, 0.160, 7, 1, 0.920, 8, 5, 89, 552, 77, 11, 17, 64, 247.947, 489.753
Wed May 17 17:51:16 EDT 2017, 0.220, 3, 6, 0.730, 9, 6, 61, 383, 48, 5, 14, 70, 10.417, 13.653
Wed May 17 17:52:09 EDT 2017, 0.720, 8, 2, 0.230, 5, 1, 16, 533, 93, 14, 39, 25, 52.177, 32.770
Wed May 17 17:52:21 EDT 2017, 0.970, 1, 4, 0.980, 3, 8, 39, 308, 26, 19, 2, 48, 12.177, 9.143
Wed May 17 17:53:01 EDT 2017, 0.470, 5, 9, 0.480, 7, 4, 84, 458, 71, 10, 27, 93, 33.177, 39.567
Wed May 17 17:53:20 EDT 2017, 0.340, 2, 1, 0.610, 1, 5, 72, 571, 37, 17, 8, 14, 18.060, 10.517
Wed May 17 17:53:48 EDT 2017, 0.840, 6, 5, 0.110, 6, 9, 27, 421, 82, 7, 33, 59, 24.943, 28.020
Wed May 17 17:53:51 EDT 2017, 0.590, 4, 7, 0.860, 8, 3, 50, 496, 15, 2, 21, 81, 2.113, 3.137
Wed May 17 17:54:11 EDT 2017, 0.090, 9, 3, 0.360, 4, 7, 95, 346, 60, 12, 46, 36, 19.343, 16.210
Wed May 17 17:54:43 EDT 2017, 0.060, 4, 2, 0.390, 2, 9, 13, 430, 63, 5, 28, 67, 30.920, 28.237
Wed May 17 17:54:47 EDT 2017, 0.560, 9, 7, 0.890, 6, 5, 58, 580, 18, 15, 3, 22, 4.030, 3.847
Wed May 17 17:55:05 EDT 2017, 0.810, 2, 9, 0.140, 8, 7, 81, 355, 85, 10, 41, 45, 14.443, 17.167
Wed May 17 17:55:13 EDT 2017, 0.310, 7, 4, 0.640, 4, 2, 36, 505, 40, 1, 16, 90, 5.100, 7.633
Wed May 17 17:55:21 EDT 2017, 0.440, 1, 5, 0.260, 7, 1, 24, 543, 74, 13, 47, 11, 8.070, 7.303
Wed May 17 17:55:30 EDT 2017, 0.940, 6, 1, 0.760, 3, 6, 69, 393, 29, 3, 22, 56, 8.780, 8.907
Wed May 17 17:56:37 EDT 2017, 0.690, 3, 3, 0.010, 1, 3, 92, 468, 96, 8, 35, 79, 66.317, 59.113
Wed May 17 17:56:47 EDT 2017, 0.190, 8, 8, 0.510, 5, 8, 47, 318, 51, 17, 10, 34, 10.090, 9.807
Wed May 17 17:57:09 EDT 2017, 0.130, 3, 5, 0.830, 7, 7, 19, 486, 68, 7, 7, 50, 19.537, 21.943
Wed May 17 17:57:21 EDT 2017, 0.630, 7, 9, 0.330, 2, 3, 64, 336, 23, 16, 32, 95, 11.310, 11.503
Wed May 17 17:58:19 EDT 2017, 0.880, 5, 7, 0.580, 4, 5, 86, 561, 91, 11, 19, 73, 53.850, 56.530
Wed May 17 17:58:24 EDT 2017, 0.380, 9, 3, 0.080, 9, 1, 41, 411, 46, 2, 44, 28, 2.993, 4.207
Wed May 17 17:58:53 EDT 2017, 0.250, 4, 8, 0.950, 3, 2, 30, 374, 57, 14, 13, 84, 28.237, 28.670
Wed May 17 17:58:56 EDT 2017, 0.750, 8, 4, 0.450, 8, 6, 75, 524, 12, 4, 38, 39, 2.147, 2.603
Wed May 17 17:59:12 EDT 2017, 0.500, 2, 2, 0.700, 6, 4, 98, 449, 79, 9, 0, 17, 15.790, 11.763
Wed May 17 17:59:44 EDT 2017, 0.000, 6, 6, 0.200, 1, 8, 53, 599, 34, 19, 25, 62, 31.687, 25.773
Wed May 17 18:00:11 EDT 2017, 0.000, 2, 5, 0.930, 3, 3, 21, 468, 28, 15, 15, 89, 26.227, 22.350
Wed May 17 18:00:20 EDT 2017, 0.500, 6, 9, 0.430, 8, 7, 66, 318, 73, 5, 40, 44, 6.233, 8.737
Wed May 17 18:00:22 EDT 2017, 0.750, 4, 7, 0.680, 5, 1, 88, 543, 50, 1, 2, 21, 1.223, 1.667
Wed May 17 18:01:44 EDT 2017, 0.250, 8, 2, 0.180, 1, 5, 43, 393, 95, 10, 27, 66, 81.507, 52.607
Wed May 17 18:01:45 EDT 2017, 0.380, 5, 8, 0.800, 6, 6, 10, 356, 16, 3, 9, 32, 0.917, 1.220
Wed May 17 18:02:49 EDT 2017, 0.880, 9, 3, 0.300, 2, 2, 55, 506, 61, 12, 34, 77, 63.003, 49.420
Wed May 17 18:03:49 EDT 2017, 0.630, 3, 1, 0.550, 4, 8, 77, 431, 39, 17, 21, 55, 59.577, 35.500
Wed May 17 18:03:56 EDT 2017, 0.130, 7, 6, 0.050, 9, 4, 32, 581, 84, 8, 46, 10, 5.443, 6.237
Wed May 17 18:04:02 EDT 2017, 0.190, 3, 2, 0.370, 8, 4, 26, 449, 11, 16, 49, 27, 5.493, 3.560
Wed May 17 18:04:33 EDT 2017, 0.690, 8, 6, 0.870, 4, 9, 71, 599, 56, 7, 24, 72, 26.443, 30.727
Wed May 17 18:04:39 EDT 2017, 0.940, 1, 9, 0.120, 1, 2, 94, 374, 33, 2, 37, 94, 3.557, 5.547
Wed May 17 18:05:21 EDT 2017, 0.440, 6, 4, 0.620, 6, 7, 49, 524, 78, 11, 12, 49, 41.530, 36.720
Wed May 17 18:05:28 EDT 2017, 0.310, 2, 5, 0.490, 3, 6, 15, 562, 22, 4, 30, 60, 5.330, 6.897
Wed May 17 18:05:50 EDT 2017, 0.810, 7, 1, 0.990, 7, 1, 60, 412, 67, 14, 5, 15, 21.943, 13.437
Wed May 17 18:06:20 EDT 2017, 0.560, 4, 3, 0.240, 9, 8, 83, 487, 44, 18, 43, 38, 29.693, 21.790
Wed May 17 18:06:55 EDT 2017, 0.060, 9, 7, 0.740, 5, 3, 38, 337, 89, 9, 18, 83, 30.000, 34.410
Wed May 17 18:07:14 EDT 2017, 0.100, 4, 7, 0.520, 1, 1, 69, 402, 98, 13, 7, 29, 18.350, 18.033
Wed May 17 18:07:47 EDT 2017, 0.600, 9, 2, 0.020, 5, 6, 24, 552, 53, 4, 32, 74, 30.237, 31.390
Wed May 17 18:08:27 EDT 2017, 0.850, 2, 4, 0.770, 7, 4, 46, 327, 75, 8, 19, 97, 38.050, 38.490
Wed May 17 18:08:40 EDT 2017, 0.350, 6, 9, 0.270, 3, 8, 91, 477, 30, 18, 44, 52, 12.887, 12.800
Wed May 17 18:10:01 EDT 2017, 0.470, 1, 1, 0.650, 8, 9, 57, 590, 87, 6, 13, 63, 80.370, 62.933
Wed May 17 18:10:09 EDT 2017, 0.970, 5, 5, 0.150, 4, 5, 12, 440, 42, 15, 38, 18, 7.183, 6.240
Wed May 17 18:10:29 EDT 2017, 0.720, 3, 8, 0.900, 2, 7, 35, 515, 64, 11, 1, 41, 16.850, 19.110
Wed May 17 18:10:32 EDT 2017, 0.220, 8, 3, 0.400, 6, 3, 80, 365, 19, 1, 26, 86, 2.153, 3.087
Wed May 17 18:11:30 EDT 2017, 0.160, 2, 9, 0.210, 6, 2, 74, 496, 81, 14, 29, 91, 52.530, 56.843
Wed May 17 18:11:37 EDT 2017, 0.660, 7, 5, 0.710, 1, 6, 29, 346, 36, 5, 4, 46, 5.437, 6.423
Wed May 17 18:11:54 EDT 2017, 0.910, 5, 3, 0.460, 3, 4, 52, 571, 58, 10, 41, 24, 16.733, 14.550
Wed May 17 18:12:02 EDT 2017, 0.410, 9, 7, 0.960, 8, 9, 97, 421, 13, 19, 16, 69, 8.200, 7.457
Wed May 17 18:12:18 EDT 2017, 0.280, 4, 4, 0.090, 4, 8, 63, 309, 92, 7, 48, 35, 13.753, 14.830
Wed May 17 18:12:51 EDT 2017, 0.780, 8, 8, 0.590, 9, 3, 18, 459, 47, 17, 23, 80, 32.367, 29.947
Wed May 17 18:13:17 EDT 2017, 0.530, 1, 6, 0.340, 7, 5, 40, 384, 70, 12, 35, 58, 26.033, 26.050
Wed May 17 18:13:19 EDT 2017, 0.030, 6, 2, 0.840, 2, 1, 85, 534, 25, 2, 10, 13, 1.337, 1.637
Wed May 17 18:13:51 EDT 2017, 0.050, 4, 9, 0.480, 9, 9, 45, 342, 68, 16, 23, 79, 30.283, 30.033
Wed May 17 18:13:56 EDT 2017, 0.550, 8, 4, 0.980, 5, 4, 90, 492, 23, 6, 48, 34, 4.577, 5.017
Wed May 17 18:13:58 EDT 2017, 0.800, 1, 2, 0.230, 3, 6, 67, 417, 91, 1, 11, 11, 1.697, 2.473
Wed May 17 18:14:23 EDT 2017, 0.300, 6, 6, 0.730, 7, 2, 22, 567, 46, 11, 36, 56, 22.570, 23.883
Wed May 17 18:14:37 EDT 2017, 0.420, 3, 3, 0.350, 2, 1, 33, 454, 57, 4, 5, 45, 11.390, 13.893
Wed May 17 18:14:43 EDT 2017, 0.920, 7, 8, 0.850, 6, 5, 78, 304, 12, 13, 30, 90, 4.850, 5.063
Wed May 17 18:16:05 EDT 2017, 0.670, 5, 5, 0.100, 8, 3, 56, 529, 80, 18, 17, 67, 80.633, 61.353
Wed May 17 18:16:15 EDT 2017, 0.170, 9, 1, 0.600, 4, 7, 11, 379, 35, 9, 42, 22, 10.580, 7.497
Wed May 17 18:16:26 EDT 2017, 0.240, 1, 7, 0.790, 4, 8, 50, 548, 63, 17, 39, 17, 10.880, 10.130
Wed May 17 18:16:34 EDT 2017, 0.740, 5, 3, 0.290, 9, 4, 95, 398, 18, 7, 14, 62, 7.023, 6.793
Wed May 17 18:17:03 EDT 2017, 0.990, 3, 5, 0.540, 7, 6, 73, 473, 85, 3, 27, 84, 20.700, 28.713
Wed May 17 18:17:10 EDT 2017, 0.490, 8, 9, 0.040, 2, 1, 28, 323, 40, 12, 2, 39, 6.257, 7.243
Wed May 17 18:18:03 EDT 2017, 0.360, 4, 1, 0.910, 5, 2, 39, 435, 74, 5, 33, 73, 51.117, 43.767
Wed May 17 18:18:12 EDT 2017, 0.860, 9, 6, 0.410, 1, 7, 84, 585, 29, 15, 8, 28, 9.377, 8.093
Wed May 17 18:18:49 EDT 2017, 0.610, 2, 8, 0.660, 3, 5, 62, 360, 96, 19, 45, 51, 36.580, 33.597
Wed May 17 18:19:40 EDT 2017, 0.110, 7, 4, 0.160, 8, 9, 17, 510, 51, 10, 20, 96, 49.710, 45.067
Wed May 17 18:20:01 EDT 2017, 0.080, 2, 2, 0.070, 7, 7, 93, 595, 49, 13, 3, 20, 20.733, 13.900
Wed May 17 18:20:20 EDT 2017, 0.580, 6, 7, 0.570, 2, 3, 48, 445, 94, 3, 28, 65, 13.283, 18.833
Wed May 17 18:20:33 EDT 2017, 0.830, 4, 9, 0.320, 5, 9, 25, 520, 26, 8, 16, 87, 10.343, 12.913
Wed May 17 18:21:10 EDT 2017, 0.330, 9, 4, 0.820, 9, 5, 70, 370, 71, 18, 41, 42, 36.603, 26.760
Wed May 17 18:21:24 EDT 2017, 0.460, 3, 6, 0.190, 3, 4, 81, 407, 37, 6, 22, 76, 10.417, 13.237
Wed May 17 18:22:49 EDT 2017, 0.960, 7, 1, 0.690, 8, 8, 36, 557, 82, 15, 47, 31, 82.277, 50.650
Wed May 17 18:22:55 EDT 2017, 0.710, 1, 3, 0.440, 6, 2, 14, 332, 15, 10, 9, 53, 5.630, 4.740
Wed May 17 18:23:03 EDT 2017, 0.210, 5, 8, 0.940, 1, 6, 59, 482, 60, 1, 34, 98, 5.423, 7.837
Wed May 17 18:23:32 EDT 2017, 0.140, 5, 4, 0.630, 2, 5, 98, 313, 43, 14, 31, 82, 28.750, 22.810
Wed May 17 18:23:44 EDT 2017, 0.640, 9, 8, 0.130, 6, 1, 53, 463, 88, 4, 6, 37, 8.043, 11.657
Wed May 17 18:23:46 EDT 2017, 0.890, 2, 6, 0.880, 9, 8, 31, 388, 21, 9, 44, 14, 1.633, 1.720
Wed May 17 18:33:10 EDT 2017, 0.390, 7, 2, 0.380, 4, 3, 76, 538, 66, 19, 19, 59, 211.577, 330.840
Wed May 17 18:33:25 EDT 2017, 0.270, 1, 7, 0.510, 7, 4, 87, 501, 54, 7, 37, 48, 12.053, 14.817
Wed May 17 18:36:39 EDT 2017, 0.770, 6, 3, 0.010, 3, 9, 42, 351, 99, 16, 12, 93, 159.787, 164.493
Wed May 17 18:37:37 EDT 2017, 0.520, 3, 1, 0.760, 1, 2, 19, 576, 32, 12, 25, 70, 58.030, 37.480
Wed May 17 18:37:42 EDT 2017, 0.020, 8, 5, 0.260, 5, 7, 64, 426, 77, 2, 0, 25, 3.473, 4.903
Wed May 17 18:37:54 EDT 2017, 0.030, 5, 1, 0.120, 5, 6, 34, 372, 14, 12, 43, 50, 12.013, 7.667
Wed May 17 18:38:20 EDT 2017, 0.530, 9, 5, 0.620, 9, 2, 79, 522, 59, 3, 18, 95, 17.567, 25.273
Wed May 17 18:38:34 EDT 2017, 0.780, 3, 8, 0.370, 7, 8, 57, 447, 37, 8, 31, 72, 11.190, 13.887
Wed May 17 18:39:22 EDT 2017, 0.280, 7, 3, 0.870, 3, 4, 12, 597, 82, 17, 6, 27, 46.473, 33.517
Wed May 17 18:39:37 EDT 2017, 0.400, 1, 6, 0.000, 6, 5, 45, 485, 25, 10, 25, 84, 13.927, 14.807
Wed May 17 18:40:30 EDT 2017, 0.900, 6, 2, 0.500, 2, 9, 90, 335, 70, 19, 0, 39, 53.190, 30.313
Wed May 17 18:40:41 EDT 2017, 0.650, 4, 4, 0.250, 4, 3, 68, 560, 48, 15, 37, 16, 10.943, 8.657
Wed May 17 18:41:02 EDT 2017, 0.150, 8, 9, 0.750, 8, 7, 23, 410, 93, 5, 12, 61, 14.097, 20.003
Wed May 17 18:41:24 EDT 2017, 0.210, 2, 4, 0.560, 9, 7, 40, 541, 31, 11, 15, 67, 22.157, 20.010
Wed May 17 18:41:28 EDT 2017, 0.710, 6, 8, 0.060, 4, 2, 85, 391, 76, 2, 40, 22, 1.953, 3.013
Wed May 17 18:41:41 EDT 2017, 0.960, 4, 6, 0.810, 2, 9, 62, 466, 54, 6, 3, 44, 10.357, 12.703
Wed May 17 19:03:06 EDT 2017, 0.460, 9, 1, 0.310, 7, 4, 17, 316, 99, 16, 28, 89, 410.970, 1258.083
Wed May 17 19:03:08 EDT 2017, 0.340, 3, 9, 0.690, 1, 3, 51, 428, 20, 9, 9, 11, 1.027, 1.190
Wed May 17 19:04:07 EDT 2017, 0.840, 8, 5, 0.190, 6, 8, 96, 578, 65, 18, 34, 56, 58.703, 47.497
Wed May 17 19:04:54 EDT 2017, 0.590, 1, 2, 0.940, 8, 1, 74, 353, 42, 14, 21, 78, 46.090, 29.753
Wed May 17 19:05:06 EDT 2017, 0.090, 5, 7, 0.440, 3, 6, 29, 503, 87, 4, 46, 33, 8.323, 11.710
Wed May 17 19:06:12 EDT 2017, 0.120, 1, 8, 0.280, 2, 8, 82, 569, 79, 19, 26, 70, 65.500, 58.567
Wed May 17 19:06:18 EDT 2017, 0.620, 5, 4, 0.780, 7, 3, 37, 419, 34, 9, 1, 25, 5.953, 5.773
Wed May 17 19:06:39 EDT 2017, 0.870, 3, 2, 0.030, 9, 5, 14, 494, 56, 5, 39, 47, 20.887, 19.500
Wed May 17 19:06:46 EDT 2017, 0.370, 7, 6, 0.530, 5, 1, 59, 344, 11, 14, 14, 92, 6.437, 6.077
Wed May 17 19:06:49 EDT 2017, 0.490, 4, 5, 0.410, 8, 2, 93, 381, 90, 2, 45, 13, 1.857, 2.627
Wed May 17 19:07:09 EDT 2017, 0.990, 8, 9, 0.910, 4, 6, 48, 531, 45, 12, 20, 58, 16.887, 19.213
Wed May 17 19:07:43 EDT 2017, 0.740, 2, 7, 0.160, 1, 4, 26, 306, 68, 16, 32, 81, 33.493, 29.517
Wed May 17 19:07:49 EDT 2017, 0.240, 6, 3, 0.660, 6, 9, 71, 456, 23, 7, 7, 36, 6.073, 5.997
Wed May 17 19:08:32 EDT 2017, 0.180, 3, 6, 0.970, 6, 9, 88, 325, 96, 18, 11, 53, 42.403, 33.607
Wed May 17 19:09:49 EDT 2017, 0.680, 8, 1, 0.470, 2, 5, 43, 475, 51, 8, 36, 98, 76.597, 55.113
Wed May 17 19:10:12 EDT 2017, 0.930, 1, 3, 0.720, 4, 7, 20, 400, 73, 3, 23, 75, 17.760, 23.130
Wed May 17 19:10:19 EDT 2017, 0.430, 6, 8, 0.220, 9, 2, 65, 550, 28, 13, 48, 30, 6.180, 6.540
Wed May 17 19:10:45 EDT 2017, 0.310, 2, 2, 0.840, 3, 1, 99, 513, 85, 1, 17, 86, 16.837, 24.253
Wed May 17 19:10:54 EDT 2017, 0.810, 7, 7, 0.340, 8, 6, 54, 363, 40, 11, 42, 41, 8.327, 8.767
Wed May 17 19:11:04 EDT 2017, 0.560, 5, 9, 0.590, 5, 4, 31, 588, 62, 15, 4, 19, 10.147, 10.387
Wed May 17 19:11:10 EDT 2017, 0.060, 9, 4, 0.090, 1, 8, 76, 438, 17, 6, 29, 64, 5.923, 6.080
Wed May 17 19:11:29 EDT 2017, 0.040, 3, 6, 0.700, 8, 3, 10, 470, 63, 11, 41, 40, 18.050, 18.233
Wed May 17 19:11:35 EDT 2017, 0.540, 7, 1, 0.200, 3, 7, 55, 320, 18, 2, 16, 85, 4.953, 5.673
Wed May 17 19:12:19 EDT 2017, 0.790, 5, 4, 0.950, 1, 5, 78, 545, 86, 7, 28, 63, 41.907, 43.387
Wed May 17 19:12:24 EDT 2017, 0.290, 9, 8, 0.450, 5, 9, 33, 395, 41, 16, 3, 18, 4.913, 4.807
Wed May 17 19:13:18 EDT 2017, 0.420, 4, 3, 0.580, 2, 8, 21, 358, 75, 9, 35, 96, 53.370, 48.213
Wed May 17 19:13:36 EDT 2017, 0.920, 8, 7, 0.080, 7, 4, 66, 508, 30, 19, 10, 51, 17.060, 14.757
Wed May 17 19:13:55 EDT 2017, 0.670, 2, 9, 0.830, 9, 6, 89, 433, 97, 14, 47, 29, 16.823, 18.520
Wed May 17 19:14:18 EDT 2017, 0.170, 6, 5, 0.330, 4, 1, 44, 583, 52, 4, 22, 74, 16.517, 22.117
Wed May 17 19:14:40 EDT 2017, 0.230, 4, 8, 0.020, 4, 1, 16, 414, 69, 10, 19, 57, 18.677, 21.520
Wed May 17 19:14:41 EDT 2017, 0.730, 9, 3, 0.520, 8, 5, 61, 564, 24, 1, 44, 12, 0.707, 0.890
Wed May 17 19:15:07 EDT 2017, 0.980, 2, 1, 0.270, 6, 3, 83, 339, 92, 6, 7, 34, 25.943, 20.543
Wed May 17 19:15:51 EDT 2017, 0.480, 7, 5, 0.770, 1, 8, 38, 489, 47, 15, 32, 79, 43.057, 36.277
Wed May 17 19:16:01 EDT 2017, 0.350, 1, 4, 0.140, 7, 9, 27, 527, 58, 8, 0, 23, 10.253, 10.373
Wed May 17 19:16:07 EDT 2017, 0.850, 5, 9, 0.640, 3, 4, 72, 377, 13, 17, 25, 68, 5.363, 5.337
Wed May 17 19:17:05 EDT 2017, 0.600, 3, 7, 0.390, 5, 7, 95, 452, 80, 13, 13, 91, 56.193, 53.710
Wed May 17 19:17:11 EDT 2017, 0.100, 8, 2, 0.890, 9, 2, 50, 302, 35, 3, 38, 46, 5.360, 5.960
Wed May 17 19:17:46 EDT 2017, 0.070, 3, 3, 0.860, 5, 4, 58, 386, 38, 19, 36, 60, 34.267, 23.863
Wed May 17 19:17:55 EDT 2017, 0.570, 7, 7, 0.360, 1, 8, 13, 536, 83, 10, 11, 15, 8.427, 9.130
Wed May 17 19:17:57 EDT 2017, 0.820, 1, 5, 0.610, 3, 2, 36, 311, 16, 5, 49, 37, 1.607, 1.960
Wed May 17 19:31:04 EDT 2017, 0.320, 5, 1, 0.110, 7, 6, 81, 461, 61, 14, 24, 82, 313.510, 759.690
Wed May 17 19:31:08 EDT 2017, 0.450, 2, 8, 0.980, 4, 5, 69, 574, 49, 3, 43, 26, 2.947, 4.250
Wed May 17 19:32:15 EDT 2017, 0.950, 6, 4, 0.480, 8, 1, 24, 424, 94, 12, 18, 71, 66.047, 55.363
Wed May 17 19:33:17 EDT 2017, 0.700, 4, 2, 0.730, 6, 7, 47, 499, 27, 17, 30, 93, 60.987, 37.760
Wed May 17 19:33:32 EDT 2017, 0.200, 9, 6, 0.230, 2, 3, 92, 349, 72, 7, 5, 48, 13.057, 14.967
Wed May 17 19:34:37 EDT 2017, 0.140, 1, 1, 0.420, 1, 3, 64, 517, 44, 18, 2, 43, 64.993, 36.783
Wed May 17 19:35:18 EDT 2017, 0.640, 6, 6, 0.920, 6, 8, 19, 367, 89, 8, 27, 88, 36.170, 39.877
Wed May 17 19:35:24 EDT 2017, 0.890, 4, 8, 0.170, 8, 1, 41, 592, 21, 4, 14, 65, 3.970, 5.750
Wed May 17 19:35:40 EDT 2017, 0.390, 8, 3, 0.670, 3, 6, 86, 442, 66, 13, 39, 20, 16.217, 12.793
Wed May 17 19:35:43 EDT 2017, 0.260, 5, 7, 0.300, 9, 7, 75, 330, 32, 1, 21, 99, 2.113, 3.207
Wed May 17 19:36:54 EDT 2017, 0.760, 9, 2, 0.800, 5, 2, 30, 480, 77, 11, 46, 54, 70.220, 46.270
Wed May 17 19:36:57 EDT 2017, 0.510, 2, 5, 0.050, 2, 9, 52, 405, 10, 16, 8, 32, 3.137, 2.667
Wed May 17 19:37:20 EDT 2017, 0.010, 7, 9, 0.550, 7, 5, 97, 555, 55, 6, 33, 77, 16.200, 22.063
Wed May 17 19:37:54 EDT 2017, 0.010, 3, 7, 0.110, 3, 2, 40, 584, 57, 7, 43, 88, 28.120, 34.083
Wed May 17 19:38:02 EDT 2017, 0.510, 8, 3, 0.610, 7, 6, 85, 434, 12, 16, 18, 43, 7.297, 5.407
Wed May 17 19:38:16 EDT 2017, 0.760, 1, 5, 0.360, 9, 4, 63, 509, 80, 11, 31, 21, 14.193, 13.927
Wed May 17 19:38:20 EDT 2017, 0.260, 5, 9, 0.860, 5, 9, 18, 359, 35, 2, 6, 66, 2.300, 3.527
Wed May 17 19:39:40 EDT 2017, 0.380, 2, 1, 0.240, 8, 8, 51, 397, 69, 14, 37, 54, 79.023, 48.073
Wed May 17 19:39:52 EDT 2017, 0.880, 7, 6, 0.740, 4, 3, 96, 547, 24, 4, 12, 99, 8.560, 11.733
Wed May 17 19:40:21 EDT 2017, 0.630, 4, 8, 0.490, 2, 5, 74, 322, 91, 9, 49, 77, 24.483, 28.763
Wed May 17 19:40:43 EDT 2017, 0.130, 9, 4, 0.990, 6, 1, 29, 472, 46, 18, 24, 32, 21.630, 16.743
Wed May 17 19:40:46 EDT 2017, 0.190, 1, 9, 0.680, 7, 1, 35, 303, 74, 5, 21, 15, 1.963, 2.727
Wed May 17 19:41:08 EDT 2017, 0.690, 6, 4, 0.180, 2, 6, 80, 453, 29, 15, 46, 60, 20.787, 16.563
Wed May 17 19:42:52 EDT 2017, 0.940, 4, 2, 0.930, 4, 4, 57, 378, 97, 10, 9, 83, 102.133, 71.537
Wed May 17 19:42:56 EDT 2017, 0.440, 8, 7, 0.430, 9, 8, 12, 528, 52, 1, 34, 38, 2.107, 3.110
Wed May 17 19:44:00 EDT 2017, 0.320, 5, 3, 0.550, 3, 9, 46, 490, 63, 13, 3, 71, 62.960, 48.950
Wed May 17 19:44:01 EDT 2017, 0.820, 9, 8, 0.050, 8, 5, 91, 340, 18, 3, 28, 26, 0.977, 1.270
Wed May 17 19:44:37 EDT 2017, 0.570, 3, 5, 0.800, 5, 7, 68, 565, 86, 8, 15, 49, 31.203, 34.840
Wed May 17 19:47:56 EDT 2017, 0.070, 7, 1, 0.300, 1, 3, 23, 415, 41, 17, 40, 94, 162.633, 179.830
Wed May 17 19:47:58 EDT 2017, 0.100, 2, 4, 0.460, 5, 5, 88, 350, 32, 5, 35, 12, 1.497, 1.700
Wed May 17 19:48:32 EDT 2017, 0.600, 7, 9, 0.960, 9, 9, 43, 500, 77, 14, 10, 57, 31.863, 33.783
Wed May 17 19:48:40 EDT 2017, 0.850, 5, 6, 0.210, 7, 2, 20, 425, 10, 19, 48, 80, 8.133, 6.733
Wed May 17 19:49:15 EDT 2017, 0.350, 9, 2, 0.710, 2, 7, 65, 575, 55, 10, 23, 35, 34.350, 24.553
Wed May 17 19:49:43 EDT 2017, 0.470, 3, 7, 0.330, 6, 6, 99, 462, 43, 17, 42, 69, 27.580, 24.907
Wed May 17 19:49:54 EDT 2017, 0.970, 8, 3, 0.830, 1, 1, 54, 312, 88, 7, 17, 24, 10.580, 10.080
Wed May 17 19:50:00 EDT 2017, 0.720, 1, 1, 0.080, 4, 8, 32, 537, 21, 2, 29, 46, 5.167, 5.903
Wed May 17 19:50:46 EDT 2017, 0.220, 6, 5, 0.580, 8, 3, 77, 387, 66, 12, 4, 91, 45.553, 42.123
Wed May 17 19:51:20 EDT 2017, 0.160, 4, 2, 0.770, 9, 3, 82, 556, 49, 4, 1, 85, 32.010, 32.747
Wed May 17 19:51:45 EDT 2017, 0.660, 8, 7, 0.270, 4, 7, 37, 406, 94, 13, 26, 40, 24.830, 24.810
Wed May 17 19:51:49 EDT 2017, 0.910, 2, 9, 0.520, 2, 1, 15, 481, 27, 18, 13, 18, 3.717, 3.680
Wed May 17 19:52:12 EDT 2017, 0.410, 6, 5, 0.020, 6, 5, 60, 331, 72, 8, 38, 63, 20.463, 22.177
Wed May 17 19:52:30 EDT 2017, 0.290, 1, 6, 0.890, 1, 6, 94, 443, 38, 16, 20, 52, 18.110, 16.310
Wed May 17 19:55:12 EDT 2017, 0.790, 5, 1, 0.390, 5, 2, 49, 593, 83, 6, 45, 97, 157.757, 133.957
Wed May 17 19:55:14 EDT 2017, 0.540, 3, 3, 0.640, 7, 8, 26, 368, 15, 1, 7, 74, 1.550, 2.107
Wed May 17 19:55:27 EDT 2017, 0.040, 7, 8, 0.140, 3, 4, 71, 518, 60, 11, 32, 29, 10.970, 12.260
Wed May 17 19:55:45 EDT 2017, 0.050, 1, 2, 0.530, 5, 6, 16, 411, 19, 8, 45, 98, 17.740, 14.157
Wed May 17 19:56:28 EDT 2017, 0.550, 6, 6, 0.030, 1, 1, 61, 561, 64, 17, 20, 53, 42.813, 36.280
Wed May 17 19:56:35 EDT 2017, 0.800, 3, 8, 0.780, 3, 8, 84, 336, 42, 12, 33, 31, 5.953, 6.290
Wed May 17 19:57:06 EDT 2017, 0.300, 8, 4, 0.280, 8, 3, 39, 486, 87, 3, 8, 76, 22.740, 30.717
Wed May 17 19:57:24 EDT 2017, 0.430, 4, 5, 0.660, 4, 4, 27, 598, 31, 15, 27, 42, 16.937, 14.607
Wed May 17 19:58:29 EDT 2017, 0.930, 9, 1, 0.160, 9, 9, 72, 448, 76, 5, 2, 87, 65.220, 56.423
Wed May 17 19:59:09 EDT 2017, 0.680, 2, 3, 0.910, 6, 2, 95, 523, 53, 10, 39, 64, 39.000, 34.870
Wed May 17 19:59:25 EDT 2017, 0.180, 7, 7, 0.410, 2, 7, 50, 373, 98, 19, 14, 19, 15.527, 13.630
Wed May 17 19:59:29 EDT 2017, 0.240, 4, 4, 0.220, 1, 7, 11, 504, 25, 6, 17, 25, 3.570, 3.840
Wed May 17 19:59:59 EDT 2017, 0.740, 8, 9, 0.720, 6, 3, 56, 354, 70, 16, 42, 70, 28.190, 28.990
Wed May 17 20:00:38 EDT 2017, 0.990, 2, 7, 0.470, 8, 9, 78, 579, 48, 11, 5, 92, 35.927, 38.440
Wed May 17 20:00:58 EDT 2017, 0.490, 6, 2, 0.970, 4, 5, 33, 429, 93, 2, 30, 47, 14.850, 18.840
Wed May 17 20:01:02 EDT 2017, 0.370, 3, 8, 0.100, 9, 4, 22, 317, 14, 13, 11, 59, 3.630, 3.890
Wed May 17 20:01:07 EDT 2017, 0.870, 7, 3, 0.600, 5, 8, 67, 467, 59, 4, 36, 14, 4.087, 4.940
Wed May 17 20:01:25 EDT 2017, 0.620, 5, 1, 0.350, 3, 2, 89, 392, 36, 9, 24, 36, 17.693, 12.343
Wed May 17 20:03:00 EDT 2017, 0.120, 9, 6, 0.850, 7, 6, 44, 542, 81, 18, 49, 81, 94.883, 73.873
Wed May 17 20:03:07 EDT 2017, 0.080, 5, 9, 0.880, 7, 8, 64, 458, 84, 5, 25, 22, 4.990, 6.827
Wed May 17 20:03:25 EDT 2017, 0.580, 9, 5, 0.380, 3, 4, 19, 308, 39, 14, 0, 67, 17.623, 15.123
Wed May 17 20:25:29 EDT 2017, 0.830, 2, 2, 0.630, 1, 6, 42, 533, 62, 19, 38, 90, 379.040, 1153.323
Wed May 17 20:25:33 EDT 2017, 0.330, 7, 7, 0.130, 5, 1, 87, 383, 17, 9, 13, 45, 3.303, 3.803
Wed May 17 20:26:28 EDT 2017, 0.460, 1, 4, 0.750, 2, 2, 75, 345, 95, 16, 44, 56, 54.333, 39.940
Wed May 17 20:26:31 EDT 2017, 0.960, 6, 8, 0.250, 6, 7, 30, 495, 50, 7, 19, 11, 2.263, 2.820
Wed May 17 20:26:37 EDT 2017, 0.710, 4, 6, 0.500, 8, 5, 53, 420, 73, 2, 31, 33, 3.810, 5.600
Wed May 17 20:27:36 EDT 2017, 0.210, 8, 1, 0.000, 4, 9, 98, 570, 28, 12, 6, 78, 58.760, 39.640
Wed May 17 20:28:06 EDT 2017, 0.150, 2, 6, 0.320, 3, 9, 58, 439, 90, 3, 10, 95, 20.357, 29.330
Wed May 17 20:28:57 EDT 2017, 0.650, 6, 2, 0.820, 8, 4, 13, 589, 45, 13, 35, 50, 50.327, 33.843
Wed May 17 20:29:18 EDT 2017, 0.900, 4, 4, 0.070, 6, 6, 36, 364, 67, 18, 22, 28, 21.473, 15.920
Wed May 17 20:29:28 EDT 2017, 0.400, 9, 9, 0.570, 1, 2, 81, 514, 22, 8, 47, 73, 6.843, 8.813
Wed May 17 20:32:24 EDT 2017, 0.270, 3, 1, 0.440, 7, 1, 70, 551, 79, 15, 16, 39, 124.757, 128.303
Wed May 17 20:32:38 EDT 2017, 0.770, 7, 5, 0.940, 2, 5, 25, 401, 34, 6, 41, 84, 12.407, 14.143
Wed May 17 20:32:43 EDT 2017, 0.520, 1, 8, 0.190, 5, 3, 47, 476, 56, 1, 3, 61, 2.713, 4.217
Wed May 17 20:32:44 EDT 2017, 0.020, 5, 3, 0.690, 9, 7, 92, 326, 11, 10, 28, 16, 1.500, 1.340
Wed May 17 20:32:47 EDT 2017, 0.010, 2, 8, 0.810, 1, 9, 27, 376, 74, 1, 22, 37, 1.907, 2.720
Wed May 17 20:33:17 EDT 2017, 0.510, 7, 3, 0.310, 5, 5, 72, 526, 29, 11, 47, 82, 29.647, 25.037
Wed May 17 20:38:46 EDT 2017, 0.760, 4, 1, 0.560, 8, 7, 94, 301, 96, 16, 9, 59, 212.840, 312.017
Wed May 17 20:38:51 EDT 2017, 0.260, 9, 5, 0.060, 3, 2, 49, 451, 51, 6, 34, 14, 3.317, 3.963
Wed May 17 20:41:10 EDT 2017, 0.390, 3, 4, 0.930, 9, 1, 16, 563, 62, 18, 3, 93, 133.873, 115.183
Wed May 17 20:41:14 EDT 2017, 0.890, 8, 9, 0.430, 4, 6, 61, 413, 17, 9, 28, 48, 3.273, 3.907
Wed May 17 20:41:23 EDT 2017, 0.640, 1, 7, 0.680, 2, 3, 83, 488, 85, 4, 15, 26, 6.040, 8.543
Wed May 17 20:42:00 EDT 2017, 0.140, 5, 2, 0.180, 6, 8, 38, 338, 40, 13, 40, 71, 36.827, 25.097
Wed May 17 20:42:15 EDT 2017, 0.200, 5, 6, 0.370, 6, 7, 21, 507, 57, 3, 37, 65, 10.097, 14.070
Wed May 17 20:42:18 EDT 2017, 0.700, 9, 2, 0.870, 1, 3, 66, 357, 12, 12, 12, 20, 3.047, 2.093
Wed May 17 20:43:20 EDT 2017, 0.950, 3, 4, 0.120, 4, 5, 89, 582, 79, 17, 25, 43, 60.737, 46.073
Wed May 17 20:43:35 EDT 2017, 0.450, 7, 8, 0.620, 8, 1, 44, 432, 34, 7, 0, 88, 11.260, 14.423
Wed May 17 20:44:01 EDT 2017, 0.330, 2, 3, 0.250, 5, 2, 10, 319, 68, 19, 31, 31, 26.257, 17.763
Wed May 17 20:44:13 EDT 2017, 0.830, 6, 7, 0.750, 9, 6, 55, 469, 23, 10, 6, 76, 10.380, 11.393
Wed May 17 20:44:44 EDT 2017, 0.580, 4, 9, 0.000, 7, 4, 77, 394, 90, 5, 44, 99, 21.937, 30.490
Wed May 17 20:45:13 EDT 2017, 0.080, 8, 5, 0.500, 2, 9, 32, 544, 45, 14, 19, 54, 28.747, 25.613
Wed May 17 20:46:05 EDT 2017, 0.110, 3, 1, 0.710, 3, 7, 75, 479, 54, 8, 4, 62, 51.763, 37.340
Wed May 17 20:46:18 EDT 2017, 0.610, 8, 6, 0.210, 7, 2, 30, 329, 99, 17, 29, 17, 12.530, 10.790
Wed May 17 20:46:28 EDT 2017, 0.860, 1, 8, 0.960, 5, 9, 52, 554, 31, 13, 17, 40, 9.317, 10.080
Wed May 17 20:46:54 EDT 2017, 0.360, 6, 4, 0.460, 1, 4, 97, 404, 76, 3, 42, 85, 18.083, 25.357
Wed May 17 20:47:01 EDT 2017, 0.480, 2, 7, 0.590, 6, 3, 63, 366, 43, 10, 23, 28, 5.283, 5.980
Wed May 17 20:47:23 EDT 2017, 0.980, 7, 2, 0.090, 2, 8, 18, 516, 88, 1, 48, 73, 15.530, 21.243
Wed May 17 20:47:33 EDT 2017, 0.730, 5, 5, 0.840, 4, 1, 41, 441, 20, 6, 11, 96, 8.647, 10.170
Wed May 17 20:48:06 EDT 2017, 0.230, 9, 9, 0.340, 8, 5, 86, 591, 65, 15, 36, 51, 29.330, 31.597
Wed May 17 20:48:16 EDT 2017, 0.170, 1, 3, 0.030, 8, 6, 69, 422, 37, 9, 33, 34, 9.913, 9.163
Wed May 17 20:49:45 EDT 2017, 0.670, 5, 7, 0.530, 3, 1, 24, 572, 82, 19, 8, 79, 86.923, 73.003
Wed May 17 20:49:51 EDT 2017, 0.920, 3, 5, 0.280, 1, 8, 46, 347, 15, 14, 45, 57, 6.287, 5.663
Wed May 17 20:49:58 EDT 2017, 0.420, 7, 1, 0.780, 6, 4, 91, 497, 60, 4, 20, 12, 6.027, 5.447
