# 'Timestamp', '--imbalance% 0 100', '--moveIntervalMean 1 10', '--delay 1 10', '--selfEvents% 0 100', '--callIntervalMean 1 10', '--callDurationMean 1 10', '--maxChannels 10 100', '--simEndTime 300 600', '--rows 10 100', '--eventsPerAgent 1 20', '--granularity 0 50', '--cols 10 100', 2tLadderQ_timing_secs, ladderQ_timing_secs
Thu Jun 22 18:58:20 EDT 2017, 0.100, 1, 3, 0.620, 6, 8, 15, 586, 90, 16, 47, 91, 12.957, 74.433
Thu Jun 22 19:02:47 EDT 2017, 0.600, 6, 8, 0.120, 2, 4, 60, 436, 45, 6, 22, 46, 2.130, 2.130
Thu Jun 22 19:07:38 EDT 2017, 0.850, 3, 5, 0.870, 4, 6, 82, 511, 67, 2, 35, 24, 1.533, 1.537
Thu Jun 22 19:12:46 EDT 2017, 0.350, 8, 1, 0.370, 9, 1, 37, 361, 22, 11, 10, 69, 3.347, 3.337
Thu Jun 22 19:17:53 EDT 2017, 0.480, 5, 9, 0.740, 3, 3, 26, 398, 78, 4, 28, 35, 1.817, 1.810
Thu Jun 22 19:23:04 EDT 2017, 0.980, 9, 4, 0.240, 7, 7, 71, 548, 33, 13, 3, 80, 8.140, 9.970
Thu Jun 22 19:28:11 EDT 2017, 0.730, 2, 2, 0.990, 5, 5, 93, 323, 56, 18, 41, 58, 7.667, 10.940
Thu Jun 22 19:32:38 EDT 2017, 0.230, 7, 7, 0.490, 1, 9, 48, 473, 11, 9, 16, 13, 1.250, 1.250
Thu Jun 22 19:37:44 EDT 2017, 0.170, 3, 1, 0.180, 2, 9, 20, 304, 84, 17, 13, 29, 4.947, 5.557
Thu Jun 22 19:42:46 EDT 2017, 0.670, 7, 6, 0.680, 7, 4, 65, 454, 39, 7, 38, 74, 2.957, 3.060
Thu Jun 22 19:48:02 EDT 2017, 0.920, 1, 8, 0.430, 9, 7, 88, 379, 61, 3, 0, 97, 2.443, 2.613
Thu Jun 22 19:52:54 EDT 2017, 0.420, 5, 4, 0.930, 5, 2, 43, 529, 16, 12, 25, 52, 2.123, 2.337
Thu Jun 22 19:58:01 EDT 2017, 0.290, 2, 7, 0.050, 8, 1, 32, 492, 95, 5, 6, 63, 3.037, 3.327
Thu Jun 22 20:02:37 EDT 2017, 0.790, 6, 3, 0.550, 4, 5, 77, 342, 50, 15, 31, 18, 2.713, 2.830
Thu Jun 22 20:07:44 EDT 2017, 0.540, 4, 5, 0.300, 1, 3, 99, 567, 73, 19, 19, 41, 5.843, 6.553
Thu Jun 22 20:12:46 EDT 2017, 0.040, 9, 9, 0.800, 6, 8, 54, 417, 28, 10, 44, 86, 2.133, 2.323
Thu Jun 22 20:17:53 EDT 2017, 0.030, 2, 1, 0.380, 4, 2, 78, 450, 77, 13, 34, 17, 3.237, 3.860
Thu Jun 22 20:22:54 EDT 2017, 0.530, 6, 6, 0.880, 8, 6, 33, 300, 32, 4, 9, 62, 1.613, 1.730
Thu Jun 22 20:28:06 EDT 2017, 0.780, 4, 8, 0.130, 6, 4, 11, 525, 99, 8, 46, 84, 7.040, 7.643
Thu Jun 22 20:32:38 EDT 2017, 0.280, 9, 3, 0.630, 1, 8, 56, 375, 54, 18, 21, 39, 3.617, 3.850
Thu Jun 22 20:37:39 EDT 2017, 0.400, 3, 7, 0.260, 7, 7, 89, 337, 66, 6, 40, 73, 2.440, 2.533
Thu Jun 22 20:42:46 EDT 2017, 0.900, 8, 2, 0.760, 3, 3, 44, 487, 21, 16, 15, 28, 3.723, 3.843
Thu Jun 22 20:47:53 EDT 2017, 0.650, 1, 4, 0.010, 5, 5, 22, 412, 88, 11, 28, 51, 5.340, 5.943
Thu Jun 22 20:52:55 EDT 2017, 0.150, 5, 9, 0.510, 9, 1, 67, 562, 43, 1, 3, 96, 1.543, 1.553
Thu Jun 22 20:58:07 EDT 2017, 0.210, 5, 4, 0.820, 8, 1, 84, 431, 60, 14, 6, 79, 5.443, 5.727
Thu Jun 22 21:02:38 EDT 2017, 0.710, 9, 8, 0.320, 3, 6, 39, 581, 15, 5, 31, 34, 1.440, 1.517
Thu Jun 22 21:07:40 EDT 2017, 0.960, 2, 6, 0.570, 1, 3, 16, 356, 82, 10, 18, 11, 1.873, 1.860
Thu Jun 22 21:12:52 EDT 2017, 0.460, 7, 2, 0.070, 5, 8, 61, 506, 37, 19, 43, 56, 6.757, 7.640
Thu Jun 22 21:17:53 EDT 2017, 0.340, 1, 9, 0.940, 2, 9, 95, 543, 71, 7, 24, 45, 2.520, 2.663
Thu Jun 22 21:23:29 EDT 2017, 0.840, 6, 5, 0.440, 6, 4, 50, 393, 26, 17, 49, 90, 5.537, 9.677
Thu Jun 22 21:29:37 EDT 2017, 0.590, 4, 3, 0.690, 9, 7, 27, 468, 94, 12, 12, 67, 10.153, 11.217
Thu Jun 22 21:34:09 EDT 2017, 0.090, 8, 7, 0.190, 4, 2, 72, 318, 49, 2, 37, 22, 1.247, 1.230
Thu Jun 22 21:39:16 EDT 2017, 0.060, 3, 8, 0.040, 1, 5, 36, 403, 52, 15, 38, 81, 3.350, 3.430
Thu Jun 22 21:44:24 EDT 2017, 0.560, 8, 4, 0.540, 6, 9, 81, 553, 97, 5, 13, 36, 3.340, 3.667
Thu Jun 22 21:50:26 EDT 2017, 0.810, 1, 1, 0.290, 8, 2, 58, 328, 29, 1, 26, 14, 1.217, 1.227
Thu Jun 22 21:54:33 EDT 2017, 0.310, 6, 6, 0.790, 3, 7, 13, 478, 74, 10, 1, 59, 3.823, 4.153
Thu Jun 22 21:59:34 EDT 2017, 0.430, 2, 5, 0.160, 9, 6, 47, 590, 40, 3, 32, 48, 1.820, 1.830
Thu Jun 22 22:04:21 EDT 2017, 0.930, 7, 9, 0.660, 4, 1, 92, 440, 85, 13, 7, 93, 8.337, 10.137
Thu Jun 22 22:09:17 EDT 2017, 0.680, 4, 7, 0.410, 2, 8, 70, 515, 18, 17, 45, 70, 3.043, 3.577
Thu Jun 22 22:14:20 EDT 2017, 0.180, 9, 2, 0.910, 7, 4, 25, 365, 63, 8, 20, 25, 2.433, 2.437
Thu Jun 22 22:19:36 EDT 2017, 0.120, 1, 5, 0.720, 5, 3, 41, 497, 35, 16, 23, 20, 1.827, 1.833
Thu Jun 22 22:24:38 EDT 2017, 0.620, 5, 1, 0.220, 1, 8, 86, 347, 80, 7, 48, 65, 6.527, 7.450
Thu Jun 22 22:29:45 EDT 2017, 0.870, 3, 3, 0.970, 3, 1, 64, 572, 12, 2, 10, 87, 1.527, 1.557
Thu Jun 22 22:34:11 EDT 2017, 0.370, 7, 7, 0.470, 7, 5, 19, 422, 57, 11, 35, 42, 2.543, 2.750
Thu Jun 22 22:39:18 EDT 2017, 0.250, 4, 2, 0.600, 4, 6, 53, 309, 46, 4, 4, 76, 2.223, 2.470
Thu Jun 22 23:13:24 EDT 2017, 0.750, 8, 6, 0.100, 8, 2, 98, 459, 91, 14, 29, 31, 5.417, 3.827
Thu Jun 22 23:21:26 EDT 2017, 0.500, 2, 9, 0.850, 6, 9, 75, 384, 23, 18, 17, 53, 1.927, 103.393
Thu Jun 22 23:26:38 EDT 2017, 0.000, 6, 4, 0.350, 2, 4, 30, 534, 68, 9, 42, 98, 6.343, 6.547
Thu Jun 22 23:30:09 EDT 2017, 0.000, 3, 6, 0.400, 3, 6, 68, 576, 40, 6, 3, 35, 1.797, 1.863
Fri Jun 23 00:05:11 EDT 2017, 0.500, 8, 1, 0.900, 8, 1, 23, 426, 85, 16, 28, 80, 0.000, 0.000
Fri Jun 23 00:09:52 EDT 2017, 0.750, 1, 4, 0.150, 6, 8, 46, 501, 18, 11, 15, 58, 2.723, 2.947
Fri Jun 23 00:15:04 EDT 2017, 0.250, 6, 8, 0.650, 1, 3, 91, 351, 63, 2, 40, 13, 1.237, 1.247
Fri Jun 23 00:20:05 EDT 2017, 0.370, 2, 3, 0.270, 7, 5, 57, 389, 51, 14, 21, 92, 6.063, 7.143
Fri Jun 23 00:24:07 EDT 2017, 0.870, 7, 7, 0.770, 2, 9, 12, 539, 96, 4, 46, 47, 3.027, 3.317
Fri Jun 23 00:29:19 EDT 2017, 0.620, 4, 9, 0.020, 5, 2, 35, 314, 29, 9, 9, 24, 1.530, 1.533
Fri Jun 23 00:34:15 EDT 2017, 0.120, 9, 5, 0.520, 9, 7, 80, 464, 74, 18, 34, 69, 6.207, 6.953
Fri Jun 23 00:37:32 EDT 2017, 0.180, 1, 8, 0.840, 7, 6, 74, 332, 46, 8, 37, 63, 5.453, 2.067
Fri Jun 23 00:43:29 EDT 2017, 0.680, 5, 3, 0.340, 3, 2, 29, 482, 91, 17, 12, 18, 4.633, 4.943
Fri Jun 23 00:48:36 EDT 2017, 0.930, 3, 1, 0.590, 1, 9, 52, 407, 23, 12, 49, 41, 3.867, 4.433
Fri Jun 23 00:53:39 EDT 2017, 0.430, 7, 5, 0.090, 5, 4, 97, 557, 68, 3, 24, 86, 3.133, 3.247
Fri Jun 23 00:58:45 EDT 2017, 0.310, 4, 4, 0.960, 2, 3, 63, 520, 34, 15, 43, 30, 2.430, 2.643
Fri Jun 23 01:02:16 EDT 2017, 0.810, 8, 9, 0.460, 6, 7, 18, 370, 79, 5, 18, 75, 2.970, 3.403
Fri Jun 23 01:07:24 EDT 2017, 0.560, 2, 6, 0.710, 9, 1, 40, 595, 12, 10, 31, 97, 2.450, 2.470
Fri Jun 23 01:11:30 EDT 2017, 0.060, 6, 2, 0.210, 4, 5, 85, 445, 57, 19, 6, 52, 5.943, 6.660
Fri Jun 23 01:15:31 EDT 2017, 0.090, 2, 3, 0.050, 1, 8, 26, 361, 65, 3, 20, 61, 2.143, 2.357
Fri Jun 23 01:20:33 EDT 2017, 0.590, 6, 7, 0.550, 6, 3, 71, 511, 20, 13, 45, 16, 1.527, 1.650
Fri Jun 23 01:25:45 EDT 2017, 0.840, 4, 5, 0.300, 8, 5, 94, 436, 88, 18, 7, 38, 7.143, 8.940
Fri Jun 23 01:30:21 EDT 2017, 0.340, 9, 1, 0.800, 4, 1, 49, 586, 43, 8, 32, 83, 7.093, 8.297
Fri Jun 23 01:35:23 EDT 2017, 0.460, 3, 8, 0.180, 9, 2, 15, 473, 77, 15, 1, 27, 2.773, 3.053
Fri Jun 23 01:39:25 EDT 2017, 0.960, 8, 4, 0.680, 5, 7, 60, 323, 32, 6, 26, 72, 2.750, 2.740
Fri Jun 23 01:44:01 EDT 2017, 0.710, 1, 2, 0.430, 3, 4, 83, 548, 99, 1, 14, 94, 3.640, 3.930
Fri Jun 23 01:49:34 EDT 2017, 0.210, 5, 6, 0.930, 7, 9, 38, 398, 54, 11, 39, 49, 2.510, 11.980
Fri Jun 23 01:54:20 EDT 2017, 0.150, 5, 1, 0.740, 5, 9, 32, 529, 71, 5, 42, 33, 3.340, 3.313
Fri Jun 23 01:59:17 EDT 2017, 0.650, 9, 6, 0.240, 1, 5, 77, 379, 26, 14, 17, 78, 2.757, 2.957
Fri Jun 23 02:04:18 EDT 2017, 0.900, 2, 8, 0.990, 3, 7, 99, 454, 93, 19, 29, 55, 8.760, 12.113
Fri Jun 23 02:08:25 EDT 2017, 0.400, 7, 3, 0.490, 8, 3, 54, 304, 48, 9, 4, 10, 1.593, 1.600
Fri Jun 23 02:13:22 EDT 2017, 0.280, 1, 7, 0.620, 4, 1, 21, 417, 60, 16, 35, 89, 4.747, 5.343
Fri Jun 23 02:19:24 EDT 2017, 0.780, 6, 2, 0.120, 9, 6, 66, 567, 15, 7, 10, 44, 2.527, 2.533
Fri Jun 23 02:22:50 EDT 2017, 0.530, 4, 4, 0.870, 7, 4, 88, 342, 82, 2, 48, 21, 1.543, 1.540
Fri Jun 23 02:28:47 EDT 2017, 0.030, 8, 9, 0.370, 2, 8, 43, 492, 37, 12, 23, 66, 2.437, 2.433
Fri Jun 23 02:43:11 EDT 2017, 0.040, 1, 1, 0.950, 9, 2, 90, 375, 78, 5, 11, 48, 3.343, 199.747
Fri Jun 23 02:48:38 EDT 2017, 0.540, 6, 5, 0.450, 4, 7, 45, 525, 33, 15, 36, 93, 5.123, 5.647
Fri Jun 23 02:52:40 EDT 2017, 0.790, 3, 7, 0.700, 2, 4, 22, 300, 55, 10, 24, 70, 3.130, 3.433
Fri Jun 23 02:57:46 EDT 2017, 0.290, 8, 3, 0.200, 6, 9, 67, 450, 10, 1, 49, 25, 1.240, 1.250
Fri Jun 23 03:02:28 EDT 2017, 0.420, 5, 6, 0.820, 1, 8, 78, 562, 89, 13, 17, 82, 8.450, 9.147
Fri Jun 23 03:10:30 EDT 2017, 0.920, 9, 2, 0.320, 5, 3, 33, 412, 44, 3, 42, 37, 2.153, 2.243
Fri Jun 23 03:18:08 EDT 2017, 0.670, 2, 4, 0.570, 8, 6, 11, 487, 67, 8, 5, 14, 2.797, 4.137
Fri Jun 23 03:22:09 EDT 2017, 0.170, 7, 9, 0.070, 3, 1, 56, 337, 22, 17, 30, 59, 1.843, 1.960
Fri Jun 23 03:43:29 EDT 2017, 0.230, 3, 3, 0.260, 5, 1, 95, 506, 95, 7, 27, 76, 349.480, 6.437
Fri Jun 23 03:48:26 EDT 2017, 0.730, 7, 8, 0.760, 9, 5, 50, 356, 50, 16, 2, 31, 2.427, 2.620
Fri Jun 23 03:56:03 EDT 2017, 0.980, 1, 6, 0.010, 7, 3, 28, 581, 72, 11, 39, 54, 58.213, 9.237
Fri Jun 23 04:00:10 EDT 2017, 0.480, 5, 1, 0.510, 2, 7, 73, 431, 27, 2, 14, 99, 3.143, 2.720
Fri Jun 23 04:05:12 EDT 2017, 0.360, 2, 9, 0.380, 6, 8, 84, 318, 84, 14, 46, 20, 1.870, 2.067
Fri Jun 23 04:11:19 EDT 2017, 0.860, 6, 5, 0.880, 1, 4, 39, 468, 39, 4, 21, 65, 2.260, 2.453
Fri Jun 23 04:15:26 EDT 2017, 0.610, 4, 2, 0.130, 4, 6, 16, 393, 61, 9, 33, 87, 7.230, 7.953
Fri Jun 23 04:20:28 EDT 2017, 0.110, 9, 7, 0.630, 8, 2, 61, 543, 16, 19, 8, 42, 2.380, 2.043
Fri Jun 23 04:25:29 EDT 2017, 0.070, 4, 8, 0.600, 7, 4, 47, 478, 13, 4, 16, 73, 1.233, 1.233
Fri Jun 23 04:59:09 EDT 2017, 0.570, 9, 4, 0.100, 2, 9, 92, 328, 58, 13, 41, 28, 2.457, 2.743
Fri Jun 23 05:04:27 EDT 2017, 0.820, 2, 2, 0.850, 4, 2, 70, 553, 36, 18, 3, 51, 10.937, 17.443
Fri Jun 23 05:09:18 EDT 2017, 0.320, 7, 6, 0.350, 9, 6, 25, 403, 81, 8, 28, 96, 4.717, 15.017
Fri Jun 23 05:14:00 EDT 2017, 0.450, 1, 5, 0.730, 3, 5, 36, 365, 25, 16, 10, 17, 1.747, 1.757
Fri Jun 23 05:18:56 EDT 2017, 0.950, 5, 9, 0.230, 8, 1, 81, 515, 70, 6, 35, 62, 3.567, 3.630
Fri Jun 23 05:24:08 EDT 2017, 0.700, 3, 7, 0.980, 6, 8, 59, 440, 47, 1, 22, 85, 1.560, 1.530
Fri Jun 23 05:32:11 EDT 2017, 0.200, 8, 3, 0.480, 1, 3, 14, 590, 92, 11, 47, 40, 86.040, 5.533
Fri Jun 23 05:38:12 EDT 2017, 0.140, 3, 5, 0.160, 3, 4, 53, 421, 30, 5, 44, 45, 1.653, 1.550
Fri Jun 23 05:46:31 EDT 2017, 0.640, 7, 1, 0.660, 7, 8, 98, 571, 75, 14, 19, 90, 0.000, 0.000
Fri Jun 23 05:50:02 EDT 2017, 0.890, 5, 3, 0.410, 9, 1, 76, 346, 53, 19, 31, 68, 10.540, 36.360
Fri Jun 23 06:23:01 EDT 2017, 0.390, 9, 8, 0.910, 5, 6, 31, 496, 98, 10, 6, 23, 2.410, 2.607
Fri Jun 23 06:28:07 EDT 2017, 0.260, 4, 2, 0.040, 8, 7, 42, 534, 19, 17, 25, 79, 3.927, 4.240
Fri Jun 23 06:33:09 EDT 2017, 0.760, 8, 7, 0.540, 4, 2, 87, 384, 64, 7, 0, 34, 2.140, 2.330
Fri Jun 23 06:38:15 EDT 2017, 0.510, 1, 9, 0.290, 2, 9, 64, 459, 41, 3, 38, 11, 1.243, 1.257
Fri Jun 23 06:43:22 EDT 2017, 0.010, 6, 4, 0.790, 6, 5, 19, 309, 86, 12, 13, 56, 3.720, 3.917
Fri Jun 23 06:46:53 EDT 2017, 0.020, 2, 9, 0.660, 4, 3, 78, 410, 46, 2, 31, 87, 1.593, 1.520
Fri Jun 23 06:55:06 EDT 2017, 0.520, 7, 4, 0.160, 9, 8, 33, 560, 91, 11, 6, 42, 5.617, 6.227
Fri Jun 23 07:00:07 EDT 2017, 0.770, 5, 2, 0.910, 6, 1, 10, 335, 24, 16, 44, 19, 2.633, 2.443
Fri Jun 23 07:04:10 EDT 2017, 0.270, 9, 7, 0.410, 2, 5, 55, 485, 69, 7, 19, 64, 2.947, 3.057
Fri Jun 23 07:09:17 EDT 2017, 0.390, 4, 3, 0.530, 5, 6, 89, 597, 35, 18, 37, 53, 5.603, 6.030
Fri Jun 23 07:14:23 EDT 2017, 0.890, 8, 8, 0.030, 1, 2, 44, 447, 80, 9, 12, 98, 6.347, 6.437
Fri Jun 23 07:19:25 EDT 2017, 0.640, 1, 5, 0.780, 3, 9, 21, 522, 13, 4, 25, 75, 1.533, 1.543
Fri Jun 23 07:22:37 EDT 2017, 0.140, 6, 1, 0.280, 7, 4, 66, 372, 58, 14, 0, 30, 5.127, 4.253
Fri Jun 23 07:27:33 EDT 2017, 0.210, 4, 7, 0.090, 9, 5, 83, 503, 41, 1, 3, 14, 1.253, 1.137
Fri Jun 23 07:33:15 EDT 2017, 0.710, 9, 3, 0.590, 5, 9, 38, 353, 86, 10, 28, 59, 5.963, 6.633
Fri Jun 23 07:37:22 EDT 2017, 0.960, 2, 5, 0.340, 2, 3, 16, 578, 18, 15, 15, 81, 5.837, 7.967
Fri Jun 23 07:42:18 EDT 2017, 0.460, 6, 9, 0.840, 7, 7, 61, 428, 63, 5, 40, 36, 1.820, 1.847
Fri Jun 23 07:48:52 EDT 2017, 0.330, 1, 1, 0.220, 1, 6, 95, 316, 52, 17, 22, 70, 7.007, 38.300
Fri Jun 23 07:54:43 EDT 2017, 0.830, 5, 6, 0.720, 6, 1, 50, 466, 97, 8, 47, 25, 2.937, 3.253
Fri Jun 23 07:59:35 EDT 2017, 0.580, 3, 8, 0.470, 8, 8, 27, 391, 29, 3, 9, 47, 1.540, 1.540
Fri Jun 23 08:04:16 EDT 2017, 0.080, 7, 4, 0.970, 4, 4, 72, 541, 74, 12, 34, 92, 7.250, 7.930
Fri Jun 23 08:09:19 EDT 2017, 0.110, 3, 2, 0.750, 2, 1, 35, 457, 66, 9, 39, 11, 1.833, 2.053
Fri Jun 23 08:14:20 EDT 2017, 0.610, 8, 7, 0.250, 7, 6, 80, 307, 21, 19, 14, 56, 2.433, 2.567
Fri Jun 23 08:19:37 EDT 2017, 0.860, 1, 9, 0.500, 9, 3, 58, 532, 89, 14, 26, 78, 9.340, 14.357
Fri Jun 23 08:24:03 EDT 2017, 0.360, 6, 5, 0.000, 4, 8, 13, 382, 44, 5, 1, 33, 1.640, 1.643
Fri Jun 23 08:29:10 EDT 2017, 0.490, 2, 6, 0.880, 8, 9, 47, 344, 55, 12, 33, 67, 3.310, 3.650
Fri Jun 23 09:06:41 EDT 2017, 0.990, 7, 1, 0.380, 3, 5, 92, 494, 10, 2, 8, 22, 1800.000, 1800.000
Fri Jun 23 09:10:22 EDT 2017, 0.740, 4, 3, 0.630, 1, 7, 69, 419, 77, 7, 45, 44, 3.843, 4.020
Fri Jun 23 09:15:29 EDT 2017, 0.240, 9, 8, 0.130, 5, 2, 24, 569, 32, 17, 20, 89, 3.937, 5.013
Fri Jun 23 09:20:31 EDT 2017, 0.180, 2, 4, 0.440, 7, 2, 41, 438, 60, 8, 23, 84, 3.907, 4.260
Fri Jun 23 09:25:33 EDT 2017, 0.680, 6, 8, 0.940, 3, 6, 86, 588, 15, 18, 48, 39, 2.350, 2.737
Fri Jun 23 09:30:09 EDT 2017, 0.930, 4, 6, 0.190, 5, 4, 64, 363, 83, 13, 11, 16, 2.630, 2.700
Fri Jun 23 09:35:16 EDT 2017, 0.430, 8, 2, 0.690, 9, 8, 19, 513, 38, 4, 36, 61, 2.633, 2.757
Fri Jun 23 09:40:17 EDT 2017, 0.300, 5, 7, 0.310, 4, 7, 52, 550, 72, 11, 5, 50, 3.617, 3.827
Fri Jun 23 09:45:24 EDT 2017, 0.800, 9, 3, 0.810, 8, 3, 97, 400, 27, 1, 30, 95, 1.517, 1.650
Fri Jun 23 09:52:37 EDT 2017, 0.550, 3, 1, 0.060, 6, 5, 75, 475, 94, 6, 17, 73, 9.447, 12.047
Fri Jun 23 09:57:34 EDT 2017, 0.050, 7, 5, 0.560, 2, 1, 30, 325, 49, 15, 42, 28, 1.833, 2.127
Fri Jun 23 10:03:21 EDT 2017, 0.030, 5, 5, 0.230, 8, 9, 57, 583, 98, 3, 29, 99, 4.323, 5.050
Fri Jun 23 10:08:17 EDT 2017, 0.530, 9, 9, 0.730, 3, 4, 12, 433, 53, 12, 4, 54, 2.727, 3.047
Fri Jun 23 10:42:24 EDT 2017, 0.780, 2, 7, 0.480, 1, 7, 34, 508, 76, 17, 41, 32, 4.193, 4.903
Fri Jun 23 10:45:55 EDT 2017, 0.280, 7, 2, 0.980, 6, 2, 79, 358, 31, 7, 16, 77, 2.827, 2.720
Fri Jun 23 10:51:02 EDT 2017, 0.410, 1, 8, 0.110, 2, 1, 68, 396, 87, 19, 48, 43, 3.940, 4.323
Fri Jun 23 10:56:14 EDT 2017, 0.910, 6, 4, 0.610, 7, 5, 23, 546, 42, 10, 23, 88, 8.137, 10.033
Fri Jun 23 11:01:10 EDT 2017, 0.660, 3, 1, 0.360, 9, 3, 45, 321, 65, 5, 35, 66, 4.100, 4.603
Fri Jun 23 11:06:12 EDT 2017, 0.160, 8, 6, 0.860, 4, 8, 90, 471, 20, 15, 10, 21, 1.530, 1.507
Fri Jun 23 11:10:13 EDT 2017, 0.220, 2, 2, 0.550, 3, 8, 62, 302, 82, 1, 7, 26, 1.563, 1.673
Fri Jun 23 11:15:25 EDT 2017, 0.720, 6, 6, 0.050, 7, 4, 17, 452, 37, 11, 32, 71, 3.620, 3.933
Fri Jun 23 11:20:37 EDT 2017, 0.970, 4, 9, 0.800, 5, 6, 40, 377, 59, 16, 19, 94, 7.550, 11.337
Fri Jun 23 11:25:34 EDT 2017, 0.470, 8, 4, 0.300, 1, 2, 85, 527, 14, 6, 44, 49, 1.923, 1.733
Fri Jun 23 11:30:25 EDT 2017, 0.350, 3, 5, 0.670, 6, 3, 73, 489, 93, 18, 13, 60, 12.520, 8.823
Fri Jun 23 11:35:12 EDT 2017, 0.850, 7, 1, 0.170, 2, 7, 28, 339, 48, 9, 38, 15, 2.530, 2.647
Fri Jun 23 11:40:18 EDT 2017, 0.600, 1, 3, 0.920, 4, 5, 51, 564, 70, 4, 1, 37, 2.760, 2.930
Fri Jun 23 11:45:20 EDT 2017, 0.100, 5, 8, 0.420, 8, 9, 96, 414, 25, 13, 26, 82, 2.120, 2.253
Fri Jun 23 11:50:37 EDT 2017, 0.070, 1, 7, 0.330, 6, 7, 14, 349, 28, 9, 49, 23, 1.533, 1.543
Fri Jun 23 12:16:59 EDT 2017, 0.570, 5, 2, 0.830, 1, 2, 59, 499, 73, 19, 24, 68, 439.157, 16.263
Fri Jun 23 12:21:36 EDT 2017, 0.820, 3, 4, 0.080, 4, 9, 82, 424, 51, 14, 37, 91, 8.660, 12.467
Fri Jun 23 12:26:33 EDT 2017, 0.320, 8, 9, 0.580, 8, 5, 37, 574, 96, 4, 12, 46, 2.433, 2.423
Fri Jun 23 12:59:37 EDT 2017, 0.440, 4, 1, 0.450, 5, 4, 26, 461, 17, 12, 30, 57, 2.867, 3.590
Fri Jun 23 13:05:14 EDT 2017, 0.940, 9, 6, 0.950, 9, 8, 71, 311, 62, 2, 5, 12, 1.230, 1.227
Fri Jun 23 13:09:25 EDT 2017, 0.690, 2, 8, 0.200, 7, 1, 93, 536, 39, 7, 43, 35, 2.170, 2.123
Fri Jun 23 13:14:26 EDT 2017, 0.190, 6, 3, 0.700, 3, 6, 48, 386, 84, 16, 18, 80, 8.050, 8.730
Fri Jun 23 13:19:28 EDT 2017, 0.130, 4, 9, 0.890, 1, 5, 20, 555, 11, 8, 15, 96, 1.630, 1.730
Fri Jun 23 13:24:35 EDT 2017, 0.630, 8, 5, 0.390, 5, 1, 65, 405, 56, 18, 40, 51, 4.813, 5.243
Fri Jun 23 13:29:37 EDT 2017, 0.880, 1, 3, 0.640, 8, 7, 87, 480, 34, 13, 2, 29, 3.327, 3.760
Fri Jun 23 13:34:14 EDT 2017, 0.380, 6, 7, 0.140, 3, 3, 42, 330, 79, 3, 27, 74, 2.140, 2.120
Fri Jun 23 13:39:15 EDT 2017, 0.250, 3, 4, 0.770, 9, 4, 31, 443, 22, 10, 8, 40, 1.850, 1.840
Fri Jun 23 13:44:23 EDT 2017, 0.750, 7, 8, 0.270, 4, 9, 76, 593, 67, 1, 33, 85, 1.833, 1.847
Fri Jun 23 13:49:24 EDT 2017, 0.500, 5, 6, 0.520, 2, 2, 99, 368, 45, 6, 21, 63, 2.113, 2.147
Fri Jun 23 13:54:31 EDT 2017, 0.000, 9, 2, 0.020, 6, 6, 54, 518, 90, 15, 46, 18, 3.727, 3.827
Fri Jun 23 13:59:48 EDT 2017, 0.010, 1, 3, 0.580, 2, 9, 83, 469, 93, 17, 31, 51, 6.923, 9.140
Fri Jun 23 14:04:15 EDT 2017, 0.510, 5, 8, 0.080, 6, 5, 38, 319, 48, 7, 6, 96, 2.530, 2.733
Fri Jun 23 14:09:16 EDT 2017, 0.760, 3, 6, 0.830, 9, 7, 15, 544, 71, 3, 43, 74, 3.047, 3.147
Fri Jun 23 14:14:33 EDT 2017, 0.260, 7, 1, 0.330, 4, 3, 60, 394, 26, 12, 18, 29, 2.510, 2.630
Fri Jun 23 14:19:35 EDT 2017, 0.380, 4, 9, 0.710, 7, 2, 94, 357, 82, 5, 49, 85, 2.757, 2.810
Fri Jun 23 14:24:37 EDT 2017, 0.880, 9, 4, 0.210, 3, 6, 49, 507, 37, 14, 24, 40, 4.290, 4.230
Fri Jun 23 14:29:39 EDT 2017, 0.630, 2, 2, 0.960, 1, 4, 27, 432, 59, 19, 37, 17, 4.127, 4.073
Fri Jun 23 14:34:20 EDT 2017, 0.130, 6, 7, 0.460, 5, 8, 72, 582, 14, 10, 12, 62, 1.867, 1.883
Fri Jun 23 14:47:53 EDT 2017, 0.190, 3, 1, 0.140, 7, 8, 77, 413, 87, 16, 9, 68, 12.550, 208.887
Fri Jun 23 14:52:28 EDT 2017, 0.690, 8, 5, 0.640, 2, 3, 32, 563, 42, 6, 34, 23, 1.847, 1.940
Fri Jun 23 15:27:08 EDT 2017, 0.940, 1, 7, 0.390, 5, 6, 10, 338, 65, 1, 21, 46, 1.197, 1.517
Fri Jun 23 15:30:14 EDT 2017, 0.440, 6, 3, 0.890, 9, 1, 55, 488, 20, 11, 46, 91, 3.563, 3.597
Fri Jun 23 15:35:20 EDT 2017, 0.320, 2, 6, 0.020, 3, 2, 89, 526, 99, 4, 15, 12, 1.577, 1.607
Fri Jun 23 15:40:27 EDT 2017, 0.820, 7, 2, 0.520, 8, 7, 44, 376, 54, 13, 40, 57, 7.237, 8.613
Fri Jun 23 15:45:34 EDT 2017, 0.570, 5, 4, 0.270, 6, 4, 21, 451, 76, 18, 2, 79, 11.027, 13.223
Fri Jun 23 15:50:41 EDT 2017, 0.070, 9, 8, 0.770, 1, 9, 66, 301, 31, 9, 27, 34, 1.513, 1.527
Fri Jun 23 15:55:33 EDT 2017, 0.100, 5, 5, 0.990, 4, 6, 41, 385, 23, 14, 48, 71, 2.140, 2.340
Fri Jun 23 16:02:15 EDT 2017, 0.600, 9, 1, 0.490, 9, 2, 86, 535, 68, 4, 23, 26, 2.940, 3.220
Fri Jun 23 16:07:17 EDT 2017, 0.850, 3, 3, 0.740, 7, 9, 63, 310, 45, 9, 35, 48, 2.963, 3.233
Fri Jun 23 16:12:29 EDT 2017, 0.350, 7, 8, 0.240, 2, 4, 18, 460, 90, 19, 10, 93, 8.310, 9.243
Fri Jun 23 16:17:36 EDT 2017, 0.480, 2, 2, 0.860, 5, 3, 52, 573, 12, 7, 29, 15, 1.717, 1.937
Fri Jun 23 16:22:38 EDT 2017, 0.980, 6, 6, 0.360, 1, 8, 97, 423, 57, 16, 4, 60, 5.363, 5.837
Fri Jun 23 16:27:40 EDT 2017, 0.730, 4, 9, 0.610, 3, 1, 74, 498, 34, 11, 41, 82, 3.423, 3.847
Fri Jun 23 16:32:12 EDT 2017, 0.230, 8, 4, 0.110, 8, 5, 29, 348, 79, 2, 16, 37, 1.540, 1.843
Fri Jun 23 16:37:19 EDT 2017, 0.160, 2, 8, 0.300, 9, 6, 35, 516, 17, 13, 13, 54, 1.830, 1.813
Fri Jun 23 16:42:20 EDT 2017, 0.660, 7, 4, 0.800, 5, 1, 80, 366, 62, 3, 38, 99, 2.940, 3.050
Fri Jun 23 17:16:36 EDT 2017, 0.910, 4, 1, 0.050, 3, 8, 58, 591, 40, 8, 1, 76, 9.827, 10.907
Fri Jun 23 17:24:08 EDT 2017, 0.410, 9, 6, 0.550, 7, 4, 13, 441, 85, 17, 26, 31, 3.530, 3.927
Fri Jun 23 17:29:15 EDT 2017, 0.290, 3, 5, 0.430, 2, 5, 46, 329, 28, 6, 7, 88, 1.910, 1.930
Fri Jun 23 17:34:12 EDT 2017, 0.790, 8, 9, 0.930, 6, 9, 91, 479, 73, 15, 32, 43, 4.263, 4.810
Fri Jun 23 17:39:25 EDT 2017, 0.540, 1, 7, 0.180, 8, 2, 69, 404, 51, 10, 20, 20, 1.733, 1.843
Fri Jun 23 17:44:21 EDT 2017, 0.040, 5, 2, 0.680, 4, 7, 24, 554, 96, 1, 45, 65, 2.770, 2.750
Fri Jun 23 17:49:23 EDT 2017, 0.050, 3, 8, 0.000, 6, 4, 62, 371, 52, 16, 33, 38, 2.130, 2.350
Fri Jun 23 17:54:35 EDT 2017, 0.550, 7, 3, 0.500, 1, 8, 17, 521, 97, 6, 8, 83, 7.727, 8.423
Fri Jun 23 17:59:36 EDT 2017, 0.800, 1, 1, 0.250, 3, 1, 39, 446, 30, 2, 45, 61, 2.153, 2.360
Fri Jun 23 18:04:08 EDT 2017, 0.300, 5, 5, 0.750, 8, 6, 84, 596, 75, 11, 20, 16, 2.147, 2.420
Fri Jun 23 18:09:25 EDT 2017, 0.430, 2, 4, 0.130, 4, 7, 73, 484, 41, 4, 39, 95, 2.737, 2.740
Fri Jun 23 18:14:22 EDT 2017, 0.930, 6, 9, 0.630, 9, 3, 28, 334, 86, 14, 14, 50, 4.433, 5.543
Fri Jun 23 18:50:27 EDT 2017, 0.680, 4, 7, 0.380, 7, 9, 51, 559, 19, 18, 27, 27, 2.333, 2.417
Fri Jun 23 18:55:38 EDT 2017, 0.180, 8, 2, 0.880, 2, 5, 96, 409, 64, 9, 2, 72, 4.933, 5.420
Fri Jun 23 19:00:10 EDT 2017, 0.240, 1, 6, 0.690, 1, 4, 56, 540, 35, 15, 5, 55, 2.817, 2.993
Fri Jun 23 19:05:16 EDT 2017, 0.740, 6, 1, 0.190, 5, 9, 11, 390, 80, 5, 30, 10, 1.917, 2.177
Fri Jun 23 19:40:51 EDT 2017, 0.990, 3, 4, 0.940, 7, 2, 34, 465, 13, 1, 17, 33, 1800.000, 1800.000
Fri Jun 23 19:44:28 EDT 2017, 0.490, 8, 8, 0.440, 3, 7, 79, 315, 58, 10, 42, 78, 2.837, 3.033
Fri Jun 23 19:49:29 EDT 2017, 0.370, 4, 3, 0.570, 8, 5, 67, 427, 47, 3, 23, 22, 1.533, 1.623
Fri Jun 23 19:53:41 EDT 2017, 0.870, 9, 7, 0.070, 4, 1, 22, 577, 92, 12, 48, 67, 8.650, 10.327
Fri Jun 23 19:58:43 EDT 2017, 0.620, 2, 9, 0.820, 2, 8, 45, 352, 24, 17, 11, 89, 2.977, 3.373
Fri Jun 23 20:03:24 EDT 2017, 0.120, 7, 5, 0.320, 6, 3, 90, 502, 69, 8, 36, 44, 2.740, 2.840
Fri Jun 23 20:09:01 EDT 2017, 0.090, 3, 1, 0.410, 8, 1, 20, 568, 72, 14, 38, 58, 21.547, 23.550
Fri Jun 23 20:16:24 EDT 2017, 0.590, 7, 6, 0.910, 4, 5, 65, 418, 27, 5, 13, 13, 1.227, 1.230
Fri Jun 23 20:20:40 EDT 2017, 0.840, 5, 8, 0.160, 1, 3, 87, 493, 95, 9, 25, 36, 3.357, 3.563
Fri Jun 23 20:25:42 EDT 2017, 0.340, 9, 3, 0.660, 6, 7, 42, 343, 50, 19, 0, 81, 6.380, 6.957
Fri Jun 23 20:30:08 EDT 2017, 0.460, 4, 7, 0.290, 2, 8, 31, 380, 61, 7, 31, 24, 1.830, 1.790
Fri Jun 23 20:35:25 EDT 2017, 0.960, 8, 2, 0.790, 7, 4, 76, 530, 16, 17, 6, 69, 8.950, 10.950
Fri Jun 23 20:40:27 EDT 2017, 0.710, 1, 5, 0.040, 9, 6, 98, 305, 83, 12, 44, 92, 6.633, 7.747
Fri Jun 23 20:44:33 EDT 2017, 0.210, 6, 9, 0.540, 5, 2, 53, 455, 38, 2, 19, 47, 1.333, 1.353
Fri Jun 23 20:49:30 EDT 2017, 0.150, 4, 3, 0.850, 3, 2, 14, 324, 55, 13, 22, 41, 2.840, 2.923
Fri Jun 23 21:23:45 EDT 2017, 0.650, 9, 7, 0.350, 8, 7, 59, 474, 10, 3, 47, 86, 1.173, 2.673
Fri Jun 23 21:28:46 EDT 2017, 0.900, 2, 5, 0.600, 5, 5, 82, 399, 78, 8, 9, 64, 5.027, 5.533
Fri Jun 23 21:33:18 EDT 2017, 0.400, 6, 1, 0.100, 1, 9, 37, 549, 33, 18, 34, 19, 3.423, 3.847
Fri Jun 23 21:38:20 EDT 2017, 0.270, 1, 9, 0.970, 6, 8, 25, 512, 66, 6, 3, 98, 3.160, 3.480
Fri Jun 23 21:43:27 EDT 2017, 0.770, 5, 4, 0.470, 2, 3, 70, 362, 21, 15, 28, 53, 2.830, 3.127
Fri Jun 23 21:48:54 EDT 2017, 0.520, 3, 2, 0.720, 4, 6, 93, 587, 89, 11, 16, 30, 5.940, 11.823
Fri Jun 23 21:53:46 EDT 2017, 0.020, 8, 6, 0.220, 9, 1, 48, 437, 44, 1, 41, 75, 1.520, 3.517
Fri Jun 23 21:59:48 EDT 2017, 0.020, 4, 2, 0.340, 1, 2, 74, 341, 84, 10, 9, 90, 6.407, 6.923
Fri Jun 23 22:03:19 EDT 2017, 0.520, 8, 6, 0.840, 6, 6, 29, 491, 39, 1, 34, 45, 1.227, 1.323
Fri Jun 23 22:08:21 EDT 2017, 0.770, 2, 8, 0.090, 8, 4, 51, 416, 61, 5, 22, 22, 1.650, 1.613
Fri Jun 23 22:13:29 EDT 2017, 0.270, 6, 4, 0.590, 3, 8, 96, 566, 16, 15, 47, 67, 2.533, 2.817
Fri Jun 23 22:18:40 EDT 2017, 0.390, 1, 5, 0.460, 9, 7, 63, 453, 95, 8, 15, 34, 2.937, 3.150
Fri Jun 23 22:24:32 EDT 2017, 0.890, 5, 1, 0.960, 5, 3, 18, 303, 50, 17, 40, 79, 12.757, 76.620
Fri Jun 23 22:27:18 EDT 2017, 0.640, 3, 3, 0.210, 2, 5, 40, 528, 73, 13, 3, 56, 8.130, 8.903
Fri Jun 23 22:32:15 EDT 2017, 0.140, 7, 7, 0.710, 7, 1, 85, 378, 28, 3, 28, 11, 1.250, 1.230
Fri Jun 23 22:37:12 EDT 2017, 0.200, 2, 5, 0.900, 5, 1, 68, 547, 90, 11, 25, 28, 3.017, 3.320
Fri Jun 23 22:42:19 EDT 2017, 0.700, 7, 9, 0.400, 1, 6, 23, 397, 45, 2, 0, 73, 1.633, 1.520
Fri Jun 23 22:47:26 EDT 2017, 0.950, 5, 7, 0.650, 3, 3, 46, 472, 67, 7, 37, 95, 5.523, 6.027
Fri Jun 23 22:51:27 EDT 2017, 0.450, 9, 2, 0.150, 7, 8, 91, 322, 22, 16, 12, 50, 2.723, 3.133
Fri Jun 23 22:56:14 EDT 2017, 0.330, 3, 8, 0.780, 4, 9, 57, 434, 78, 9, 43, 62, 3.197, 3.410
Fri Jun 23 23:01:20 EDT 2017, 0.830, 8, 3, 0.280, 8, 4, 12, 584, 33, 18, 18, 17, 3.093, 3.607
Fri Jun 23 23:06:27 EDT 2017, 0.580, 1, 1, 0.530, 6, 7, 34, 359, 56, 14, 31, 39, 5.023, 7.073
Fri Jun 23 23:10:29 EDT 2017, 0.080, 6, 6, 0.030, 2, 2, 79, 509, 11, 4, 6, 84, 1.540, 1.510
Fri Jun 23 23:16:31 EDT 2017, 0.110, 1, 9, 0.180, 4, 5, 32, 594, 19, 18, 17, 31, 1.703, 1.813
Fri Jun 23 23:21:43 EDT 2017, 0.610, 6, 5, 0.680, 8, 9, 77, 444, 64, 8, 42, 76, 4.440, 4.920
Fri Jun 23 23:26:44 EDT 2017, 0.860, 4, 3, 0.430, 6, 3, 99, 519, 42, 4, 4, 98, 4.237, 4.433
Fri Jun 23 23:30:06 EDT 2017, 0.360, 8, 7, 0.930, 1, 7, 54, 369, 87, 13, 29, 53, 3.610, 3.813
Fri Jun 23 23:35:13 EDT 2017, 0.480, 5, 4, 0.060, 7, 6, 20, 406, 31, 1, 11, 64, 1.563, 1.503
Fri Jun 23 23:42:26 EDT 2017, 0.980, 9, 8, 0.560, 3, 1, 65, 556, 76, 11, 36, 19, 2.660, 2.747
Fri Jun 23 23:47:33 EDT 2017, 0.730, 3, 6, 0.310, 5, 8, 88, 331, 53, 16, 23, 42, 3.170, 3.563
Fri Jun 23 23:52:39 EDT 2017, 0.230, 7, 1, 0.810, 9, 4, 43, 481, 98, 6, 48, 87, 9.480, 12.943
Fri Jun 23 23:57:36 EDT 2017, 0.170, 3, 6, 0.500, 8, 3, 26, 312, 25, 19, 45, 93, 2.857, 2.860
Sat Jun 24 00:00:27 EDT 2017, 0.670, 8, 2, 0.000, 3, 8, 71, 462, 70, 10, 20, 48, 6.243, 6.833
Sat Jun 24 00:05:29 EDT 2017, 0.920, 1, 4, 0.750, 1, 1, 93, 387, 47, 5, 32, 25, 1.860, 1.837
Sat Jun 24 00:38:38 EDT 2017, 0.420, 5, 9, 0.250, 5, 5, 48, 537, 92, 14, 7, 70, 6.310, 6.593
Sat Jun 24 00:43:44 EDT 2017, 0.300, 2, 1, 0.620, 2, 6, 15, 500, 14, 2, 26, 36, 1.243, 1.230
Sat Jun 24 00:48:46 EDT 2017, 0.800, 7, 5, 0.120, 6, 2, 60, 350, 59, 12, 1, 81, 5.920, 7.043
Sat Jun 24 00:53:48 EDT 2017, 0.550, 4, 8, 0.870, 9, 9, 82, 575, 36, 17, 39, 59, 3.663, 4.047
Sat Jun 24 00:58:50 EDT 2017, 0.050, 9, 3, 0.370, 4, 4, 37, 425, 81, 7, 14, 14, 1.823, 1.810
Sat Jun 24 01:02:26 EDT 2017, 0.030, 2, 7, 0.790, 6, 5, 95, 467, 35, 11, 0, 77, 2.640, 2.707
Sat Jun 24 01:06:27 EDT 2017, 0.530, 6, 3, 0.290, 2, 1, 50, 317, 80, 2, 25, 32, 1.643, 1.747
Sat Jun 24 01:11:44 EDT 2017, 0.780, 4, 5, 0.540, 4, 7, 27, 542, 12, 6, 13, 10, 1.253, 1.247
Sat Jun 24 01:16:41 EDT 2017, 0.280, 9, 9, 0.040, 9, 3, 72, 392, 57, 16, 38, 55, 3.020, 3.247
Sat Jun 24 01:20:52 EDT 2017, 0.410, 3, 2, 0.920, 3, 4, 84, 355, 46, 9, 19, 43, 2.747, 2.943
Sat Jun 24 01:26:19 EDT 2017, 0.910, 8, 6, 0.420, 7, 9, 39, 505, 91, 18, 44, 88, 18.347, 35.660
Sat Jun 24 01:30:21 EDT 2017, 0.660, 1, 8, 0.670, 5, 2, 16, 430, 23, 13, 7, 66, 2.443, 2.710
Sat Jun 24 01:37:28 EDT 2017, 0.160, 5, 4, 0.170, 1, 6, 61, 580, 68, 4, 32, 21, 1.797, 51.603
Sat Jun 24 01:42:14 EDT 2017, 0.220, 5, 9, 0.480, 2, 7, 89, 448, 52, 12, 35, 15, 1.543, 1.530
Sat Jun 24 01:47:11 EDT 2017, 0.720, 9, 4, 0.980, 7, 2, 44, 598, 97, 3, 10, 60, 4.140, 4.437
Sat Jun 24 01:52:18 EDT 2017, 0.970, 2, 2, 0.230, 9, 9, 22, 373, 29, 7, 47, 83, 4.230, 4.440
Sat Jun 24 01:57:19 EDT 2017, 0.470, 7, 7, 0.730, 5, 5, 67, 523, 74, 17, 22, 38, 4.140, 4.440
Sat Jun 24 02:02:11 EDT 2017, 0.340, 1, 3, 0.360, 8, 3, 78, 561, 40, 10, 41, 72, 4.133, 4.550
Sat Jun 24 02:06:13 EDT 2017, 0.840, 6, 8, 0.860, 4, 8, 33, 411, 85, 19, 16, 27, 3.750, 4.363
Sat Jun 24 02:40:27 EDT 2017, 0.590, 4, 6, 0.110, 1, 1, 10, 486, 18, 15, 29, 49, 601.627, 2.627
Sat Jun 24 02:45:44 EDT 2017, 0.090, 8, 1, 0.610, 6, 6, 55, 336, 63, 5, 4, 94, 4.457, 4.630
Sat Jun 24 02:50:46 EDT 2017, 0.060, 4, 4, 0.640, 9, 8, 53, 402, 60, 18, 21, 18, 2.257, 2.373
Sat Jun 24 02:55:02 EDT 2017, 0.560, 8, 9, 0.140, 4, 4, 98, 552, 15, 8, 46, 63, 1.933, 2.030
Sat Jun 24 03:00:09 EDT 2017, 0.810, 2, 6, 0.890, 2, 6, 75, 327, 83, 3, 8, 86, 2.750, 2.733
Sat Jun 24 03:04:31 EDT 2017, 0.310, 6, 2, 0.390, 7, 2, 30, 477, 38, 13, 33, 41, 3.343, 3.850
Sat Jun 24 03:09:43 EDT 2017, 0.440, 3, 7, 0.510, 1, 3, 41, 589, 71, 1, 2, 74, 1.880, 1.850
Sat Jun 24 03:12:39 EDT 2017, 0.940, 7, 3, 0.010, 6, 7, 86, 439, 26, 10, 27, 29, 2.630, 2.770
Sat Jun 24 03:21:37 EDT 2017, 0.690, 5, 1, 0.760, 8, 5, 64, 514, 94, 15, 15, 52, 52.707, 198.673
Sat Jun 24 03:25:53 EDT 2017, 0.190, 9, 5, 0.260, 3, 9, 19, 364, 49, 6, 40, 97, 2.733, 2.757
Sat Jun 24 03:31:55 EDT 2017, 0.120, 1, 2, 0.070, 5, 9, 47, 495, 77, 19, 43, 80, 11.757, 71.307
Sat Jun 24 03:35:32 EDT 2017, 0.620, 6, 7, 0.570, 9, 4, 92, 345, 32, 9, 18, 35, 1.827, 1.830
Sat Jun 24 03:40:39 EDT 2017, 0.870, 3, 9, 0.320, 7, 7, 70, 570, 99, 5, 30, 12, 1.740, 1.843
Sat Jun 24 04:44:12 EDT 2017, 0.370, 8, 5, 0.820, 3, 2, 25, 420, 54, 14, 5, 57, 3.983, 602.790
Sat Jun 24 04:48:29 EDT 2017, 0.250, 4, 6, 0.200, 6, 1, 36, 308, 66, 2, 36, 46, 1.533, 1.537
Sat Jun 24 04:53:35 EDT 2017, 0.750, 9, 1, 0.700, 2, 5, 81, 458, 21, 12, 11, 91, 7.233, 7.960
Sat Jun 24 04:58:43 EDT 2017, 0.500, 2, 4, 0.450, 4, 3, 58, 383, 88, 16, 49, 69, 8.260, 9.230
Sat Jun 24 05:03:14 EDT 2017, 0.000, 7, 8, 0.950, 8, 8, 13, 533, 43, 7, 24, 24, 1.650, 1.557
Sat Jun 24 05:08:16 EDT 2017, 0.000, 2, 3, 0.180, 5, 4, 38, 515, 24, 8, 34, 42, 2.033, 2.043
Sat Jun 24 05:12:28 EDT 2017, 0.500, 7, 7, 0.680, 1, 9, 83, 365, 69, 18, 9, 87, 5.747, 6.260
Sat Jun 24 05:16:29 EDT 2017, 0.750, 4, 9, 0.430, 3, 2, 60, 590, 47, 13, 47, 65, 4.623, 5.130
Sat Jun 24 05:21:31 EDT 2017, 0.250, 9, 5, 0.930, 7, 7, 15, 440, 92, 3, 22, 20, 1.640, 1.553
Sat Jun 24 05:26:38 EDT 2017, 0.380, 3, 6, 0.060, 4, 5, 49, 327, 13, 10, 40, 98, 1.740, 1.850
Sat Jun 24 05:30:14 EDT 2017, 0.880, 8, 2, 0.560, 9, 1, 94, 477, 58, 1, 15, 53, 1.923, 2.007
Sat Jun 24 05:35:26 EDT 2017, 0.630, 1, 4, 0.310, 6, 8, 71, 402, 36, 6, 28, 31, 1.837, 1.840
Sat Jun 24 05:40:23 EDT 2017, 0.130, 6, 8, 0.810, 2, 3, 26, 552, 81, 15, 3, 76, 5.327, 5.940
Sat Jun 24 06:14:23 EDT 2017, 0.190, 5, 4, 0.620, 1, 4, 32, 383, 19, 9, 0, 59, 1.807, 1.813
Sat Jun 24 06:47:13 EDT 2017, 0.690, 9, 9, 0.120, 6, 8, 77, 533, 64, 19, 25, 14, 601.483, 2.420
Sat Jun 24 06:51:45 EDT 2017, 0.940, 3, 7, 0.870, 8, 2, 55, 308, 41, 14, 12, 37, 2.913, 3.057
Sat Jun 24 06:56:52 EDT 2017, 0.440, 7, 2, 0.370, 4, 6, 10, 458, 86, 4, 37, 82, 5.373, 5.747
Sat Jun 24 07:01:13 EDT 2017, 0.310, 2, 8, 0.740, 9, 7, 43, 571, 30, 12, 19, 25, 1.703, 1.783
Sat Jun 24 07:06:20 EDT 2017, 0.810, 6, 3, 0.240, 5, 3, 88, 421, 75, 2, 44, 70, 2.740, 3.040
Sat Jun 24 07:15:34 EDT 2017, 0.560, 4, 1, 0.990, 2, 9, 66, 496, 53, 7, 6, 93, 8.233, 9.033
Sat Jun 24 07:19:05 EDT 2017, 0.060, 8, 6, 0.490, 7, 5, 21, 346, 98, 16, 31, 48, 3.617, 4.137
Sat Jun 24 07:23:06 EDT 2017, 0.100, 4, 9, 0.280, 8, 2, 86, 430, 89, 2, 42, 56, 1.547, 1.843
Sat Jun 24 07:28:13 EDT 2017, 0.600, 8, 4, 0.780, 3, 7, 41, 580, 44, 11, 17, 11, 1.833, 1.840
Sat Jun 24 07:33:15 EDT 2017, 0.850, 1, 2, 0.030, 1, 5, 18, 355, 67, 16, 29, 34, 5.767, 6.767
Sat Jun 24 07:37:12 EDT 2017, 0.350, 6, 6, 0.530, 5, 9, 63, 505, 22, 6, 4, 79, 2.057, 2.157
Sat Jun 24 07:42:19 EDT 2017, 0.470, 2, 3, 0.400, 2, 8, 97, 543, 78, 18, 36, 22, 4.730, 5.253
Sat Jun 24 07:47:36 EDT 2017, 0.970, 7, 7, 0.900, 7, 4, 52, 393, 33, 9, 11, 67, 3.037, 3.237
Sat Jun 24 07:51:07 EDT 2017, 0.720, 5, 5, 0.150, 9, 6, 29, 468, 55, 4, 48, 90, 3.423, 3.530
Sat Jun 24 07:55:14 EDT 2017, 0.220, 9, 1, 0.650, 4, 1, 74, 318, 10, 13, 23, 45, 2.433, 2.740
Sat Jun 24 08:00:15 EDT 2017, 0.160, 1, 7, 0.960, 4, 1, 80, 486, 83, 3, 20, 39, 1.833, 1.803
Sat Jun 24 08:05:17 EDT 2017, 0.660, 5, 2, 0.460, 8, 5, 35, 336, 38, 12, 45, 84, 5.523, 6.840
Sat Jun 24 08:10:44 EDT 2017, 0.910, 3, 5, 0.710, 6, 3, 12, 561, 61, 17, 8, 62, 11.553, 30.357
Sat Jun 24 08:15:21 EDT 2017, 0.410, 8, 9, 0.210, 2, 7, 57, 411, 16, 7, 33, 17, 1.227, 1.253
Sat Jun 24 08:53:13 EDT 2017, 0.280, 4, 1, 0.840, 7, 9, 91, 374, 95, 19, 1, 96, 0.000, 0.000
Sat Jun 24 08:57:00 EDT 2017, 0.780, 9, 6, 0.340, 3, 4, 46, 524, 50, 10, 26, 51, 3.740, 3.953
Sat Jun 24 09:01:21 EDT 2017, 0.530, 2, 8, 0.590, 5, 6, 24, 449, 72, 5, 14, 28, 1.823, 1.813
Sat Jun 24 09:05:38 EDT 2017, 0.030, 6, 4, 0.090, 9, 2, 69, 599, 27, 15, 39, 73, 3.930, 4.197
Sat Jun 24 09:09:59 EDT 2017, 0.050, 4, 6, 0.730, 2, 8, 17, 332, 76, 8, 26, 52, 2.447, 2.550
Sat Jun 24 09:14:17 EDT 2017, 0.550, 9, 2, 0.230, 7, 3, 62, 482, 31, 18, 1, 97, 9.457, 11.543
Sat Jun 24 09:19:23 EDT 2017, 0.800, 2, 4, 0.980, 9, 5, 84, 407, 99, 13, 38, 75, 11.237, 14.547
Sat Jun 24 09:23:15 EDT 2017, 0.300, 7, 8, 0.480, 5, 1, 39, 557, 54, 4, 13, 30, 1.623, 1.823
Sat Jun 24 09:29:02 EDT 2017, 0.420, 1, 1, 0.600, 8, 2, 28, 519, 65, 11, 44, 86, 12.153, 40.983
Sat Jun 24 09:32:08 EDT 2017, 0.920, 5, 5, 0.100, 3, 6, 73, 369, 20, 1, 19, 41, 1.220, 1.227
Sat Jun 24 09:37:14 EDT 2017, 0.670, 3, 7, 0.850, 1, 4, 95, 594, 88, 6, 32, 18, 2.127, 2.140
Sat Jun 24 09:42:21 EDT 2017, 0.170, 8, 3, 0.350, 6, 9, 50, 444, 43, 15, 7, 63, 4.323, 4.630
Sat Jun 24 09:47:22 EDT 2017, 0.240, 3, 9, 0.040, 6, 9, 11, 576, 60, 10, 10, 69, 3.337, 3.557
Sat Jun 24 09:51:44 EDT 2017, 0.740, 7, 5, 0.540, 2, 5, 56, 426, 15, 19, 35, 24, 2.083, 2.303
Sat Jun 24 09:55:31 EDT 2017, 0.990, 5, 2, 0.290, 4, 7, 79, 501, 82, 14, 22, 46, 12.853, 15.553
Sat Jun 24 10:00:07 EDT 2017, 0.490, 9, 7, 0.790, 8, 3, 34, 351, 37, 5, 47, 91, 2.107, 2.133
Sat Jun 24 10:05:09 EDT 2017, 0.360, 4, 3, 0.170, 3, 1, 22, 388, 71, 12, 16, 13, 2.130, 2.140
Sat Jun 24 10:10:16 EDT 2017, 0.860, 8, 8, 0.670, 7, 6, 67, 538, 26, 2, 41, 58, 1.530, 1.513
Sat Jun 24 10:15:23 EDT 2017, 0.610, 1, 6, 0.420, 5, 4, 90, 313, 93, 7, 4, 80, 4.030, 4.223
Sat Jun 24 10:49:32 EDT 2017, 0.110, 6, 1, 0.920, 1, 8, 45, 463, 48, 17, 29, 35, 4.510, 5.033
Sat Jun 24 10:54:34 EDT 2017, 0.080, 1, 5, 0.820, 5, 6, 64, 529, 51, 1, 46, 66, 1.543, 1.613
Sat Jun 24 10:59:36 EDT 2017, 0.580, 6, 9, 0.320, 9, 1, 19, 379, 96, 10, 21, 21, 2.123, 2.230
Sat Jun 24 11:04:12 EDT 2017, 0.830, 3, 7, 0.570, 7, 8, 42, 454, 29, 15, 33, 44, 3.127, 3.543
Sat Jun 24 11:09:20 EDT 2017, 0.330, 8, 3, 0.070, 3, 3, 87, 304, 74, 5, 8, 89, 3.523, 3.740
Sat Jun 24 11:14:21 EDT 2017, 0.450, 5, 8, 0.950, 6, 4, 76, 416, 40, 17, 27, 10, 1.627, 1.740
Sat Jun 24 11:19:33 EDT 2017, 0.950, 9, 4, 0.450, 1, 9, 31, 566, 85, 8, 2, 55, 6.643, 7.153
Sat Jun 24 11:24:30 EDT 2017, 0.700, 2, 1, 0.700, 4, 2, 53, 341, 17, 3, 40, 77, 2.027, 2.740
Sat Jun 24 11:29:37 EDT 2017, 0.200, 7, 6, 0.200, 8, 7, 98, 491, 62, 13, 15, 32, 2.500, 2.720
Sat Jun 24 11:34:14 EDT 2017, 0.140, 3, 2, 0.380, 9, 6, 59, 360, 34, 2, 18, 49, 1.523, 1.630
Sat Jun 24 11:39:26 EDT 2017, 0.640, 7, 7, 0.880, 4, 2, 14, 510, 79, 11, 43, 94, 7.420, 8.533
Sat Jun 24 11:44:22 EDT 2017, 0.890, 1, 9, 0.130, 2, 8, 36, 435, 12, 16, 5, 72, 2.647, 3.040
Sat Jun 24 11:49:29 EDT 2017, 0.390, 5, 4, 0.630, 6, 4, 81, 585, 57, 7, 30, 27, 2.427, 2.427
Sat Jun 24 11:54:36 EDT 2017, 0.270, 2, 5, 0.260, 1, 3, 70, 472, 45, 18, 11, 83, 5.243, 5.533
Sat Jun 24 11:59:42 EDT 2017, 0.770, 6, 1, 0.760, 5, 7, 25, 322, 90, 9, 36, 38, 5.957, 6.350
Sat Jun 24 12:04:14 EDT 2017, 0.520, 4, 3, 0.010, 8, 1, 48, 547, 23, 4, 24, 15, 1.550, 1.523
Sat Jun 24 12:10:21 EDT 2017, 0.020, 9, 8, 0.510, 3, 5, 93, 397, 68, 14, 49, 60, 3.033, 3.237
Sat Jun 24 12:15:23 EDT 2017, 0.030, 3, 3, 0.880, 7, 7, 29, 306, 17, 5, 6, 82, 1.620, 1.507
Sat Jun 24 12:20:29 EDT 2017, 0.530, 8, 8, 0.380, 2, 2, 74, 456, 62, 14, 31, 37, 2.823, 3.023
Sat Jun 24 12:25:36 EDT 2017, 0.780, 1, 5, 0.630, 4, 9, 96, 381, 39, 19, 18, 15, 2.157, 2.133
Sat Jun 24 12:30:28 EDT 2017, 0.280, 5, 1, 0.130, 9, 5, 51, 531, 84, 10, 43, 60, 10.023, 18.250
Sat Jun 24 12:35:14 EDT 2017, 0.400, 2, 9, 0.750, 3, 3, 17, 494, 28, 17, 24, 49, 2.140, 2.440
Sat Jun 24 12:40:26 EDT 2017, 0.900, 6, 4, 0.250, 8, 8, 62, 344, 73, 7, 49, 94, 6.347, 6.953
Sat Jun 24 12:45:28 EDT 2017, 0.650, 4, 2, 0.500, 6, 1, 85, 569, 50, 3, 12, 71, 3.333, 3.730
Sat Jun 24 12:50:30 EDT 2017, 0.150, 9, 7, 0.000, 1, 6, 40, 419, 95, 12, 37, 26, 2.423, 2.430
Sat Jun 24 12:55:37 EDT 2017, 0.210, 1, 2, 0.310, 2, 5, 23, 587, 22, 4, 34, 20, 1.540, 1.643
Sat Jun 24 13:00:13 EDT 2017, 0.710, 6, 6, 0.810, 6, 1, 68, 437, 67, 13, 9, 65, 5.397, 6.237
Sat Jun 24 13:05:45 EDT 2017, 0.960, 4, 8, 0.060, 8, 7, 90, 512, 45, 18, 46, 88, 10.173, 25.970
Sat Jun 24 13:10:22 EDT 2017, 0.460, 8, 4, 0.560, 4, 3, 45, 362, 90, 8, 21, 43, 3.223, 3.553
Sat Jun 24 13:15:29 EDT 2017, 0.340, 5, 7, 0.440, 7, 4, 12, 400, 11, 16, 40, 77, 1.930, 2.017
Sat Jun 24 13:22:36 EDT 2017, 0.840, 9, 3, 0.940, 3, 9, 57, 550, 56, 6, 15, 32, 3.007, 3.220
Sat Jun 24 13:32:39 EDT 2017, 0.590, 3, 5, 0.190, 1, 2, 79, 325, 34, 1, 27, 54, 1.413, 1.537
Sat Jun 24 13:38:21 EDT 2017, 0.090, 7, 9, 0.690, 5, 6, 34, 475, 79, 11, 2, 99, 4.613, 4.837
Sat Jun 24 13:43:22 EDT 2017, 0.120, 2, 6, 0.530, 9, 9, 76, 559, 87, 7, 23, 18, 1.840, 2.103
Sat Jun 24 13:48:34 EDT 2017, 0.620, 7, 1, 0.030, 5, 4, 31, 409, 42, 16, 48, 63, 8.640, 11.020
Sat Jun 24 13:53:41 EDT 2017, 0.870, 5, 3, 0.780, 2, 7, 54, 484, 64, 11, 10, 85, 10.233, 11.937
Sat Jun 24 13:58:33 EDT 2017, 0.370, 9, 8, 0.280, 7, 2, 99, 334, 19, 2, 35, 40, 1.250, 1.307
Sat Jun 24 14:03:25 EDT 2017, 0.490, 3, 2, 0.660, 1, 1, 65, 447, 98, 14, 4, 74, 13.337, 14.837
Sat Jun 24 14:08:17 EDT 2017, 0.990, 8, 7, 0.160, 6, 5, 20, 597, 53, 4, 29, 29, 2.053, 2.207
Sat Jun 24 14:13:24 EDT 2017, 0.740, 1, 9, 0.910, 8, 3, 43, 372, 76, 9, 17, 51, 2.937, 3.257
Sat Jun 24 14:18:31 EDT 2017, 0.240, 6, 5, 0.410, 4, 8, 88, 522, 31, 19, 42, 96, 5.013, 5.233
Sat Jun 24 14:23:32 EDT 2017, 0.180, 4, 7, 0.220, 4, 8, 71, 353, 93, 6, 38, 79, 3.020, 3.033
Sat Jun 24 14:28:39 EDT 2017, 0.680, 8, 3, 0.720, 9, 4, 26, 503, 48, 15, 13, 34, 4.553, 5.057
Sat Jun 24 14:33:10 EDT 2017, 0.930, 2, 1, 0.470, 6, 6, 48, 428, 70, 10, 26, 12, 3.123, 3.420
Sat Jun 24 14:38:17 EDT 2017, 0.430, 6, 5, 0.970, 2, 1, 93, 578, 25, 1, 1, 57, 1.220, 1.337
Sat Jun 24 14:43:24 EDT 2017, 0.310, 1, 4, 0.100, 5, 3, 60, 465, 81, 13, 32, 46, 4.427, 5.240
Sat Jun 24 14:48:26 EDT 2017, 0.810, 5, 9, 0.600, 1, 7, 15, 315, 36, 3, 7, 91, 1.840, 1.733
Sat Jun 24 14:53:32 EDT 2017, 0.560, 3, 6, 0.350, 3, 5, 37, 540, 59, 8, 45, 68, 3.940, 4.117
Sat Jun 24 14:58:39 EDT 2017, 0.060, 7, 2, 0.850, 8, 9, 82, 390, 14, 17, 20, 23, 1.943, 2.377
Sat Jun 24 15:03:11 EDT 2017, 0.040, 1, 8, 0.460, 1, 1, 50, 498, 55, 5, 8, 92, 2.750, 2.753
Sat Jun 24 15:08:17 EDT 2017, 0.540, 5, 3, 0.960, 5, 6, 95, 348, 10, 14, 33, 47, 2.213, 2.137
Sat Jun 24 15:14:09 EDT 2017, 0.790, 3, 1, 0.210, 7, 4, 72, 573, 77, 19, 20, 25, 10.143, 18.977
Sat Jun 24 15:18:31 EDT 2017, 0.290, 8, 6, 0.710, 3, 8, 27, 423, 32, 9, 45, 70, 2.357, 3.137
Sat Jun 24 15:23:32 EDT 2017, 0.420, 4, 4, 0.330, 9, 9, 38, 311, 66, 17, 14, 36, 3.227, 3.467
Sat Jun 24 15:28:34 EDT 2017, 0.920, 9, 9, 0.830, 4, 5, 83, 461, 21, 7, 39, 81, 2.117, 2.250
Sat Jun 24 15:33:11 EDT 2017, 0.670, 2, 7, 0.080, 2, 7, 61, 386, 88, 2, 2, 58, 1.817, 2.030
Sat Jun 24 15:38:18 EDT 2017, 0.170, 7, 2, 0.580, 6, 2, 16, 536, 43, 12, 27, 13, 1.847, 2.150
Sat Jun 24 15:43:19 EDT 2017, 0.230, 4, 5, 0.770, 6, 2, 44, 404, 71, 3, 30, 30, 1.727, 1.840
Sat Jun 24 15:48:31 EDT 2017, 0.730, 8, 1, 0.270, 1, 6, 89, 554, 26, 13, 5, 75, 8.623, 8.930
Sat Jun 24 15:57:29 EDT 2017, 0.980, 2, 3, 0.520, 3, 4, 67, 329, 94, 18, 42, 98, 57.607, 260.923
Sat Jun 24 16:01:10 EDT 2017, 0.480, 6, 7, 0.020, 8, 9, 22, 479, 49, 8, 17, 53, 2.403, 2.590
Sat Jun 24 16:06:22 EDT 2017, 0.350, 3, 2, 0.890, 5, 8, 33, 592, 60, 15, 49, 64, 9.247, 11.160
Sat Jun 24 16:11:29 EDT 2017, 0.850, 7, 6, 0.390, 9, 3, 78, 442, 15, 6, 24, 19, 1.527, 1.583
Sat Jun 24 16:16:21 EDT 2017, 0.600, 5, 8, 0.640, 7, 5, 55, 517, 83, 1, 36, 41, 1.540, 1.527
Sat Jun 24 16:21:28 EDT 2017, 0.100, 9, 4, 0.140, 2, 1, 10, 367, 38, 11, 11, 86, 3.097, 3.330
Sat Jun 24 16:26:34 EDT 2017, 0.070, 5, 1, 0.110, 3, 3, 98, 433, 35, 8, 13, 27, 2.320, 2.837
Sat Jun 24 17:00:20 EDT 2017, 0.570, 9, 5, 0.610, 8, 8, 53, 583, 80, 17, 38, 72, 11.500, 13.003
Sat Jun 24 17:05:16 EDT 2017, 0.820, 2, 8, 0.360, 5, 1, 30, 358, 12, 12, 0, 95, 2.657, 3.350
Sat Jun 24 17:10:19 EDT 2017, 0.320, 7, 3, 0.860, 1, 6, 75, 508, 57, 3, 25, 50, 2.113, 2.337
Sat Jun 24 17:15:26 EDT 2017, 0.450, 1, 6, 0.240, 7, 7, 86, 545, 46, 15, 6, 61, 4.013, 4.330
Sat Jun 24 17:20:32 EDT 2017, 0.950, 6, 2, 0.740, 2, 2, 41, 395, 91, 5, 31, 16, 2.433, 2.653
Sat Jun 24 17:25:34 EDT 2017, 0.700, 4, 4, 0.490, 4, 9, 19, 470, 24, 10, 19, 39, 2.310, 2.430
Sat Jun 24 17:30:11 EDT 2017, 0.200, 8, 9, 0.990, 9, 4, 64, 320, 69, 19, 44, 84, 4.247, 4.423
Sat Jun 24 17:35:18 EDT 2017, 0.130, 2, 4, 0.670, 8, 5, 92, 451, 52, 6, 47, 89, 3.110, 3.230
Sat Jun 24 17:40:19 EDT 2017, 0.630, 6, 8, 0.170, 4, 9, 47, 301, 97, 16, 22, 44, 3.887, 4.193
Sat Jun 24 17:45:26 EDT 2017, 0.880, 4, 6, 0.920, 1, 3, 24, 526, 29, 11, 35, 22, 2.077, 2.170
Sat Jun 24 17:50:33 EDT 2017, 0.380, 9, 1, 0.420, 6, 7, 69, 376, 74, 2, 10, 67, 2.943, 3.247
Sat Jun 24 17:55:35 EDT 2017, 0.260, 3, 9, 0.550, 3, 6, 81, 339, 41, 14, 28, 33, 1.817, 1.813
Sat Jun 24 18:03:18 EDT 2017, 0.760, 7, 5, 0.050, 7, 2, 36, 489, 86, 4, 3, 78, 4.410, 4.430
Sat Jun 24 18:10:20 EDT 2017, 0.510, 1, 2, 0.800, 9, 8, 13, 414, 18, 9, 41, 56, 2.120, 2.353
Sat Jun 24 18:15:27 EDT 2017, 0.010, 5, 7, 0.300, 5, 4, 58, 564, 63, 18, 16, 11, 1.933, 2.043
Sat Jun 24 18:20:34 EDT 2017, 0.010, 5, 9, 0.870, 9, 1, 23, 537, 61, 19, 6, 45, 3.350, 3.617
Sat Jun 24 18:25:40 EDT 2017, 0.510, 9, 5, 0.370, 4, 5, 68, 387, 16, 9, 31, 90, 2.143, 2.237
Sat Jun 24 18:30:17 EDT 2017, 0.760, 3, 2, 0.620, 2, 3, 91, 462, 83, 5, 18, 67, 6.000, 6.600
Sat Jun 24 18:35:19 EDT 2017, 0.260, 7, 7, 0.120, 7, 7, 46, 312, 38, 14, 43, 22, 1.540, 1.847
Sat Jun 24 18:40:21 EDT 2017, 0.380, 1, 4, 0.990, 1, 9, 12, 424, 72, 2, 12, 78, 2.310, 2.413
Sat Jun 24 18:45:27 EDT 2017, 0.880, 6, 8, 0.490, 6, 4, 57, 574, 27, 12, 37, 33, 2.620, 2.727
Sat Jun 24 18:50:34 EDT 2017, 0.630, 4, 6, 0.740, 8, 6, 80, 349, 94, 16, 0, 11, 2.143, 2.417
Sat Jun 24 18:56:41 EDT 2017, 0.130, 8, 1, 0.240, 3, 2, 35, 499, 49, 7, 25, 56, 4.237, 4.707
Sat Jun 24 19:01:18 EDT 2017, 0.190, 2, 6, 0.430, 4, 2, 29, 368, 66, 18, 28, 73, 4.500, 5.290
Sat Jun 24 19:06:20 EDT 2017, 0.690, 7, 2, 0.930, 8, 7, 74, 518, 21, 8, 3, 28, 2.360, 2.437
Sat Jun 24 19:11:27 EDT 2017, 0.940, 4, 4, 0.180, 6, 5, 96, 443, 89, 3, 40, 50, 2.923, 3.330
Sat Jun 24 19:16:34 EDT 2017, 0.440, 9, 9, 0.680, 2, 9, 51, 593, 44, 13, 15, 95, 4.643, 5.117
Sat Jun 24 19:21:36 EDT 2017, 0.320, 3, 1, 0.300, 5, 8, 18, 481, 55, 1, 46, 17, 1.627, 1.640
Sat Jun 24 19:26:37 EDT 2017, 0.820, 8, 5, 0.800, 1, 4, 63, 331, 10, 10, 21, 62, 1.537, 1.520
Sat Jun 24 19:31:19 EDT 2017, 0.570, 1, 8, 0.050, 3, 6, 85, 556, 77, 15, 34, 84, 7.920, 9.123
Sat Jun 24 19:36:21 EDT 2017, 0.070, 5, 3, 0.550, 7, 1, 40, 406, 32, 6, 9, 39, 1.937, 1.833
Sat Jun 24 19:41:28 EDT 2017, 0.100, 1, 2, 0.710, 7, 4, 71, 321, 41, 12, 14, 76, 3.433, 3.533
Sat Jun 24 19:46:39 EDT 2017, 0.600, 5, 7, 0.210, 3, 8, 26, 471, 86, 3, 39, 31, 1.823, 1.850
Sat Jun 24 19:51:36 EDT 2017, 0.850, 3, 9, 0.960, 5, 2, 49, 396, 18, 8, 1, 53, 1.733, 1.923
Sat Jun 24 19:56:48 EDT 2017, 0.350, 7, 4, 0.460, 9, 6, 94, 546, 63, 17, 26, 98, 11.133, 13.920
Sat Jun 24 20:01:15 EDT 2017, 0.470, 4, 6, 0.580, 4, 7, 60, 509, 52, 10, 7, 19, 1.810, 1.883
Sat Jun 24 20:11:19 EDT 2017, 0.970, 8, 1, 0.080, 8, 3, 15, 359, 97, 19, 32, 64, 0.000, 0.000
Sat Jun 24 20:15:40 EDT 2017, 0.720, 2, 3, 0.830, 6, 9, 37, 584, 30, 15, 20, 87, 8.030, 10.447
Sat Jun 24 20:20:32 EDT 2017, 0.220, 6, 8, 0.330, 1, 5, 82, 434, 75, 5, 45, 42, 1.843, 2.140
Sat Jun 24 20:25:49 EDT 2017, 0.160, 3, 5, 0.020, 2, 4, 77, 565, 47, 11, 48, 47, 2.817, 3.030
Sat Jun 24 20:30:26 EDT 2017, 0.660, 8, 9, 0.520, 6, 9, 32, 415, 92, 2, 23, 92, 2.307, 2.373
Sat Jun 24 20:35:18 EDT 2017, 0.910, 1, 7, 0.270, 9, 2, 54, 490, 24, 6, 35, 70, 2.130, 2.333
Sat Jun 24 20:40:25 EDT 2017, 0.410, 6, 3, 0.770, 4, 7, 99, 340, 69, 16, 10, 25, 3.040, 3.323
Sat Jun 24 20:45:32 EDT 2017, 0.290, 2, 8, 0.150, 8, 6, 66, 378, 35, 9, 29, 81, 2.323, 2.130
Sat Jun 24 20:50:39 EDT 2017, 0.790, 7, 4, 0.650, 3, 1, 21, 528, 80, 18, 4, 36, 7.547, 8.727
Sat Jun 24 20:55:40 EDT 2017, 0.540, 5, 2, 0.400, 1, 8, 43, 303, 13, 13, 42, 14, 1.527, 1.523
Sat Jun 24 21:00:17 EDT 2017, 0.040, 9, 6, 0.900, 5, 3, 88, 453, 58, 4, 17, 59, 2.127, 2.087
Sat Jun 24 21:05:24 EDT 2017, 0.050, 3, 4, 0.290, 3, 6, 44, 420, 11, 19, 3, 35, 1.840, 1.933
Sat Jun 24 21:10:26 EDT 2017, 0.550, 7, 9, 0.790, 7, 2, 89, 570, 56, 10, 28, 80, 4.323, 4.733
Sat Jun 24 21:15:37 EDT 2017, 0.800, 5, 7, 0.040, 5, 8, 67, 345, 34, 5, 16, 57, 1.830, 1.830
Sat Jun 24 21:20:34 EDT 2017, 0.300, 9, 2, 0.540, 1, 4, 22, 495, 79, 14, 41, 12, 2.727, 3.047
Sat Jun 24 21:25:41 EDT 2017, 0.430, 4, 8, 0.410, 6, 3, 33, 532, 23, 2, 22, 91, 1.537, 1.540
Sat Jun 24 21:30:18 EDT 2017, 0.930, 8, 3, 0.910, 2, 7, 78, 382, 68, 12, 47, 46, 5.723, 6.307
Sat Jun 24 21:35:24 EDT 2017, 0.680, 2, 1, 0.160, 4, 1, 56, 457, 45, 17, 10, 24, 4.857, 5.323
Sat Jun 24 21:40:26 EDT 2017, 0.180, 6, 5, 0.660, 9, 5, 11, 307, 90, 7, 35, 69, 3.057, 3.337
Sat Jun 24 21:45:34 EDT 2017, 0.240, 4, 3, 0.970, 8, 6, 50, 476, 28, 18, 32, 63, 3.833, 4.030
Sat Jun 24 21:50:41 EDT 2017, 0.740, 9, 7, 0.470, 3, 1, 95, 326, 73, 8, 7, 18, 1.727, 1.823
Sat Jun 24 21:55:52 EDT 2017, 0.990, 2, 9, 0.720, 1, 8, 73, 551, 51, 4, 44, 40, 2.073, 2.053
Sat Jun 24 22:00:24 EDT 2017, 0.490, 7, 5, 0.220, 6, 3, 28, 401, 96, 13, 19, 85, 8.327, 9.010
Sat Jun 24 22:06:21 EDT 2017, 0.360, 1, 6, 0.850, 2, 5, 39, 363, 17, 1, 38, 29, 1.227, 1.150
Sat Jun 24 22:11:49 EDT 2017, 0.860, 6, 1, 0.350, 7, 9, 84, 513, 62, 11, 13, 74, 15.537, 28.450
Sat Jun 24 22:16:36 EDT 2017, 0.610, 3, 4, 0.600, 9, 2, 61, 438, 39, 16, 25, 97, 6.723, 8.647
Sat Jun 24 22:50:40 EDT 2017, 0.110, 8, 8, 0.100, 5, 7, 16, 588, 84, 6, 0, 52, 2.800, 2.937
Sat Jun 24 22:55:52 EDT 2017, 0.080, 3, 7, 0.130, 1, 9, 92, 523, 82, 11, 24, 66, 4.247, 4.327
Sat Jun 24 23:00:18 EDT 2017, 0.580, 7, 2, 0.630, 5, 5, 47, 373, 37, 2, 49, 21, 1.510, 1.527
Sat Jun 24 23:05:25 EDT 2017, 0.830, 1, 5, 0.380, 8, 7, 25, 598, 59, 7, 11, 43, 3.483, 3.963
Sat Jun 24 23:12:33 EDT 2017, 0.330, 5, 9, 0.880, 3, 3, 70, 448, 14, 16, 36, 88, 2.213, 2.747
Sat Jun 24 23:16:34 EDT 2017, 0.460, 2, 1, 0.010, 9, 1, 81, 335, 93, 9, 5, 32, 4.333, 5.063
Sat Jun 24 23:21:56 EDT 2017, 0.960, 6, 6, 0.510, 4, 6, 36, 485, 48, 19, 30, 77, 9.623, 16.847
Sat Jun 24 23:26:48 EDT 2017, 0.710, 4, 8, 0.260, 2, 4, 13, 410, 70, 14, 18, 99, 6.860, 7.857
Sat Jun 24 23:31:19 EDT 2017, 0.210, 9, 3, 0.760, 7, 8, 58, 560, 25, 4, 43, 54, 1.833, 1.807
Sat Jun 24 23:36:26 EDT 2017, 0.150, 1, 9, 0.570, 6, 8, 98, 392, 99, 10, 39, 38, 2.423, 2.570
Sat Jun 24 23:45:34 EDT 2017, 0.650, 6, 4, 0.070, 2, 3, 53, 542, 54, 1, 14, 83, 1.947, 2.040
Sat Jun 24 23:49:51 EDT 2017, 0.900, 4, 2, 0.820, 4, 5, 30, 317, 76, 5, 27, 60, 4.510, 4.883
Sat Jun 24 23:53:52 EDT 2017, 0.400, 8, 6, 0.320, 8, 1, 75, 467, 31, 15, 2, 15, 1.830, 1.820
Sat Jun 24 23:57:53 EDT 2017, 0.270, 5, 3, 0.690, 5, 2, 87, 579, 87, 8, 33, 94, 8.843, 9.747
Sun Jun 25 00:01:25 EDT 2017, 0.770, 9, 7, 0.190, 9, 7, 42, 429, 42, 17, 8, 49, 3.933, 4.637
Sun Jun 25 00:05:26 EDT 2017, 0.520, 2, 5, 0.940, 7, 4, 19, 504, 65, 13, 46, 26, 2.957, 3.263
Sun Jun 25 00:09:28 EDT 2017, 0.020, 7, 1, 0.440, 3, 9, 64, 354, 20, 3, 21, 71, 1.730, 2.070
Sun Jun 25 00:13:45 EDT 2017, 0.010, 2, 5, 0.060, 7, 8, 32, 441, 71, 13, 27, 95, 5.730, 7.957
Sun Jun 25 00:17:41 EDT 2017, 0.510, 6, 1, 0.560, 3, 4, 77, 591, 26, 4, 2, 50, 2.863, 3.137
Sun Jun 25 00:20:42 EDT 2017, 0.760, 4, 3, 0.310, 1, 6, 55, 366, 94, 8, 40, 27, 3.027, 3.337
Sun Jun 25 00:23:49 EDT 2017, 0.260, 8, 7, 0.810, 5, 1, 10, 516, 49, 18, 15, 72, 4.530, 5.050
