<?xml version="1.0" encoding="UTF-8"?>
<configurationDescriptor version="45">
  <logicalFolder name="root" displayName="root" projectFiles="true">
    <logicalFolder name="HeaderFiles"
                   displayName="Header Files"
                   projectFiles="true">
      <itemPath>Agent.h</itemPath>
      <itemPath>AgentOne.h</itemPath>
      <itemPath>AgentTwo.h</itemPath>
      <itemPath>Compatibility.h</itemPath>
      <itemPath>DataTypes.h</itemPath>
      <itemPath>Event.h</itemPath>
      <itemPath>Scheduler.h</itemPath>
      <itemPath>SimulationKernel.h</itemPath>
      <itemPath>Utilities.h</itemPath>
    </logicalFolder>
    <logicalFolder name="ResourceFiles"
                   displayName="Resource Files"
                   projectFiles="true">
    </logicalFolder>
    <logicalFolder name="SourceFiles"
                   displayName="Source Files"
                   projectFiles="true">
      <itemPath>Agent.cpp</itemPath>
      <itemPath>AgentOne.cpp</itemPath>
      <itemPath>AgentTwo.cpp</itemPath>
      <itemPath>Event.cpp</itemPath>
      <itemPath>Scheduler.cpp</itemPath>
      <itemPath>SchedulerTester.cpp</itemPath>
      <itemPath>SimulationKernel.cpp</itemPath>
    </logicalFolder>
    <logicalFolder name="ExternalFiles"
                   displayName="Important Files"
                   projectFiles="false">
      <itemPath>Makefile</itemPath>
    </logicalFolder>
  </logicalFolder>
  <sourceEncoding>UTF-8</sourceEncoding>
  <projectmakefile>Makefile</projectmakefile>
  <confs>
    <conf name="Debug" type="1">
      <toolsSet>
        <compilerSet>Cygwin|Cygwin</compilerSet>
        <platform>3</platform>
      </toolsSet>
      <compileType>
        <linkerTool>
          <linkerLibItems>
          </linkerLibItems>
        </linkerTool>
      </compileType>
      <item path="Agent.cpp">
        <itemTool>1</itemTool>
      </item>
      <item path="Agent.h">
        <itemTool>3</itemTool>
      </item>
      <item path="AgentOne.cpp">
        <itemTool>1</itemTool>
      </item>
      <item path="AgentOne.h">
        <itemTool>3</itemTool>
      </item>
      <item path="AgentTwo.cpp">
        <itemTool>1</itemTool>
      </item>
      <item path="AgentTwo.h">
        <itemTool>3</itemTool>
      </item>
      <item path="Compatibility.h">
        <itemTool>3</itemTool>
      </item>
      <item path="DataTypes.h">
        <itemTool>3</itemTool>
      </item>
      <item path="Event.cpp">
        <itemTool>1</itemTool>
      </item>
      <item path="Event.h">
        <itemTool>3</itemTool>
      </item>
      <item path="Scheduler.cpp">
        <itemTool>1</itemTool>
      </item>
      <item path="Scheduler.h">
        <itemTool>3</itemTool>
      </item>
      <item path="SchedulerTester.cpp">
        <itemTool>1</itemTool>
      </item>
      <item path="SimulationKernel.cpp">
        <itemTool>1</itemTool>
      </item>
      <item path="SimulationKernel.h">
        <itemTool>3</itemTool>
      </item>
      <item path="Utilities.h">
        <itemTool>3</itemTool>
      </item>
    </conf>
    <conf name="Release" type="1">
      <toolsSet>
        <compilerSet>Cygwin|Cygwin</compilerSet>
        <platform>3</platform>
      </toolsSet>
      <compileType>
        <cCompilerTool>
          <developmentMode>5</developmentMode>
        </cCompilerTool>
        <ccCompilerTool>
          <developmentMode>5</developmentMode>
        </ccCompilerTool>
        <fortranCompilerTool>
          <developmentMode>5</developmentMode>
        </fortranCompilerTool>
        <linkerTool>
          <linkerLibItems>
          </linkerLibItems>
        </linkerTool>
      </compileType>
      <item path="Agent.cpp">
        <itemTool>1</itemTool>
      </item>
      <item path="Agent.h">
        <itemTool>3</itemTool>
      </item>
      <item path="AgentOne.cpp">
        <itemTool>1</itemTool>
      </item>
      <item path="AgentOne.h">
        <itemTool>3</itemTool>
      </item>
      <item path="AgentTwo.cpp">
        <itemTool>1</itemTool>
      </item>
      <item path="AgentTwo.h">
        <itemTool>3</itemTool>
      </item>
      <item path="Compatibility.h">
        <itemTool>3</itemTool>
      </item>
      <item path="DataTypes.h">
        <itemTool>3</itemTool>
      </item>
      <item path="Event.cpp">
        <itemTool>1</itemTool>
      </item>
      <item path="Event.h">
        <itemTool>3</itemTool>
      </item>
      <item path="Scheduler.cpp">
        <itemTool>1</itemTool>
      </item>
      <item path="Scheduler.h">
        <itemTool>3</itemTool>
      </item>
      <item path="SchedulerTester.cpp">
        <itemTool>1</itemTool>
      </item>
      <item path="SimulationKernel.cpp">
        <itemTool>1</itemTool>
      </item>
      <item path="SimulationKernel.h">
        <itemTool>3</itemTool>
      </item>
      <item path="Utilities.h">
        <itemTool>3</itemTool>
      </item>
    </conf>
  </confs>
</configurationDescriptor>
