# Timestamp, --delay, --selfEvents%, --eventsPerAgent, runtime_mean, runtime_sd, runtime_ci, runtime_ci, runtime_min, runtime_box_q1, runtime_median, runtime_box_q2, runtime_max, memory_mean, memory_sd, memory_ci, memory_ci, memory_min, memory_box_q1, memory_median, memory_box_q2, memory_max, rollbacks_mean, rollbacks_sd, rollbacks_ci, rollbacks_ci, rollbacks_min, rollbacks_box_q1, rollbacks_median, rollbacks_box_q2, rollbacks_max, mpiMsgs_mean, mpiMsgs_sd, mpiMsgs_ci, mpiMsgs_ci, mpiMsgs_min, mpiMsgs_box_q1, mpiMsgs_median, mpiMsgs_box_q2, mpiMsgs_max, topCancl_mean, topCancl_sd, topCancl_ci, topCancl_ci, topCancl_min, topCancl_box_q1, topCancl_median, topCancl_box_q2, topCancl_max, ladCancl_mean, ladCancl_sd, ladCancl_ci, ladCancl_ci, ladCancl_min, ladCancl_box_q1, ladCancl_median, ladCancl_box_q2, ladCancl_max, botCancl_mean, botCancl_sd, botCancl_ci, botCancl_ci, botCancl_min, botCancl_box_q1, botCancl_median, botCancl_box_q2, botCancl_max, topScan_mean, topScan_sd, topScan_ci, topScan_ci, topScan_min, topScan_box_q1, topScan_median, topScan_box_q2, topScan_max, ladScan_mean, ladScan_sd, ladScan_ci, ladScan_ci, ladScan_min, ladScan_box_q1, ladScan_median, ladScan_box_q2, ladScan_max, botScan_mean, botScan_sd, botScan_ci, botScan_ci, botScan_min, botScan_box_q1, botScan_median, botScan_box_q2, botScan_max, topIns_mean, topIns_sd, topIns_ci, topIns_ci, topIns_min, topIns_box_q1, topIns_median, topIns_box_q2, topIns_max, ladIns_mean, ladIns_sd, ladIns_ci, ladIns_ci, ladIns_min, ladIns_box_q1, ladIns_median, ladIns_box_q2, ladIns_max, botIns_mean, botIns_sd, botIns_ci, botIns_ci, botIns_min, botIns_box_q1, botIns_median, botIns_box_q2, botIns_max, rungs_mean, rungs_sd, rungs_ci, rungs_ci, rungs_min, rungs_box_q1, rungs_median, rungs_box_q2, rungs_max, bktRung_mean, bktRung_sd, bktRung_ci, bktRung_ci, bktRung_min, bktRung_box_q1, bktRung_median, bktRung_box_q2, bktRung_max, botSize_mean, botSize_sd, botSize_ci, botSize_ci, botSize_min, botSize_box_q1, botSize_median, botSize_box_q2, botSize_max, bktSize_mean, bktSize_sd, bktSize_ci, bktSize_ci, bktSize_min, bktSize_box_q1, bktSize_median, bktSize_box_q2, bktSize_max
Fri Dec 30 19:42:59 EST 2016, 0, 0.000, 1, 0.6, 0.0835464, 0.541137, 0.658863, 0.50, 0.55, 0.595, 0.70, 0.76, 38648, 8, 38642.4, 38653.6, 38640, 38640, 38656, 38656, 38656, 0, 0, 0, 0, 0, 0, 0, 0, 0, 0, 0, 0, 0, 0, 0, 0, 0, 0, 0, 0, 0, 0, 0, 0, 0, 0, 0, 0, 0, 0, 0, 0, 0, 0, 0, 0, 0, 0, 0, 0, 0, 0, 0, 0, 0, 0, 0, 0, 0, 0, 0, 0, 0, 0, 0, 0, 0, 0, 0, 0, 0, 0, 0, 0, 0, 0, 0, 0, 0, 0, 0, 0, 499000, 0, 499000, 499000, 499000, 499000, 499000, 499000, 499000, 0, 0, 0, 0, 0, 0, 0, 0, 0, 0, 0, 0, 0, 0, 0, 0, 0, 0, 1, 0, 1, 1, 1, 1, 1, 1, 1, 1, 0, 1, 1, 1, 1, 1, 1, 1, 1000, 0, 1000, 1000, 1000, 1000, 1000, 1000, 1000, 1, 0, 1, 1, 1, 1, 1, 1, 1
Fri Dec 30 19:44:02 EST 2016, 1, 0.000, 1, 0.361, 0.0590678, 0.319383, 0.402617, 0.32, 0.32, 0.345, 0.45, 0.50, 37275.2, 7.33212, 37270, 37280.4, 37264, 37264, 37280, 37280, 37280, 0, 0, 0, 0, 0, 0, 0, 0, 0, 0, 0, 0, 0, 0, 0, 0, 0, 0, 0, 0, 0, 0, 0, 0, 0, 0, 0, 0, 0, 0, 0, 0, 0, 0, 0, 0, 0, 0, 0, 0, 0, 0, 0, 0, 0, 0, 0, 0, 0, 0, 0, 0, 0, 0, 0, 0, 0, 0, 0, 0, 0, 0, 0, 0, 0, 0, 0, 0, 0, 0, 0, 0, 33997, 0, 33997, 33997, 33997, 33997, 33997, 33997, 33997, 162927, 0, 162927, 162927, 162927, 162927, 162927, 162927, 162927, 0, 0, 0, 0, 0, 0, 0, 0, 0, 7, 0, 7, 7, 7, 7, 7, 7, 7, 1.00509, 1.49012e-08, 1.00509, 1.00509, 1.00509, 1.00509, 1.00509, 1.00509, 1.00509, 394.637, 0, 394.637, 394.637, 394.637, 394.637, 394.637, 394.637, 394.637, 1.00016, 2.58096e-08, 1.00016, 1.00016, 1.00016, 1.00016, 1.00016, 1.00016, 1.00016
Fri Dec 30 19:45:04 EST 2016, 2, 0.000, 1, 0.541, 0.0834805, 0.482183, 0.599817, 0.42, 0.48, 0.565, 0.63, 0.67, 37862.4, 7.83837, 37856.9, 37867.9, 37856, 37856, 37864, 37872, 37872, 0, 0, 0, 0, 0, 0, 0, 0, 0, 0, 0, 0, 0, 0, 0, 0, 0, 0, 0, 0, 0, 0, 0, 0, 0, 0, 0, 0, 0, 0, 0, 0, 0, 0, 0, 0, 0, 0, 0, 0, 0, 0, 0, 0, 0, 0, 0, 0, 0, 0, 0, 0, 0, 0, 0, 0, 0, 0, 0, 0, 0, 0, 0, 0, 0, 0, 0, 0, 0, 0, 0, 0, 66000, 0, 66000, 66000, 66000, 66000, 66000, 66000, 66000, 250045, 0, 250045, 250045, 250045, 250045, 250045, 250045, 250045, 0, 0, 0, 0, 0, 0, 0, 0, 0, 7, 0, 7, 7, 7, 7, 7, 7, 7, 1.00271, 2.58096e-08, 1.00271, 1.00271, 1.00271, 1.00271, 1.00271, 1.00271, 1.00271, 633.357, 7.62939e-06, 633.357, 633.357, 633.357, 633.357, 633.357, 633.357, 633.357, 1.00017, 2.10734e-08, 1.00017, 1.00017, 1.00017, 1.00017, 1.00017, 1.00017, 1.00017
Fri Dec 30 19:46:06 EST 2016, 4, 0.000, 1, 0.657, 0.141142, 0.557558, 0.756442, 0.51, 0.52, 0.69, 0.79, 0.93, 38331.2, 10.245, 38324, 38338.4, 38320, 38320, 38336, 38336, 38352, 0, 0, 0, 0, 0, 0, 0, 0, 0, 0, 0, 0, 0, 0, 0, 0, 0, 0, 0, 0, 0, 0, 0, 0, 0, 0, 0, 0, 0, 0, 0, 0, 0, 0, 0, 0, 0, 0, 0, 0, 0, 0, 0, 0, 0, 0, 0, 0, 0, 0, 0, 0, 0, 0, 0, 0, 0, 0, 0, 0, 0, 0, 0, 0, 0, 0, 0, 0, 0, 0, 0, 0, 120867, 0, 120867, 120867, 120867, 120867, 120867, 120867, 120867, 310778, 0, 310778, 310778, 310778, 310778, 310778, 310778, 310778, 0, 0, 0, 0, 0, 0, 0, 0, 0, 6, 0, 6, 6, 6, 6, 6, 6, 6, 1, 0, 1, 1, 1, 1, 1, 1, 1, 865.02, 1.86881e-05, 865.02, 865.02, 865.02, 865.02, 865.02, 865.02, 865.02, 1.00013, 1.49012e-08, 1.00013, 1.00013, 1.00013, 1.00013, 1.00013, 1.00013, 1.00013
Fri Dec 30 19:47:08 EST 2016, 8, 0.000, 1, 0.637, 0.101887, 0.565215, 0.708785, 0.51, 0.56, 0.625, 0.76, 0.84, 38548.8, 7.33212, 38543.6, 38554, 38544, 38544, 38544, 38560, 38560, 0, 0, 0, 0, 0, 0, 0, 0, 0, 0, 0, 0, 0, 0, 0, 0, 0, 0, 0, 0, 0, 0, 0, 0, 0, 0, 0, 0, 0, 0, 0, 0, 0, 0, 0, 0, 0, 0, 0, 0, 0, 0, 0, 0, 0, 0, 0, 0, 0, 0, 0, 0, 0, 0, 0, 0, 0, 0, 0, 0, 0, 0, 0, 0, 0, 0, 0, 0, 0, 0, 0, 0, 226976, 0, 226976, 226976, 226976, 226976, 226976, 226976, 226976, 263014, 0, 263014, 263014, 263014, 263014, 263014, 263014, 263014, 0, 0, 0, 0, 0, 0, 0, 0, 0, 6, 0, 6, 6, 6, 6, 6, 6, 6, 1, 0, 1, 1, 1, 1, 1, 1, 1, 981.944, 2.6429e-05, 981.944, 981.944, 981.944, 981.944, 981.944, 981.944, 981.944, 1.00007, 1.49012e-08, 1.00007, 1.00007, 1.00007, 1.00007, 1.00007, 1.00007, 1.00007
Fri Dec 30 19:48:09 EST 2016, 0, 0.250, 1, 0.594, 0.0913455, 0.529642, 0.658358, 0.51, 0.52, 0.61, 0.70, 0.73, 35510.4, 7.83837, 35504.9, 35515.9, 35504, 35504, 35512, 35520, 35520, 0, 0, 0, 0, 0, 0, 0, 0, 0, 0, 0, 0, 0, 0, 0, 0, 0, 0, 0, 0, 0, 0, 0, 0, 0, 0, 0, 0, 0, 0, 0, 0, 0, 0, 0, 0, 0, 0, 0, 0, 0, 0, 0, 0, 0, 0, 0, 0, 0, 0, 0, 0, 0, 0, 0, 0, 0, 0, 0, 0, 0, 0, 0, 0, 0, 0, 0, 0, 0, 0, 0, 0, 499000, 0, 499000, 499000, 499000, 499000, 499000, 499000, 499000, 0, 0, 0, 0, 0, 0, 0, 0, 0, 0, 0, 0, 0, 0, 0, 0, 0, 0, 1, 0, 1, 1, 1, 1, 1, 1, 1, 1, 0, 1, 1, 1, 1, 1, 1, 1, 1000, 0, 1000, 1000, 1000, 1000, 1000, 1000, 1000, 1, 0, 1, 1, 1, 1, 1, 1, 1
Fri Dec 30 19:49:11 EST 2016, 1, 0.250, 1, 0.434, 0.0749933, 0.381163, 0.486837, 0.37, 0.37, 0.43, 0.55, 0.59, 35688, 10.7331, 35680.4, 35695.6, 35680, 35680, 35688, 35696, 35712, 0, 0, 0, 0, 0, 0, 0, 0, 0, 0, 0, 0, 0, 0, 0, 0, 0, 0, 0, 0, 0, 0, 0, 0, 0, 0, 0, 0, 0, 0, 0, 0, 0, 0, 0, 0, 0, 0, 0, 0, 0, 0, 0, 0, 0, 0, 0, 0, 0, 0, 0, 0, 0, 0, 0, 0, 0, 0, 0, 0, 0, 0, 0, 0, 0, 0, 0, 0, 0, 0, 0, 0, 32999, 0, 32999, 32999, 32999, 32999, 32999, 32999, 32999, 163825, 0, 163825, 163825, 163825, 163825, 163825, 163825, 163825, 0, 0, 0, 0, 0, 0, 0, 0, 0, 7, 0, 7, 7, 7, 7, 7, 7, 7, 1.00415, 2.58096e-08, 1.00415, 1.00415, 1.00415, 1.00415, 1.00415, 1.00415, 1.00415, 394.437, 7.62939e-06, 394.437, 394.437, 394.437, 394.437, 394.437, 394.437, 394.437, 1.00016, 2.58096e-08, 1.00016, 1.00016, 1.00016, 1.00016, 1.00016, 1.00016, 1.00016
Fri Dec 30 19:50:13 EST 2016, 2, 0.250, 1, 0.572, 0.0965194, 0.503997, 0.640003, 0.44, 0.48, 0.62, 0.68, 0.72, 35768, 8, 35762.4, 35773.6, 35760, 35760, 35776, 35776, 35776, 0, 0, 0, 0, 0, 0, 0, 0, 0, 0, 0, 0, 0, 0, 0, 0, 0, 0, 0, 0, 0, 0, 0, 0, 0, 0, 0, 0, 0, 0, 0, 0, 0, 0, 0, 0, 0, 0, 0, 0, 0, 0, 0, 0, 0, 0, 0, 0, 0, 0, 0, 0, 0, 0, 0, 0, 0, 0, 0, 0, 0, 0, 0, 0, 0, 0, 0, 0, 0, 0, 0, 0, 64853, 0, 64853, 64853, 64853, 64853, 64853, 64853, 64853, 251172, 0, 251172, 251172, 251172, 251172, 251172, 251172, 251172, 0, 0, 0, 0, 0, 0, 0, 0, 0, 7, 0, 7, 7, 7, 7, 7, 7, 7, 1.00067, 2.58096e-08, 1.00067, 1.00067, 1.00067, 1.00067, 1.00067, 1.00067, 1.00067, 633.317, 0, 633.317, 633.317, 633.317, 633.317, 633.317, 633.317, 633.317, 1.00017, 2.10734e-08, 1.00017, 1.00017, 1.00017, 1.00017, 1.00017, 1.00017, 1.00017
Fri Dec 30 19:51:17 EST 2016, 4, 0.250, 1, 0.765, 0.196074, 0.626855, 0.903145, 0.53, 0.54, 0.86, 0.97, 1.05, 35892.8, 7.33212, 35887.6, 35898, 35888, 35888, 35888, 35904, 35904, 0, 0, 0, 0, 0, 0, 0, 0, 0, 0, 0, 0, 0, 0, 0, 0, 0, 0, 0, 0, 0, 0, 0, 0, 0, 0, 0, 0, 0, 0, 0, 0, 0, 0, 0, 0, 0, 0, 0, 0, 0, 0, 0, 0, 0, 0, 0, 0, 0, 0, 0, 0, 0, 0, 0, 0, 0, 0, 0, 0, 0, 0, 0, 0, 0, 0, 0, 0, 0, 0, 0, 0, 117000, 0, 117000, 117000, 117000, 117000, 117000, 117000, 117000, 314683, 0, 314683, 314683, 314683, 314683, 314683, 314683, 314683, 0, 0, 0, 0, 0, 0, 0, 0, 0, 6, 0, 6, 6, 6, 6, 6, 6, 6, 1.00188, 1.49012e-08, 1.00188, 1.00188, 1.00188, 1.00188, 1.00188, 1.00188, 1.00188, 865.096, 2.41263e-05, 865.096, 865.096, 865.096, 865.096, 865.096, 865.096, 865.096, 1.00013, 1.49012e-08, 1.00013, 1.00013, 1.00013, 1.00013, 1.00013, 1.00013, 1.00013
Fri Dec 30 19:52:19 EST 2016, 8, 0.250, 1, 0.694, 0.137201, 0.597334, 0.790666, 0.53, 0.57, 0.755, 0.85, 0.91, 35878.4, 7.83837, 35872.9, 35883.9, 35872, 35872, 35880, 35888, 35888, 0, 0, 0, 0, 0, 0, 0, 0, 0, 0, 0, 0, 0, 0, 0, 0, 0, 0, 0, 0, 0, 0, 0, 0, 0, 0, 0, 0, 0, 0, 0, 0, 0, 0, 0, 0, 0, 0, 0, 0, 0, 0, 0, 0, 0, 0, 0, 0, 0, 0, 0, 0, 0, 0, 0, 0, 0, 0, 0, 0, 0, 0, 0, 0, 0, 0, 0, 0, 0, 0, 0, 0, 223984, 0, 223984, 223984, 223984, 223984, 223984, 223984, 223984, 266023, 0, 266023, 266023, 266023, 266023, 266023, 266023, 266023, 0, 0, 0, 0, 0, 0, 0, 0, 0, 6, 0, 6, 6, 6, 6, 6, 6, 6, 1, 0, 1, 1, 1, 1, 1, 1, 1, 981.978, 2.15792e-05, 981.978, 981.978, 981.978, 981.978, 981.978, 981.978, 981.978, 1.00007, 1.49012e-08, 1.00007, 1.00007, 1.00007, 1.00007, 1.00007, 1.00007, 1.00007
Fri Dec 30 19:53:20 EST 2016, 0, 0.500, 1, 0.551, 0.0779038, 0.496112, 0.605888, 0.48, 0.48, 0.565, 0.64, 0.69, 35206.4, 7.83837, 35200.9, 35211.9, 35200, 35200, 35208, 35216, 35216, 0, 0, 0, 0, 0, 0, 0, 0, 0, 0, 0, 0, 0, 0, 0, 0, 0, 0, 0, 0, 0, 0, 0, 0, 0, 0, 0, 0, 0, 0, 0, 0, 0, 0, 0, 0, 0, 0, 0, 0, 0, 0, 0, 0, 0, 0, 0, 0, 0, 0, 0, 0, 0, 0, 0, 0, 0, 0, 0, 0, 0, 0, 0, 0, 0, 0, 0, 0, 0, 0, 0, 0, 499000, 0, 499000, 499000, 499000, 499000, 499000, 499000, 499000, 0, 0, 0, 0, 0, 0, 0, 0, 0, 0, 0, 0, 0, 0, 0, 0, 0, 0, 1, 0, 1, 1, 1, 1, 1, 1, 1, 1, 0, 1, 1, 1, 1, 1, 1, 1, 1000, 0, 1000, 1000, 1000, 1000, 1000, 1000, 1000, 1, 0, 1, 1, 1, 1, 1, 1, 1
Fri Dec 30 19:54:22 EST 2016, 1, 0.500, 1, 0.471, 0.0564712, 0.431213, 0.510787, 0.40, 0.44, 0.465, 0.57, 0.58, 35478.4, 10.6132, 35470.9, 35485.9, 35472, 35472, 35472, 35488, 35504, 0, 0, 0, 0, 0, 0, 0, 0, 0, 0, 0, 0, 0, 0, 0, 0, 0, 0, 0, 0, 0, 0, 0, 0, 0, 0, 0, 0, 0, 0, 0, 0, 0, 0, 0, 0, 0, 0, 0, 0, 0, 0, 0, 0, 0, 0, 0, 0, 0, 0, 0, 0, 0, 0, 0, 0, 0, 0, 0, 0, 0, 0, 0, 0, 0, 0, 0, 0, 0, 0, 0, 0, 33994, 0, 33994, 33994, 33994, 33994, 33994, 33994, 33994, 162827, 0, 162827, 162827, 162827, 162827, 162827, 162827, 162827, 0, 0, 0, 0, 0, 0, 0, 0, 0, 7, 0, 7, 7, 7, 7, 7, 7, 7, 1.00416, 2.10734e-08, 1.00416, 1.00416, 1.00416, 1.00416, 1.00416, 1.00416, 1.00416, 394.431, 5.3948e-06, 394.431, 394.431, 394.431, 394.431, 394.431, 394.431, 394.431, 1.00016, 2.58096e-08, 1.00016, 1.00016, 1.00016, 1.00016, 1.00016, 1.00016, 1.00016
Fri Dec 30 19:55:25 EST 2016, 2, 0.500, 1, 0.518, 0.0850647, 0.458067, 0.577933, 0.45, 0.46, 0.475, 0.64, 0.67, 35622.4, 10.6132, 35614.9, 35629.9, 35616, 35616, 35616, 35632, 35648, 0, 0, 0, 0, 0, 0, 0, 0, 0, 0, 0, 0, 0, 0, 0, 0, 0, 0, 0, 0, 0, 0, 0, 0, 0, 0, 0, 0, 0, 0, 0, 0, 0, 0, 0, 0, 0, 0, 0, 0, 0, 0, 0, 0, 0, 0, 0, 0, 0, 0, 0, 0, 0, 0, 0, 0, 0, 0, 0, 0, 0, 0, 0, 0, 0, 0, 0, 0, 0, 0, 0, 0, 64874, 0, 64874, 64874, 64874, 64874, 64874, 64874, 64874, 251174, 0, 251174, 251174, 251174, 251174, 251174, 251174, 251174, 0, 0, 0, 0, 0, 0, 0, 0, 0, 7, 0, 7, 7, 7, 7, 7, 7, 7, 1.00067, 2.58096e-08, 1.00067, 1.00067, 1.00067, 1.00067, 1.00067, 1.00067, 1.00067, 633.363, 1.52588e-05, 633.363, 633.363, 633.363, 633.363, 633.363, 633.363, 633.363, 1.00017, 2.10734e-08, 1.00017, 1.00017, 1.00017, 1.00017, 1.00017, 1.00017, 1.00017
Fri Dec 30 19:56:27 EST 2016, 4, 0.500, 1, 0.672, 0.16005, 0.559236, 0.784764, 0.55, 0.56, 0.59, 0.89, 0.97, 35598.4, 8.61626, 35592.3, 35604.5, 35584, 35600, 35600, 35600, 35616, 0, 0, 0, 0, 0, 0, 0, 0, 0, 0, 0, 0, 0, 0, 0, 0, 0, 0, 0, 0, 0, 0, 0, 0, 0, 0, 0, 0, 0, 0, 0, 0, 0, 0, 0, 0, 0, 0, 0, 0, 0, 0, 0, 0, 0, 0, 0, 0, 0, 0, 0, 0, 0, 0, 0, 0, 0, 0, 0, 0, 0, 0, 0, 0, 0, 0, 0, 0, 0, 0, 0, 0, 118985, 0, 118985, 118985, 118985, 118985, 118985, 118985, 118985, 312750, 0, 312750, 312750, 312750, 312750, 312750, 312750, 312750, 0, 0, 0, 0, 0, 0, 0, 0, 0, 6, 0, 6, 6, 6, 6, 6, 6, 6, 1.00096, 2.10734e-08, 1.00096, 1.00096, 1.00096, 1.00096, 1.00096, 1.00096, 1.00096, 865.2, 0, 865.2, 865.2, 865.2, 865.2, 865.2, 865.2, 865.2, 1.00013, 1.49012e-08, 1.00013, 1.00013, 1.00013, 1.00013, 1.00013, 1.00013, 1.00013
Fri Dec 30 19:57:28 EST 2016, 8, 0.500, 1, 0.637, 0.0701498, 0.587576, 0.686424, 0.57, 0.58, 0.615, 0.73, 0.77, 35608, 8, 35602.4, 35613.6, 35600, 35600, 35616, 35616, 35616, 0, 0, 0, 0, 0, 0, 0, 0, 0, 0, 0, 0, 0, 0, 0, 0, 0, 0, 0, 0, 0, 0, 0, 0, 0, 0, 0, 0, 0, 0, 0, 0, 0, 0, 0, 0, 0, 0, 0, 0, 0, 0, 0, 0, 0, 0, 0, 0, 0, 0, 0, 0, 0, 0, 0, 0, 0, 0, 0, 0, 0, 0, 0, 0, 0, 0, 0, 0, 0, 0, 0, 0, 217999, 0, 217999, 217999, 217999, 217999, 217999, 217999, 217999, 271977, 0, 271977, 271977, 271977, 271977, 271977, 271977, 271977, 0, 0, 0, 0, 0, 0, 0, 0, 0, 6, 0, 6, 6, 6, 6, 6, 6, 6, 1.00395, 1.49012e-08, 1.00395, 1.00395, 1.00395, 1.00395, 1.00395, 1.00395, 1.00395, 981.916, 1.52588e-05, 981.916, 981.916, 981.916, 981.916, 981.916, 981.916, 981.916, 1.00007, 1.49012e-08, 1.00007, 1.00007, 1.00007, 1.00007, 1.00007, 1.00007, 1.00007
Fri Dec 30 19:58:30 EST 2016, 0, 0.000, 2, 0.954, 0.0471593, 0.920774, 0.987226, 0.86, 0.93, 0.955, 1.01, 1.03, 40043.2, 10.245, 40036, 40050.4, 40032, 40032, 40048, 40048, 40064, 0, 0, 0, 0, 0, 0, 0, 0, 0, 0, 0, 0, 0, 0, 0, 0, 0, 0, 0, 0, 0, 0, 0, 0, 0, 0, 0, 0, 0, 0, 0, 0, 0, 0, 0, 0, 0, 0, 0, 0, 0, 0, 0, 0, 0, 0, 0, 0, 0, 0, 0, 0, 0, 0, 0, 0, 0, 0, 0, 0, 0, 0, 0, 0, 0, 0, 0, 0, 0, 0, 0, 0, 998000, 0, 998000, 998000, 998000, 998000, 998000, 998000, 998000, 0, 0, 0, 0, 0, 0, 0, 0, 0, 0, 0, 0, 0, 0, 0, 0, 0, 0, 1, 0, 1, 1, 1, 1, 1, 1, 1, 1, 0, 1, 1, 1, 1, 1, 1, 1, 2000, 0, 2000, 2000, 2000, 2000, 2000, 2000, 2000, 1, 0, 1, 1, 1, 1, 1, 1, 1
Fri Dec 30 19:59:32 EST 2016, 1, 0.000, 2, 0.581, 0.0779038, 0.526112, 0.635888, 0.45, 0.48, 0.625, 0.64, 0.65, 37880, 10.7331, 37872.4, 37887.6, 37872, 37872, 37880, 37888, 37904, 0, 0, 0, 0, 0, 0, 0, 0, 0, 0, 0, 0, 0, 0, 0, 0, 0, 0, 0, 0, 0, 0, 0, 0, 0, 0, 0, 0, 0, 0, 0, 0, 0, 0, 0, 0, 0, 0, 0, 0, 0, 0, 0, 0, 0, 0, 0, 0, 0, 0, 0, 0, 0, 0, 0, 0, 0, 0, 0, 0, 0, 0, 0, 0, 0, 0, 0, 0, 0, 0, 0, 0, 61716, 0, 61716, 61716, 61716, 61716, 61716, 61716, 61716, 331582, 0, 331582, 331582, 331582, 331582, 331582, 331582, 331582, 0, 0, 0, 0, 0, 0, 0, 0, 0, 6, 0, 6, 6, 6, 6, 6, 6, 6, 1.00114, 2.10734e-08, 1.00114, 1.00114, 1.00114, 1.00114, 1.00114, 1.00114, 1.00114, 788.172, 0, 788.172, 788.172, 788.172, 788.172, 788.172, 788.172, 788.172, 1.00009, 1.49012e-08, 1.00009, 1.00009, 1.00009, 1.00009, 1.00009, 1.00009, 1.00009
Fri Dec 30 20:00:35 EST 2016, 2, 0.000, 2, 1.028, 0.268805, 0.838612, 1.21739, 0.68, 0.72, 1.16, 1.19, 1.55, 38956.8, 31.8396, 38934.4, 38979.2, 38864, 38960, 38968, 38976, 38976, 0, 0, 0, 0, 0, 0, 0, 0, 0, 0, 0, 0, 0, 0, 0, 0, 0, 0, 0, 0, 0, 0, 0, 0, 0, 0, 0, 0, 0, 0, 0, 0, 0, 0, 0, 0, 0, 0, 0, 0, 0, 0, 0, 0, 0, 0, 0, 0, 0, 0, 0, 0, 0, 0, 0, 0, 0, 0, 0, 0, 0, 0, 0, 0, 0, 0, 0, 0, 0, 0, 0, 0, 123963, 0, 123963, 123963, 123963, 123963, 123963, 123963, 123963, 508314, 0, 508314, 508314, 508314, 508314, 508314, 508314, 508314, 0, 0, 0, 0, 0, 0, 0, 0, 0, 6, 0, 6, 6, 6, 6, 6, 6, 6, 1.00133, 1.49012e-08, 1.00133, 1.00133, 1.00133, 1.00133, 1.00133, 1.00133, 1.00133, 1267.09, 0, 1267.09, 1267.09, 1267.09, 1267.09, 1267.09, 1267.09, 1267.09, 1.00008, 2.58096e-08, 1.00008, 1.00008, 1.00008, 1.00008, 1.00008, 1.00008, 1.00008
Fri Dec 30 20:01:37 EST 2016, 4, 0.000, 2, 1.118, 0.217062, 0.965068, 1.27093, 0.82, 0.92, 1.165, 1.36, 1.52, 39496, 10.7331, 39488.4, 39503.6, 39488, 39488, 39496, 39504, 39520, 0, 0, 0, 0, 0, 0, 0, 0, 0, 0, 0, 0, 0, 0, 0, 0, 0, 0, 0, 0, 0, 0, 0, 0, 0, 0, 0, 0, 0, 0, 0, 0, 0, 0, 0, 0, 0, 0, 0, 0, 0, 0, 0, 0, 0, 0, 0, 0, 0, 0, 0, 0, 0, 0, 0, 0, 0, 0, 0, 0, 0, 0, 0, 0, 0, 0, 0, 0, 0, 0, 0, 0, 223998, 0, 223998, 223998, 223998, 223998, 223998, 223998, 223998, 639713, 0, 639713, 639713, 639713, 639713, 639713, 639713, 639713, 0, 0, 0, 0, 0, 0, 0, 0, 0, 6, 0, 6, 6, 6, 6, 6, 6, 6, 1.00091, 2.10734e-08, 1.00091, 1.00091, 1.00091, 1.00091, 1.00091, 1.00091, 1.00091, 1730.88, 4.31584e-05, 1730.88, 1730.88, 1730.88, 1730.88, 1730.88, 1730.88, 1730.88, 1.00007, 1.49012e-08, 1.00007, 1.00007, 1.00007, 1.00007, 1.00007, 1.00007, 1.00007
Fri Dec 30 20:02:39 EST 2016, 8, 0.000, 2, 1.114, 0.135292, 1.01868, 1.20932, 0.96, 0.99, 1.11, 1.29, 1.33, 39812.8, 7.33212, 39807.6, 39818, 39808, 39808, 39808, 39824, 39824, 0, 0, 0, 0, 0, 0, 0, 0, 0, 0, 0, 0, 0, 0, 0, 0, 0, 0, 0, 0, 0, 0, 0, 0, 0, 0, 0, 0, 0, 0, 0, 0, 0, 0, 0, 0, 0, 0, 0, 0, 0, 0, 0, 0, 0, 0, 0, 0, 0, 0, 0, 0, 0, 0, 0, 0, 0, 0, 0, 0, 0, 0, 0, 0, 0, 0, 0, 0, 0, 0, 0, 0, 432000, 0, 432000, 432000, 432000, 432000, 432000, 432000, 432000, 547993, 0, 547993, 547993, 547993, 547993, 547993, 547993, 547993, 0, 0, 0, 0, 0, 0, 0, 0, 0, 6, 0, 6, 6, 6, 6, 6, 6, 6, 1.0049, 1.49012e-08, 1.0049, 1.0049, 1.0049, 1.0049, 1.0049, 1.0049, 1.0049, 1963.91, 2.15792e-05, 1963.91, 1963.91, 1963.91, 1963.91, 1963.91, 1963.91, 1963.91, 1.00004, 1.49012e-08, 1.00004, 1.00004, 1.00004, 1.00004, 1.00004, 1.00004, 1.00004
Fri Dec 30 20:03:41 EST 2016, 0, 0.250, 2, 0.996, 0.182603, 0.867346, 1.12465, 0.75, 0.88, 0.975, 1.32, 1.34, 36913.6, 4.8, 36910.2, 36917, 36912, 36912, 36912, 36912, 36928, 0, 0, 0, 0, 0, 0, 0, 0, 0, 0, 0, 0, 0, 0, 0, 0, 0, 0, 0, 0, 0, 0, 0, 0, 0, 0, 0, 0, 0, 0, 0, 0, 0, 0, 0, 0, 0, 0, 0, 0, 0, 0, 0, 0, 0, 0, 0, 0, 0, 0, 0, 0, 0, 0, 0, 0, 0, 0, 0, 0, 0, 0, 0, 0, 0, 0, 0, 0, 0, 0, 0, 0, 998000, 0, 998000, 998000, 998000, 998000, 998000, 998000, 998000, 0, 0, 0, 0, 0, 0, 0, 0, 0, 0, 0, 0, 0, 0, 0, 0, 0, 0, 1, 0, 1, 1, 1, 1, 1, 1, 1, 1, 0, 1, 1, 1, 1, 1, 1, 1, 2000, 0, 2000, 2000, 2000, 2000, 2000, 2000, 2000, 1, 0, 1, 1, 1, 1, 1, 1, 1
Fri Dec 30 20:04:43 EST 2016, 1, 0.250, 2, 0.643, 0.100504, 0.572189, 0.713811, 0.53, 0.55, 0.685, 0.78, 0.78, 36646.4, 7.83837, 36640.9, 36651.9, 36640, 36640, 36648, 36656, 36656, 0, 0, 0, 0, 0, 0, 0, 0, 0, 0, 0, 0, 0, 0, 0, 0, 0, 0, 0, 0, 0, 0, 0, 0, 0, 0, 0, 0, 0, 0, 0, 0, 0, 0, 0, 0, 0, 0, 0, 0, 0, 0, 0, 0, 0, 0, 0, 0, 0, 0, 0, 0, 0, 0, 0, 0, 0, 0, 0, 0, 0, 0, 0, 0, 0, 0, 0, 0, 0, 0, 0, 0, 60000, 0, 60000, 60000, 60000, 60000, 60000, 60000, 60000, 333503, 0, 333503, 333503, 333503, 333503, 333503, 333503, 333503, 0, 0, 0, 0, 0, 0, 0, 0, 0, 6, 0, 6, 6, 6, 6, 6, 6, 6, 1.01022, 2.58096e-08, 1.01022, 1.01022, 1.01022, 1.01022, 1.01022, 1.01022, 1.01022, 788.583, 0, 788.583, 788.583, 788.583, 788.583, 788.583, 788.583, 788.583, 1.00009, 1.49012e-08, 1.00009, 1.00009, 1.00009, 1.00009, 1.00009, 1.00009, 1.00009
Fri Dec 30 20:05:44 EST 2016, 2, 0.250, 2, 0.915, 0.198003, 0.775496, 1.0545, 0.71, 0.73, 1, 1.18, 1.22, 37152, 17.5271, 37139.7, 37164.3, 37120, 37152, 37160, 37168, 37168, 0, 0, 0, 0, 0, 0, 0, 0, 0, 0, 0, 0, 0, 0, 0, 0, 0, 0, 0, 0, 0, 0, 0, 0, 0, 0, 0, 0, 0, 0, 0, 0, 0, 0, 0, 0, 0, 0, 0, 0, 0, 0, 0, 0, 0, 0, 0, 0, 0, 0, 0, 0, 0, 0, 0, 0, 0, 0, 0, 0, 0, 0, 0, 0, 0, 0, 0, 0, 0, 0, 0, 0, 121996, 0, 121996, 121996, 121996, 121996, 121996, 121996, 121996, 510333, 0, 510333, 510333, 510333, 510333, 510333, 510333, 510333, 0, 0, 0, 0, 0, 0, 0, 0, 0, 6, 0, 6, 6, 6, 6, 6, 6, 6, 1.0033, 2.58096e-08, 1.0033, 1.0033, 1.0033, 1.0033, 1.0033, 1.0033, 1.0033, 1267.19, 2.15792e-05, 1267.19, 1267.19, 1267.19, 1267.19, 1267.19, 1267.19, 1267.19, 1.00008, 2.58096e-08, 1.00008, 1.00008, 1.00008, 1.00008, 1.00008, 1.00008, 1.00008
Fri Dec 30 20:06:47 EST 2016, 4, 0.250, 2, 1.394, 0.22182, 1.23772, 1.55028, 0.93, 1.30, 1.48, 1.57, 1.74, 37430.4, 7.83837, 37424.9, 37435.9, 37424, 37424, 37432, 37440, 37440, 0, 0, 0, 0, 0, 0, 0, 0, 0, 0, 0, 0, 0, 0, 0, 0, 0, 0, 0, 0, 0, 0, 0, 0, 0, 0, 0, 0, 0, 0, 0, 0, 0, 0, 0, 0, 0, 0, 0, 0, 0, 0, 0, 0, 0, 0, 0, 0, 0, 0, 0, 0, 0, 0, 0, 0, 0, 0, 0, 0, 0, 0, 0, 0, 0, 0, 0, 0, 0, 0, 0, 0, 221727, 0, 221727, 221727, 221727, 221727, 221727, 221727, 221727, 642058, 0, 642058, 642058, 642058, 642058, 642058, 642058, 642058, 0, 0, 0, 0, 0, 0, 0, 0, 0, 6, 0, 6, 6, 6, 6, 6, 6, 6, 1, 0, 1, 1, 1, 1, 1, 1, 1, 1731.03, 3.05176e-05, 1731.03, 1731.03, 1731.03, 1731.03, 1731.03, 1731.03, 1731.03, 1.00007, 1.49012e-08, 1.00007, 1.00007, 1.00007, 1.00007, 1.00007, 1.00007, 1.00007
Fri Dec 30 20:07:50 EST 2016, 8, 0.250, 2, 1.137, 0.222937, 0.979929, 1.29407, 0.85, 0.93, 1.15, 1.37, 1.56, 37510.4, 7.83837, 37504.9, 37515.9, 37504, 37504, 37512, 37520, 37520, 0, 0, 0, 0, 0, 0, 0, 0, 0, 0, 0, 0, 0, 0, 0, 0, 0, 0, 0, 0, 0, 0, 0, 0, 0, 0, 0, 0, 0, 0, 0, 0, 0, 0, 0, 0, 0, 0, 0, 0, 0, 0, 0, 0, 0, 0, 0, 0, 0, 0, 0, 0, 0, 0, 0, 0, 0, 0, 0, 0, 0, 0, 0, 0, 0, 0, 0, 0, 0, 0, 0, 0, 425999, 0, 425999, 425999, 425999, 425999, 425999, 425999, 425999, 553971, 0, 553971, 553971, 553971, 553971, 553971, 553971, 553971, 0, 0, 0, 0, 0, 0, 0, 0, 0, 6, 0, 6, 6, 6, 6, 6, 6, 6, 1.0045, 1.49012e-08, 1.0045, 1.0045, 1.0045, 1.0045, 1.0045, 1.0045, 1.0045, 1963.87, 4.31584e-05, 1963.87, 1963.87, 1963.87, 1963.87, 1963.87, 1963.87, 1963.87, 1.00005, 0, 1.00005, 1.00005, 1.00005, 1.00005, 1.00005, 1.00005, 1.00005
Fri Dec 30 20:08:51 EST 2016, 0, 0.500, 2, 0.846, 0.0525738, 0.808959, 0.883041, 0.77, 0.80, 0.86, 0.92, 0.93, 36388.8, 7.33212, 36383.6, 36394, 36384, 36384, 36384, 36400, 36400, 0, 0, 0, 0, 0, 0, 0, 0, 0, 0, 0, 0, 0, 0, 0, 0, 0, 0, 0, 0, 0, 0, 0, 0, 0, 0, 0, 0, 0, 0, 0, 0, 0, 0, 0, 0, 0, 0, 0, 0, 0, 0, 0, 0, 0, 0, 0, 0, 0, 0, 0, 0, 0, 0, 0, 0, 0, 0, 0, 0, 0, 0, 0, 0, 0, 0, 0, 0, 0, 0, 0, 0, 998000, 0, 998000, 998000, 998000, 998000, 998000, 998000, 998000, 0, 0, 0, 0, 0, 0, 0, 0, 0, 0, 0, 0, 0, 0, 0, 0, 0, 0, 1, 0, 1, 1, 1, 1, 1, 1, 1, 1, 0, 1, 1, 1, 1, 1, 1, 1, 2000, 0, 2000, 2000, 2000, 2000, 2000, 2000, 2000, 1, 0, 1, 1, 1, 1, 1, 1, 1
Fri Dec 30 20:09:53 EST 2016, 1, 0.500, 2, 0.611, 0.128098, 0.520748, 0.701252, 0.49, 0.53, 0.565, 0.71, 0.93, 36372.8, 7.33212, 36367.6, 36378, 36368, 36368, 36368, 36384, 36384, 0, 0, 0, 0, 0, 0, 0, 0, 0, 0, 0, 0, 0, 0, 0, 0, 0, 0, 0, 0, 0, 0, 0, 0, 0, 0, 0, 0, 0, 0, 0, 0, 0, 0, 0, 0, 0, 0, 0, 0, 0, 0, 0, 0, 0, 0, 0, 0, 0, 0, 0, 0, 0, 0, 0, 0, 0, 0, 0, 0, 0, 0, 0, 0, 0, 0, 0, 0, 0, 0, 0, 0, 61740, 0, 61740, 61740, 61740, 61740, 61740, 61740, 61740, 331597, 0, 331597, 331597, 331597, 331597, 331597, 331597, 331597, 0, 0, 0, 0, 0, 0, 0, 0, 0, 6, 0, 6, 6, 6, 6, 6, 6, 6, 1.00114, 2.10734e-08, 1.00114, 1.00114, 1.00114, 1.00114, 1.00114, 1.00114, 1.00114, 788.251, 1.52588e-05, 788.251, 788.251, 788.251, 788.251, 788.251, 788.251, 788.251, 1.00009, 1.49012e-08, 1.00009, 1.00009, 1.00009, 1.00009, 1.00009, 1.00009, 1.00009
Fri Dec 30 20:10:55 EST 2016, 2, 0.500, 2, 0.869, 0.105778, 0.794474, 0.943526, 0.66, 0.82, 0.86, 1.04, 1.05, 36875.2, 7.33212, 36870, 36880.4, 36864, 36864, 36880, 36880, 36880, 0, 0, 0, 0, 0, 0, 0, 0, 0, 0, 0, 0, 0, 0, 0, 0, 0, 0, 0, 0, 0, 0, 0, 0, 0, 0, 0, 0, 0, 0, 0, 0, 0, 0, 0, 0, 0, 0, 0, 0, 0, 0, 0, 0, 0, 0, 0, 0, 0, 0, 0, 0, 0, 0, 0, 0, 0, 0, 0, 0, 0, 0, 0, 0, 0, 0, 0, 0, 0, 0, 0, 0, 119740, 0, 119740, 119740, 119740, 119740, 119740, 119740, 119740, 512631, 0, 512631, 512631, 512631, 512631, 512631, 512631, 512631, 0, 0, 0, 0, 0, 0, 0, 0, 0, 6, 0, 6, 6, 6, 6, 6, 6, 6, 1.00066, 0, 1.00066, 1.00066, 1.00066, 1.00066, 1.00066, 1.00066, 1.00066, 1267.28, 1.52588e-05, 1267.28, 1267.28, 1267.28, 1267.28, 1267.28, 1267.28, 1267.28, 1.00008, 2.58096e-08, 1.00008, 1.00008, 1.00008, 1.00008, 1.00008, 1.00008, 1.00008
Fri Dec 30 20:11:57 EST 2016, 4, 0.500, 2, 1.216, 0.100916, 1.1449, 1.2871, 0.98, 1.19, 1.245, 1.29, 1.39, 36990.4, 8.61626, 36984.3, 36996.5, 36976, 36992, 36992, 36992, 37008, 0, 0, 0, 0, 0, 0, 0, 0, 0, 0, 0, 0, 0, 0, 0, 0, 0, 0, 0, 0, 0, 0, 0, 0, 0, 0, 0, 0, 0, 0, 0, 0, 0, 0, 0, 0, 0, 0, 0, 0, 0, 0, 0, 0, 0, 0, 0, 0, 0, 0, 0, 0, 0, 0, 0, 0, 0, 0, 0, 0, 0, 0, 0, 0, 0, 0, 0, 0, 0, 0, 0, 0, 221719, 0, 221719, 221719, 221719, 221719, 221719, 221719, 221719, 642054, 0, 642054, 642054, 642054, 642054, 642054, 642054, 642054, 0, 0, 0, 0, 0, 0, 0, 0, 0, 6, 0, 6, 6, 6, 6, 6, 6, 6, 1, 0, 1, 1, 1, 1, 1, 1, 1, 1731.01, 2.15792e-05, 1731.01, 1731.01, 1731.01, 1731.01, 1731.01, 1731.01, 1731.01, 1.00007, 1.49012e-08, 1.00007, 1.00007, 1.00007, 1.00007, 1.00007, 1.00007, 1.00007
Fri Dec 30 20:12:59 EST 2016, 8, 0.500, 2, 1.279, 0.0738173, 1.22699, 1.33101, 1.10, 1.25, 1.305, 1.33, 1.40, 36772.8, 7.33212, 36767.6, 36778, 36768, 36768, 36768, 36784, 36784, 0, 0, 0, 0, 0, 0, 0, 0, 0, 0, 0, 0, 0, 0, 0, 0, 0, 0, 0, 0, 0, 0, 0, 0, 0, 0, 0, 0, 0, 0, 0, 0, 0, 0, 0, 0, 0, 0, 0, 0, 0, 0, 0, 0, 0, 0, 0, 0, 0, 0, 0, 0, 0, 0, 0, 0, 0, 0, 0, 0, 0, 0, 0, 0, 0, 0, 0, 0, 0, 0, 0, 0, 405971, 0, 405971, 405971, 405971, 405971, 405971, 405971, 405971, 574023, 0, 574023, 574023, 574023, 574023, 574023, 574023, 574023, 0, 0, 0, 0, 0, 0, 0, 0, 0, 5, 0, 5, 5, 5, 5, 5, 5, 5, 1, 0, 1, 1, 1, 1, 1, 1, 1, 1963.92, 4.82525e-05, 1963.92, 1963.92, 1963.92, 1963.92, 1963.92, 1963.92, 1963.92, 1.00005, 0, 1.00005, 1.00005, 1.00005, 1.00005, 1.00005, 1.00005, 1.00005
Fri Dec 30 20:14:02 EST 2016, 0, 0.000, 4, 1.688, 0.21442, 1.53693, 1.83907, 1.41, 1.60, 1.645, 2.06, 2.06, 48676.8, 7.33212, 48671.6, 48682, 48672, 48672, 48672, 48688, 48688, 0, 0, 0, 0, 0, 0, 0, 0, 0, 0, 0, 0, 0, 0, 0, 0, 0, 0, 0, 0, 0, 0, 0, 0, 0, 0, 0, 0, 0, 0, 0, 0, 0, 0, 0, 0, 0, 0, 0, 0, 0, 0, 0, 0, 0, 0, 0, 0, 0, 0, 0, 0, 0, 0, 0, 0, 0, 0, 0, 0, 0, 0, 0, 0, 0, 0, 0, 0, 0, 0, 0, 0, 1996000, 0, 1996000, 1996000, 1996000, 1996000, 1996000, 1996000, 1996000, 0, 0, 0, 0, 0, 0, 0, 0, 0, 0, 0, 0, 0, 0, 0, 0, 0, 0, 1, 0, 1, 1, 1, 1, 1, 1, 1, 1, 0, 1, 1, 1, 1, 1, 1, 1, 4000, 0, 4000, 4000, 4000, 4000, 4000, 4000, 4000, 1, 0, 1, 1, 1, 1, 1, 1, 1
Fri Dec 30 20:15:04 EST 2016, 1, 0.000, 4, 1.076, 0.104231, 1.00256, 1.14944, 1.01, 1.01, 1.04, 1.16, 1.36, 39465.6, 10.6132, 39458.1, 39473.1, 39456, 39456, 39472, 39472, 39488, 0, 0, 0, 0, 0, 0, 0, 0, 0, 0, 0, 0, 0, 0, 0, 0, 0, 0, 0, 0, 0, 0, 0, 0, 0, 0, 0, 0, 0, 0, 0, 0, 0, 0, 0, 0, 0, 0, 0, 0, 0, 0, 0, 0, 0, 0, 0, 0, 0, 0, 0, 0, 0, 0, 0, 0, 0, 0, 0, 0, 0, 0, 0, 0, 0, 0, 0, 0, 0, 0, 0, 0, 119874, 0, 119874, 119874, 119874, 119874, 119874, 119874, 119874, 668429, 0, 668429, 668429, 668429, 668429, 668429, 668429, 668429, 0, 0, 0, 0, 0, 0, 0, 0, 0, 6, 0, 6, 6, 6, 6, 6, 6, 6, 1.00287, 1.49012e-08, 1.00287, 1.00287, 1.00287, 1.00287, 1.00287, 1.00287, 1.00287, 1579.77, 2.15792e-05, 1579.77, 1579.77, 1579.77, 1579.77, 1579.77, 1579.77, 1579.77, 1.00005, 0, 1.00005, 1.00005, 1.00005, 1.00005, 1.00005, 1.00005, 1.00005
Fri Dec 30 20:16:06 EST 2016, 2, 0.000, 4, 1.575, 0.202349, 1.43243, 1.71757, 1.12, 1.53, 1.565, 1.85, 1.90, 40966.4, 10.6132, 40958.9, 40973.9, 40960, 40960, 40960, 40976, 40992, 0, 0, 0, 0, 0, 0, 0, 0, 0, 0, 0, 0, 0, 0, 0, 0, 0, 0, 0, 0, 0, 0, 0, 0, 0, 0, 0, 0, 0, 0, 0, 0, 0, 0, 0, 0, 0, 0, 0, 0, 0, 0, 0, 0, 0, 0, 0, 0, 0, 0, 0, 0, 0, 0, 0, 0, 0, 0, 0, 0, 0, 0, 0, 0, 0, 0, 0, 0, 0, 0, 0, 0, 226532, 0, 226532, 226532, 226532, 226532, 226532, 226532, 226532, 1037531, 0, 1037531, 1037531, 1037531, 1037531, 1037531, 1037531, 1037531, 0, 0, 0, 0, 0, 0, 0, 0, 0, 5, 0, 5, 5, 5, 5, 5, 5, 5, 1, 0, 1, 1, 1, 1, 1, 1, 1, 2533.19, 4.31584e-05, 2533.19, 2533.19, 2533.19, 2533.19, 2533.19, 2533.19, 2533.19, 1.00005, 0, 1.00005, 1.00005, 1.00005, 1.00005, 1.00005, 1.00005, 1.00005
Fri Dec 30 20:17:08 EST 2016, 4, 0.000, 4, 1.977, 0.220229, 1.82184, 2.13216, 1.64, 1.85, 2.055, 2.10, 2.44, 42116.8, 7.33212, 42111.6, 42122, 42112, 42112, 42112, 42128, 42128, 0, 0, 0, 0, 0, 0, 0, 0, 0, 0, 0, 0, 0, 0, 0, 0, 0, 0, 0, 0, 0, 0, 0, 0, 0, 0, 0, 0, 0, 0, 0, 0, 0, 0, 0, 0, 0, 0, 0, 0, 0, 0, 0, 0, 0, 0, 0, 0, 0, 0, 0, 0, 0, 0, 0, 0, 0, 0, 0, 0, 0, 0, 0, 0, 0, 0, 0, 0, 0, 0, 0, 0, 424000, 0, 424000, 424000, 424000, 424000, 424000, 424000, 424000, 1303816, 0, 1303816, 1303816, 1303816, 1303816, 1303816, 1303816, 1303816, 0, 0, 0, 0, 0, 0, 0, 0, 0, 5, 0, 5, 5, 5, 5, 5, 5, 5, 1.00231, 2.10734e-08, 1.00231, 1.00231, 1.00231, 1.00231, 1.00231, 1.00231, 1.00231, 3462.56, 6.10352e-05, 3462.56, 3462.56, 3462.56, 3462.56, 3462.56, 3462.56, 3462.56, 1.00004, 1.49012e-08, 1.00004, 1.00004, 1.00004, 1.00004, 1.00004, 1.00004, 1.00004
Fri Dec 30 20:18:11 EST 2016, 8, 0.000, 4, 2.21, 0.227112, 2.04999, 2.37001, 1.94, 1.97, 2.32, 2.45, 2.59, 46422.4, 7.83837, 46416.9, 46427.9, 46416, 46416, 46424, 46432, 46432, 0, 0, 0, 0, 0, 0, 0, 0, 0, 0, 0, 0, 0, 0, 0, 0, 0, 0, 0, 0, 0, 0, 0, 0, 0, 0, 0, 0, 0, 0, 0, 0, 0, 0, 0, 0, 0, 0, 0, 0, 0, 0, 0, 0, 0, 0, 0, 0, 0, 0, 0, 0, 0, 0, 0, 0, 0, 0, 0, 0, 0, 0, 0, 0, 0, 0, 0, 0, 0, 0, 0, 0, 768000, 0, 768000, 768000, 768000, 768000, 768000, 768000, 768000, 1192061, 0, 1192061, 1192061, 1192061, 1192061, 1192061, 1192061, 1192061, 0, 0, 0, 0, 0, 0, 0, 0, 0, 5, 0, 5, 5, 5, 5, 5, 5, 5, 1.00286, 0, 1.00286, 1.00286, 1.00286, 1.00286, 1.00286, 1.00286, 1.00286, 3927.98, 7.47525e-05, 3927.98, 3927.98, 3927.98, 3927.98, 3927.98, 3927.98, 3927.98, 1.00003, 2.58096e-08, 1.00003, 1.00003, 1.00003, 1.00003, 1.00003, 1.00003, 1.00003
Fri Dec 30 20:19:13 EST 2016, 0, 0.250, 4, 1.674, 0.126586, 1.58481, 1.76319, 1.51, 1.59, 1.655, 1.88, 1.88, 39752, 10.7331, 39744.4, 39759.6, 39744, 39744, 39752, 39760, 39776, 0, 0, 0, 0, 0, 0, 0, 0, 0, 0, 0, 0, 0, 0, 0, 0, 0, 0, 0, 0, 0, 0, 0, 0, 0, 0, 0, 0, 0, 0, 0, 0, 0, 0, 0, 0, 0, 0, 0, 0, 0, 0, 0, 0, 0, 0, 0, 0, 0, 0, 0, 0, 0, 0, 0, 0, 0, 0, 0, 0, 0, 0, 0, 0, 0, 0, 0, 0, 0, 0, 0, 0, 1996000, 0, 1996000, 1996000, 1996000, 1996000, 1996000, 1996000, 1996000, 0, 0, 0, 0, 0, 0, 0, 0, 0, 0, 0, 0, 0, 0, 0, 0, 0, 0, 1, 0, 1, 1, 1, 1, 1, 1, 1, 1, 0, 1, 1, 1, 1, 1, 1, 1, 4000, 0, 4000, 4000, 4000, 4000, 4000, 4000, 4000, 1, 0, 1, 1, 1, 1, 1, 1, 1
Fri Dec 30 20:20:15 EST 2016, 1, 0.250, 4, 1.098, 0.136367, 1.00192, 1.19408, 0.86, 1.00, 1.145, 1.26, 1.33, 38713.6, 7.83837, 38708.1, 38719.1, 38704, 38704, 38720, 38720, 38720, 0, 0, 0, 0, 0, 0, 0, 0, 0, 0, 0, 0, 0, 0, 0, 0, 0, 0, 0, 0, 0, 0, 0, 0, 0, 0, 0, 0, 0, 0, 0, 0, 0, 0, 0, 0, 0, 0, 0, 0, 0, 0, 0, 0, 0, 0, 0, 0, 0, 0, 0, 0, 0, 0, 0, 0, 0, 0, 0, 0, 0, 0, 0, 0, 0, 0, 0, 0, 0, 0, 0, 0, 115105, 0, 115105, 115105, 115105, 115105, 115105, 115105, 115105, 672898, 0, 672898, 672898, 672898, 672898, 672898, 672898, 672898, 0, 0, 0, 0, 0, 0, 0, 0, 0, 6, 0, 6, 6, 6, 6, 6, 6, 6, 1.00057, 0, 1.00057, 1.00057, 1.00057, 1.00057, 1.00057, 1.00057, 1.00057, 1579.16, 2.15792e-05, 1579.16, 1579.16, 1579.16, 1579.16, 1579.16, 1579.16, 1579.16, 1.00005, 0, 1.00005, 1.00005, 1.00005, 1.00005, 1.00005, 1.00005, 1.00005
Fri Dec 30 20:21:17 EST 2016, 2, 0.250, 4, 1.498, 0.162345, 1.38362, 1.61238, 1.24, 1.40, 1.54, 1.69, 1.75, 39828.8, 7.33212, 39823.6, 39834, 39824, 39824, 39824, 39840, 39840, 0, 0, 0, 0, 0, 0, 0, 0, 0, 0, 0, 0, 0, 0, 0, 0, 0, 0, 0, 0, 0, 0, 0, 0, 0, 0, 0, 0, 0, 0, 0, 0, 0, 0, 0, 0, 0, 0, 0, 0, 0, 0, 0, 0, 0, 0, 0, 0, 0, 0, 0, 0, 0, 0, 0, 0, 0, 0, 0, 0, 0, 0, 0, 0, 0, 0, 0, 0, 0, 0, 0, 0, 227993, 0, 227993, 227993, 227993, 227993, 227993, 227993, 227993, 1036060, 0, 1036060, 1036060, 1036060, 1036060, 1036060, 1036060, 1036060, 0, 0, 0, 0, 0, 0, 0, 0, 0, 5, 0, 5, 5, 5, 5, 5, 5, 5, 1.00431, 1.49012e-08, 1.00431, 1.00431, 1.00431, 1.00431, 1.00431, 1.00431, 1.00431, 2533.17, 3.05176e-05, 2533.17, 2533.17, 2533.17, 2533.17, 2533.17, 2533.17, 2533.17, 1.00005, 0, 1.00005, 1.00005, 1.00005, 1.00005, 1.00005, 1.00005, 1.00005
Fri Dec 30 20:22:19 EST 2016, 4, 0.250, 4, 2.056, 0.284507, 1.85555, 2.25645, 1.81, 1.88, 1.9, 2.49, 2.55, 40344, 8, 40338.4, 40349.6, 40336, 40336, 40352, 40352, 40352, 0, 0, 0, 0, 0, 0, 0, 0, 0, 0, 0, 0, 0, 0, 0, 0, 0, 0, 0, 0, 0, 0, 0, 0, 0, 0, 0, 0, 0, 0, 0, 0, 0, 0, 0, 0, 0, 0, 0, 0, 0, 0, 0, 0, 0, 0, 0, 0, 0, 0, 0, 0, 0, 0, 0, 0, 0, 0, 0, 0, 0, 0, 0, 0, 0, 0, 0, 0, 0, 0, 0, 0, 419988, 0, 419988, 419988, 419988, 419988, 419988, 419988, 419988, 1307716, 0, 1307716, 1307716, 1307716, 1307716, 1307716, 1307716, 1307716, 0, 0, 0, 0, 0, 0, 0, 0, 0, 5, 0, 5, 5, 5, 5, 5, 5, 5, 1.00115, 1.49012e-08, 1.00115, 1.00115, 1.00115, 1.00115, 1.00115, 1.00115, 1.00115, 3462.33, 7.47525e-05, 3462.33, 3462.33, 3462.33, 3462.33, 3462.33, 3462.33, 3462.33, 1.00004, 1.49012e-08, 1.00004, 1.00004, 1.00004, 1.00004, 1.00004, 1.00004, 1.00004
Fri Dec 30 20:23:22 EST 2016, 8, 0.250, 4, 2.138, 0.167499, 2.01999, 2.25601, 1.94, 2.00, 2.19, 2.22, 2.54, 40534.4, 7.83837, 40528.9, 40539.9, 40528, 40528, 40536, 40544, 40544, 0, 0, 0, 0, 0, 0, 0, 0, 0, 0, 0, 0, 0, 0, 0, 0, 0, 0, 0, 0, 0, 0, 0, 0, 0, 0, 0, 0, 0, 0, 0, 0, 0, 0, 0, 0, 0, 0, 0, 0, 0, 0, 0, 0, 0, 0, 0, 0, 0, 0, 0, 0, 0, 0, 0, 0, 0, 0, 0, 0, 0, 0, 0, 0, 0, 0, 0, 0, 0, 0, 0, 0, 747932, 0, 747932, 747932, 747932, 747932, 747932, 747932, 747932, 1212142, 0, 1212142, 1212142, 1212142, 1212142, 1212142, 1212142, 1212142, 0, 0, 0, 0, 0, 0, 0, 0, 0, 5, 0, 5, 5, 5, 5, 5, 5, 5, 1, 0, 1, 1, 1, 1, 1, 1, 1, 3928, 0, 3928, 3928, 3928, 3928, 3928, 3928, 3928, 1.00003, 2.58096e-08, 1.00003, 1.00003, 1.00003, 1.00003, 1.00003, 1.00003, 1.00003
Fri Dec 30 20:24:24 EST 2016, 0, 0.500, 4, 1.754, 0.26337, 1.56844, 1.93956, 1.35, 1.62, 1.68, 2.05, 2.32, 39046.4, 7.83837, 39040.9, 39051.9, 39040, 39040, 39048, 39056, 39056, 0, 0, 0, 0, 0, 0, 0, 0, 0, 0, 0, 0, 0, 0, 0, 0, 0, 0, 0, 0, 0, 0, 0, 0, 0, 0, 0, 0, 0, 0, 0, 0, 0, 0, 0, 0, 0, 0, 0, 0, 0, 0, 0, 0, 0, 0, 0, 0, 0, 0, 0, 0, 0, 0, 0, 0, 0, 0, 0, 0, 0, 0, 0, 0, 0, 0, 0, 0, 0, 0, 0, 0, 1996000, 0, 1996000, 1996000, 1996000, 1996000, 1996000, 1996000, 1996000, 0, 0, 0, 0, 0, 0, 0, 0, 0, 0, 0, 0, 0, 0, 0, 0, 0, 0, 1, 0, 1, 1, 1, 1, 1, 1, 1, 1, 0, 1, 1, 1, 1, 1, 1, 1, 4000, 0, 4000, 4000, 4000, 4000, 4000, 4000, 4000, 1, 0, 1, 1, 1, 1, 1, 1, 1
Fri Dec 30 20:25:25 EST 2016, 1, 0.500, 4, 1.109, 0.174324, 0.986179, 1.23182, 0.85, 0.92, 1.105, 1.34, 1.35, 38393.6, 10.6132, 38386.1, 38401.1, 38384, 38384, 38400, 38400, 38416, 0, 0, 0, 0, 0, 0, 0, 0, 0, 0, 0, 0, 0, 0, 0, 0, 0, 0, 0, 0, 0, 0, 0, 0, 0, 0, 0, 0, 0, 0, 0, 0, 0, 0, 0, 0, 0, 0, 0, 0, 0, 0, 0, 0, 0, 0, 0, 0, 0, 0, 0, 0, 0, 0, 0, 0, 0, 0, 0, 0, 0, 0, 0, 0, 0, 0, 0, 0, 0, 0, 0, 0, 119439, 0, 119439, 119439, 119439, 119439, 119439, 119439, 119439, 668417, 0, 668417, 668417, 668417, 668417, 668417, 668417, 668417, 0, 0, 0, 0, 0, 0, 0, 0, 0, 6, 0, 6, 6, 6, 6, 6, 6, 6, 1.00114, 2.10734e-08, 1.00114, 1.00114, 1.00114, 1.00114, 1.00114, 1.00114, 1.00114, 1578.87, 3.05176e-05, 1578.87, 1578.87, 1578.87, 1578.87, 1578.87, 1578.87, 1578.87, 1.00005, 0, 1.00005, 1.00005, 1.00005, 1.00005, 1.00005, 1.00005, 1.00005
Fri Dec 30 20:26:27 EST 2016, 2, 0.500, 4, 1.643, 0.226365, 1.48351, 1.80249, 1.36, 1.50, 1.6, 2.01, 2.07, 39446.4, 7.83837, 39440.9, 39451.9, 39440, 39440, 39448, 39456, 39456, 0, 0, 0, 0, 0, 0, 0, 0, 0, 0, 0, 0, 0, 0, 0, 0, 0, 0, 0, 0, 0, 0, 0, 0, 0, 0, 0, 0, 0, 0, 0, 0, 0, 0, 0, 0, 0, 0, 0, 0, 0, 0, 0, 0, 0, 0, 0, 0, 0, 0, 0, 0, 0, 0, 0, 0, 0, 0, 0, 0, 0, 0, 0, 0, 0, 0, 0, 0, 0, 0, 0, 0, 222521, 0, 222521, 222521, 222521, 222521, 222521, 222521, 222521, 1041588, 0, 1041588, 1041588, 1041588, 1041588, 1041588, 1041588, 1041588, 0, 0, 0, 0, 0, 0, 0, 0, 0, 5, 0, 5, 5, 5, 5, 5, 5, 5, 1, 0, 1, 1, 1, 1, 1, 1, 1, 2533.28, 6.10352e-05, 2533.28, 2533.28, 2533.28, 2533.28, 2533.28, 2533.28, 2533.28, 1.00005, 0, 1.00005, 1.00005, 1.00005, 1.00005, 1.00005, 1.00005, 1.00005
Fri Dec 30 20:27:29 EST 2016, 4, 0.500, 4, 2.027, 0.386524, 1.75467, 2.29933, 1.62, 1.62, 2.29, 2.46, 2.54, 39641.6, 10.6132, 39634.1, 39649.1, 39632, 39632, 39648, 39648, 39664, 0, 0, 0, 0, 0, 0, 0, 0, 0, 0, 0, 0, 0, 0, 0, 0, 0, 0, 0, 0, 0, 0, 0, 0, 0, 0, 0, 0, 0, 0, 0, 0, 0, 0, 0, 0, 0, 0, 0, 0, 0, 0, 0, 0, 0, 0, 0, 0, 0, 0, 0, 0, 0, 0, 0, 0, 0, 0, 0, 0, 0, 0, 0, 0, 0, 0, 0, 0, 0, 0, 0, 0, 400000, 0, 400000, 400000, 400000, 400000, 400000, 400000, 400000, 1327605, 0, 1327605, 1327605, 1327605, 1327605, 1327605, 1327605, 1327605, 0, 0, 0, 0, 0, 0, 0, 0, 0, 5, 0, 5, 5, 5, 5, 5, 5, 5, 1.00333, 1.49012e-08, 1.00333, 1.00333, 1.00333, 1.00333, 1.00333, 1.00333, 1.00333, 3462.13, 4.31584e-05, 3462.13, 3462.13, 3462.13, 3462.13, 3462.13, 3462.13, 3462.13, 1.00004, 1.49012e-08, 1.00004, 1.00004, 1.00004, 1.00004, 1.00004, 1.00004, 1.00004
Fri Dec 30 20:28:31 EST 2016, 8, 0.500, 4, 2.051, 0.238598, 1.88289, 2.21911, 1.77, 1.84, 2.04, 2.47, 2.50, 39848, 8, 39842.4, 39853.6, 39840, 39840, 39856, 39856, 39856, 0, 0, 0, 0, 0, 0, 0, 0, 0, 0, 0, 0, 0, 0, 0, 0, 0, 0, 0, 0, 0, 0, 0, 0, 0, 0, 0, 0, 0, 0, 0, 0, 0, 0, 0, 0, 0, 0, 0, 0, 0, 0, 0, 0, 0, 0, 0, 0, 0, 0, 0, 0, 0, 0, 0, 0, 0, 0, 0, 0, 0, 0, 0, 0, 0, 0, 0, 0, 0, 0, 0, 0, 747999, 0, 747999, 747999, 747999, 747999, 747999, 747999, 747999, 1212081, 0, 1212081, 1212081, 1212081, 1212081, 1212081, 1212081, 1212081, 0, 0, 0, 0, 0, 0, 0, 0, 0, 5, 0, 5, 5, 5, 5, 5, 5, 5, 1.00266, 2.10734e-08, 1.00266, 1.00266, 1.00266, 1.00266, 1.00266, 1.00266, 1.00266, 3928.02, 6.10352e-05, 3928.02, 3928.02, 3928.02, 3928.02, 3928.02, 3928.02, 3928.02, 1.00003, 2.58096e-08, 1.00003, 1.00003, 1.00003, 1.00003, 1.00003, 1.00003, 1.00003
Fri Dec 30 20:29:32 EST 2016, 0, 0.000, 6, 2.558, 0.0865794, 2.497, 2.619, 2.32, 2.55, 2.6, 2.61, 2.65, 55174.4, 7.83837, 55168.9, 55179.9, 55168, 55168, 55176, 55184, 55184, 0, 0, 0, 0, 0, 0, 0, 0, 0, 0, 0, 0, 0, 0, 0, 0, 0, 0, 0, 0, 0, 0, 0, 0, 0, 0, 0, 0, 0, 0, 0, 0, 0, 0, 0, 0, 0, 0, 0, 0, 0, 0, 0, 0, 0, 0, 0, 0, 0, 0, 0, 0, 0, 0, 0, 0, 0, 0, 0, 0, 0, 0, 0, 0, 0, 0, 0, 0, 0, 0, 0, 0, 2994000, 0, 2994000, 2994000, 2994000, 2994000, 2994000, 2994000, 2994000, 0, 0, 0, 0, 0, 0, 0, 0, 0, 0, 0, 0, 0, 0, 0, 0, 0, 0, 1, 0, 1, 1, 1, 1, 1, 1, 1, 1, 0, 1, 1, 1, 1, 1, 1, 1, 6000, 0, 6000, 6000, 6000, 6000, 6000, 6000, 6000, 1, 0, 1, 1, 1, 1, 1, 1, 1
Fri Dec 30 20:30:35 EST 2016, 1, 0.000, 6, 1.555, 0.275617, 1.36081, 1.74919, 1.17, 1.45, 1.545, 2.02, 2.03, 41838.4, 35.3814, 41813.5, 41863.3, 41760, 41856, 41856, 41856, 41856, 0, 0, 0, 0, 0, 0, 0, 0, 0, 0, 0, 0, 0, 0, 0, 0, 0, 0, 0, 0, 0, 0, 0, 0, 0, 0, 0, 0, 0, 0, 0, 0, 0, 0, 0, 0, 0, 0, 0, 0, 0, 0, 0, 0, 0, 0, 0, 0, 0, 0, 0, 0, 0, 0, 0, 0, 0, 0, 0, 0, 0, 0, 0, 0, 0, 0, 0, 0, 0, 0, 0, 0, 161998, 0, 161998, 161998, 161998, 161998, 161998, 161998, 161998, 1018706, 0, 1018706, 1018706, 1018706, 1018706, 1018706, 1018706, 1018706, 0, 0, 0, 0, 0, 0, 0, 0, 0, 6, 0, 6, 6, 6, 6, 6, 6, 6, 1.00947, 1.49012e-08, 1.00947, 1.00947, 1.00947, 1.00947, 1.00947, 1.00947, 1.00947, 2366.14, 0, 2366.14, 2366.14, 2366.14, 2366.14, 2366.14, 2366.14, 2366.14, 1.00004, 1.49012e-08, 1.00004, 1.00004, 1.00004, 1.00004, 1.00004, 1.00004, 1.00004
Fri Dec 30 20:31:38 EST 2016, 2, 0.000, 6, 2.175, 0.225887, 2.01585, 2.33415, 1.99, 2.09, 2.14, 2.18, 2.83, 42822.4, 10.6132, 42814.9, 42829.9, 42816, 42816, 42816, 42832, 42848, 0, 0, 0, 0, 0, 0, 0, 0, 0, 0, 0, 0, 0, 0, 0, 0, 0, 0, 0, 0, 0, 0, 0, 0, 0, 0, 0, 0, 0, 0, 0, 0, 0, 0, 0, 0, 0, 0, 0, 0, 0, 0, 0, 0, 0, 0, 0, 0, 0, 0, 0, 0, 0, 0, 0, 0, 0, 0, 0, 0, 0, 0, 0, 0, 0, 0, 0, 0, 0, 0, 0, 0, 329966, 0, 329966, 329966, 329966, 329966, 329966, 329966, 329966, 1566305, 0, 1566305, 1566305, 1566305, 1566305, 1566305, 1566305, 1566305, 0, 0, 0, 0, 0, 0, 0, 0, 0, 5, 0, 5, 5, 5, 5, 5, 5, 5, 1.00256, 2.58096e-08, 1.00256, 1.00256, 1.00256, 1.00256, 1.00256, 1.00256, 1.00256, 3800.14, 4.31584e-05, 3800.14, 3800.14, 3800.14, 3800.14, 3800.14, 3800.14, 3800.14, 1.00004, 1.49012e-08, 1.00004, 1.00004, 1.00004, 1.00004, 1.00004, 1.00004, 1.00004
Fri Dec 30 20:32:40 EST 2016, 4, 0.000, 6, 2.774, 0.234231, 2.60897, 2.93903, 2.45, 2.48, 2.83, 2.98, 3.21, 46427.2, 43.5541, 46396.5, 46457.9, 46400, 46400, 46416, 46496, 46528, 0, 0, 0, 0, 0, 0, 0, 0, 0, 0, 0, 0, 0, 0, 0, 0, 0, 0, 0, 0, 0, 0, 0, 0, 0, 0, 0, 0, 0, 0, 0, 0, 0, 0, 0, 0, 0, 0, 0, 0, 0, 0, 0, 0, 0, 0, 0, 0, 0, 0, 0, 0, 0, 0, 0, 0, 0, 0, 0, 0, 0, 0, 0, 0, 0, 0, 0, 0, 0, 0, 0, 0, 611982, 0, 611982, 611982, 611982, 611982, 611982, 611982, 611982, 1979020, 0, 1979020, 1979020, 1979020, 1979020, 1979020, 1979020, 1979020, 0, 0, 0, 0, 0, 0, 0, 0, 0, 5, 0, 5, 5, 5, 5, 5, 5, 5, 1.00225, 1.49012e-08, 1.00225, 1.00225, 1.00225, 1.00225, 1.00225, 1.00225, 1.00225, 5192.39, 8.63167e-05, 5192.39, 5192.39, 5192.39, 5192.39, 5192.39, 5192.39, 5192.39, 1.00003, 2.58096e-08, 1.00003, 1.00003, 1.00003, 1.00003, 1.00003, 1.00003, 1.00003
Fri Dec 30 20:33:57 EST 2016, 8, 0.000, 6, 3.009, 0.142158, 2.90884, 3.10916, 2.92, 2.93, 2.97, 3.03, 3.42, 55929.6, 7.83837, 55924.1, 55935.1, 55920, 55920, 55936, 55936, 55936, 0, 0, 0, 0, 0, 0, 0, 0, 0, 0, 0, 0, 0, 0, 0, 0, 0, 0, 0, 0, 0, 0, 0, 0, 0, 0, 0, 0, 0, 0, 0, 0, 0, 0, 0, 0, 0, 0, 0, 0, 0, 0, 0, 0, 0, 0, 0, 0, 0, 0, 0, 0, 0, 0, 0, 0, 0, 0, 0, 0, 0, 0, 0, 0, 0, 0, 0, 0, 0, 0, 0, 0, 1068000, 0, 1068000, 1068000, 1068000, 1068000, 1068000, 1068000, 1068000, 1871384, 0, 1871384, 1871384, 1871384, 1871384, 1871384, 1871384, 1871384, 0, 0, 0, 0, 0, 0, 0, 0, 0, 5, 0, 5, 5, 5, 5, 5, 5, 5, 1.0023, 1.49012e-08, 1.0023, 1.0023, 1.0023, 1.0023, 1.0023, 1.0023, 1.0023, 5890.55, 8.63167e-05, 5890.55, 5890.55, 5890.55, 5890.55, 5890.55, 5890.55, 5890.55, 1.00002, 2.58096e-08, 1.00002, 1.00002, 1.00002, 1.00002, 1.00002, 1.00002, 1.00002
Fri Dec 30 20:34:58 EST 2016, 0, 0.250, 6, 2.063, 0.0723948, 2.01199, 2.11401, 1.99, 2.00, 2.045, 2.17, 2.20, 48566.4, 7.83837, 48560.9, 48571.9, 48560, 48560, 48568, 48576, 48576, 0, 0, 0, 0, 0, 0, 0, 0, 0, 0, 0, 0, 0, 0, 0, 0, 0, 0, 0, 0, 0, 0, 0, 0, 0, 0, 0, 0, 0, 0, 0, 0, 0, 0, 0, 0, 0, 0, 0, 0, 0, 0, 0, 0, 0, 0, 0, 0, 0, 0, 0, 0, 0, 0, 0, 0, 0, 0, 0, 0, 0, 0, 0, 0, 0, 0, 0, 0, 0, 0, 0, 0, 2994000, 0, 2994000, 2994000, 2994000, 2994000, 2994000, 2994000, 2994000, 0, 0, 0, 0, 0, 0, 0, 0, 0, 0, 0, 0, 0, 0, 0, 0, 0, 0, 1, 0, 1, 1, 1, 1, 1, 1, 1, 1, 0, 1, 1, 1, 1, 1, 1, 1, 6000, 0, 6000, 6000, 6000, 6000, 6000, 6000, 6000, 1, 0, 1, 1, 1, 1, 1, 1, 1
Fri Dec 30 20:36:01 EST 2016, 1, 0.250, 6, 1.537, 0.121, 1.45175, 1.62225, 1.40, 1.41, 1.62, 1.67, 1.69, 41185.6, 73.1289, 41134.1, 41237.1, 41040, 41216, 41216, 41232, 41232, 0, 0, 0, 0, 0, 0, 0, 0, 0, 0, 0, 0, 0, 0, 0, 0, 0, 0, 0, 0, 0, 0, 0, 0, 0, 0, 0, 0, 0, 0, 0, 0, 0, 0, 0, 0, 0, 0, 0, 0, 0, 0, 0, 0, 0, 0, 0, 0, 0, 0, 0, 0, 0, 0, 0, 0, 0, 0, 0, 0, 0, 0, 0, 0, 0, 0, 0, 0, 0, 0, 0, 0, 167826, 0, 167826, 167826, 167826, 167826, 167826, 167826, 167826, 1012912, 0, 1012912, 1012912, 1012912, 1012912, 1012912, 1012912, 1012912, 0, 0, 0, 0, 0, 0, 0, 0, 0, 6, 0, 6, 6, 6, 6, 6, 6, 6, 1.0034, 1.49012e-08, 1.0034, 1.0034, 1.0034, 1.0034, 1.0034, 1.0034, 1.0034, 2366.21, 4.31584e-05, 2366.21, 2366.21, 2366.21, 2366.21, 2366.21, 2366.21, 2366.21, 1.00004, 1.49012e-08, 1.00004, 1.00004, 1.00004, 1.00004, 1.00004, 1.00004, 1.00004
Fri Dec 30 20:37:03 EST 2016, 2, 0.250, 6, 2.171, 0.129031, 2.08009, 2.26191, 2.06, 2.07, 2.155, 2.39, 2.40, 41782.4, 7.83837, 41776.9, 41787.9, 41776, 41776, 41784, 41792, 41792, 0, 0, 0, 0, 0, 0, 0, 0, 0, 0, 0, 0, 0, 0, 0, 0, 0, 0, 0, 0, 0, 0, 0, 0, 0, 0, 0, 0, 0, 0, 0, 0, 0, 0, 0, 0, 0, 0, 0, 0, 0, 0, 0, 0, 0, 0, 0, 0, 0, 0, 0, 0, 0, 0, 0, 0, 0, 0, 0, 0, 0, 0, 0, 0, 0, 0, 0, 0, 0, 0, 0, 0, 311993, 0, 311993, 311993, 311993, 311993, 311993, 311993, 311993, 1584161, 0, 1584161, 1584161, 1584161, 1584161, 1584161, 1584161, 1584161, 0, 0, 0, 0, 0, 0, 0, 0, 0, 5, 0, 5, 5, 5, 5, 5, 5, 5, 1.0042, 2.58096e-08, 1.0042, 1.0042, 1.0042, 1.0042, 1.0042, 1.0042, 1.0042, 3799.91, 8.63167e-05, 3799.91, 3799.91, 3799.91, 3799.91, 3799.91, 3799.91, 3799.91, 1.00004, 1.49012e-08, 1.00004, 1.00004, 1.00004, 1.00004, 1.00004, 1.00004, 1.00004
Fri Dec 30 20:38:05 EST 2016, 4, 0.250, 6, 3.036, 0.432139, 2.73153, 3.34047, 2.62, 2.65, 3.105, 3.63, 3.75, 43284.8, 7.33212, 43279.6, 43290, 43280, 43280, 43280, 43296, 43296, 0, 0, 0, 0, 0, 0, 0, 0, 0, 0, 0, 0, 0, 0, 0, 0, 0, 0, 0, 0, 0, 0, 0, 0, 0, 0, 0, 0, 0, 0, 0, 0, 0, 0, 0, 0, 0, 0, 0, 0, 0, 0, 0, 0, 0, 0, 0, 0, 0, 0, 0, 0, 0, 0, 0, 0, 0, 0, 0, 0, 0, 0, 0, 0, 0, 0, 0, 0, 0, 0, 0, 0, 599995, 0, 599995, 599995, 599995, 599995, 599995, 599995, 599995, 1991004, 0, 1991004, 1991004, 1991004, 1991004, 1991004, 1991004, 1991004, 0, 0, 0, 0, 0, 0, 0, 0, 0, 5, 0, 5, 5, 5, 5, 5, 5, 5, 1.00222, 1.49012e-08, 1.00222, 1.00222, 1.00222, 1.00222, 1.00222, 1.00222, 1.00222, 5192.38, 0.000136479, 5192.38, 5192.38, 5192.38, 5192.38, 5192.38, 5192.38, 5192.38, 1.00003, 2.58096e-08, 1.00003, 1.00003, 1.00003, 1.00003, 1.00003, 1.00003, 1.00003
Fri Dec 30 20:39:07 EST 2016, 8, 0.250, 6, 3.109, 0.134792, 3.01403, 3.20397, 2.85, 3.01, 3.18, 3.22, 3.25, 45864, 8, 45858.4, 45869.6, 45856, 45856, 45872, 45872, 45872, 0, 0, 0, 0, 0, 0, 0, 0, 0, 0, 0, 0, 0, 0, 0, 0, 0, 0, 0, 0, 0, 0, 0, 0, 0, 0, 0, 0, 0, 0, 0, 0, 0, 0, 0, 0, 0, 0, 0, 0, 0, 0, 0, 0, 0, 0, 0, 0, 0, 0, 0, 0, 0, 0, 0, 0, 0, 0, 0, 0, 0, 0, 0, 0, 0, 0, 0, 0, 0, 0, 0, 0, 1056000, 0, 1056000, 1056000, 1056000, 1056000, 1056000, 1056000, 1056000, 1883392, 0, 1883392, 1883392, 1883392, 1883392, 1883392, 1883392, 1883392, 0, 0, 0, 0, 0, 0, 0, 0, 0, 5, 0, 5, 5, 5, 5, 5, 5, 5, 1.00224, 1.49012e-08, 1.00224, 1.00224, 1.00224, 1.00224, 1.00224, 1.00224, 1.00224, 5890.57, 0, 5890.57, 5890.57, 5890.57, 5890.57, 5890.57, 5890.57, 5890.57, 1.00002, 2.58096e-08, 1.00002, 1.00002, 1.00002, 1.00002, 1.00002, 1.00002, 1.00002
Fri Dec 30 20:40:10 EST 2016, 0, 0.500, 6, 2.512, 0.128981, 2.42113, 2.60287, 2.30, 2.39, 2.6, 2.62, 2.65, 42809.6, 10.6132, 42802.1, 42817.1, 42800, 42800, 42816, 42816, 42832, 0, 0, 0, 0, 0, 0, 0, 0, 0, 0, 0, 0, 0, 0, 0, 0, 0, 0, 0, 0, 0, 0, 0, 0, 0, 0, 0, 0, 0, 0, 0, 0, 0, 0, 0, 0, 0, 0, 0, 0, 0, 0, 0, 0, 0, 0, 0, 0, 0, 0, 0, 0, 0, 0, 0, 0, 0, 0, 0, 0, 0, 0, 0, 0, 0, 0, 0, 0, 0, 0, 0, 0, 2994000, 0, 2994000, 2994000, 2994000, 2994000, 2994000, 2994000, 2994000, 0, 0, 0, 0, 0, 0, 0, 0, 0, 0, 0, 0, 0, 0, 0, 0, 0, 0, 1, 0, 1, 1, 1, 1, 1, 1, 1, 1, 0, 1, 1, 1, 1, 1, 1, 1, 6000, 0, 6000, 6000, 6000, 6000, 6000, 6000, 6000, 1, 0, 1, 1, 1, 1, 1, 1, 1
Fri Dec 30 20:41:12 EST 2016, 1, 0.500, 6, 1.453, 0.145262, 1.35065, 1.55535, 1.28, 1.32, 1.5, 1.63, 1.64, 40870.4, 7.83837, 40864.9, 40875.9, 40864, 40864, 40872, 40880, 40880, 0, 0, 0, 0, 0, 0, 0, 0, 0, 0, 0, 0, 0, 0, 0, 0, 0, 0, 0, 0, 0, 0, 0, 0, 0, 0, 0, 0, 0, 0, 0, 0, 0, 0, 0, 0, 0, 0, 0, 0, 0, 0, 0, 0, 0, 0, 0, 0, 0, 0, 0, 0, 0, 0, 0, 0, 0, 0, 0, 0, 0, 0, 0, 0, 0, 0, 0, 0, 0, 0, 0, 0, 161998, 0, 161998, 161998, 161998, 161998, 161998, 161998, 161998, 1018644, 0, 1018644, 1018644, 1018644, 1018644, 1018644, 1018644, 1018644, 0, 0, 0, 0, 0, 0, 0, 0, 0, 6, 0, 6, 6, 6, 6, 6, 6, 6, 1.00962, 1.49012e-08, 1.00962, 1.00962, 1.00962, 1.00962, 1.00962, 1.00962, 1.00962, 2366.02, 0, 2366.02, 2366.02, 2366.02, 2366.02, 2366.02, 2366.02, 2366.02, 1.00004, 1.49012e-08, 1.00004, 1.00004, 1.00004, 1.00004, 1.00004, 1.00004, 1.00004
Fri Dec 30 20:42:14 EST 2016, 2, 0.500, 6, 2.237, 0.267471, 2.04855, 2.42545, 1.74, 2.08, 2.3, 2.65, 2.65, 41144, 10.7331, 41136.4, 41151.6, 41136, 41136, 41144, 41152, 41168, 0, 0, 0, 0, 0, 0, 0, 0, 0, 0, 0, 0, 0, 0, 0, 0, 0, 0, 0, 0, 0, 0, 0, 0, 0, 0, 0, 0, 0, 0, 0, 0, 0, 0, 0, 0, 0, 0, 0, 0, 0, 0, 0, 0, 0, 0, 0, 0, 0, 0, 0, 0, 0, 0, 0, 0, 0, 0, 0, 0, 0, 0, 0, 0, 0, 0, 0, 0, 0, 0, 0, 0, 317992, 0, 317992, 317992, 317992, 317992, 317992, 317992, 317992, 1578214, 0, 1578214, 1578214, 1578214, 1578214, 1578214, 1578214, 1578214, 0, 0, 0, 0, 0, 0, 0, 0, 0, 5, 0, 5, 5, 5, 5, 5, 5, 5, 1.00338, 0, 1.00338, 1.00338, 1.00338, 1.00338, 1.00338, 1.00338, 1.00338, 3800.01, 8.63167e-05, 3800.01, 3800.01, 3800.01, 3800.01, 3800.01, 3800.01, 3800.01, 1.00004, 1.49012e-08, 1.00004, 1.00004, 1.00004, 1.00004, 1.00004, 1.00004, 1.00004
Fri Dec 30 20:43:16 EST 2016, 4, 0.500, 6, 2.855, 0.275, 2.66125, 3.04875, 2.55, 2.70, 2.775, 3.27, 3.47, 42966.4, 7.83837, 42960.9, 42971.9, 42960, 42960, 42968, 42976, 42976, 0, 0, 0, 0, 0, 0, 0, 0, 0, 0, 0, 0, 0, 0, 0, 0, 0, 0, 0, 0, 0, 0, 0, 0, 0, 0, 0, 0, 0, 0, 0, 0, 0, 0, 0, 0, 0, 0, 0, 0, 0, 0, 0, 0, 0, 0, 0, 0, 0, 0, 0, 0, 0, 0, 0, 0, 0, 0, 0, 0, 0, 0, 0, 0, 0, 0, 0, 0, 0, 0, 0, 0, 593882, 0, 593882, 593882, 593882, 593882, 593882, 593882, 593882, 1997048, 0, 1997048, 1997048, 1997048, 1997048, 1997048, 1997048, 1997048, 0, 0, 0, 0, 0, 0, 0, 0, 0, 5, 0, 5, 5, 5, 5, 5, 5, 5, 1.00111, 2.10734e-08, 1.00111, 1.00111, 1.00111, 1.00111, 1.00111, 1.00111, 1.00111, 5192.24, 8.63167e-05, 5192.24, 5192.24, 5192.24, 5192.24, 5192.24, 5192.24, 5192.24, 1.00003, 2.58096e-08, 1.00003, 1.00003, 1.00003, 1.00003, 1.00003, 1.00003, 1.00003
Fri Dec 30 20:44:18 EST 2016, 8, 0.500, 6, 2.943, 0.239919, 2.77396, 3.11204, 2.47, 2.93, 3.105, 3.12, 3.19, 43520, 14.3108, 43509.9, 43530.1, 43488, 43520, 43520, 43536, 43536, 0, 0, 0, 0, 0, 0, 0, 0, 0, 0, 0, 0, 0, 0, 0, 0, 0, 0, 0, 0, 0, 0, 0, 0, 0, 0, 0, 0, 0, 0, 0, 0, 0, 0, 0, 0, 0, 0, 0, 0, 0, 0, 0, 0, 0, 0, 0, 0, 0, 0, 0, 0, 0, 0, 0, 0, 0, 0, 0, 0, 0, 0, 0, 0, 0, 0, 0, 0, 0, 0, 0, 0, 1050000, 0, 1050000, 1050000, 1050000, 1050000, 1050000, 1050000, 1050000, 1889425, 0, 1889425, 1889425, 1889425, 1889425, 1889425, 1889425, 1889425, 0, 0, 0, 0, 0, 0, 0, 0, 0, 5, 0, 5, 5, 5, 5, 5, 5, 5, 1.00223, 2.58096e-08, 1.00223, 1.00223, 1.00223, 1.00223, 1.00223, 1.00223, 1.00223, 5890.63, 0.000149505, 5890.63, 5890.63, 5890.63, 5890.63, 5890.63, 5890.63, 5890.63, 1.00002, 2.58096e-08, 1.00002, 1.00002, 1.00002, 1.00002, 1.00002, 1.00002, 1.00002
Fri Dec 30 20:45:20 EST 2016, 0, 0.000, 8, 3.315, 0.464031, 2.98806, 3.64194, 2.66, 2.86, 3.415, 3.89, 3.98, 60593.6, 23.1309, 60577.3, 60609.9, 60544, 60592, 60608, 60608, 60624, 0, 0, 0, 0, 0, 0, 0, 0, 0, 0, 0, 0, 0, 0, 0, 0, 0, 0, 0, 0, 0, 0, 0, 0, 0, 0, 0, 0, 0, 0, 0, 0, 0, 0, 0, 0, 0, 0, 0, 0, 0, 0, 0, 0, 0, 0, 0, 0, 0, 0, 0, 0, 0, 0, 0, 0, 0, 0, 0, 0, 0, 0, 0, 0, 0, 0, 0, 0, 0, 0, 0, 0, 3992000, 0, 3992000, 3992000, 3992000, 3992000, 3992000, 3992000, 3992000, 0, 0, 0, 0, 0, 0, 0, 0, 0, 0, 0, 0, 0, 0, 0, 0, 0, 0, 1, 0, 1, 1, 1, 1, 1, 1, 1, 1, 0, 1, 1, 1, 1, 1, 1, 1, 8000, 0, 8000, 8000, 8000, 8000, 8000, 8000, 8000, 1, 0, 1, 1, 1, 1, 1, 1, 1
Fri Dec 30 20:46:22 EST 2016, 1, 0.000, 8, 1.968, 0.147092, 1.86437, 2.07163, 1.66, 1.87, 2.04, 2.09, 2.19, 43737.6, 89.1417, 43674.8, 43800.4, 43472, 43760, 43776, 43776, 43776, 0, 0, 0, 0, 0, 0, 0, 0, 0, 0, 0, 0, 0, 0, 0, 0, 0, 0, 0, 0, 0, 0, 0, 0, 0, 0, 0, 0, 0, 0, 0, 0, 0, 0, 0, 0, 0, 0, 0, 0, 0, 0, 0, 0, 0, 0, 0, 0, 0, 0, 0, 0, 0, 0, 0, 0, 0, 0, 0, 0, 0, 0, 0, 0, 0, 0, 0, 0, 0, 0, 0, 0, 219126, 0, 219126, 219126, 219126, 219126, 219126, 219126, 219126, 1355722, 0, 1355722, 1355722, 1355722, 1355722, 1355722, 1355722, 1355722, 0, 0, 0, 0, 0, 0, 0, 0, 0, 5, 0, 5, 5, 5, 5, 5, 5, 5, 1, 0, 1, 1, 1, 1, 1, 1, 1, 3156.01, 4.31584e-05, 3156.01, 3156.01, 3156.01, 3156.01, 3156.01, 3156.01, 3156.01, 1.00003, 2.58096e-08, 1.00003, 1.00003, 1.00003, 1.00003, 1.00003, 1.00003, 1.00003
Fri Dec 30 20:47:24 EST 2016, 2, 0.000, 8, 2.86, 0.272507, 2.668, 3.052, 2.33, 2.80, 3.005, 3.06, 3.06, 46097.6, 15.0944, 46087, 46108.2, 46064, 46096, 46104, 46112, 46112, 0, 0, 0, 0, 0, 0, 0, 0, 0, 0, 0, 0, 0, 0, 0, 0, 0, 0, 0, 0, 0, 0, 0, 0, 0, 0, 0, 0, 0, 0, 0, 0, 0, 0, 0, 0, 0, 0, 0, 0, 0, 0, 0, 0, 0, 0, 0, 0, 0, 0, 0, 0, 0, 0, 0, 0, 0, 0, 0, 0, 0, 0, 0, 0, 0, 0, 0, 0, 0, 0, 0, 0, 422954, 0, 422954, 422954, 422954, 422954, 422954, 422954, 422954, 2104554, 0, 2104554, 2104554, 2104554, 2104554, 2104554, 2104554, 2104554, 0, 0, 0, 0, 0, 0, 0, 0, 0, 5, 0, 5, 5, 5, 5, 5, 5, 5, 1.00085, 1.49012e-08, 1.00085, 1.00085, 1.00085, 1.00085, 1.00085, 1.00085, 1.00085, 5065.15, 6.10352e-05, 5065.15, 5065.15, 5065.15, 5065.15, 5065.15, 5065.15, 5065.15, 1.00003, 2.58096e-08, 1.00003, 1.00003, 1.00003, 1.00003, 1.00003, 1.00003, 1.00003
Fri Dec 30 20:48:26 EST 2016, 4, 0.000, 8, 3.624, 0.062, 3.58032, 3.66768, 3.54, 3.57, 3.62, 3.71, 3.71, 60089.6, 7.83837, 60084.1, 60095.1, 60080, 60080, 60096, 60096, 60096, 0, 0, 0, 0, 0, 0, 0, 0, 0, 0, 0, 0, 0, 0, 0, 0, 0, 0, 0, 0, 0, 0, 0, 0, 0, 0, 0, 0, 0, 0, 0, 0, 0, 0, 0, 0, 0, 0, 0, 0, 0, 0, 0, 0, 0, 0, 0, 0, 0, 0, 0, 0, 0, 0, 0, 0, 0, 0, 0, 0, 0, 0, 0, 0, 0, 0, 0, 0, 0, 0, 0, 0, 791957, 0, 791957, 791957, 791957, 791957, 791957, 791957, 791957, 2660881, 0, 2660881, 2660881, 2660881, 2660881, 2660881, 2660881, 2660881, 0, 0, 0, 0, 0, 0, 0, 0, 0, 5, 0, 5, 5, 5, 5, 5, 5, 5, 1.0011, 1.49012e-08, 1.0011, 1.0011, 1.0011, 1.0011, 1.0011, 1.0011, 1.0011, 6919.52, 0.00012207, 6919.52, 6919.52, 6919.52, 6919.52, 6919.52, 6919.52, 6919.52, 1.00002, 2.58096e-08, 1.00002, 1.00002, 1.00002, 1.00002, 1.00002, 1.00002, 1.00002
Fri Dec 30 20:49:29 EST 2016, 8, 0.000, 8, 4.036, 0.360644, 3.78191, 4.29009, 3.60, 3.74, 4.035, 4.47, 4.78, 61812.8, 7.33212, 61807.6, 61818, 61808, 61808, 61808, 61824, 61824, 0, 0, 0, 0, 0, 0, 0, 0, 0, 0, 0, 0, 0, 0, 0, 0, 0, 0, 0, 0, 0, 0, 0, 0, 0, 0, 0, 0, 0, 0, 0, 0, 0, 0, 0, 0, 0, 0, 0, 0, 0, 0, 0, 0, 0, 0, 0, 0, 0, 0, 0, 0, 0, 0, 0, 0, 0, 0, 0, 0, 0, 0, 0, 0, 0, 0, 0, 0, 0, 0, 0, 0, 1400000, 0, 1400000, 1400000, 1400000, 1400000, 1400000, 1400000, 1400000, 2519231, 0, 2519231, 2519231, 2519231, 2519231, 2519231, 2519231, 2519231, 0, 0, 0, 0, 0, 0, 0, 0, 0, 5, 0, 5, 5, 5, 5, 5, 5, 5, 1.00221, 1.49012e-08, 1.00221, 1.00221, 1.00221, 1.00221, 1.00221, 1.00221, 1.00221, 7854.17, 0, 7854.17, 7854.17, 7854.17, 7854.17, 7854.17, 7854.17, 7854.17, 1.00001, 2.58096e-08, 1.00001, 1.00001, 1.00001, 1.00001, 1.00001, 1.00001, 1.00001
Fri Dec 30 20:50:31 EST 2016, 0, 0.250, 8, 3.456, 0.371973, 3.19392, 3.71808, 3.10, 3.12, 3.565, 3.94, 4.17, 57032, 10.7331, 57024.4, 57039.6, 57024, 57024, 57032, 57040, 57056, 0, 0, 0, 0, 0, 0, 0, 0, 0, 0, 0, 0, 0, 0, 0, 0, 0, 0, 0, 0, 0, 0, 0, 0, 0, 0, 0, 0, 0, 0, 0, 0, 0, 0, 0, 0, 0, 0, 0, 0, 0, 0, 0, 0, 0, 0, 0, 0, 0, 0, 0, 0, 0, 0, 0, 0, 0, 0, 0, 0, 0, 0, 0, 0, 0, 0, 0, 0, 0, 0, 0, 0, 3992000, 0, 3992000, 3992000, 3992000, 3992000, 3992000, 3992000, 3992000, 0, 0, 0, 0, 0, 0, 0, 0, 0, 0, 0, 0, 0, 0, 0, 0, 0, 0, 1, 0, 1, 1, 1, 1, 1, 1, 1, 1, 0, 1, 1, 1, 1, 1, 1, 1, 8000, 0, 8000, 8000, 8000, 8000, 8000, 8000, 8000, 1, 0, 1, 1, 1, 1, 1, 1, 1
Fri Dec 30 20:51:32 EST 2016, 1, 0.250, 8, 2.046, 0.168119, 1.92755, 2.16445, 1.75, 1.91, 2.125, 2.24, 2.29, 42873.6, 7.83837, 42868.1, 42879.1, 42864, 42864, 42880, 42880, 42880, 0, 0, 0, 0, 0, 0, 0, 0, 0, 0, 0, 0, 0, 0, 0, 0, 0, 0, 0, 0, 0, 0, 0, 0, 0, 0, 0, 0, 0, 0, 0, 0, 0, 0, 0, 0, 0, 0, 0, 0, 0, 0, 0, 0, 0, 0, 0, 0, 0, 0, 0, 0, 0, 0, 0, 0, 0, 0, 0, 0, 0, 0, 0, 0, 0, 0, 0, 0, 0, 0, 0, 0, 207996, 0, 207996, 207996, 207996, 207996, 207996, 207996, 207996, 1366845, 0, 1366845, 1366845, 1366845, 1366845, 1366845, 1366845, 1366845, 0, 0, 0, 0, 0, 0, 0, 0, 0, 5, 0, 5, 5, 5, 5, 5, 5, 5, 1.00966, 1.49012e-08, 1.00966, 1.00966, 1.00966, 1.00966, 1.00966, 1.00966, 1.00966, 3155.99, 6.10352e-05, 3155.99, 3155.99, 3155.99, 3155.99, 3155.99, 3155.99, 3155.99, 1.00003, 2.58096e-08, 1.00003, 1.00003, 1.00003, 1.00003, 1.00003, 1.00003, 1.00003
Fri Dec 30 20:52:34 EST 2016, 2, 0.250, 8, 2.904, 0.279507, 2.70707, 3.10093, 2.29, 2.85, 2.935, 3.12, 3.45, 44854.4, 10.6132, 44846.9, 44861.9, 44832, 44848, 44864, 44864, 44864, 0, 0, 0, 0, 0, 0, 0, 0, 0, 0, 0, 0, 0, 0, 0, 0, 0, 0, 0, 0, 0, 0, 0, 0, 0, 0, 0, 0, 0, 0, 0, 0, 0, 0, 0, 0, 0, 0, 0, 0, 0, 0, 0, 0, 0, 0, 0, 0, 0, 0, 0, 0, 0, 0, 0, 0, 0, 0, 0, 0, 0, 0, 0, 0, 0, 0, 0, 0, 0, 0, 0, 0, 406953, 0, 406953, 406953, 406953, 406953, 406953, 406953, 406953, 2120478, 0, 2120478, 2120478, 2120478, 2120478, 2120478, 2120478, 2120478, 0, 0, 0, 0, 0, 0, 0, 0, 0, 5, 0, 5, 5, 5, 5, 5, 5, 5, 1.00084, 0, 1.00084, 1.00084, 1.00084, 1.00084, 1.00084, 1.00084, 1.00084, 5064.99, 0.000105716, 5064.99, 5064.99, 5064.99, 5064.99, 5064.99, 5064.99, 5064.99, 1.00003, 2.58096e-08, 1.00003, 1.00003, 1.00003, 1.00003, 1.00003, 1.00003, 1.00003
Fri Dec 30 20:53:42 EST 2016, 4, 0.250, 8, 4.038, 0.876685, 3.42033, 4.65567, 3.41, 3.49, 3.7, 4.77, 6.34, 47508.8, 7.33212, 47503.6, 47514, 47504, 47504, 47504, 47520, 47520, 0, 0, 0, 0, 0, 0, 0, 0, 0, 0, 0, 0, 0, 0, 0, 0, 0, 0, 0, 0, 0, 0, 0, 0, 0, 0, 0, 0, 0, 0, 0, 0, 0, 0, 0, 0, 0, 0, 0, 0, 0, 0, 0, 0, 0, 0, 0, 0, 0, 0, 0, 0, 0, 0, 0, 0, 0, 0, 0, 0, 0, 0, 0, 0, 0, 0, 0, 0, 0, 0, 0, 0, 775835, 0, 775835, 775835, 775835, 775835, 775835, 775835, 775835, 2677052, 0, 2677052, 2677052, 2677052, 2677052, 2677052, 2677052, 2677052, 0, 0, 0, 0, 0, 0, 0, 0, 0, 5, 0, 5, 5, 5, 5, 5, 5, 5, 1.00109, 2.10734e-08, 1.00109, 1.00109, 1.00109, 1.00109, 1.00109, 1.00109, 1.00109, 6919.61, 0.00012207, 6919.61, 6919.61, 6919.61, 6919.61, 6919.61, 6919.61, 6919.61, 1.00002, 2.58096e-08, 1.00002, 1.00002, 1.00002, 1.00002, 1.00002, 1.00002, 1.00002
Fri Dec 30 20:54:44 EST 2016, 8, 0.250, 8, 4.117, 0.817803, 3.54081, 4.69319, 3.05, 3.80, 4.075, 4.38, 6.31, 58342.4, 10.6132, 58334.9, 58349.9, 58336, 58336, 58336, 58352, 58368, 0, 0, 0, 0, 0, 0, 0, 0, 0, 0, 0, 0, 0, 0, 0, 0, 0, 0, 0, 0, 0, 0, 0, 0, 0, 0, 0, 0, 0, 0, 0, 0, 0, 0, 0, 0, 0, 0, 0, 0, 0, 0, 0, 0, 0, 0, 0, 0, 0, 0, 0, 0, 0, 0, 0, 0, 0, 0, 0, 0, 0, 0, 0, 0, 0, 0, 0, 0, 0, 0, 0, 0, 1360000, 0, 1360000, 1360000, 1360000, 1360000, 1360000, 1360000, 1360000, 2559241, 0, 2559241, 2559241, 2559241, 2559241, 2559241, 2559241, 2559241, 0, 0, 0, 0, 0, 0, 0, 0, 0, 5, 0, 5, 5, 5, 5, 5, 5, 5, 1.00207, 1.49012e-08, 1.00207, 1.00207, 1.00207, 1.00207, 1.00207, 1.00207, 1.00207, 7854.19, 0.00012207, 7854.19, 7854.19, 7854.19, 7854.19, 7854.19, 7854.19, 7854.19, 1.00001, 2.58096e-08, 1.00001, 1.00001, 1.00001, 1.00001, 1.00001, 1.00001, 1.00001
Fri Dec 30 20:55:45 EST 2016, 0, 0.500, 8, 3.392, 0.500995, 3.03902, 3.74498, 2.99, 3.08, 3.25, 4.10, 4.60, 55830.4, 7.83837, 55824.9, 55835.9, 55824, 55824, 55832, 55840, 55840, 0, 0, 0, 0, 0, 0, 0, 0, 0, 0, 0, 0, 0, 0, 0, 0, 0, 0, 0, 0, 0, 0, 0, 0, 0, 0, 0, 0, 0, 0, 0, 0, 0, 0, 0, 0, 0, 0, 0, 0, 0, 0, 0, 0, 0, 0, 0, 0, 0, 0, 0, 0, 0, 0, 0, 0, 0, 0, 0, 0, 0, 0, 0, 0, 0, 0, 0, 0, 0, 0, 0, 0, 3992000, 0, 3992000, 3992000, 3992000, 3992000, 3992000, 3992000, 3992000, 0, 0, 0, 0, 0, 0, 0, 0, 0, 0, 0, 0, 0, 0, 0, 0, 0, 0, 1, 0, 1, 1, 1, 1, 1, 1, 1, 1, 0, 1, 1, 1, 1, 1, 1, 1, 8000, 0, 8000, 8000, 8000, 8000, 8000, 8000, 8000, 1, 0, 1, 1, 1, 1, 1, 1, 1
Fri Dec 30 20:56:42 EST 2016, 1, 0.500, 8, 1.931, 0.171023, 1.8105, 2.0515, 1.81, 1.83, 1.9, 2.02, 2.40, 43288, 8, 43282.4, 43293.6, 43280, 43280, 43296, 43296, 43296, 0, 0, 0, 0, 0, 0, 0, 0, 0, 0, 0, 0, 0, 0, 0, 0, 0, 0, 0, 0, 0, 0, 0, 0, 0, 0, 0, 0, 0, 0, 0, 0, 0, 0, 0, 0, 0, 0, 0, 0, 0, 0, 0, 0, 0, 0, 0, 0, 0, 0, 0, 0, 0, 0, 0, 0, 0, 0, 0, 0, 0, 0, 0, 0, 0, 0, 0, 0, 0, 0, 0, 0, 215927, 0, 215927, 215927, 215927, 215927, 215927, 215927, 215927, 1358892, 0, 1358892, 1358892, 1358892, 1358892, 1358892, 1358892, 1358892, 0, 0, 0, 0, 0, 0, 0, 0, 0, 5, 0, 5, 5, 5, 5, 5, 5, 5, 1.00522, 1.49012e-08, 1.00522, 1.00522, 1.00522, 1.00522, 1.00522, 1.00522, 1.00522, 3155.95, 4.31584e-05, 3155.95, 3155.95, 3155.95, 3155.95, 3155.95, 3155.95, 3155.95, 1.00003, 2.58096e-08, 1.00003, 1.00003, 1.00003, 1.00003, 1.00003, 1.00003, 1.00003
Fri Dec 30 20:57:49 EST 2016, 2, 0.500, 8, 3.184, 0.489657, 2.83901, 3.52899, 2.72, 2.77, 3.26, 3.90, 3.94, 44107.2, 7.33212, 44102, 44112.4, 44096, 44096, 44112, 44112, 44112, 0, 0, 0, 0, 0, 0, 0, 0, 0, 0, 0, 0, 0, 0, 0, 0, 0, 0, 0, 0, 0, 0, 0, 0, 0, 0, 0, 0, 0, 0, 0, 0, 0, 0, 0, 0, 0, 0, 0, 0, 0, 0, 0, 0, 0, 0, 0, 0, 0, 0, 0, 0, 0, 0, 0, 0, 0, 0, 0, 0, 0, 0, 0, 0, 0, 0, 0, 0, 0, 0, 0, 0, 415984, 0, 415984, 415984, 415984, 415984, 415984, 415984, 415984, 2111375, 0, 2111375, 2111375, 2111375, 2111375, 2111375, 2111375, 2111375, 0, 0, 0, 0, 0, 0, 0, 0, 0, 5, 0, 5, 5, 5, 5, 5, 5, 5, 1.00336, 2.58096e-08, 1.00336, 1.00336, 1.00336, 1.00336, 1.00336, 1.00336, 1.00336, 5064.85, 0.000105716, 5064.85, 5064.85, 5064.85, 5064.85, 5064.85, 5064.85, 5064.85, 1.00003, 2.58096e-08, 1.00003, 1.00003, 1.00003, 1.00003, 1.00003, 1.00003, 1.00003
Fri Dec 30 20:58:51 EST 2016, 4, 0.500, 8, 3.625, 0.118933, 3.54121, 3.70879, 3.57, 3.58, 3.59, 3.61, 3.98, 48025.6, 10.6132, 48018.1, 48033.1, 48016, 48016, 48032, 48032, 48048, 0, 0, 0, 0, 0, 0, 0, 0, 0, 0, 0, 0, 0, 0, 0, 0, 0, 0, 0, 0, 0, 0, 0, 0, 0, 0, 0, 0, 0, 0, 0, 0, 0, 0, 0, 0, 0, 0, 0, 0, 0, 0, 0, 0, 0, 0, 0, 0, 0, 0, 0, 0, 0, 0, 0, 0, 0, 0, 0, 0, 0, 0, 0, 0, 0, 0, 0, 0, 0, 0, 0, 0, 766890, 0, 766890, 766890, 766890, 766890, 766890, 766890, 766890, 2686027, 0, 2686027, 2686027, 2686027, 2686027, 2686027, 2686027, 2686027, 0, 0, 0, 0, 0, 0, 0, 0, 0, 5, 0, 5, 5, 5, 5, 5, 5, 5, 1, 0, 1, 1, 1, 1, 1, 1, 1, 6919.67, 8.63167e-05, 6919.67, 6919.67, 6919.67, 6919.67, 6919.67, 6919.67, 6919.67, 1.00002, 2.58096e-08, 1.00002, 1.00002, 1.00002, 1.00002, 1.00002, 1.00002, 1.00002
Fri Dec 30 20:59:53 EST 2016, 8, 0.500, 8, 4.18, 0.704173, 3.68387, 4.67613, 3.74, 3.78, 3.895, 4.59, 6.16, 57750.4, 7.83837, 57744.9, 57755.9, 57744, 57744, 57752, 57760, 57760, 0, 0, 0, 0, 0, 0, 0, 0, 0, 0, 0, 0, 0, 0, 0, 0, 0, 0, 0, 0, 0, 0, 0, 0, 0, 0, 0, 0, 0, 0, 0, 0, 0, 0, 0, 0, 0, 0, 0, 0, 0, 0, 0, 0, 0, 0, 0, 0, 0, 0, 0, 0, 0, 0, 0, 0, 0, 0, 0, 0, 0, 0, 0, 0, 0, 0, 0, 0, 0, 0, 0, 0, 1352000, 0, 1352000, 1352000, 1352000, 1352000, 1352000, 1352000, 1352000, 2567221, 0, 2567221, 2567221, 2567221, 2567221, 2567221, 2567221, 2567221, 0, 0, 0, 0, 0, 0, 0, 0, 0, 5, 0, 5, 5, 5, 5, 5, 5, 5, 1.00205, 1.49012e-08, 1.00205, 1.00205, 1.00205, 1.00205, 1.00205, 1.00205, 1.00205, 7854.15, 0.00012207, 7854.15, 7854.15, 7854.15, 7854.15, 7854.15, 7854.15, 7854.15, 1.00001, 2.58096e-08, 1.00001, 1.00001, 1.00001, 1.00001, 1.00001, 1.00001, 1.00001
Fri Dec 30 21:00:55 EST 2016, 0, 0.000, 10, 4.222, 0.382539, 3.95248, 4.49152, 3.94, 3.97, 4.065, 4.62, 5.12, 67046.4, 7.83837, 67040.9, 67051.9, 67040, 67040, 67048, 67056, 67056, 0, 0, 0, 0, 0, 0, 0, 0, 0, 0, 0, 0, 0, 0, 0, 0, 0, 0, 0, 0, 0, 0, 0, 0, 0, 0, 0, 0, 0, 0, 0, 0, 0, 0, 0, 0, 0, 0, 0, 0, 0, 0, 0, 0, 0, 0, 0, 0, 0, 0, 0, 0, 0, 0, 0, 0, 0, 0, 0, 0, 0, 0, 0, 0, 0, 0, 0, 0, 0, 0, 0, 0, 4990000, 0, 4990000, 4990000, 4990000, 4990000, 4990000, 4990000, 4990000, 0, 0, 0, 0, 0, 0, 0, 0, 0, 0, 0, 0, 0, 0, 0, 0, 0, 0, 1, 0, 1, 1, 1, 1, 1, 1, 1, 1, 0, 1, 1, 1, 1, 1, 1, 1, 10000, 0, 10000, 10000, 10000, 10000, 10000, 10000, 10000, 1, 0, 1, 1, 1, 1, 1, 1, 1
Fri Dec 30 21:01:52 EST 2016, 1, 0.000, 10, 2.272, 0.196815, 2.13333, 2.41067, 1.99, 2.20, 2.275, 2.54, 2.66, 45094.4, 7.83837, 45088.9, 45099.9, 45088, 45088, 45096, 45104, 45104, 0, 0, 0, 0, 0, 0, 0, 0, 0, 0, 0, 0, 0, 0, 0, 0, 0, 0, 0, 0, 0, 0, 0, 0, 0, 0, 0, 0, 0, 0, 0, 0, 0, 0, 0, 0, 0, 0, 0, 0, 0, 0, 0, 0, 0, 0, 0, 0, 0, 0, 0, 0, 0, 0, 0, 0, 0, 0, 0, 0, 0, 0, 0, 0, 0, 0, 0, 0, 0, 0, 0, 0, 259962, 0, 259962, 259962, 259962, 259962, 259962, 259962, 259962, 1708325, 0, 1708325, 1708325, 1708325, 1708325, 1708325, 1708325, 1708325, 0, 0, 0, 0, 0, 0, 0, 0, 0, 5, 0, 5, 5, 5, 5, 5, 5, 5, 1.00669, 1.49012e-08, 1.00669, 1.00669, 1.00669, 1.00669, 1.00669, 1.00669, 1.00669, 3944.46, 4.31584e-05, 3944.46, 3944.46, 3944.46, 3944.46, 3944.46, 3944.46, 3944.46, 1.00002, 2.58096e-08, 1.00002, 1.00002, 1.00002, 1.00002, 1.00002, 1.00002, 1.00002
Fri Dec 30 21:02:54 EST 2016, 2, 0.000, 10, 3.009, 0.200721, 2.86758, 3.15042, 2.70, 2.80, 3.115, 3.21, 3.33, 49196.8, 9.6, 49190, 49203.6, 49184, 49184, 49200, 49200, 49216, 0, 0, 0, 0, 0, 0, 0, 0, 0, 0, 0, 0, 0, 0, 0, 0, 0, 0, 0, 0, 0, 0, 0, 0, 0, 0, 0, 0, 0, 0, 0, 0, 0, 0, 0, 0, 0, 0, 0, 0, 0, 0, 0, 0, 0, 0, 0, 0, 0, 0, 0, 0, 0, 0, 0, 0, 0, 0, 0, 0, 0, 0, 0, 0, 0, 0, 0, 0, 0, 0, 0, 0, 516318, 0, 516318, 516318, 516318, 516318, 516318, 516318, 516318, 2640843, 0, 2640843, 2640843, 2640843, 2640843, 2640843, 2640843, 2640843, 0, 0, 0, 0, 0, 0, 0, 0, 0, 5, 0, 5, 5, 5, 5, 5, 5, 5, 1, 0, 1, 1, 1, 1, 1, 1, 1, 6326.98, 0.00012207, 6326.98, 6326.98, 6326.98, 6326.98, 6326.98, 6326.98, 6326.98, 1.00002, 2.58096e-08, 1.00002, 1.00002, 1.00002, 1.00002, 1.00002, 1.00002, 1.00002
Fri Dec 30 21:04:01 EST 2016, 4, 0.000, 10, 4.264, 0.23118, 4.10112, 4.42688, 3.84, 4.17, 4.255, 4.41, 4.80, 65577.6, 7.83837, 65572.1, 65583.1, 65568, 65568, 65584, 65584, 65584, 0, 0, 0, 0, 0, 0, 0, 0, 0, 0, 0, 0, 0, 0, 0, 0, 0, 0, 0, 0, 0, 0, 0, 0, 0, 0, 0, 0, 0, 0, 0, 0, 0, 0, 0, 0, 0, 0, 0, 0, 0, 0, 0, 0, 0, 0, 0, 0, 0, 0, 0, 0, 0, 0, 0, 0, 0, 0, 0, 0, 0, 0, 0, 0, 0, 0, 0, 0, 0, 0, 0, 0, 959973, 0, 959973, 959973, 959973, 959973, 959973, 959973, 959973, 3356136, 0, 3356136, 3356136, 3356136, 3356136, 3356136, 3356136, 3356136, 0, 0, 0, 0, 0, 0, 0, 0, 0, 5, 0, 5, 5, 5, 5, 5, 5, 5, 1.00108, 1.49012e-08, 1.00108, 1.00108, 1.00108, 1.00108, 1.00108, 1.00108, 1.00108, 8649.52, 0.000211432, 8649.52, 8649.52, 8649.52, 8649.52, 8649.52, 8649.52, 8649.52, 1.00002, 2.58096e-08, 1.00002, 1.00002, 1.00002, 1.00002, 1.00002, 1.00002, 1.00002
Fri Dec 30 21:05:03 EST 2016, 8, 0.000, 10, 4.903, 0.160627, 4.78983, 5.01617, 4.52, 4.87, 4.93, 4.96, 5.22, 69233.6, 81.4115, 69176.2, 69291, 69072, 69264, 69272, 69280, 69296, 0, 0, 0, 0, 0, 0, 0, 0, 0, 0, 0, 0, 0, 0, 0, 0, 0, 0, 0, 0, 0, 0, 0, 0, 0, 0, 0, 0, 0, 0, 0, 0, 0, 0, 0, 0, 0, 0, 0, 0, 0, 0, 0, 0, 0, 0, 0, 0, 0, 0, 0, 0, 0, 0, 0, 0, 0, 0, 0, 0, 0, 0, 0, 0, 0, 0, 0, 0, 0, 0, 0, 0, 1680000, 0, 1680000, 1680000, 1680000, 1680000, 1680000, 1680000, 1680000, 3219187, 0, 3219187, 3219187, 3219187, 3219187, 3219187, 3219187, 3219187, 0, 0, 0, 0, 0, 0, 0, 0, 0, 5, 0, 5, 5, 5, 5, 5, 5, 5, 1.00202, 0, 1.00202, 1.00202, 1.00202, 1.00202, 1.00202, 1.00202, 1.00202, 9818.01, 0.000211432, 9818.01, 9818.01, 9818.01, 9818.01, 9818.01, 9818.01, 9818.01, 1.00001, 2.58096e-08, 1.00001, 1.00001, 1.00001, 1.00001, 1.00001, 1.00001, 1.00001
Fri Dec 30 21:06:06 EST 2016, 0, 0.250, 10, 4.062, 0.519149, 3.69623, 4.42777, 2.97, 3.98, 4.05, 4.43, 5.20, 63072, 18.9315, 63058.7, 63085.3, 63056, 63056, 63072, 63088, 63120, 0, 0, 0, 0, 0, 0, 0, 0, 0, 0, 0, 0, 0, 0, 0, 0, 0, 0, 0, 0, 0, 0, 0, 0, 0, 0, 0, 0, 0, 0, 0, 0, 0, 0, 0, 0, 0, 0, 0, 0, 0, 0, 0, 0, 0, 0, 0, 0, 0, 0, 0, 0, 0, 0, 0, 0, 0, 0, 0, 0, 0, 0, 0, 0, 0, 0, 0, 0, 0, 0, 0, 0, 4990000, 0, 4990000, 4990000, 4990000, 4990000, 4990000, 4990000, 4990000, 0, 0, 0, 0, 0, 0, 0, 0, 0, 0, 0, 0, 0, 0, 0, 0, 0, 0, 1, 0, 1, 1, 1, 1, 1, 1, 1, 1, 0, 1, 1, 1, 1, 1, 1, 1, 10000, 0, 10000, 10000, 10000, 10000, 10000, 10000, 10000, 1, 0, 1, 1, 1, 1, 1, 1, 1
Fri Dec 30 21:07:03 EST 2016, 1, 0.250, 10, 2.419, 0.204375, 2.27501, 2.56299, 2.20, 2.29, 2.35, 2.77, 2.81, 44244.8, 7.33212, 44239.6, 44250, 44240, 44240, 44240, 44256, 44256, 0, 0, 0, 0, 0, 0, 0, 0, 0, 0, 0, 0, 0, 0, 0, 0, 0, 0, 0, 0, 0, 0, 0, 0, 0, 0, 0, 0, 0, 0, 0, 0, 0, 0, 0, 0, 0, 0, 0, 0, 0, 0, 0, 0, 0, 0, 0, 0, 0, 0, 0, 0, 0, 0, 0, 0, 0, 0, 0, 0, 0, 0, 0, 0, 0, 0, 0, 0, 0, 0, 0, 0, 258635, 0, 258635, 258635, 258635, 258635, 258635, 258635, 258635, 1709732, 0, 1709732, 1709732, 1709732, 1709732, 1709732, 1709732, 1709732, 0, 0, 0, 0, 0, 0, 0, 0, 0, 5, 0, 5, 5, 5, 5, 5, 5, 5, 1.00149, 2.10734e-08, 1.00149, 1.00149, 1.00149, 1.00149, 1.00149, 1.00149, 1.00149, 3944.62, 4.31584e-05, 3944.62, 3944.62, 3944.62, 3944.62, 3944.62, 3944.62, 3944.62, 1.00002, 2.58096e-08, 1.00002, 1.00002, 1.00002, 1.00002, 1.00002, 1.00002, 1.00002
Fri Dec 30 21:08:05 EST 2016, 2, 0.250, 10, 3.489, 0.306478, 3.27307, 3.70493, 3.04, 3.23, 3.645, 3.83, 3.92, 47420.8, 23.5151, 47404.2, 47437.4, 47376, 47424, 47432, 47440, 47440, 0, 0, 0, 0, 0, 0, 0, 0, 0, 0, 0, 0, 0, 0, 0, 0, 0, 0, 0, 0, 0, 0, 0, 0, 0, 0, 0, 0, 0, 0, 0, 0, 0, 0, 0, 0, 0, 0, 0, 0, 0, 0, 0, 0, 0, 0, 0, 0, 0, 0, 0, 0, 0, 0, 0, 0, 0, 0, 0, 0, 0, 0, 0, 0, 0, 0, 0, 0, 0, 0, 0, 0, 499976, 0, 499976, 499976, 499976, 499976, 499976, 499976, 499976, 2657259, 0, 2657259, 2657259, 2657259, 2657259, 2657259, 2657259, 2657259, 0, 0, 0, 0, 0, 0, 0, 0, 0, 5, 0, 5, 5, 5, 5, 5, 5, 5, 1.00333, 1.49012e-08, 1.00333, 1.00333, 1.00333, 1.00333, 1.00333, 1.00333, 1.00333, 6327.12, 0, 6327.12, 6327.12, 6327.12, 6327.12, 6327.12, 6327.12, 6327.12, 1.00002, 2.58096e-08, 1.00002, 1.00002, 1.00002, 1.00002, 1.00002, 1.00002, 1.00002
Fri Dec 30 21:09:11 EST 2016, 4, 0.250, 10, 4.877, 0.622817, 4.43819, 5.31581, 4.32, 4.55, 4.67, 6.05, 6.15, 61921.6, 20.8, 61906.9, 61936.3, 61904, 61904, 61920, 61952, 61968, 0, 0, 0, 0, 0, 0, 0, 0, 0, 0, 0, 0, 0, 0, 0, 0, 0, 0, 0, 0, 0, 0, 0, 0, 0, 0, 0, 0, 0, 0, 0, 0, 0, 0, 0, 0, 0, 0, 0, 0, 0, 0, 0, 0, 0, 0, 0, 0, 0, 0, 0, 0, 0, 0, 0, 0, 0, 0, 0, 0, 0, 0, 0, 0, 0, 0, 0, 0, 0, 0, 0, 0, 929980, 0, 929980, 929980, 929980, 929980, 929980, 929980, 929980, 3386090, 0, 3386090, 3386090, 3386090, 3386090, 3386090, 3386090, 3386090, 0, 0, 0, 0, 0, 0, 0, 0, 0, 5, 0, 5, 5, 5, 5, 5, 5, 5, 1.00106, 2.10734e-08, 1.00106, 1.00106, 1.00106, 1.00106, 1.00106, 1.00106, 1.00106, 8649.44, 0.00012207, 8649.44, 8649.44, 8649.44, 8649.44, 8649.44, 8649.44, 8649.44, 1.00002, 2.58096e-08, 1.00002, 1.00002, 1.00002, 1.00002, 1.00002, 1.00002, 1.00002
Fri Dec 30 21:10:13 EST 2016, 8, 0.250, 10, 5.282, 1.10952, 4.50028, 6.06372, 3.77, 4.70, 5.015, 6.71, 7.91, 64780.8, 9.6, 64774, 64787.6, 64768, 64768, 64784, 64784, 64800, 0, 0, 0, 0, 0, 0, 0, 0, 0, 0, 0, 0, 0, 0, 0, 0, 0, 0, 0, 0, 0, 0, 0, 0, 0, 0, 0, 0, 0, 0, 0, 0, 0, 0, 0, 0, 0, 0, 0, 0, 0, 0, 0, 0, 0, 0, 0, 0, 0, 0, 0, 0, 0, 0, 0, 0, 0, 0, 0, 0, 0, 0, 0, 0, 0, 0, 0, 0, 0, 0, 0, 0, 1659999, 0, 1659999, 1659999, 1659999, 1659999, 1659999, 1659999, 1659999, 3239209, 0, 3239209, 3239209, 3239209, 3239209, 3239209, 3239209, 3239209, 0, 0, 0, 0, 0, 0, 0, 0, 0, 5, 0, 5, 5, 5, 5, 5, 5, 5, 1.00198, 2.10734e-08, 1.00198, 1.00198, 1.00198, 1.00198, 1.00198, 1.00198, 1.00198, 9818.05, 0.000172633, 9818.05, 9818.05, 9818.05, 9818.05, 9818.05, 9818.05, 9818.05, 1.00001, 2.58096e-08, 1.00001, 1.00001, 1.00001, 1.00001, 1.00001, 1.00001, 1.00001
Fri Dec 30 21:11:15 EST 2016, 0, 0.500, 10, 4.261, 0.581747, 3.85113, 4.67087, 3.55, 4.00, 4.15, 5.21, 5.50, 61444.8, 7.33212, 61439.6, 61450, 61440, 61440, 61440, 61456, 61456, 0, 0, 0, 0, 0, 0, 0, 0, 0, 0, 0, 0, 0, 0, 0, 0, 0, 0, 0, 0, 0, 0, 0, 0, 0, 0, 0, 0, 0, 0, 0, 0, 0, 0, 0, 0, 0, 0, 0, 0, 0, 0, 0, 0, 0, 0, 0, 0, 0, 0, 0, 0, 0, 0, 0, 0, 0, 0, 0, 0, 0, 0, 0, 0, 0, 0, 0, 0, 0, 0, 0, 0, 4990000, 0, 4990000, 4990000, 4990000, 4990000, 4990000, 4990000, 4990000, 0, 0, 0, 0, 0, 0, 0, 0, 0, 0, 0, 0, 0, 0, 0, 0, 0, 0, 1, 0, 1, 1, 1, 1, 1, 1, 1, 1, 0, 1, 1, 1, 1, 1, 1, 1, 10000, 0, 10000, 10000, 10000, 10000, 10000, 10000, 10000, 1, 0, 1, 1, 1, 1, 1, 1, 1
Fri Dec 30 21:12:12 EST 2016, 1, 0.500, 10, 2.408, 0.234683, 2.24265, 2.57335, 1.98, 2.28, 2.52, 2.70, 2.71, 44198.4, 7.83837, 44192.9, 44203.9, 44192, 44192, 44200, 44208, 44208, 0, 0, 0, 0, 0, 0, 0, 0, 0, 0, 0, 0, 0, 0, 0, 0, 0, 0, 0, 0, 0, 0, 0, 0, 0, 0, 0, 0, 0, 0, 0, 0, 0, 0, 0, 0, 0, 0, 0, 0, 0, 0, 0, 0, 0, 0, 0, 0, 0, 0, 0, 0, 0, 0, 0, 0, 0, 0, 0, 0, 0, 0, 0, 0, 0, 0, 0, 0, 0, 0, 0, 0, 259993, 0, 259993, 259993, 259993, 259993, 259993, 259993, 259993, 1708386, 0, 1708386, 1708386, 1708386, 1708386, 1708386, 1708386, 1708386, 0, 0, 0, 0, 0, 0, 0, 0, 0, 5, 0, 5, 5, 5, 5, 5, 5, 5, 1.00892, 0, 1.00892, 1.00892, 1.00892, 1.00892, 1.00892, 1.00892, 1.00892, 3944.65, 7.47525e-05, 3944.65, 3944.65, 3944.65, 3944.65, 3944.65, 3944.65, 3944.65, 1.00002, 2.58096e-08, 1.00002, 1.00002, 1.00002, 1.00002, 1.00002, 1.00002, 1.00002
Fri Dec 30 21:13:14 EST 2016, 2, 0.500, 10, 2.915, 0.193455, 2.7787, 3.0513, 2.61, 2.77, 2.96, 3.03, 3.36, 46664, 8, 46658.4, 46669.6, 46656, 46656, 46672, 46672, 46672, 0, 0, 0, 0, 0, 0, 0, 0, 0, 0, 0, 0, 0, 0, 0, 0, 0, 0, 0, 0, 0, 0, 0, 0, 0, 0, 0, 0, 0, 0, 0, 0, 0, 0, 0, 0, 0, 0, 0, 0, 0, 0, 0, 0, 0, 0, 0, 0, 0, 0, 0, 0, 0, 0, 0, 0, 0, 0, 0, 0, 0, 0, 0, 0, 0, 0, 0, 0, 0, 0, 0, 0, 509998, 0, 509998, 509998, 509998, 509998, 509998, 509998, 509998, 2647168, 0, 2647168, 2647168, 2647168, 2647168, 2647168, 2647168, 2647168, 0, 0, 0, 0, 0, 0, 0, 0, 0, 5, 0, 5, 5, 5, 5, 5, 5, 5, 1.00502, 1.49012e-08, 1.00502, 1.00502, 1.00502, 1.00502, 1.00502, 1.00502, 1.00502, 6326.99, 8.63167e-05, 6326.99, 6326.99, 6326.99, 6326.99, 6326.99, 6326.99, 6326.99, 1.00002, 2.58096e-08, 1.00002, 1.00002, 1.00002, 1.00002, 1.00002, 1.00002, 1.00002
Fri Dec 30 21:14:21 EST 2016, 4, 0.500, 10, 4.121, 0.270941, 3.93011, 4.31189, 3.57, 3.95, 4.245, 4.41, 4.51, 54180.8, 7.33212, 54175.6, 54186, 54176, 54176, 54176, 54192, 54192, 0, 0, 0, 0, 0, 0, 0, 0, 0, 0, 0, 0, 0, 0, 0, 0, 0, 0, 0, 0, 0, 0, 0, 0, 0, 0, 0, 0, 0, 0, 0, 0, 0, 0, 0, 0, 0, 0, 0, 0, 0, 0, 0, 0, 0, 0, 0, 0, 0, 0, 0, 0, 0, 0, 0, 0, 0, 0, 0, 0, 0, 0, 0, 0, 0, 0, 0, 0, 0, 0, 0, 0, 919976, 0, 919976, 919976, 919976, 919976, 919976, 919976, 919976, 3396096, 0, 3396096, 3396096, 3396096, 3396096, 3396096, 3396096, 3396096, 0, 0, 0, 0, 0, 0, 0, 0, 0, 5, 0, 5, 5, 5, 5, 5, 5, 5, 1.00105, 1.49012e-08, 1.00105, 1.00105, 1.00105, 1.00105, 1.00105, 1.00105, 1.00105, 8649.44, 0.00012207, 8649.44, 8649.44, 8649.44, 8649.44, 8649.44, 8649.44, 8649.44, 1.00002, 2.58096e-08, 1.00002, 1.00002, 1.00002, 1.00002, 1.00002, 1.00002, 1.00002
Fri Dec 30 21:15:23 EST 2016, 8, 0.500, 10, 5.004, 0.227297, 4.84386, 5.16414, 4.40, 4.94, 5.085, 5.21, 5.24, 65379.2, 6.4, 65374.7, 65383.7, 65376, 65376, 65376, 65392, 65392, 0, 0, 0, 0, 0, 0, 0, 0, 0, 0, 0, 0, 0, 0, 0, 0, 0, 0, 0, 0, 0, 0, 0, 0, 0, 0, 0, 0, 0, 0, 0, 0, 0, 0, 0, 0, 0, 0, 0, 0, 0, 0, 0, 0, 0, 0, 0, 0, 0, 0, 0, 0, 0, 0, 0, 0, 0, 0, 0, 0, 0, 0, 0, 0, 0, 0, 0, 0, 0, 0, 0, 0, 1669999, 0, 1669999, 1669999, 1669999, 1669999, 1669999, 1669999, 1669999, 3229222, 0, 3229222, 3229222, 3229222, 3229222, 3229222, 3229222, 3229222, 0, 0, 0, 0, 0, 0, 0, 0, 0, 5, 0, 5, 5, 5, 5, 5, 5, 5, 1.002, 2.10734e-08, 1.002, 1.002, 1.002, 1.002, 1.002, 1.002, 1.002, 9818.08, 0, 9818.08, 9818.08, 9818.08, 9818.08, 9818.08, 9818.08, 9818.08, 1.00001, 2.58096e-08, 1.00001, 1.00001, 1.00001, 1.00001, 1.00001, 1.00001, 1.00001
Fri Dec 30 21:16:25 EST 2016, 0, 0.000, 15, 5.851, 0.361731, 5.59614, 6.10586, 4.97, 5.68, 5.915, 6.30, 6.35, 81603.2, 6.4, 81598.7, 81607.7, 81600, 81600, 81600, 81616, 81616, 0, 0, 0, 0, 0, 0, 0, 0, 0, 0, 0, 0, 0, 0, 0, 0, 0, 0, 0, 0, 0, 0, 0, 0, 0, 0, 0, 0, 0, 0, 0, 0, 0, 0, 0, 0, 0, 0, 0, 0, 0, 0, 0, 0, 0, 0, 0, 0, 0, 0, 0, 0, 0, 0, 0, 0, 0, 0, 0, 0, 0, 0, 0, 0, 0, 0, 0, 0, 0, 0, 0, 0, 7485000, 0, 7485000, 7485000, 7485000, 7485000, 7485000, 7485000, 7485000, 0, 0, 0, 0, 0, 0, 0, 0, 0, 0, 0, 0, 0, 0, 0, 0, 0, 0, 1, 0, 1, 1, 1, 1, 1, 1, 1, 1, 0, 1, 1, 1, 1, 1, 1, 1, 15000, 0, 15000, 15000, 15000, 15000, 15000, 15000, 15000, 1, 0, 1, 1, 1, 1, 1, 1, 1
Fri Dec 30 21:17:28 EST 2016, 1, 0.000, 15, 3.435, 0.335, 3.19897, 3.67103, 3.14, 3.29, 3.325, 3.63, 4.38, 51940.8, 10.245, 51933.6, 51948, 51936, 51936, 51936, 51952, 51968, 0, 0, 0, 0, 0, 0, 0, 0, 0, 0, 0, 0, 0, 0, 0, 0, 0, 0, 0, 0, 0, 0, 0, 0, 0, 0, 0, 0, 0, 0, 0, 0, 0, 0, 0, 0, 0, 0, 0, 0, 0, 0, 0, 0, 0, 0, 0, 0, 0, 0, 0, 0, 0, 0, 0, 0, 0, 0, 0, 0, 0, 0, 0, 0, 0, 0, 0, 0, 0, 0, 0, 0, 380902, 0, 380902, 380902, 380902, 380902, 380902, 380902, 380902, 2567177, 0, 2567177, 2567177, 2567177, 2567177, 2567177, 2567177, 2567177, 0, 0, 0, 0, 0, 0, 0, 0, 0, 5, 0, 5, 5, 5, 5, 5, 5, 5, 1, 0, 1, 1, 1, 1, 1, 1, 1, 5907.97, 0, 5907.97, 5907.97, 5907.97, 5907.97, 5907.97, 5907.97, 5907.97, 1.00002, 2.58096e-08, 1.00002, 1.00002, 1.00002, 1.00002, 1.00002, 1.00002, 1.00002
Fri Dec 30 21:18:30 EST 2016, 2, 0.000, 15, 5.208, 0.109891, 5.13058, 5.28542, 4.97, 5.16, 5.24, 5.26, 5.43, 70857.6, 7.83837, 70852.1, 70863.1, 70848, 70848, 70864, 70864, 70864, 0, 0, 0, 0, 0, 0, 0, 0, 0, 0, 0, 0, 0, 0, 0, 0, 0, 0, 0, 0, 0, 0, 0, 0, 0, 0, 0, 0, 0, 0, 0, 0, 0, 0, 0, 0, 0, 0, 0, 0, 0, 0, 0, 0, 0, 0, 0, 0, 0, 0, 0, 0, 0, 0, 0, 0, 0, 0, 0, 0, 0, 0, 0, 0, 0, 0, 0, 0, 0, 0, 0, 0, 747982, 0, 747982, 747982, 747982, 747982, 747982, 747982, 747982, 3986267, 0, 3986267, 3986267, 3986267, 3986267, 3986267, 3986267, 3986267, 0, 0, 0, 0, 0, 0, 0, 0, 0, 5, 0, 5, 5, 5, 5, 5, 5, 5, 1.00083, 2.58096e-08, 1.00083, 1.00083, 1.00083, 1.00083, 1.00083, 1.00083, 1.00083, 9487.47, 0.00012207, 9487.47, 9487.47, 9487.47, 9487.47, 9487.47, 9487.47, 9487.47, 1.00001, 2.58096e-08, 1.00001, 1.00001, 1.00001, 1.00001, 1.00001, 1.00001, 1.00001
Fri Dec 30 21:19:32 EST 2016, 4, 0.000, 15, 6.895, 0.185701, 6.76416, 7.02584, 6.58, 6.77, 6.985, 7.11, 7.16, 80188.8, 9.6, 80182, 80195.6, 80176, 80176, 80192, 80192, 80208, 0, 0, 0, 0, 0, 0, 0, 0, 0, 0, 0, 0, 0, 0, 0, 0, 0, 0, 0, 0, 0, 0, 0, 0, 0, 0, 0, 0, 0, 0, 0, 0, 0, 0, 0, 0, 0, 0, 0, 0, 0, 0, 0, 0, 0, 0, 0, 0, 0, 0, 0, 0, 0, 0, 0, 0, 0, 0, 0, 0, 0, 0, 0, 0, 0, 0, 0, 0, 0, 0, 0, 0, 1409962, 0, 1409962, 1409962, 1409962, 1409962, 1409962, 1409962, 1409962, 5062914, 0, 5062914, 5062914, 5062914, 5062914, 5062914, 5062914, 5062914, 0, 0, 0, 0, 0, 0, 0, 0, 0, 5, 0, 5, 5, 5, 5, 5, 5, 5, 1.00108, 1.49012e-08, 1.00108, 1.00108, 1.00108, 1.00108, 1.00108, 1.00108, 1.00108, 12971.7, 0.000244141, 12971.7, 12971.7, 12971.7, 12971.7, 12971.7, 12971.7, 12971.7, 1.00001, 2.58096e-08, 1.00001, 1.00001, 1.00001, 1.00001, 1.00001, 1.00001, 1.00001
Fri Dec 30 21:20:39 EST 2016, 8, 0.000, 15, 7.204, 0.134922, 7.10894, 7.29906, 6.93, 7.11, 7.285, 7.32, 7.39, 83608, 8, 83602.4, 83613.6, 83600, 83600, 83616, 83616, 83616, 0, 0, 0, 0, 0, 0, 0, 0, 0, 0, 0, 0, 0, 0, 0, 0, 0, 0, 0, 0, 0, 0, 0, 0, 0, 0, 0, 0, 0, 0, 0, 0, 0, 0, 0, 0, 0, 0, 0, 0, 0, 0, 0, 0, 0, 0, 0, 0, 0, 0, 0, 0, 0, 0, 0, 0, 0, 0, 0, 0, 0, 0, 0, 0, 0, 0, 0, 0, 0, 0, 0, 0, 2489738, 0, 2489738, 2489738, 2489738, 2489738, 2489738, 2489738, 2489738, 4858492, 0, 4858492, 4858492, 4858492, 4858492, 4858492, 4858492, 4858492, 0, 0, 0, 0, 0, 0, 0, 0, 0, 4, 0, 4, 4, 4, 4, 4, 4, 4, 1, 0, 1, 1, 1, 1, 1, 1, 1, 14725.9, 0.000244141, 14725.9, 14725.9, 14725.9, 14725.9, 14725.9, 14725.9, 14725.9, 1.00001, 2.58096e-08, 1.00001, 1.00001, 1.00001, 1.00001, 1.00001, 1.00001, 1.00001
Fri Dec 30 21:21:36 EST 2016, 0, 0.250, 15, 5.927, 0.369, 5.66702, 6.18698, 5.05, 5.71, 6.055, 6.35, 6.39, 77561.6, 7.83837, 77556.1, 77567.1, 77552, 77552, 77568, 77568, 77568, 0, 0, 0, 0, 0, 0, 0, 0, 0, 0, 0, 0, 0, 0, 0, 0, 0, 0, 0, 0, 0, 0, 0, 0, 0, 0, 0, 0, 0, 0, 0, 0, 0, 0, 0, 0, 0, 0, 0, 0, 0, 0, 0, 0, 0, 0, 0, 0, 0, 0, 0, 0, 0, 0, 0, 0, 0, 0, 0, 0, 0, 0, 0, 0, 0, 0, 0, 0, 0, 0, 0, 0, 7485000, 0, 7485000, 7485000, 7485000, 7485000, 7485000, 7485000, 7485000, 0, 0, 0, 0, 0, 0, 0, 0, 0, 0, 0, 0, 0, 0, 0, 0, 0, 0, 1, 0, 1, 1, 1, 1, 1, 1, 1, 1, 0, 1, 1, 1, 1, 1, 1, 1, 15000, 0, 15000, 15000, 15000, 15000, 15000, 15000, 15000, 1, 0, 1, 1, 1, 1, 1, 1, 1
Fri Dec 30 21:22:38 EST 2016, 1, 0.250, 15, 3.45, 0.20401, 3.30626, 3.59374, 3.28, 3.29, 3.47, 3.59, 3.96, 50214.4, 10.6132, 50206.9, 50221.9, 50208, 50208, 50208, 50224, 50240, 0, 0, 0, 0, 0, 0, 0, 0, 0, 0, 0, 0, 0, 0, 0, 0, 0, 0, 0, 0, 0, 0, 0, 0, 0, 0, 0, 0, 0, 0, 0, 0, 0, 0, 0, 0, 0, 0, 0, 0, 0, 0, 0, 0, 0, 0, 0, 0, 0, 0, 0, 0, 0, 0, 0, 0, 0, 0, 0, 0, 0, 0, 0, 0, 0, 0, 0, 0, 0, 0, 0, 0, 374823, 0, 374823, 374823, 374823, 374823, 374823, 374823, 374823, 2573235, 0, 2573235, 2573235, 2573235, 2573235, 2573235, 2573235, 2573235, 0, 0, 0, 0, 0, 0, 0, 0, 0, 5, 0, 5, 5, 5, 5, 5, 5, 5, 1.00518, 2.10734e-08, 1.00518, 1.00518, 1.00518, 1.00518, 1.00518, 1.00518, 1.00518, 5907.93, 8.63167e-05, 5907.93, 5907.93, 5907.93, 5907.93, 5907.93, 5907.93, 5907.93, 1.00002, 2.58096e-08, 1.00002, 1.00002, 1.00002, 1.00002, 1.00002, 1.00002, 1.00002
Fri Dec 30 21:23:41 EST 2016, 2, 0.250, 15, 5.234, 0.130323, 5.14218, 5.32582, 5.04, 5.17, 5.22, 5.32, 5.55, 61192, 8, 61186.4, 61197.6, 61184, 61184, 61200, 61200, 61200, 0, 0, 0, 0, 0, 0, 0, 0, 0, 0, 0, 0, 0, 0, 0, 0, 0, 0, 0, 0, 0, 0, 0, 0, 0, 0, 0, 0, 0, 0, 0, 0, 0, 0, 0, 0, 0, 0, 0, 0, 0, 0, 0, 0, 0, 0, 0, 0, 0, 0, 0, 0, 0, 0, 0, 0, 0, 0, 0, 0, 0, 0, 0, 0, 0, 0, 0, 0, 0, 0, 0, 0, 734999, 0, 734999, 734999, 734999, 734999, 734999, 734999, 734999, 3999150, 0, 3999150, 3999150, 3999150, 3999150, 3999150, 3999150, 3999150, 0, 0, 0, 0, 0, 0, 0, 0, 0, 5, 0, 5, 5, 5, 5, 5, 5, 5, 1.00662, 0, 1.00662, 1.00662, 1.00662, 1.00662, 1.00662, 1.00662, 1.00662, 9487.27, 0.000244141, 9487.27, 9487.27, 9487.27, 9487.27, 9487.27, 9487.27, 9487.27, 1.00001, 2.58096e-08, 1.00001, 1.00001, 1.00001, 1.00001, 1.00001, 1.00001, 1.00001
Fri Dec 30 21:24:43 EST 2016, 4, 0.250, 15, 6.798, 0.203017, 6.65496, 6.94104, 6.45, 6.56, 6.9, 6.99, 7.06, 75300.8, 7.33212, 75295.6, 75306, 75296, 75296, 75296, 75312, 75312, 0, 0, 0, 0, 0, 0, 0, 0, 0, 0, 0, 0, 0, 0, 0, 0, 0, 0, 0, 0, 0, 0, 0, 0, 0, 0, 0, 0, 0, 0, 0, 0, 0, 0, 0, 0, 0, 0, 0, 0, 0, 0, 0, 0, 0, 0, 0, 0, 0, 0, 0, 0, 0, 0, 0, 0, 0, 0, 0, 0, 0, 0, 0, 0, 0, 0, 0, 0, 0, 0, 0, 0, 1394716, 0, 1394716, 1394716, 1394716, 1394716, 1394716, 1394716, 1394716, 5078159, 0, 5078159, 5078159, 5078159, 5078159, 5078159, 5078159, 5078159, 0, 0, 0, 0, 0, 0, 0, 0, 0, 5, 0, 5, 5, 5, 5, 5, 5, 5, 1.00107, 2.10734e-08, 1.00107, 1.00107, 1.00107, 1.00107, 1.00107, 1.00107, 1.00107, 12971.7, 0.000244141, 12971.7, 12971.7, 12971.7, 12971.7, 12971.7, 12971.7, 12971.7, 1.00001, 2.58096e-08, 1.00001, 1.00001, 1.00001, 1.00001, 1.00001, 1.00001, 1.00001
Fri Dec 30 21:25:45 EST 2016, 8, 0.250, 15, 7.205, 0.229967, 7.04298, 7.36702, 6.88, 7.12, 7.19, 7.56, 7.62, 79254.4, 7.83837, 79248.9, 79259.9, 79248, 79248, 79256, 79264, 79264, 0, 0, 0, 0, 0, 0, 0, 0, 0, 0, 0, 0, 0, 0, 0, 0, 0, 0, 0, 0, 0, 0, 0, 0, 0, 0, 0, 0, 0, 0, 0, 0, 0, 0, 0, 0, 0, 0, 0, 0, 0, 0, 0, 0, 0, 0, 0, 0, 0, 0, 0, 0, 0, 0, 0, 0, 0, 0, 0, 0, 0, 0, 0, 0, 0, 0, 0, 0, 0, 0, 0, 0, 2444996, 0, 2444996, 2444996, 2444996, 2444996, 2444996, 2444996, 2444996, 4903288, 0, 4903288, 4903288, 4903288, 4903288, 4903288, 4903288, 4903288, 0, 0, 0, 0, 0, 0, 0, 0, 0, 5, 0, 5, 5, 5, 5, 5, 5, 5, 1.00287, 1.49012e-08, 1.00287, 1.00287, 1.00287, 1.00287, 1.00287, 1.00287, 1.00287, 14726, 0, 14726, 14726, 14726, 14726, 14726, 14726, 14726, 1.00001, 2.58096e-08, 1.00001, 1.00001, 1.00001, 1.00001, 1.00001, 1.00001, 1.00001
Fri Dec 30 21:26:47 EST 2016, 0, 0.500, 15, 6.164, 0.390313, 5.889, 6.439, 5.67, 5.94, 6.145, 6.80, 6.90, 75193.6, 10.6132, 75186.1, 75201.1, 75184, 75184, 75200, 75200, 75216, 0, 0, 0, 0, 0, 0, 0, 0, 0, 0, 0, 0, 0, 0, 0, 0, 0, 0, 0, 0, 0, 0, 0, 0, 0, 0, 0, 0, 0, 0, 0, 0, 0, 0, 0, 0, 0, 0, 0, 0, 0, 0, 0, 0, 0, 0, 0, 0, 0, 0, 0, 0, 0, 0, 0, 0, 0, 0, 0, 0, 0, 0, 0, 0, 0, 0, 0, 0, 0, 0, 0, 0, 7485000, 0, 7485000, 7485000, 7485000, 7485000, 7485000, 7485000, 7485000, 0, 0, 0, 0, 0, 0, 0, 0, 0, 0, 0, 0, 0, 0, 0, 0, 0, 0, 1, 0, 1, 1, 1, 1, 1, 1, 1, 1, 0, 1, 1, 1, 1, 1, 1, 1, 15000, 0, 15000, 15000, 15000, 15000, 15000, 15000, 15000, 1, 0, 1, 1, 1, 1, 1, 1, 1
Fri Dec 30 21:27:50 EST 2016, 1, 0.500, 15, 3.345, 0.173853, 3.22251, 3.46749, 3.05, 3.25, 3.39, 3.54, 3.56, 49816, 10.7331, 49808.4, 49823.6, 49808, 49808, 49816, 49824, 49840, 0, 0, 0, 0, 0, 0, 0, 0, 0, 0, 0, 0, 0, 0, 0, 0, 0, 0, 0, 0, 0, 0, 0, 0, 0, 0, 0, 0, 0, 0, 0, 0, 0, 0, 0, 0, 0, 0, 0, 0, 0, 0, 0, 0, 0, 0, 0, 0, 0, 0, 0, 0, 0, 0, 0, 0, 0, 0, 0, 0, 0, 0, 0, 0, 0, 0, 0, 0, 0, 0, 0, 0, 380868, 0, 380868, 380868, 380868, 380868, 380868, 380868, 380868, 2567467, 0, 2567467, 2567467, 2567467, 2567467, 2567467, 2567467, 2567467, 0, 0, 0, 0, 0, 0, 0, 0, 0, 5, 0, 5, 5, 5, 5, 5, 5, 5, 1, 0, 1, 1, 1, 1, 1, 1, 1, 5908.49, 0.00012207, 5908.49, 5908.49, 5908.49, 5908.49, 5908.49, 5908.49, 5908.49, 1.00002, 2.58096e-08, 1.00002, 1.00002, 1.00002, 1.00002, 1.00002, 1.00002, 1.00002
Fri Dec 30 21:28:51 EST 2016, 2, 0.500, 15, 5.206, 0.0397995, 5.17796, 5.23404, 5.10, 5.20, 5.215, 5.24, 5.25, 67286.4, 7.83837, 67280.9, 67291.9, 67280, 67280, 67288, 67296, 67296, 0, 0, 0, 0, 0, 0, 0, 0, 0, 0, 0, 0, 0, 0, 0, 0, 0, 0, 0, 0, 0, 0, 0, 0, 0, 0, 0, 0, 0, 0, 0, 0, 0, 0, 0, 0, 0, 0, 0, 0, 0, 0, 0, 0, 0, 0, 0, 0, 0, 0, 0, 0, 0, 0, 0, 0, 0, 0, 0, 0, 0, 0, 0, 0, 0, 0, 0, 0, 0, 0, 0, 0, 734993, 0, 734993, 734993, 734993, 734993, 734993, 734993, 734993, 3998994, 0, 3998994, 3998994, 3998994, 3998994, 3998994, 3998994, 3998994, 0, 0, 0, 0, 0, 0, 0, 0, 0, 5, 0, 5, 5, 5, 5, 5, 5, 5, 1.00497, 1.49012e-08, 1.00497, 1.00497, 1.00497, 1.00497, 1.00497, 1.00497, 1.00497, 9486.95, 0.000172633, 9486.95, 9486.95, 9486.95, 9486.95, 9486.95, 9486.95, 9486.95, 1.00001, 2.58096e-08, 1.00001, 1.00001, 1.00001, 1.00001, 1.00001, 1.00001, 1.00001
Fri Dec 30 21:29:53 EST 2016, 4, 0.500, 15, 7.309, 0.586079, 6.89607, 7.72193, 6.62, 6.82, 7.585, 8.14, 8.27, 73460.8, 10.245, 73453.6, 73468, 73456, 73456, 73456, 73472, 73488, 0, 0, 0, 0, 0, 0, 0, 0, 0, 0, 0, 0, 0, 0, 0, 0, 0, 0, 0, 0, 0, 0, 0, 0, 0, 0, 0, 0, 0, 0, 0, 0, 0, 0, 0, 0, 0, 0, 0, 0, 0, 0, 0, 0, 0, 0, 0, 0, 0, 0, 0, 0, 0, 0, 0, 0, 0, 0, 0, 0, 0, 0, 0, 0, 0, 0, 0, 0, 0, 0, 0, 0, 1349964, 0, 1349964, 1349964, 1349964, 1349964, 1349964, 1349964, 1349964, 5122915, 0, 5122915, 5122915, 5122915, 5122915, 5122915, 5122915, 5122915, 0, 0, 0, 0, 0, 0, 0, 0, 0, 5, 0, 5, 5, 5, 5, 5, 5, 5, 1.00105, 1.49012e-08, 1.00105, 1.00105, 1.00105, 1.00105, 1.00105, 1.00105, 1.00105, 12971.7, 0.000244141, 12971.7, 12971.7, 12971.7, 12971.7, 12971.7, 12971.7, 12971.7, 1.00001, 2.58096e-08, 1.00001, 1.00001, 1.00001, 1.00001, 1.00001, 1.00001, 1.00001
Fri Dec 30 21:30:56 EST 2016, 8, 0.500, 15, 7.422, 0.476756, 7.0861, 7.7579, 6.92, 7.15, 7.435, 7.61, 8.69, 76820.8, 7.33212, 76815.6, 76826, 76816, 76816, 76816, 76832, 76832, 0, 0, 0, 0, 0, 0, 0, 0, 0, 0, 0, 0, 0, 0, 0, 0, 0, 0, 0, 0, 0, 0, 0, 0, 0, 0, 0, 0, 0, 0, 0, 0, 0, 0, 0, 0, 0, 0, 0, 0, 0, 0, 0, 0, 0, 0, 0, 0, 0, 0, 0, 0, 0, 0, 0, 0, 0, 0, 0, 0, 0, 0, 0, 0, 0, 0, 0, 0, 0, 0, 0, 0, 2430000, 0, 2430000, 2430000, 2430000, 2430000, 2430000, 2430000, 2430000, 4918268, 0, 4918268, 4918268, 4918268, 4918268, 4918268, 4918268, 4918268, 0, 0, 0, 0, 0, 0, 0, 0, 0, 4, 0, 4, 4, 4, 4, 4, 4, 4, 1.00282, 0, 1.00282, 1.00282, 1.00282, 1.00282, 1.00282, 1.00282, 1.00282, 14726, 0, 14726, 14726, 14726, 14726, 14726, 14726, 14726, 1.00001, 2.58096e-08, 1.00001, 1.00001, 1.00001, 1.00001, 1.00001, 1.00001, 1.00001
Fri Dec 30 21:32:00 EST 2016, 0, 0.000, 20, 8.614, 1.0659, 7.86301, 9.36499, 7.58, 7.73, 8.38, 10.17, 10.60, 96361.6, 7.83837, 96356.1, 96367.1, 96352, 96352, 96368, 96368, 96368, 0, 0, 0, 0, 0, 0, 0, 0, 0, 0, 0, 0, 0, 0, 0, 0, 0, 0, 0, 0, 0, 0, 0, 0, 0, 0, 0, 0, 0, 0, 0, 0, 0, 0, 0, 0, 0, 0, 0, 0, 0, 0, 0, 0, 0, 0, 0, 0, 0, 0, 0, 0, 0, 0, 0, 0, 0, 0, 0, 0, 0, 0, 0, 0, 0, 0, 0, 0, 0, 0, 0, 0, 9980000, 0, 9980000, 9980000, 9980000, 9980000, 9980000, 9980000, 9980000, 0, 0, 0, 0, 0, 0, 0, 0, 0, 0, 0, 0, 0, 0, 0, 0, 0, 0, 1, 0, 1, 1, 1, 1, 1, 1, 1, 1, 0, 1, 1, 1, 1, 1, 1, 1, 20000, 0, 20000, 20000, 20000, 20000, 20000, 20000, 20000, 1, 0, 1, 1, 1, 1, 1, 1, 1
Fri Dec 30 21:32:58 EST 2016, 1, 0.000, 20, 4.44, 0.252428, 4.26215, 4.61785, 4.22, 4.30, 4.385, 4.68, 5.09, 58390.4, 7.83837, 58384.9, 58395.9, 58384, 58384, 58392, 58400, 58400, 0, 0, 0, 0, 0, 0, 0, 0, 0, 0, 0, 0, 0, 0, 0, 0, 0, 0, 0, 0, 0, 0, 0, 0, 0, 0, 0, 0, 0, 0, 0, 0, 0, 0, 0, 0, 0, 0, 0, 0, 0, 0, 0, 0, 0, 0, 0, 0, 0, 0, 0, 0, 0, 0, 0, 0, 0, 0, 0, 0, 0, 0, 0, 0, 0, 0, 0, 0, 0, 0, 0, 0, 498341, 0, 498341, 498341, 498341, 498341, 498341, 498341, 498341, 3431133, 0, 3431133, 3431133, 3431133, 3431133, 3431133, 3431133, 3431133, 0, 0, 0, 0, 0, 0, 0, 0, 0, 5, 0, 5, 5, 5, 5, 5, 5, 5, 1.00222, 1.49012e-08, 1.00222, 1.00222, 1.00222, 1.00222, 1.00222, 1.00222, 1.00222, 7874.7, 0.00012207, 7874.7, 7874.7, 7874.7, 7874.7, 7874.7, 7874.7, 7874.7, 1.00001, 2.58096e-08, 1.00001, 1.00001, 1.00001, 1.00001, 1.00001, 1.00001, 1.00001
Fri Dec 30 21:34:05 EST 2016, 2, 0.000, 20, 6.953, 0.191105, 6.81836, 7.08764, 6.76, 6.82, 6.91, 7.29, 7.34, 81584, 0, 81584, 81584, 81584, 81584, 81584, 81584, 81584, 0, 0, 0, 0, 0, 0, 0, 0, 0, 0, 0, 0, 0, 0, 0, 0, 0, 0, 0, 0, 0, 0, 0, 0, 0, 0, 0, 0, 0, 0, 0, 0, 0, 0, 0, 0, 0, 0, 0, 0, 0, 0, 0, 0, 0, 0, 0, 0, 0, 0, 0, 0, 0, 0, 0, 0, 0, 0, 0, 0, 0, 0, 0, 0, 0, 0, 0, 0, 0, 0, 0, 0, 972585, 0, 972585, 972585, 972585, 972585, 972585, 972585, 972585, 5338464, 0, 5338464, 5338464, 5338464, 5338464, 5338464, 5338464, 5338464, 0, 0, 0, 0, 0, 0, 0, 0, 0, 5, 0, 5, 5, 5, 5, 5, 5, 5, 1, 0, 1, 1, 1, 1, 1, 1, 1, 12647.4, 0.000244141, 12647.4, 12647.4, 12647.4, 12647.4, 12647.4, 12647.4, 12647.4, 1.00001, 2.58096e-08, 1.00001, 1.00001, 1.00001, 1.00001, 1.00001, 1.00001, 1.00001
Fri Dec 30 21:35:27 EST 2016, 4, 0.000, 20, 10.18, 0.922074, 9.53035, 10.8297, 8.71, 9.22, 10.56, 11.04, 11.72, 93209.6, 7.83837, 93204.1, 93215.1, 93200, 93200, 93216, 93216, 93216, 0, 0, 0, 0, 0, 0, 0, 0, 0, 0, 0, 0, 0, 0, 0, 0, 0, 0, 0, 0, 0, 0, 0, 0, 0, 0, 0, 0, 0, 0, 0, 0, 0, 0, 0, 0, 0, 0, 0, 0, 0, 0, 0, 0, 0, 0, 0, 0, 0, 0, 0, 0, 0, 0, 0, 0, 0, 0, 0, 0, 0, 0, 0, 0, 0, 0, 0, 0, 0, 0, 0, 0, 1819997, 0, 1819997, 1819997, 1819997, 1819997, 1819997, 1819997, 1819997, 6810424, 0, 6810424, 6810424, 6810424, 6810424, 6810424, 6810424, 6810424, 0, 0, 0, 0, 0, 0, 0, 0, 0, 4, 0, 4, 4, 4, 4, 4, 4, 4, 1.00313, 2.10734e-08, 1.00313, 1.00313, 1.00313, 1.00313, 1.00313, 1.00313, 1.00313, 17295.4, 0.000244141, 17295.4, 17295.4, 17295.4, 17295.4, 17295.4, 17295.4, 17295.4, 1.00001, 2.58096e-08, 1.00001, 1.00001, 1.00001, 1.00001, 1.00001, 1.00001, 1.00001
Fri Dec 30 21:36:30 EST 2016, 8, 0.000, 20, 10.271, 0.577554, 9.86408, 10.6779, 9.86, 9.86, 10.12, 10.70, 11.76, 98888, 8, 98882.4, 98893.6, 98880, 98880, 98896, 98896, 98896, 0, 0, 0, 0, 0, 0, 0, 0, 0, 0, 0, 0, 0, 0, 0, 0, 0, 0, 0, 0, 0, 0, 0, 0, 0, 0, 0, 0, 0, 0, 0, 0, 0, 0, 0, 0, 0, 0, 0, 0, 0, 0, 0, 0, 0, 0, 0, 0, 0, 0, 0, 0, 0, 0, 0, 0, 0, 0, 0, 0, 0, 0, 0, 0, 0, 0, 0, 0, 0, 0, 0, 0, 3240000, 0, 3240000, 3240000, 3240000, 3240000, 3240000, 3240000, 3240000, 6557968, 0, 6557968, 6557968, 6557968, 6557968, 6557968, 6557968, 6557968, 0, 0, 0, 0, 0, 0, 0, 0, 0, 4, 0, 4, 4, 4, 4, 4, 4, 4, 1.00282, 0, 1.00282, 1.00282, 1.00282, 1.00282, 1.00282, 1.00282, 1.00282, 19635.2, 0.000422864, 19635.2, 19635.2, 19635.2, 19635.2, 19635.2, 19635.2, 19635.2, 1.00001, 2.58096e-08, 1.00001, 1.00001, 1.00001, 1.00001, 1.00001, 1.00001, 1.00001
Fri Dec 30 21:37:27 EST 2016, 0, 0.250, 20, 8.54, 0.588965, 8.12504, 8.95496, 7.86, 8.13, 8.41, 9.02, 9.97, 92038.4, 7.83837, 92032.9, 92043.9, 92032, 92032, 92040, 92048, 92048, 0, 0, 0, 0, 0, 0, 0, 0, 0, 0, 0, 0, 0, 0, 0, 0, 0, 0, 0, 0, 0, 0, 0, 0, 0, 0, 0, 0, 0, 0, 0, 0, 0, 0, 0, 0, 0, 0, 0, 0, 0, 0, 0, 0, 0, 0, 0, 0, 0, 0, 0, 0, 0, 0, 0, 0, 0, 0, 0, 0, 0, 0, 0, 0, 0, 0, 0, 0, 0, 0, 0, 0, 9980000, 0, 9980000, 9980000, 9980000, 9980000, 9980000, 9980000, 9980000, 0, 0, 0, 0, 0, 0, 0, 0, 0, 0, 0, 0, 0, 0, 0, 0, 0, 0, 1, 0, 1, 1, 1, 1, 1, 1, 1, 1, 0, 1, 1, 1, 1, 1, 1, 1, 20000, 0, 20000, 20000, 20000, 20000, 20000, 20000, 20000, 1, 0, 1, 1, 1, 1, 1, 1, 1
Fri Dec 30 21:38:24 EST 2016, 1, 0.250, 20, 4.51, 0.354711, 4.26009, 4.75991, 4.05, 4.29, 4.465, 4.86, 5.39, 57043.2, 6.4, 57038.7, 57047.7, 57040, 57040, 57040, 57056, 57056, 0, 0, 0, 0, 0, 0, 0, 0, 0, 0, 0, 0, 0, 0, 0, 0, 0, 0, 0, 0, 0, 0, 0, 0, 0, 0, 0, 0, 0, 0, 0, 0, 0, 0, 0, 0, 0, 0, 0, 0, 0, 0, 0, 0, 0, 0, 0, 0, 0, 0, 0, 0, 0, 0, 0, 0, 0, 0, 0, 0, 0, 0, 0, 0, 0, 0, 0, 0, 0, 0, 0, 0, 479921, 0, 479921, 479921, 479921, 479921, 479921, 479921, 479921, 3449627, 0, 3449627, 3449627, 3449627, 3449627, 3449627, 3449627, 3449627, 0, 0, 0, 0, 0, 0, 0, 0, 0, 5, 0, 5, 5, 5, 5, 5, 5, 5, 1.00663, 2.10734e-08, 1.00663, 1.00663, 1.00663, 1.00663, 1.00663, 1.00663, 1.00663, 7874.85, 0.00012207, 7874.85, 7874.85, 7874.85, 7874.85, 7874.85, 7874.85, 7874.85, 1.00001, 2.58096e-08, 1.00001, 1.00001, 1.00001, 1.00001, 1.00001, 1.00001, 1.00001
Fri Dec 30 21:39:26 EST 2016, 2, 0.250, 20, 6.319, 0.456343, 5.99748, 6.64052, 5.15, 6.26, 6.435, 6.57, 7.08, 78569.6, 7.83837, 78564.1, 78575.1, 78560, 78560, 78576, 78576, 78576, 0, 0, 0, 0, 0, 0, 0, 0, 0, 0, 0, 0, 0, 0, 0, 0, 0, 0, 0, 0, 0, 0, 0, 0, 0, 0, 0, 0, 0, 0, 0, 0, 0, 0, 0, 0, 0, 0, 0, 0, 0, 0, 0, 0, 0, 0, 0, 0, 0, 0, 0, 0, 0, 0, 0, 0, 0, 0, 0, 0, 0, 0, 0, 0, 0, 0, 0, 0, 0, 0, 0, 0, 939983, 0, 939983, 939983, 939983, 939983, 939983, 939983, 939983, 5371104, 0, 5371104, 5371104, 5371104, 5371104, 5371104, 5371104, 5371104, 0, 0, 0, 0, 0, 0, 0, 0, 0, 5, 0, 5, 5, 5, 5, 5, 5, 5, 1.00425, 2.10734e-08, 1.00425, 1.00425, 1.00425, 1.00425, 1.00425, 1.00425, 1.00425, 12647.5, 0, 12647.5, 12647.5, 12647.5, 12647.5, 12647.5, 12647.5, 12647.5, 1.00001, 2.58096e-08, 1.00001, 1.00001, 1.00001, 1.00001, 1.00001, 1.00001, 1.00001
Fri Dec 30 21:40:33 EST 2016, 4, 0.250, 20, 9.404, 0.59942, 8.98168, 9.82632, 8.90, 8.97, 9.4, 9.70, 11.01, 90265.6, 10.6132, 90258.1, 90273.1, 90256, 90256, 90272, 90272, 90288, 0, 0, 0, 0, 0, 0, 0, 0, 0, 0, 0, 0, 0, 0, 0, 0, 0, 0, 0, 0, 0, 0, 0, 0, 0, 0, 0, 0, 0, 0, 0, 0, 0, 0, 0, 0, 0, 0, 0, 0, 0, 0, 0, 0, 0, 0, 0, 0, 0, 0, 0, 0, 0, 0, 0, 0, 0, 0, 0, 0, 0, 0, 0, 0, 0, 0, 0, 0, 0, 0, 0, 0, 1759993, 0, 1759993, 1759993, 1759993, 1759993, 1759993, 1759993, 1759993, 6870483, 0, 6870483, 6870483, 6870483, 6870483, 6870483, 6870483, 6870483, 0, 0, 0, 0, 0, 0, 0, 0, 0, 4, 0, 4, 4, 4, 4, 4, 4, 4, 1.00308, 2.58096e-08, 1.00308, 1.00308, 1.00308, 1.00308, 1.00308, 1.00308, 1.00308, 17295.5, 0, 17295.5, 17295.5, 17295.5, 17295.5, 17295.5, 17295.5, 17295.5, 1.00001, 2.58096e-08, 1.00001, 1.00001, 1.00001, 1.00001, 1.00001, 1.00001, 1.00001
Fri Dec 30 21:41:35 EST 2016, 8, 0.250, 20, 9.964, 0.615779, 9.53015, 10.3979, 8.74, 9.59, 10.275, 10.63, 10.67, 94516.8, 7.33212, 94511.6, 94522, 94512, 94512, 94512, 94528, 94528, 0, 0, 0, 0, 0, 0, 0, 0, 0, 0, 0, 0, 0, 0, 0, 0, 0, 0, 0, 0, 0, 0, 0, 0, 0, 0, 0, 0, 0, 0, 0, 0, 0, 0, 0, 0, 0, 0, 0, 0, 0, 0, 0, 0, 0, 0, 0, 0, 0, 0, 0, 0, 0, 0, 0, 0, 0, 0, 0, 0, 0, 0, 0, 0, 0, 0, 0, 0, 0, 0, 0, 0, 3179999, 0, 3179999, 3179999, 3179999, 3179999, 3179999, 3179999, 3179999, 6617910, 0, 6617910, 6617910, 6617910, 6617910, 6617910, 6617910, 6617910, 0, 0, 0, 0, 0, 0, 0, 0, 0, 4, 0, 4, 4, 4, 4, 4, 4, 4, 1.00273, 0, 1.00273, 1.00273, 1.00273, 1.00273, 1.00273, 1.00273, 1.00273, 19635.1, 0.000488281, 19635.1, 19635.1, 19635.1, 19635.1, 19635.1, 19635.1, 19635.1, 1.00001, 2.58096e-08, 1.00001, 1.00001, 1.00001, 1.00001, 1.00001, 1.00001, 1.00001
Fri Dec 30 21:42:37 EST 2016, 0, 0.500, 20, 8.62, 0.883584, 7.99747, 9.24253, 7.82, 7.91, 8.65, 10.21, 10.32, 88984, 8, 88978.4, 88989.6, 88976, 88976, 88992, 88992, 88992, 0, 0, 0, 0, 0, 0, 0, 0, 0, 0, 0, 0, 0, 0, 0, 0, 0, 0, 0, 0, 0, 0, 0, 0, 0, 0, 0, 0, 0, 0, 0, 0, 0, 0, 0, 0, 0, 0, 0, 0, 0, 0, 0, 0, 0, 0, 0, 0, 0, 0, 0, 0, 0, 0, 0, 0, 0, 0, 0, 0, 0, 0, 0, 0, 0, 0, 0, 0, 0, 0, 0, 0, 9980000, 0, 9980000, 9980000, 9980000, 9980000, 9980000, 9980000, 9980000, 0, 0, 0, 0, 0, 0, 0, 0, 0, 0, 0, 0, 0, 0, 0, 0, 0, 0, 1, 0, 1, 1, 1, 1, 1, 1, 1, 1, 0, 1, 1, 1, 1, 1, 1, 1, 20000, 0, 20000, 20000, 20000, 20000, 20000, 20000, 20000, 1, 0, 1, 1, 1, 1, 1, 1, 1
Fri Dec 30 21:43:35 EST 2016, 1, 0.500, 20, 4.484, 0.376144, 4.21899, 4.74901, 3.83, 4.37, 4.405, 4.91, 5.32, 56971.2, 7.33212, 56966, 56976.4, 56960, 56960, 56976, 56976, 56976, 0, 0, 0, 0, 0, 0, 0, 0, 0, 0, 0, 0, 0, 0, 0, 0, 0, 0, 0, 0, 0, 0, 0, 0, 0, 0, 0, 0, 0, 0, 0, 0, 0, 0, 0, 0, 0, 0, 0, 0, 0, 0, 0, 0, 0, 0, 0, 0, 0, 0, 0, 0, 0, 0, 0, 0, 0, 0, 0, 0, 0, 0, 0, 0, 0, 0, 0, 0, 0, 0, 0, 0, 479839, 0, 479839, 479839, 479839, 479839, 479839, 479839, 479839, 3449584, 0, 3449584, 3449584, 3449584, 3449584, 3449584, 3449584, 3449584, 0, 0, 0, 0, 0, 0, 0, 0, 0, 5, 0, 5, 5, 5, 5, 5, 5, 5, 1.00589, 2.10734e-08, 1.00589, 1.00589, 1.00589, 1.00589, 1.00589, 1.00589, 1.00589, 7874.6, 0, 7874.6, 7874.6, 7874.6, 7874.6, 7874.6, 7874.6, 7874.6, 1.00001, 2.58096e-08, 1.00001, 1.00001, 1.00001, 1.00001, 1.00001, 1.00001, 1.00001
Fri Dec 30 21:44:38 EST 2016, 2, 0.500, 20, 6.333, 0.449267, 6.01647, 6.64953, 5.23, 6.22, 6.48, 6.57, 7.11, 76228.8, 7.33212, 76223.6, 76234, 76224, 76224, 76224, 76240, 76240, 0, 0, 0, 0, 0, 0, 0, 0, 0, 0, 0, 0, 0, 0, 0, 0, 0, 0, 0, 0, 0, 0, 0, 0, 0, 0, 0, 0, 0, 0, 0, 0, 0, 0, 0, 0, 0, 0, 0, 0, 0, 0, 0, 0, 0, 0, 0, 0, 0, 0, 0, 0, 0, 0, 0, 0, 0, 0, 0, 0, 0, 0, 0, 0, 0, 0, 0, 0, 0, 0, 0, 0, 939990, 0, 939990, 939990, 939990, 939990, 939990, 939990, 939990, 5371139, 0, 5371139, 5371139, 5371139, 5371139, 5371139, 5371139, 5371139, 0, 0, 0, 0, 0, 0, 0, 0, 0, 5, 0, 5, 5, 5, 5, 5, 5, 5, 1.00424, 1.49012e-08, 1.00424, 1.00424, 1.00424, 1.00424, 1.00424, 1.00424, 1.00424, 12647.6, 0.000172633, 12647.6, 12647.6, 12647.6, 12647.6, 12647.6, 12647.6, 12647.6, 1.00001, 2.58096e-08, 1.00001, 1.00001, 1.00001, 1.00001, 1.00001, 1.00001, 1.00001
Fri Dec 30 21:45:45 EST 2016, 4, 0.500, 20, 9.21, 0.381077, 8.94151, 9.47849, 8.83, 8.89, 9.22, 9.78, 10.02, 87289.6, 7.83837, 87284.1, 87295.1, 87280, 87280, 87296, 87296, 87296, 0, 0, 0, 0, 0, 0, 0, 0, 0, 0, 0, 0, 0, 0, 0, 0, 0, 0, 0, 0, 0, 0, 0, 0, 0, 0, 0, 0, 0, 0, 0, 0, 0, 0, 0, 0, 0, 0, 0, 0, 0, 0, 0, 0, 0, 0, 0, 0, 0, 0, 0, 0, 0, 0, 0, 0, 0, 0, 0, 0, 0, 0, 0, 0, 0, 0, 0, 0, 0, 0, 0, 0, 1740000, 0, 1740000, 1740000, 1740000, 1740000, 1740000, 1740000, 1740000, 6890381, 0, 6890381, 6890381, 6890381, 6890381, 6890381, 6890381, 6890381, 0, 0, 0, 0, 0, 0, 0, 0, 0, 4, 0, 4, 4, 4, 4, 4, 4, 4, 1.00765, 0, 1.00765, 1.00765, 1.00765, 1.00765, 1.00765, 1.00765, 1.00765, 17295.4, 0.000244141, 17295.4, 17295.4, 17295.4, 17295.4, 17295.4, 17295.4, 17295.4, 1.00001, 2.58096e-08, 1.00001, 1.00001, 1.00001, 1.00001, 1.00001, 1.00001, 1.00001
Fri Dec 30 21:46:48 EST 2016, 8, 0.500, 20, 9.907, 0.543048, 9.52439, 10.2896, 9.55, 9.62, 9.82, 9.91, 11.50, 91238.4, 10.6132, 91230.9, 91245.9, 91232, 91232, 91232, 91248, 91264, 0, 0, 0, 0, 0, 0, 0, 0, 0, 0, 0, 0, 0, 0, 0, 0, 0, 0, 0, 0, 0, 0, 0, 0, 0, 0, 0, 0, 0, 0, 0, 0, 0, 0, 0, 0, 0, 0, 0, 0, 0, 0, 0, 0, 0, 0, 0, 0, 0, 0, 0, 0, 0, 0, 0, 0, 0, 0, 0, 0, 0, 0, 0, 0, 0, 0, 0, 0, 0, 0, 0, 0, 3199998, 0, 3199998, 3199998, 3199998, 3199998, 3199998, 3199998, 3199998, 6597924, 0, 6597924, 6597924, 6597924, 6597924, 6597924, 6597924, 6597924, 0, 0, 0, 0, 0, 0, 0, 0, 0, 4, 0, 4, 4, 4, 4, 4, 4, 4, 1.00279, 2.58096e-08, 1.00279, 1.00279, 1.00279, 1.00279, 1.00279, 1.00279, 1.00279, 19635.1, 0.000488281, 19635.1, 19635.1, 19635.1, 19635.1, 19635.1, 19635.1, 19635.1, 1.00001, 2.58096e-08, 1.00001, 1.00001, 1.00001, 1.00001, 1.00001, 1.00001, 1.00001
