# Timestamp, --delay, --selfEvents%, --eventsPerAgent, runtime_mean, runtime_sd, runtime_ci, runtime_ci, runtime_min, runtime_box_q1, runtime_median, runtime_box_q2, runtime_max, memory_mean, memory_sd, memory_ci, memory_ci, memory_min, memory_box_q1, memory_median, memory_box_q2, memory_max, rollbacks_mean, rollbacks_sd, rollbacks_ci, rollbacks_ci, rollbacks_min, rollbacks_box_q1, rollbacks_median, rollbacks_box_q2, rollbacks_max, mpiMsgs_mean, mpiMsgs_sd, mpiMsgs_ci, mpiMsgs_ci, mpiMsgs_min, mpiMsgs_box_q1, mpiMsgs_median, mpiMsgs_box_q2, mpiMsgs_max, schedules_mean, schedules_sd, schedules_ci, schedules_ci, schedules_min, schedules_box_q1, schedules_median, schedules_box_q2, schedules_max, commEvts_mean, commEvts_sd, commEvts_ci, commEvts_ci, commEvts_min, commEvts_box_q1, commEvts_median, commEvts_box_q2, commEvts_max, agentBkts_mean, agentBkts_sd, agentBkts_ci, agentBkts_ci, agentBkts_min, agentBkts_box_q1, agentBkts_median, agentBkts_box_q2, agentBkts_max, schedBktSz_mean, schedBktSz_sd, schedBktSz_ci, schedBktSz_ci, schedBktSz_min, schedBktSz_box_q1, schedBktSz_median, schedBktSz_box_q2, schedBktSz_max, fixHeapComp_mean, fixHeapComp_sd, fixHeapComp_ci, fixHeapComp_ci, fixHeapComp_min, fixHeapComp_box_q1, fixHeapComp_median, fixHeapComp_box_q2, fixHeapComp_max, fixHeapOps_mean, fixHeapOps_sd, fixHeapOps_ci, fixHeapOps_ci, fixHeapOps_min, fixHeapOps_box_q1, fixHeapOps_median, fixHeapOps_box_q2, fixHeapOps_max
Fri Dec 30 15:43:53 EST 2016, 0, 0.000, 1, 15.158, 1.07059, 14.4037, 15.9123, 13.51, 14.45, 15.465, 16.05, 17.27, 241338, 10.6132, 241331, 241345, 241328, 241328, 241344, 241344, 241360, 0, 0, 0, 0, 0, 0, 0, 0, 0, 0, 0, 0, 0, 0, 0, 0, 0, 0, 4224817, 0, 4224817, 4224817, 4224817, 4224817, 4224817, 4224817, 4224817, 4980000, 0, 4980000, 4980000, 4980000, 4980000, 4980000, 4980000, 4980000, 0.509687, 1.29048e-08, 0.509687, 0.509687, 0.509687, 0.509687, 0.509687, 0.509687, 0.509687, 1.18112, 1.49012e-08, 1.18112, 1.18112, 1.18112, 1.18112, 1.18112, 1.18112, 1.18112, 11.0116, 1.68587e-07, 11.0116, 11.0116, 11.0116, 11.0116, 11.0116, 11.0116, 11.0116, 6712951, 0, 6712951, 6712951, 6712951, 6712951, 6712951, 6712951, 6712951
Fri Dec 30 15:44:44 EST 2016, 1, 0.000, 1, 6.333, 0.303745, 6.11899, 6.54701, 5.48, 6.33, 6.415, 6.52, 6.66, 221694, 18.1725, 221681, 221707, 221680, 221680, 221696, 221696, 221744, 0, 0, 0, 0, 0, 0, 0, 0, 0, 0, 0, 0, 0, 0, 0, 0, 0, 0, 1726031, 0, 1726031, 1726031, 1726031, 1726031, 1726031, 1726031, 1726031, 1957178, 0, 1957178, 1957178, 1957178, 1957178, 1957178, 1957178, 1957178, 0.618131, 0, 0.618131, 0.618131, 0.618131, 0.618131, 0.618131, 0.618131, 0.618131, 1.13809, 0, 1.13809, 1.13809, 1.13809, 1.13809, 1.13809, 1.13809, 1.13809, 9.01585, 1.19209e-07, 9.01585, 9.01585, 9.01585, 9.01585, 9.01585, 9.01585, 9.01585, 2917750, 0, 2917750, 2917750, 2917750, 2917750, 2917750, 2917750, 2917750
Fri Dec 30 15:45:50 EST 2016, 2, 0.000, 1, 9.229, 0.594247, 8.81032, 9.64768, 8.00, 9.07, 9.35, 9.59, 10.43, 227240, 8, 227234, 227246, 227232, 227232, 227248, 227248, 227248, 0, 0, 0, 0, 0, 0, 0, 0, 0, 0, 0, 0, 0, 0, 0, 0, 0, 0, 2588942, 0, 2588942, 2588942, 2588942, 2588942, 2588942, 2588942, 2588942, 3147054, 0, 3147054, 3147054, 3147054, 3147054, 3147054, 3147054, 3147054, 0.578159, 1.29048e-08, 0.578159, 0.578159, 0.578159, 0.578159, 0.578159, 0.578159, 0.578159, 1.21871, 1.49012e-08, 1.21871, 1.21871, 1.21871, 1.21871, 1.21871, 1.21871, 1.21871, 9.4914, 1.19209e-07, 9.4914, 9.4914, 9.4914, 9.4914, 9.4914, 9.4914, 9.4914, 4351627, 0, 4351627, 4351627, 4351627, 4351627, 4351627, 4351627, 4351627
Fri Dec 30 15:46:51 EST 2016, 4, 0.000, 1, 11.752, 0.362872, 11.4963, 12.0077, 11.18, 11.55, 11.62, 12.26, 12.32, 233784, 8, 233778, 233790, 233776, 233776, 233792, 233792, 233792, 0, 0, 0, 0, 0, 0, 0, 0, 0, 0, 0, 0, 0, 0, 0, 0, 0, 0, 3376635, 0, 3376635, 3376635, 3376635, 3376635, 3376635, 3376635, 3376635, 4305275, 0, 4305275, 4305275, 4305275, 4305275, 4305275, 4305275, 4305275, 0.538328, 7.45058e-09, 0.538328, 0.538328, 0.538328, 0.538328, 0.538328, 0.538328, 0.538328, 1.27776, 2.10734e-08, 1.27776, 1.27776, 1.27776, 1.27776, 1.27776, 1.27776, 1.27776, 10.1078, 1.19209e-07, 10.1078, 10.1078, 10.1078, 10.1078, 10.1078, 10.1078, 10.1078, 5611835, 0, 5611835, 5611835, 5611835, 5611835, 5611835, 5611835, 5611835
Fri Dec 30 15:47:52 EST 2016, 8, 0.000, 1, 13.256, 0.592523, 12.8385, 13.6735, 11.95, 13.00, 13.595, 13.73, 13.78, 236664, 8, 236658, 236670, 236656, 236656, 236672, 236672, 236672, 0, 0, 0, 0, 0, 0, 0, 0, 0, 0, 0, 0, 0, 0, 0, 0, 0, 0, 3859477, 0, 3859477, 3859477, 3859477, 3859477, 3859477, 3859477, 3859477, 4888717, 0, 4888717, 4888717, 4888717, 4888717, 4888717, 4888717, 4888717, 0.523569, 1.05367e-08, 0.523569, 0.523569, 0.523569, 0.523569, 0.523569, 0.523569, 0.523569, 1.26924, 1.49012e-08, 1.26924, 1.26924, 1.26924, 1.26924, 1.26924, 1.26924, 1.26924, 10.616, 1.68587e-07, 10.616, 10.616, 10.616, 10.616, 10.616, 10.616, 10.616, 6296287, 0, 6296287, 6296287, 6296287, 6296287, 6296287, 6296287, 6296287
Fri Dec 30 15:48:59 EST 2016, 0, 0.250, 1, 12.094, 1.07697, 11.3352, 12.8528, 11.47, 11.53, 11.885, 12.52, 15.19, 210486, 7.83837, 210480, 210492, 210480, 210480, 210488, 210496, 210496, 0, 0, 0, 0, 0, 0, 0, 0, 0, 0, 0, 0, 0, 0, 0, 0, 0, 0, 3667387, 0, 3667387, 3667387, 3667387, 3667387, 3667387, 3667387, 3667387, 4980000, 0, 4980000, 4980000, 4980000, 4980000, 4980000, 4980000, 4980000, 0.475143, 5.26836e-09, 0.475143, 0.475143, 0.475143, 0.475143, 0.475143, 0.475143, 0.475143, 1.36064, 2.10734e-08, 1.36064, 1.36064, 1.36064, 1.36064, 1.36064, 1.36064, 1.36064, 9.42446, 1.68587e-07, 9.42446, 9.42446, 9.42446, 9.42446, 9.42446, 9.42446, 9.42446, 6351759, 0, 6351759, 6351759, 6351759, 6351759, 6351759, 6351759, 6351759
Fri Dec 30 15:49:50 EST 2016, 1, 0.250, 1, 6.543, 0.586959, 6.12945, 6.95655, 6.16, 6.20, 6.42, 6.47, 8.27, 206005, 10.245, 205998, 206012, 206000, 206000, 206000, 206016, 206032, 0, 0, 0, 0, 0, 0, 0, 0, 0, 0, 0, 0, 0, 0, 0, 0, 0, 0, 1722846, 0, 1722846, 1722846, 1722846, 1722846, 1722846, 1722846, 1722846, 1957561, 0, 1957561, 1957561, 1957561, 1957561, 1957561, 1957561, 1957561, 0.597072, 1.29048e-08, 0.597072, 0.597072, 0.597072, 0.597072, 0.597072, 0.597072, 0.597072, 1.14037, 2.58096e-08, 1.14037, 1.14037, 1.14037, 1.14037, 1.14037, 1.14037, 1.14037, 8.73023, 1.68587e-07, 8.73023, 8.73023, 8.73023, 8.73023, 8.73023, 8.73023, 8.73023, 2956865, 0, 2956865, 2956865, 2956865, 2956865, 2956865, 2956865, 2956865
Fri Dec 30 15:50:56 EST 2016, 2, 0.250, 1, 9.293, 0.749507, 8.76493, 9.82107, 8.78, 8.88, 9.14, 9.43, 11.46, 207864, 8, 207858, 207870, 207856, 207856, 207872, 207872, 207872, 0, 0, 0, 0, 0, 0, 0, 0, 0, 0, 0, 0, 0, 0, 0, 0, 0, 0, 2567155, 0, 2567155, 2567155, 2567155, 2567155, 2567155, 2567155, 2567155, 3146921, 0, 3146921, 3146921, 3146921, 3146921, 3146921, 3146921, 3146921, 0.548113, 7.45058e-09, 0.548113, 0.548113, 0.548113, 0.548113, 0.548113, 0.548113, 0.548113, 1.22904, 2.58096e-08, 1.22904, 1.22904, 1.22904, 1.22904, 1.22904, 1.22904, 1.22904, 8.96476, 0, 8.96476, 8.96476, 8.96476, 8.96476, 8.96476, 8.96476, 8.96476, 4427007, 0, 4427007, 4427007, 4427007, 4427007, 4427007, 4427007, 4427007
Fri Dec 30 15:53:13 EST 2016, 4, 0.250, 1, 11.212, 0.913628, 10.5683, 11.8557, 9.54, 10.59, 11.45, 12.36, 12.90, 209478, 7.83837, 209472, 209484, 209472, 209472, 209480, 209488, 209488, 0, 0, 0, 0, 0, 0, 0, 0, 0, 0, 0, 0, 0, 0, 0, 0, 0, 0, 3281561, 0, 3281561, 3281561, 3281561, 3281561, 3281561, 3281561, 3281561, 4305214, 0, 4305214, 4305214, 4305214, 4305214, 4305214, 4305214, 4305214, 0.500459, 1.05367e-08, 0.500459, 0.500459, 0.500459, 0.500459, 0.500459, 0.500459, 0.500459, 1.31476, 1.49012e-08, 1.31476, 1.31476, 1.31476, 1.31476, 1.31476, 1.31476, 1.31476, 9.22701, 2.06477e-07, 9.22701, 9.22701, 9.22701, 9.22701, 9.22701, 9.22701, 9.22701, 5683787, 0, 5683787, 5683787, 5683787, 5683787, 5683787, 5683787, 5683787
Fri Dec 30 15:54:19 EST 2016, 8, 0.250, 1, 13.505, 0.734415, 12.9876, 14.0224, 12.23, 12.94, 13.81, 14.45, 14.48, 210611, 6.4, 210606, 210616, 210608, 210608, 210608, 210624, 210624, 0, 0, 0, 0, 0, 0, 0, 0, 0, 0, 0, 0, 0, 0, 0, 0, 0, 0, 3615725, 0, 3615725, 3615725, 3615725, 3615725, 3615725, 3615725, 3615725, 4888739, 0, 4888739, 4888739, 4888739, 4888739, 4888739, 4888739, 4888739, 0.478483, 9.12506e-09, 0.478483, 0.478483, 0.478483, 0.478483, 0.478483, 0.478483, 0.478483, 1.35481, 2.10734e-08, 1.35481, 1.35481, 1.35481, 1.35481, 1.35481, 1.35481, 1.35481, 9.39131, 1.68587e-07, 9.39131, 9.39131, 9.39131, 9.39131, 9.39131, 9.39131, 9.39131, 6263407, 0, 6263407, 6263407, 6263407, 6263407, 6263407, 6263407, 6263407
Fri Dec 30 15:55:20 EST 2016, 0, 0.500, 1, 11.229, 1.27653, 10.3296, 12.1284, 8.78, 11.01, 11.165, 11.33, 14.41, 206893, 6.4, 206888, 206898, 206880, 206896, 206896, 206896, 206896, 0, 0, 0, 0, 0, 0, 0, 0, 0, 0, 0, 0, 0, 0, 0, 0, 0, 0, 3580352, 0, 3580352, 3580352, 3580352, 3580352, 3580352, 3580352, 3580352, 4980000, 0, 4980000, 4980000, 4980000, 4980000, 4980000, 4980000, 4980000, 0.420436, 5.26836e-09, 0.420436, 0.420436, 0.420436, 0.420436, 0.420436, 0.420436, 0.420436, 1.39372, 0, 1.39372, 1.39372, 1.39372, 1.39372, 1.39372, 1.39372, 1.39372, 8.5069, 1.19209e-07, 8.5069, 8.5069, 8.5069, 8.5069, 8.5069, 8.5069, 8.5069, 6507413, 0, 6507413, 6507413, 6507413, 6507413, 6507413, 6507413, 6507413
Fri Dec 30 15:56:16 EST 2016, 1, 0.500, 1, 6.684, 0.394796, 6.40584, 6.96216, 6.15, 6.42, 6.67, 7.39, 7.41, 204120, 8, 204114, 204126, 204112, 204112, 204128, 204128, 204128, 0, 0, 0, 0, 0, 0, 0, 0, 0, 0, 0, 0, 0, 0, 0, 0, 0, 0, 1719030, 0, 1719030, 1719030, 1719030, 1719030, 1719030, 1719030, 1719030, 1957119, 0, 1957119, 1957119, 1957119, 1957119, 1957119, 1957119, 1957119, 0.574655, 7.45058e-09, 0.574655, 0.574655, 0.574655, 0.574655, 0.574655, 0.574655, 0.574655, 1.14273, 1.49012e-08, 1.14273, 1.14273, 1.14273, 1.14273, 1.14273, 1.14273, 1.14273, 8.45415, 1.19209e-07, 8.45415, 8.45415, 8.45415, 8.45415, 8.45415, 8.45415, 8.45415, 2996223, 0, 2996223, 2996223, 2996223, 2996223, 2996223, 2996223, 2996223
Fri Dec 30 15:57:18 EST 2016, 2, 0.500, 1, 8.695, 0.785891, 8.1413, 9.2487, 6.89, 8.57, 8.785, 9.02, 10.33, 205443, 9.6, 205436, 205450, 205440, 205440, 205440, 205440, 205472, 0, 0, 0, 0, 0, 0, 0, 0, 0, 0, 0, 0, 0, 0, 0, 0, 0, 0, 2550010, 0, 2550010, 2550010, 2550010, 2550010, 2550010, 2550010, 2550010, 3146693, 0, 3146693, 3146693, 3146693, 3146693, 3146693, 3146693, 3146693, 0.514119, 7.45058e-09, 0.514119, 0.514119, 0.514119, 0.514119, 0.514119, 0.514119, 0.514119, 1.23723, 0, 1.23723, 1.23723, 1.23723, 1.23723, 1.23723, 1.23723, 1.23723, 8.4765, 1.19209e-07, 8.4765, 8.4765, 8.4765, 8.4765, 8.4765, 8.4765, 8.4765, 4513797, 0, 4513797, 4513797, 4513797, 4513797, 4513797, 4513797, 4513797
Fri Dec 30 15:58:19 EST 2016, 4, 0.500, 1, 10.824, 0.264507, 10.6376, 11.0104, 10.53, 10.68, 10.75, 11.20, 11.27, 206485, 10.245, 206478, 206492, 206480, 206480, 206480, 206496, 206512, 0, 0, 0, 0, 0, 0, 0, 0, 0, 0, 0, 0, 0, 0, 0, 0, 0, 0, 3232767, 0, 3232767, 3232767, 3232767, 3232767, 3232767, 3232767, 3232767, 4305357, 0, 4305357, 4305357, 4305357, 4305357, 4305357, 4305357, 4305357, 0.454855, 7.45058e-09, 0.454855, 0.454855, 0.454855, 0.454855, 0.454855, 0.454855, 0.454855, 1.33465, 0, 1.33465, 1.33465, 1.33465, 1.33465, 1.33465, 1.33465, 1.33465, 8.49693, 2.06477e-07, 8.49693, 8.49693, 8.49693, 8.49693, 8.49693, 8.49693, 8.49693, 5817229, 0, 5817229, 5817229, 5817229, 5817229, 5817229, 5817229, 5817229
Fri Dec 30 15:59:25 EST 2016, 8, 0.500, 1, 12.044, 1.10094, 11.2683, 12.8197, 10.26, 11.82, 12, 12.52, 14.84, 206998, 7.83837, 206992, 207004, 206992, 206992, 207000, 207008, 207008, 0, 0, 0, 0, 0, 0, 0, 0, 0, 0, 0, 0, 0, 0, 0, 0, 0, 0, 3536251, 0, 3536251, 3536251, 3536251, 3536251, 3536251, 3536251, 3536251, 4888768, 0, 4888768, 4888768, 4888768, 4888768, 4888768, 4888768, 4888768, 0.425094, 5.26836e-09, 0.425094, 0.425094, 0.425094, 0.425094, 0.425094, 0.425094, 0.425094, 1.38528, 0, 1.38528, 1.38528, 1.38528, 1.38528, 1.38528, 1.38528, 1.38528, 8.50771, 1.68587e-07, 8.50771, 8.50771, 8.50771, 8.50771, 8.50771, 8.50771, 8.50771, 6418441, 0, 6418441, 6418441, 6418441, 6418441, 6418441, 6418441, 6418441
Fri Dec 30 16:00:42 EST 2016, 0, 0.000, 2, 19.752, 2.3229, 18.1154, 21.3886, 16.54, 18.62, 19.58, 21.12, 25.75, 251197, 9.6, 251190, 251204, 251184, 251184, 251200, 251200, 251216, 0, 0, 0, 0, 0, 0, 0, 0, 0, 0, 0, 0, 0, 0, 0, 0, 0, 0, 4985519, 0, 4985519, 4985519, 4985519, 4985519, 4985519, 4985519, 4985519, 9960000, 0, 9960000, 9960000, 9960000, 9960000, 9960000, 9960000, 9960000, 0.997286, 2.10734e-08, 0.997286, 0.997286, 0.997286, 0.997286, 0.997286, 0.997286, 0.997286, 2.0018, 2.98023e-08, 2.0018, 2.0018, 2.0018, 2.0018, 2.0018, 2.0018, 2.0018, 12.0834, 1.68587e-07, 12.0834, 12.0834, 12.0834, 12.0834, 12.0834, 12.0834, 12.0834, 6697052, 0, 6697052, 6697052, 6697052, 6697052, 6697052, 6697052, 6697052
Fri Dec 30 16:01:28 EST 2016, 1, 0.000, 2, 11.184, 0.760371, 10.6483, 11.7197, 10.53, 10.60, 11.18, 12.11, 12.73, 227110, 10.6132, 227103, 227117, 227104, 227104, 227104, 227120, 227136, 0, 0, 0, 0, 0, 0, 0, 0, 0, 0, 0, 0, 0, 0, 0, 0, 0, 0, 2883007, 0, 2883007, 2883007, 2883007, 2883007, 2883007, 2883007, 2883007, 3915395, 0, 3915395, 3915395, 3915395, 3915395, 3915395, 3915395, 3915395, 1.37185, 0, 1.37185, 1.37185, 1.37185, 1.37185, 1.37185, 1.37185, 1.37185, 1.36194, 2.58096e-08, 1.36194, 1.36194, 1.36194, 1.36194, 1.36194, 1.36194, 1.36194, 10.3993, 2.38419e-07, 10.3993, 10.3993, 10.3993, 10.3993, 10.3993, 10.3993, 10.3993, 4071684, 0, 4071684, 4071684, 4071684, 4071684, 4071684, 4071684, 4071684
Fri Dec 30 16:02:35 EST 2016, 2, 0.000, 2, 16.288, 1.41108, 15.2938, 17.2822, 15.11, 15.54, 15.75, 18.93, 19.22, 234650, 10.6132, 234643, 234657, 234640, 234640, 234656, 234656, 234672, 0, 0, 0, 0, 0, 0, 0, 0, 0, 0, 0, 0, 0, 0, 0, 0, 0, 0, 3891614, 0, 3891614, 3891614, 3891614, 3891614, 3891614, 3891614, 3891614, 6296628, 0, 6296628, 6296628, 6296628, 6296628, 6296628, 6296628, 6296628, 1.22291, 2.10734e-08, 1.22291, 1.22291, 1.22291, 1.22291, 1.22291, 1.22291, 1.22291, 1.62156, 2.98023e-08, 1.62156, 1.62156, 1.62156, 1.62156, 1.62156, 1.62156, 1.62156, 10.9408, 2.38419e-07, 10.9408, 10.9408, 10.9408, 10.9408, 10.9408, 10.9408, 10.9408, 5416220, 0, 5416220, 5416220, 5416220, 5416220, 5416220, 5416220, 5416220
Fri Dec 30 16:03:46 EST 2016, 4, 0.000, 2, 20.327, 2.71805, 18.412, 22.242, 18.35, 18.47, 19.76, 25.62, 25.64, 243427, 6.4, 243422, 243432, 243424, 243424, 243424, 243440, 243440, 0, 0, 0, 0, 0, 0, 0, 0, 0, 0, 0, 0, 0, 0, 0, 0, 0, 0, 4577612, 0, 4577612, 4577612, 4577612, 4577612, 4577612, 4577612, 4577612, 8612691, 0, 8612691, 8612691, 8612691, 8612691, 8612691, 8612691, 8612691, 1.07432, 0, 1.07432, 1.07432, 1.07432, 1.07432, 1.07432, 1.07432, 1.07432, 1.88534, 2.98023e-08, 1.88534, 1.88534, 1.88534, 1.88534, 1.88534, 1.88534, 1.88534, 11.5189, 0, 11.5189, 11.5189, 11.5189, 11.5189, 11.5189, 11.5189, 11.5189, 6303988, 0, 6303988, 6303988, 6303988, 6303988, 6303988, 6303988, 6303988
Fri Dec 30 16:04:48 EST 2016, 8, 0.000, 2, 20.331, 1.55724, 19.2338, 21.4282, 18.99, 19.67, 20.08, 20.44, 24.83, 249114, 10.6132, 249107, 249121, 249104, 249104, 249120, 249120, 249136, 0, 0, 0, 0, 0, 0, 0, 0, 0, 0, 0, 0, 0, 0, 0, 0, 0, 0, 4913987, 0, 4913987, 4913987, 4913987, 4913987, 4913987, 4913987, 4913987, 9777899, 0, 9777899, 9777899, 9777899, 9777899, 9777899, 9777899, 9777899, 1.00513, 2.10734e-08, 1.00513, 1.00513, 1.00513, 1.00513, 1.00513, 1.00513, 1.00513, 1.99381, 2.98023e-08, 1.99381, 1.99381, 1.99381, 1.99381, 1.99381, 1.99381, 1.99381, 11.9614, 0, 11.9614, 11.9614, 11.9614, 11.9614, 11.9614, 11.9614, 11.9614, 6666903, 0, 6666903, 6666903, 6666903, 6666903, 6666903, 6666903, 6666903
Fri Dec 30 16:05:44 EST 2016, 0, 0.250, 2, 18.405, 0.969177, 17.7222, 19.0878, 16.67, 17.42, 18.99, 19.48, 19.51, 223702, 10.6132, 223695, 223709, 223696, 223696, 223696, 223712, 223728, 0, 0, 0, 0, 0, 0, 0, 0, 0, 0, 0, 0, 0, 0, 0, 0, 0, 0, 4723118, 0, 4723118, 4723118, 4723118, 4723118, 4723118, 4723118, 4723118, 9960000, 0, 9960000, 9960000, 9960000, 9960000, 9960000, 9960000, 9960000, 0.866275, 1.82501e-08, 0.866275, 0.866275, 0.866275, 0.866275, 0.866275, 0.866275, 0.866275, 2.11301, 4.21468e-08, 2.11301, 2.11301, 2.11301, 2.11301, 2.11301, 2.11301, 2.11301, 10.3007, 1.68587e-07, 10.3007, 10.3007, 10.3007, 10.3007, 10.3007, 10.3007, 10.3007, 6969873, 0, 6969873, 6969873, 6969873, 6969873, 6969873, 6969873, 6969873
Fri Dec 30 16:06:40 EST 2016, 1, 0.250, 2, 11.418, 1.38874, 10.4396, 12.3964, 10.03, 10.20, 11.185, 13.29, 13.94, 214645, 7.33212, 214640, 214650, 214640, 214640, 214640, 214656, 214656, 0, 0, 0, 0, 0, 0, 0, 0, 0, 0, 0, 0, 0, 0, 0, 0, 0, 0, 2878203, 0, 2878203, 2878203, 2878203, 2878203, 2878203, 2878203, 2878203, 3915208, 0, 3915208, 3915208, 3915208, 3915208, 3915208, 3915208, 3915208, 1.31534, 2.98023e-08, 1.31534, 1.31534, 1.31534, 1.31534, 1.31534, 1.31534, 1.31534, 1.36419, 2.10734e-08, 1.36419, 1.36419, 1.36419, 1.36419, 1.36419, 1.36419, 1.36419, 9.89854, 2.06477e-07, 9.89854, 9.89854, 9.89854, 9.89854, 9.89854, 9.89854, 9.89854, 4186370, 0, 4186370, 4186370, 4186370, 4186370, 4186370, 4186370, 4186370
Fri Dec 30 16:07:47 EST 2016, 2, 0.250, 2, 14.738, 0.704114, 14.2419, 15.2341, 13.89, 14.33, 14.735, 15.83, 16.17, 218230, 7.83837, 218224, 218236, 218224, 218224, 218232, 218240, 218240, 0, 0, 0, 0, 0, 0, 0, 0, 0, 0, 0, 0, 0, 0, 0, 0, 0, 0, 3865420, 0, 3865420, 3865420, 3865420, 3865420, 3865420, 3865420, 3865420, 6296184, 0, 6296184, 6296184, 6296184, 6296184, 6296184, 6296184, 6296184, 1.14201, 2.10734e-08, 1.14201, 1.14201, 1.14201, 1.14201, 1.14201, 1.14201, 1.14201, 1.63253, 2.98023e-08, 1.63253, 1.63253, 1.63253, 1.63253, 1.63253, 1.63253, 1.63253, 10.0799, 1.68587e-07, 10.0799, 10.0799, 10.0799, 10.0799, 10.0799, 10.0799, 10.0799, 5637390, 0, 5637390, 5637390, 5637390, 5637390, 5637390, 5637390, 5637390
Fri Dec 30 16:08:53 EST 2016, 4, 0.250, 2, 18.13, 1.28818, 17.2224, 19.0376, 16.47, 16.92, 18.065, 19.78, 20.80, 221958, 7.83837, 221952, 221964, 221952, 221952, 221960, 221968, 221968, 0, 0, 0, 0, 0, 0, 0, 0, 0, 0, 0, 0, 0, 0, 0, 0, 0, 0, 4475926, 0, 4475926, 4475926, 4475926, 4475926, 4475926, 4475926, 4475926, 8612556, 0, 8612556, 8612556, 8612556, 8612556, 8612556, 8612556, 8612556, 0.97027, 0, 0.97027, 0.97027, 0.97027, 0.97027, 0.97027, 0.97027, 0.97027, 1.92815, 2.10734e-08, 1.92815, 1.92815, 1.92815, 1.92815, 1.92815, 1.92815, 1.92815, 10.2014, 2.06477e-07, 10.2014, 10.2014, 10.2014, 10.2014, 10.2014, 10.2014, 10.2014, 6578172, 0, 6578172, 6578172, 6578172, 6578172, 6578172, 6578172, 6578172
Fri Dec 30 16:09:54 EST 2016, 8, 0.250, 2, 19.211, 1.19052, 18.3722, 20.0498, 16.28, 18.41, 19.86, 20.16, 20.31, 223894, 10.6132, 223887, 223901, 223888, 223888, 223888, 223904, 223920, 0, 0, 0, 0, 0, 0, 0, 0, 0, 0, 0, 0, 0, 0, 0, 0, 0, 0, 4692800, 0, 4692800, 4692800, 4692800, 4692800, 4692800, 4692800, 4692800, 9777869, 0, 9777869, 9777869, 9777869, 9777869, 9777869, 9777869, 9777869, 0.880626, 1.49012e-08, 0.880626, 0.880626, 0.880626, 0.880626, 0.880626, 0.880626, 0.880626, 2.08778, 5.16191e-08, 2.08778, 2.08778, 2.08778, 2.08778, 2.08778, 2.08778, 2.08778, 10.2832, 2.06477e-07, 10.2832, 10.2832, 10.2832, 10.2832, 10.2832, 10.2832, 10.2832, 6923570, 0, 6923570, 6923570, 6923570, 6923570, 6923570, 6923570, 6923570
Fri Dec 30 16:10:55 EST 2016, 0, 0.500, 2, 17.3, 0.72226, 16.7911, 17.8089, 16.19, 16.88, 17.43, 17.51, 19.14, 218646, 7.83837, 218640, 218652, 218640, 218640, 218648, 218656, 218656, 0, 0, 0, 0, 0, 0, 0, 0, 0, 0, 0, 0, 0, 0, 0, 0, 0, 0, 4656005, 0, 4656005, 4656005, 4656005, 4656005, 4656005, 4656005, 4656005, 9960000, 0, 9960000, 9960000, 9960000, 9960000, 9960000, 9960000, 9960000, 0.75356, 1.05367e-08, 0.75356, 0.75356, 0.75356, 0.75356, 0.75356, 0.75356, 0.75356, 2.14347, 2.98023e-08, 2.14347, 2.14347, 2.14347, 2.14347, 2.14347, 2.14347, 2.14347, 8.9005, 1.68587e-07, 8.9005, 8.9005, 8.9005, 8.9005, 8.9005, 8.9005, 8.9005, 7525500, 0, 7525500, 7525500, 7525500, 7525500, 7525500, 7525500, 7525500
Fri Dec 30 16:11:52 EST 2016, 1, 0.500, 2, 10.405, 1.15639, 9.59026, 11.2197, 9.38, 9.83, 10.175, 10.48, 13.76, 211693, 13.9485, 211683, 211703, 211680, 211680, 211696, 211712, 211712, 0, 0, 0, 0, 0, 0, 0, 0, 0, 0, 0, 0, 0, 0, 0, 0, 0, 0, 2873983, 0, 2873983, 2873983, 2873983, 2873983, 2873983, 2873983, 2873983, 3914992, 0, 3914992, 3914992, 3914992, 3914992, 3914992, 3914992, 3914992, 1.25933, 1.49012e-08, 1.25933, 1.25933, 1.25933, 1.25933, 1.25933, 1.25933, 1.25933, 1.36617, 2.10734e-08, 1.36617, 1.36617, 1.36617, 1.36617, 1.36617, 1.36617, 1.36617, 9.43094, 2.06477e-07, 9.43094, 9.43094, 9.43094, 9.43094, 9.43094, 9.43094, 9.43094, 4304607, 0, 4304607, 4304607, 4304607, 4304607, 4304607, 4304607, 4304607
Fri Dec 30 16:12:58 EST 2016, 2, 0.500, 2, 14.521, 1.05602, 13.777, 15.265, 13.78, 14.21, 14.255, 14.47, 17.63, 214406, 7.83837, 214400, 214412, 214400, 214400, 214408, 214416, 214416, 0, 0, 0, 0, 0, 0, 0, 0, 0, 0, 0, 0, 0, 0, 0, 0, 0, 0, 3846984, 0, 3846984, 3846984, 3846984, 3846984, 3846984, 3846984, 3846984, 6296175, 0, 6296175, 6296175, 6296175, 6296175, 6296175, 6296175, 6296175, 1.06123, 0, 1.06123, 1.06123, 1.06123, 1.06123, 1.06123, 1.06123, 1.06123, 1.6404, 0, 1.6404, 1.6404, 1.6404, 1.6404, 1.6404, 1.6404, 1.6404, 9.30223, 1.68587e-07, 9.30223, 9.30223, 9.30223, 9.30223, 9.30223, 9.30223, 9.30223, 5893852, 0, 5893852, 5893852, 5893852, 5893852, 5893852, 5893852, 5893852
Fri Dec 30 16:13:59 EST 2016, 4, 0.500, 2, 17.664, 0.714594, 17.1605, 18.1675, 16.99, 17.18, 17.42, 18.66, 19.27, 217048, 8, 217042, 217054, 217040, 217040, 217056, 217056, 217056, 0, 0, 0, 0, 0, 0, 0, 0, 0, 0, 0, 0, 0, 0, 0, 0, 0, 0, 4433455, 0, 4433455, 4433455, 4433455, 4433455, 4433455, 4433455, 4433455, 8612623, 0, 8612623, 8612623, 8612623, 8612623, 8612623, 8612623, 8612623, 0.869797, 1.05367e-08, 0.869797, 0.869797, 0.869797, 0.869797, 0.869797, 0.869797, 0.869797, 1.94666, 0, 1.94666, 1.94666, 1.94666, 1.94666, 1.94666, 1.94666, 1.94666, 9.07183, 1.19209e-07, 9.07183, 9.07183, 9.07183, 9.07183, 9.07183, 9.07183, 9.07183, 7007516, 0, 7007516, 7007516, 7007516, 7007516, 7007516, 7007516, 7007516
Fri Dec 30 16:15:01 EST 2016, 8, 0.500, 2, 18.084, 0.506679, 17.727, 18.441, 17.29, 17.93, 18.115, 18.22, 19.34, 218710, 7.83837, 218704, 218716, 218704, 218704, 218712, 218720, 218720, 0, 0, 0, 0, 0, 0, 0, 0, 0, 0, 0, 0, 0, 0, 0, 0, 0, 0, 4629936, 0, 4629936, 4629936, 4629936, 4629936, 4629936, 4629936, 4629936, 9777793, 0, 9777793, 9777793, 9777793, 9777793, 9777793, 9777793, 9777793, 0.769774, 0, 0.769774, 0.769774, 0.769774, 0.769774, 0.769774, 0.769774, 0.769774, 2.11611, 2.98023e-08, 2.11611, 2.11611, 2.11611, 2.11611, 2.11611, 2.11611, 2.11611, 8.92589, 2.06477e-07, 8.92589, 8.92589, 8.92589, 8.92589, 8.92589, 8.92589, 8.92589, 7460319, 0, 7460319, 7460319, 7460319, 7460319, 7460319, 7460319, 7460319
Fri Dec 30 16:16:18 EST 2016, 0, 0.000, 4, 26.238, 2.17497, 24.7056, 27.7704, 23.51, 24.98, 26.16, 28.42, 31.48, 280602, 7.83837, 280596, 280608, 280592, 280592, 280608, 280608, 280608, 0, 0, 0, 0, 0, 0, 0, 0, 0, 0, 0, 0, 0, 0, 0, 0, 0, 0, 4990000, 0, 4990000, 4990000, 4990000, 4990000, 4990000, 4990000, 4990000, 19920000, 0, 19920000, 19920000, 19920000, 19920000, 19920000, 19920000, 19920000, 1.24842, 2.58096e-08, 1.24842, 1.24842, 1.24842, 1.24842, 1.24842, 1.24842, 1.24842, 4, 0, 4, 4, 4, 4, 4, 4, 4, 12.4918, 0, 12.4918, 12.4918, 12.4918, 12.4918, 12.4918, 12.4918, 12.4918, 6060542, 0, 6060542, 6060542, 6060542, 6060542, 6060542, 6060542, 6060542
Fri Dec 30 16:17:09 EST 2016, 1, 0.000, 4, 18.537, 1.57624, 17.4265, 19.6475, 16.51, 17.32, 18.305, 20.23, 21.80, 238229, 7.33212, 238224, 238234, 238224, 238224, 238224, 238240, 238240, 0, 0, 0, 0, 0, 0, 0, 0, 0, 0, 0, 0, 0, 0, 0, 0, 0, 0, 4129474, 0, 4129474, 4129474, 4129474, 4129474, 4129474, 4129474, 4129474, 7839058, 0, 7839058, 7839058, 7839058, 7839058, 7839058, 7839058, 7839058, 2.51408, 2.98023e-08, 2.51408, 2.51408, 2.51408, 2.51408, 2.51408, 2.51408, 2.51408, 1.90262, 2.98023e-08, 1.90262, 1.90262, 1.90262, 1.90262, 1.90262, 1.90262, 1.90262, 12.1316, 2.92002e-07, 12.1316, 12.1316, 12.1316, 12.1316, 12.1316, 12.1316, 12.1316, 4845170, 0, 4845170, 4845170, 4845170, 4845170, 4845170, 4845170, 4845170
Fri Dec 30 16:18:15 EST 2016, 2, 0.000, 4, 23.422, 1.77844, 22.169, 24.675, 21.66, 22.33, 22.94, 24.69, 28.25, 249880, 10.7331, 249872, 249888, 249872, 249872, 249880, 249888, 249904, 0, 0, 0, 0, 0, 0, 0, 0, 0, 0, 0, 0, 0, 0, 0, 0, 0, 0, 4780678, 0, 4780678, 4780678, 4780678, 4780678, 4780678, 4780678, 4780678, 12595353, 0, 12595353, 12595353, 12595353, 12595353, 12595353, 12595353, 12595353, 1.99163, 2.10734e-08, 1.99163, 1.99163, 1.99163, 1.99163, 1.99163, 1.99163, 1.99163, 2.64002, 0, 2.64002, 2.64002, 2.64002, 2.64002, 2.64002, 2.64002, 2.64002, 12.3734, 2.92002e-07, 12.3734, 12.3734, 12.3734, 12.3734, 12.3734, 12.3734, 12.3734, 5564637, 0, 5564637, 5564637, 5564637, 5564637, 5564637, 5564637, 5564637
Fri Dec 30 16:19:42 EST 2016, 4, 0.000, 4, 27.474, 2.06316, 26.0204, 28.9276, 25.94, 26.45, 27.155, 27.61, 33.48, 268613, 7.33212, 268608, 268618, 268608, 268608, 268608, 268624, 268624, 0, 0, 0, 0, 0, 0, 0, 0, 0, 0, 0, 0, 0, 0, 0, 0, 0, 0, 4972340, 0, 4972340, 4972340, 4972340, 4972340, 4972340, 4972340, 4972340, 17228401, 0, 17228401, 17228401, 17228401, 17228401, 17228401, 17228401, 17228401, 1.52272, 2.10734e-08, 1.52272, 1.52272, 1.52272, 1.52272, 1.52272, 1.52272, 1.52272, 3.47182, 0, 3.47182, 3.47182, 3.47182, 3.47182, 3.47182, 3.47182, 3.47182, 12.3862, 1.68587e-07, 12.3862, 12.3862, 12.3862, 12.3862, 12.3862, 12.3862, 12.3862, 5903225, 0, 5903225, 5903225, 5903225, 5903225, 5903225, 5903225, 5903225
Fri Dec 30 16:20:38 EST 2016, 8, 0.000, 4, 27.724, 1.00166, 27.0183, 28.4297, 25.65, 27.08, 28.165, 29.02, 29.07, 276859, 7.33212, 276854, 276864, 276848, 276848, 276864, 276864, 276864, 0, 0, 0, 0, 0, 0, 0, 0, 0, 0, 0, 0, 0, 0, 0, 0, 0, 0, 4989907, 0, 4989907, 4989907, 4989907, 4989907, 4989907, 4989907, 4989907, 19556603, 0, 19556603, 19556603, 19556603, 19556603, 19556603, 19556603, 19556603, 1.28586, 2.58096e-08, 1.28586, 1.28586, 1.28586, 1.28586, 1.28586, 1.28586, 1.28586, 3.92711, 4.21468e-08, 3.92711, 3.92711, 3.92711, 3.92711, 3.92711, 3.92711, 3.92711, 12.4147, 2.38419e-07, 12.4147, 12.4147, 12.4147, 12.4147, 12.4147, 12.4147, 12.4147, 6067585, 0, 6067585, 6067585, 6067585, 6067585, 6067585, 6067585, 6067585
Fri Dec 30 16:21:44 EST 2016, 0, 0.250, 4, 25.659, 3.12984, 23.4539, 27.8641, 22.43, 23.89, 25.04, 30.71, 32.48, 254827, 10.245, 254820, 254834, 254816, 254816, 254832, 254832, 254848, 0, 0, 0, 0, 0, 0, 0, 0, 0, 0, 0, 0, 0, 0, 0, 0, 0, 0, 4984619, 0, 4984619, 4984619, 4984619, 4984619, 4984619, 4984619, 4984619, 19920000, 0, 19920000, 19920000, 19920000, 19920000, 19920000, 19920000, 19920000, 1.12292, 1.49012e-08, 1.12292, 1.12292, 1.12292, 1.12292, 1.12292, 1.12292, 1.12292, 4.00432, 5.96046e-08, 4.00432, 4.00432, 4.00432, 4.00432, 4.00432, 4.00432, 4.00432, 11.0356, 0, 11.0356, 11.0356, 11.0356, 11.0356, 11.0356, 11.0356, 11.0356, 6360728, 0, 6360728, 6360728, 6360728, 6360728, 6360728, 6360728, 6360728
Fri Dec 30 16:22:36 EST 2016, 1, 0.250, 4, 18.017, 2.05899, 16.5663, 19.4677, 16.16, 16.82, 17.255, 21.48, 22.58, 231854, 11.2, 231846, 231862, 231840, 231840, 231856, 231872, 231872, 0, 0, 0, 0, 0, 0, 0, 0, 0, 0, 0, 0, 0, 0, 0, 0, 0, 0, 4120782, 0, 4120782, 4120782, 4120782, 4120782, 4120782, 4120782, 4120782, 7838739, 0, 7838739, 7838739, 7838739, 7838739, 7838739, 7838739, 7838739, 2.41877, 4.21468e-08, 2.41877, 2.41877, 2.41877, 2.41877, 2.41877, 2.41877, 2.41877, 1.9066, 5.16191e-08, 1.9066, 1.9066, 1.9066, 1.9066, 1.9066, 1.9066, 1.9066, 11.6027, 0, 11.6027, 11.6027, 11.6027, 11.6027, 11.6027, 11.6027, 11.6027, 4970714, 0, 4970714, 4970714, 4970714, 4970714, 4970714, 4970714, 4970714
Fri Dec 30 16:23:47 EST 2016, 2, 0.250, 4, 22.992, 2.48268, 21.2428, 24.7412, 20.86, 21.69, 21.89, 27.74, 28.00, 240491, 10.245, 240484, 240498, 240480, 240480, 240496, 240496, 240512, 0, 0, 0, 0, 0, 0, 0, 0, 0, 0, 0, 0, 0, 0, 0, 0, 0, 0, 4763832, 0, 4763832, 4763832, 4763832, 4763832, 4763832, 4763832, 4763832, 12595008, 0, 12595008, 12595008, 12595008, 12595008, 12595008, 12595008, 12595008, 1.87787, 2.98023e-08, 1.87787, 1.87787, 1.87787, 1.87787, 1.87787, 1.87787, 1.87787, 2.64932, 2.98023e-08, 2.64932, 2.64932, 2.64932, 2.64932, 2.64932, 2.64932, 2.64932, 11.6371, 2.38419e-07, 11.6371, 11.6371, 11.6371, 11.6371, 11.6371, 11.6371, 11.6371, 5739158, 0, 5739158, 5739158, 5739158, 5739158, 5739158, 5739158, 5739158
Fri Dec 30 16:24:53 EST 2016, 4, 0.250, 4, 27.239, 2.61569, 25.3961, 29.0819, 25.13, 25.58, 25.965, 31.00, 32.69, 250933, 7.33212, 250928, 250938, 250928, 250928, 250928, 250944, 250944, 0, 0, 0, 0, 0, 0, 0, 0, 0, 0, 0, 0, 0, 0, 0, 0, 0, 0, 4954124, 0, 4954124, 4954124, 4954124, 4954124, 4954124, 4954124, 4954124, 17228552, 0, 17228552, 17228552, 17228552, 17228552, 17228552, 17228552, 17228552, 1.40326, 2.98023e-08, 1.40326, 1.40326, 1.40326, 1.40326, 1.40326, 1.40326, 1.40326, 3.48461, 0, 3.48461, 3.48461, 3.48461, 3.48461, 3.48461, 3.48461, 3.48461, 11.3583, 1.68587e-07, 11.3583, 11.3583, 11.3583, 11.3583, 11.3583, 11.3583, 11.3583, 6115632, 0, 6115632, 6115632, 6115632, 6115632, 6115632, 6115632, 6115632
Fri Dec 30 16:25:50 EST 2016, 8, 0.250, 4, 27.133, 0.695501, 26.643, 27.623, 26.10, 26.59, 27.485, 27.76, 28.42, 254866, 27.2, 254847, 254885, 254848, 254848, 254864, 254864, 254944, 0, 0, 0, 0, 0, 0, 0, 0, 0, 0, 0, 0, 0, 0, 0, 0, 0, 0, 4982391, 0, 4982391, 4982391, 4982391, 4982391, 4982391, 4982391, 4982391, 19556567, 0, 19556567, 19556567, 19556567, 19556567, 19556567, 19556567, 19556567, 1.16241, 2.10734e-08, 1.16241, 1.16241, 1.16241, 1.16241, 1.16241, 1.16241, 1.16241, 3.93301, 0, 3.93301, 3.93301, 3.93301, 3.93301, 3.93301, 3.93301, 3.93301, 11.0802, 2.06477e-07, 11.0802, 11.0802, 11.0802, 11.0802, 11.0802, 11.0802, 11.0802, 6328638, 0, 6328638, 6328638, 6328638, 6328638, 6328638, 6328638, 6328638
Fri Dec 30 16:26:56 EST 2016, 0, 0.500, 4, 24.198, 2.18877, 22.6559, 25.7401, 22.72, 23.26, 23.67, 24.24, 30.65, 244938, 10.6132, 244931, 244945, 244928, 244928, 244944, 244944, 244960, 0, 0, 0, 0, 0, 0, 0, 0, 0, 0, 0, 0, 0, 0, 0, 0, 0, 0, 4976554, 0, 4976554, 4976554, 4976554, 4976554, 4976554, 4976554, 4976554, 19920000, 0, 19920000, 19920000, 19920000, 19920000, 19920000, 19920000, 19920000, 0.998205, 2.35608e-08, 0.998205, 0.998205, 0.998205, 0.998205, 0.998205, 0.998205, 0.998205, 4.01081, 5.96046e-08, 4.01081, 4.01081, 4.01081, 4.01081, 4.01081, 4.01081, 4.01081, 9.81047, 1.68587e-07, 9.81047, 9.81047, 9.81047, 9.81047, 9.81047, 9.81047, 9.81047, 6911078, 0, 6911078, 6911078, 6911078, 6911078, 6911078, 6911078, 6911078
Fri Dec 30 16:27:47 EST 2016, 1, 0.500, 4, 17.136, 1.27395, 16.2384, 18.0336, 14.68, 16.26, 17.41, 18.35, 19.60, 227778, 4.8, 227775, 227781, 227776, 227776, 227776, 227776, 227792, 0, 0, 0, 0, 0, 0, 0, 0, 0, 0, 0, 0, 0, 0, 0, 0, 0, 0, 4116143, 0, 4116143, 4116143, 4116143, 4116143, 4116143, 4116143, 4116143, 7838135, 0, 7838135, 7838135, 7838135, 7838135, 7838135, 7838135, 7838135, 2.32468, 5.16191e-08, 2.32468, 2.32468, 2.32468, 2.32468, 2.32468, 2.32468, 2.32468, 1.90861, 2.10734e-08, 1.90861, 1.90861, 1.90861, 1.90861, 1.90861, 1.90861, 1.90861, 11.0811, 2.06477e-07, 11.0811, 11.0811, 11.0811, 11.0811, 11.0811, 11.0811, 11.0811, 5120324, 0, 5120324, 5120324, 5120324, 5120324, 5120324, 5120324, 5120324
Fri Dec 30 16:28:54 EST 2016, 2, 0.500, 4, 22.416, 2.10679, 20.9316, 23.9004, 21.10, 21.23, 21.72, 24.21, 28.18, 235368, 10.7331, 235360, 235376, 235360, 235360, 235368, 235376, 235392, 0, 0, 0, 0, 0, 0, 0, 0, 0, 0, 0, 0, 0, 0, 0, 0, 0, 0, 4752367, 0, 4752367, 4752367, 4752367, 4752367, 4752367, 4752367, 4752367, 12595295, 0, 12595295, 12595295, 12595295, 12595295, 12595295, 12595295, 12595295, 1.76435, 2.10734e-08, 1.76435, 1.76435, 1.76435, 1.76435, 1.76435, 1.76435, 1.76435, 2.65576, 5.96046e-08, 2.65576, 2.65576, 2.65576, 2.65576, 2.65576, 2.65576, 2.65576, 10.8891, 0, 10.8891, 10.8891, 10.8891, 10.8891, 10.8891, 10.8891, 10.8891, 5997777, 0, 5997777, 5997777, 5997777, 5997777, 5997777, 5997777, 5997777
Fri Dec 30 16:29:55 EST 2016, 4, 0.500, 4, 24.64, 0.688767, 24.1547, 25.1253, 23.44, 24.12, 24.935, 25.59, 25.71, 242602, 7.83837, 242596, 242608, 242592, 242592, 242608, 242608, 242608, 0, 0, 0, 0, 0, 0, 0, 0, 0, 0, 0, 0, 0, 0, 0, 0, 0, 0, 4942850, 0, 4942850, 4942850, 4942850, 4942850, 4942850, 4942850, 4942850, 17228205, 0, 17228205, 17228205, 17228205, 17228205, 17228205, 17228205, 17228205, 1.28275, 2.10734e-08, 1.28275, 1.28275, 1.28275, 1.28275, 1.28275, 1.28275, 1.28275, 3.49248, 4.21468e-08, 3.49248, 3.49248, 3.49248, 3.49248, 3.49248, 3.49248, 3.49248, 10.3452, 1.68587e-07, 10.3452, 10.3452, 10.3452, 10.3452, 10.3452, 10.3452, 10.3452, 6527920, 0, 6527920, 6527920, 6527920, 6527920, 6527920, 6527920, 6527920
Fri Dec 30 16:31:01 EST 2016, 8, 0.500, 4, 27.638, 2.63985, 25.7781, 29.4979, 24.91, 25.41, 27.965, 30.78, 32.53, 244941, 11.9733, 244933, 244949, 244928, 244928, 244944, 244960, 244960, 0, 0, 0, 0, 0, 0, 0, 0, 0, 0, 0, 0, 0, 0, 0, 0, 0, 0, 4973887, 0, 4973887, 4973887, 4973887, 4973887, 4973887, 4973887, 4973887, 19556528, 0, 19556528, 19556528, 19556528, 19556528, 19556528, 19556528, 19556528, 1.03852, 0, 1.03852, 1.03852, 1.03852, 1.03852, 1.03852, 1.03852, 1.03852, 3.93974, 5.96046e-08, 3.93974, 3.93974, 3.93974, 3.93974, 3.93974, 3.93974, 3.93974, 9.89822, 1.19209e-07, 9.89822, 9.89822, 9.89822, 9.89822, 9.89822, 9.89822, 9.89822, 6847984, 0, 6847984, 6847984, 6847984, 6847984, 6847984, 6847984, 6847984
Fri Dec 30 16:32:18 EST 2016, 0, 0.000, 6, 36.054, 4.69715, 32.7446, 39.3634, 30.80, 31.24, 37.55, 41.40, 44.88, 297990, 7.83837, 297984, 297996, 297984, 297984, 297992, 298000, 298000, 0, 0, 0, 0, 0, 0, 0, 0, 0, 0, 0, 0, 0, 0, 0, 0, 0, 0, 4990000, 0, 4990000, 4990000, 4990000, 4990000, 4990000, 4990000, 4990000, 29880000, 0, 29880000, 29880000, 29880000, 29880000, 29880000, 29880000, 29880000, 1.33184, 0, 1.33184, 1.33184, 1.33184, 1.33184, 1.33184, 1.33184, 1.33184, 6, 0, 6, 6, 6, 6, 6, 6, 6, 12.5137, 1.68587e-07, 12.5137, 12.5137, 12.5137, 12.5137, 12.5137, 12.5137, 12.5137, 6009512, 0, 6009512, 6009512, 6009512, 6009512, 6009512, 6009512, 6009512
Fri Dec 30 16:33:04 EST 2016, 1, 0.000, 6, 25.791, 3.1707, 23.5571, 28.0249, 22.12, 22.82, 26.965, 29.67, 30.97, 250728, 8, 250722, 250734, 250720, 250720, 250736, 250736, 250736, 0, 0, 0, 0, 0, 0, 0, 0, 0, 0, 0, 0, 0, 0, 0, 0, 0, 0, 4640170, 0, 4640170, 4640170, 4640170, 4640170, 4640170, 4640170, 4640170, 11759719, 0, 11759719, 11759719, 11759719, 11759719, 11759719, 11759719, 11759719, 3.31131, 5.96046e-08, 3.31131, 3.31131, 3.31131, 3.31131, 3.31131, 3.31131, 3.31131, 2.53966, 5.96046e-08, 2.53966, 2.53966, 2.53966, 2.53966, 2.53966, 2.53966, 2.53966, 12.7877, 1.68587e-07, 12.7877, 12.7877, 12.7877, 12.7877, 12.7877, 12.7877, 12.7877, 5054963, 0, 5054963, 5054963, 5054963, 5054963, 5054963, 5054963, 5054963
Fri Dec 30 16:34:10 EST 2016, 2, 0.000, 6, 28.35, 2.01878, 26.9277, 29.7723, 26.96, 27.33, 28.09, 28.61, 34.19, 273637, 7.33212, 273632, 273642, 273632, 273632, 273632, 273648, 273648, 0, 0, 0, 0, 0, 0, 0, 0, 0, 0, 0, 0, 0, 0, 0, 0, 0, 0, 4952432, 0, 4952432, 4952432, 4952432, 4952432, 4952432, 4952432, 4952432, 18897179, 0, 18897179, 18897179, 18897179, 18897179, 18897179, 18897179, 18897179, 2.42938, 2.98023e-08, 2.42938, 2.42938, 2.42938, 2.42938, 2.42938, 2.42938, 2.42938, 3.82342, 4.21468e-08, 3.82342, 3.82342, 3.82342, 3.82342, 3.82342, 3.82342, 3.82342, 12.8657, 0, 12.8657, 12.8657, 12.8657, 12.8657, 12.8657, 12.8657, 12.8657, 5359101, 0, 5359101, 5359101, 5359101, 5359101, 5359101, 5359101, 5359101
Fri Dec 30 16:35:12 EST 2016, 4, 0.000, 6, 32.551, 0.719033, 32.0444, 33.0576, 31.59, 32.01, 32.405, 33.58, 33.62, 284603, 10.245, 284596, 284610, 284592, 284592, 284608, 284608, 284624, 0, 0, 0, 0, 0, 0, 0, 0, 0, 0, 0, 0, 0, 0, 0, 0, 0, 0, 4989418, 0, 4989418, 4989418, 4989418, 4989418, 4989418, 4989418, 4989418, 25842422, 0, 25842422, 25842422, 25842422, 25842422, 25842422, 25842422, 25842422, 1.7369, 2.98023e-08, 1.7369, 1.7369, 1.7369, 1.7369, 1.7369, 1.7369, 1.7369, 5.18984, 1.3328e-07, 5.18984, 5.18984, 5.18984, 5.18984, 5.18984, 5.18984, 5.18984, 12.6655, 2.38419e-07, 12.6655, 12.6655, 12.6655, 12.6655, 12.6655, 12.6655, 12.6655, 5609585, 0, 5609585, 5609585, 5609585, 5609585, 5609585, 5609585, 5609585
Fri Dec 30 16:36:19 EST 2016, 8, 0.000, 6, 34.153, 1.66338, 32.9811, 35.3249, 30.84, 33.75, 34.25, 34.69, 38.05, 296611, 6.4, 296606, 296616, 296608, 296608, 296608, 296624, 296624, 0, 0, 0, 0, 0, 0, 0, 0, 0, 0, 0, 0, 0, 0, 0, 0, 0, 0, 4990000, 0, 4990000, 4990000, 4990000, 4990000, 4990000, 4990000, 4990000, 29334377, 0, 29334377, 29334377, 29334377, 29334377, 29334377, 29334377, 29334377, 1.3897, 2.58096e-08, 1.3897, 1.3897, 1.3897, 1.3897, 1.3897, 1.3897, 1.3897, 5.89044, 8.42937e-08, 5.89044, 5.89044, 5.89044, 5.89044, 5.89044, 5.89044, 5.89044, 12.5187, 2.38419e-07, 12.5187, 12.5187, 12.5187, 12.5187, 12.5187, 12.5187, 12.5187, 5932620, 0, 5932620, 5932620, 5932620, 5932620, 5932620, 5932620, 5932620
Fri Dec 30 16:37:25 EST 2016, 0, 0.250, 6, 32.357, 3.79882, 29.6805, 35.0335, 29.93, 29.96, 31.615, 32.82, 43.41, 284966, 7.83837, 284960, 284972, 284960, 284960, 284968, 284976, 284976, 0, 0, 0, 0, 0, 0, 0, 0, 0, 0, 0, 0, 0, 0, 0, 0, 0, 0, 4989963, 0, 4989963, 4989963, 4989963, 4989963, 4989963, 4989963, 4989963, 29880000, 0, 29880000, 29880000, 29880000, 29880000, 29880000, 29880000, 29880000, 1.207, 2.10734e-08, 1.207, 1.207, 1.207, 1.207, 1.207, 1.207, 1.207, 6.00004, 1.19209e-07, 6.00004, 6.00004, 6.00004, 6.00004, 6.00004, 6.00004, 6.00004, 11.2642, 0, 11.2642, 11.2642, 11.2642, 11.2642, 11.2642, 11.2642, 11.2642, 6072182, 0, 6072182, 6072182, 6072182, 6072182, 6072182, 6072182, 6072182
Fri Dec 30 16:38:16 EST 2016, 1, 0.250, 6, 24.811, 3.38867, 22.4235, 27.1985, 20.96, 21.10, 24.7, 30.11, 30.13, 247976, 10.7331, 247968, 247984, 247968, 247968, 247976, 247984, 248000, 0, 0, 0, 0, 0, 0, 0, 0, 0, 0, 0, 0, 0, 0, 0, 0, 0, 0, 4635448, 0, 4635448, 4635448, 4635448, 4635448, 4635448, 4635448, 4635448, 11759917, 0, 11759917, 11759917, 11759917, 11759917, 11759917, 11759917, 11759917, 3.20029, 4.21468e-08, 3.20029, 3.20029, 3.20029, 3.20029, 3.20029, 3.20029, 3.20029, 2.54232, 2.98023e-08, 2.54232, 2.54232, 2.54232, 2.54232, 2.54232, 2.54232, 2.54232, 12.3986, 1.68587e-07, 12.3986, 12.3986, 12.3986, 12.3986, 12.3986, 12.3986, 12.3986, 5144243, 0, 5144243, 5144243, 5144243, 5144243, 5144243, 5144243, 5144243
Fri Dec 30 16:39:17 EST 2016, 2, 0.250, 6, 27.234, 1.47624, 26.1939, 28.2741, 23.38, 26.87, 27.68, 28.13, 29.44, 265147, 10.245, 265140, 265154, 265136, 265136, 265152, 265152, 265168, 0, 0, 0, 0, 0, 0, 0, 0, 0, 0, 0, 0, 0, 0, 0, 0, 0, 0, 4946325, 0, 4946325, 4946325, 4946325, 4946325, 4946325, 4946325, 4946325, 18897183, 0, 18897183, 18897183, 18897183, 18897183, 18897183, 18897183, 18897183, 2.31042, 2.98023e-08, 2.31042, 2.31042, 2.31042, 2.31042, 2.31042, 2.31042, 2.31042, 3.82812, 8.42937e-08, 3.82812, 3.82812, 3.82812, 3.82812, 3.82812, 3.82812, 3.82812, 12.4125, 2.92002e-07, 12.4125, 12.4125, 12.4125, 12.4125, 12.4125, 12.4125, 12.4125, 5447655, 0, 5447655, 5447655, 5447655, 5447655, 5447655, 5447655, 5447655
Fri Dec 30 16:40:29 EST 2016, 4, 0.250, 6, 32.298, 2.40794, 30.6015, 33.9945, 30.14, 31.25, 32.115, 32.58, 39.09, 276104, 8, 276098, 276110, 276096, 276096, 276112, 276112, 276112, 0, 0, 0, 0, 0, 0, 0, 0, 0, 0, 0, 0, 0, 0, 0, 0, 0, 0, 4988106, 0, 4988106, 4988106, 4988106, 4988106, 4988106, 4988106, 4988106, 25842316, 0, 25842316, 25842316, 25842316, 25842316, 25842316, 25842316, 25842316, 1.61654, 2.10734e-08, 1.61654, 1.61654, 1.61654, 1.61654, 1.61654, 1.61654, 1.61654, 5.19119, 8.42937e-08, 5.19119, 5.19119, 5.19119, 5.19119, 5.19119, 5.19119, 5.19119, 11.9597, 1.68587e-07, 11.9597, 11.9597, 11.9597, 11.9597, 11.9597, 11.9597, 11.9597, 5689319, 0, 5689319, 5689319, 5689319, 5689319, 5689319, 5689319, 5689319
Fri Dec 30 16:41:35 EST 2016, 8, 0.250, 6, 38.202, 3.80113, 35.5239, 40.8801, 32.62, 35.20, 38.755, 43.18, 43.62, 282979, 6.4, 282974, 282984, 282976, 282976, 282976, 282992, 282992, 0, 0, 0, 0, 0, 0, 0, 0, 0, 0, 0, 0, 0, 0, 0, 0, 0, 0, 4989933, 0, 4989933, 4989933, 4989933, 4989933, 4989933, 4989933, 4989933, 29334340, 0, 29334340, 29334340, 29334340, 29334340, 29334340, 29334340, 29334340, 1.26676, 2.10734e-08, 1.26676, 1.26676, 1.26676, 1.26676, 1.26676, 1.26676, 1.26676, 5.89051, 8.42937e-08, 5.89051, 5.89051, 5.89051, 5.89051, 5.89051, 5.89051, 5.89051, 11.4, 1.68587e-07, 11.4, 11.4, 11.4, 11.4, 11.4, 11.4, 11.4, 5992249, 0, 5992249, 5992249, 5992249, 5992249, 5992249, 5992249, 5992249
Fri Dec 30 16:42:36 EST 2016, 0, 0.500, 6, 30.806, 4.42508, 27.6883, 33.9237, 26.97, 28.48, 29.215, 36.12, 41.99, 270277, 7.33212, 270272, 270282, 270272, 270272, 270272, 270288, 270288, 0, 0, 0, 0, 0, 0, 0, 0, 0, 0, 0, 0, 0, 0, 0, 0, 0, 0, 4989655, 0, 4989655, 4989655, 4989655, 4989655, 4989655, 4989655, 4989655, 29880000, 0, 29880000, 29880000, 29880000, 29880000, 29880000, 29880000, 29880000, 1.08231, 2.10734e-08, 1.08231, 1.08231, 1.08231, 1.08231, 1.08231, 1.08231, 1.08231, 6.00041, 1.19209e-07, 6.00041, 6.00041, 6.00041, 6.00041, 6.00041, 6.00041, 6.00041, 10.5562, 2.06477e-07, 10.5562, 10.5562, 10.5562, 10.5562, 10.5562, 10.5562, 10.5562, 6353396, 0, 6353396, 6353396, 6353396, 6353396, 6353396, 6353396, 6353396
Fri Dec 30 16:43:17 EST 2016, 1, 0.500, 6, 21.022, 1.45191, 19.999, 22.045, 19.78, 20.06, 20.66, 23.61, 23.98, 245270, 7.83837, 245264, 245276, 245264, 245264, 245272, 245280, 245280, 0, 0, 0, 0, 0, 0, 0, 0, 0, 0, 0, 0, 0, 0, 0, 0, 0, 0, 4631299, 0, 4631299, 4631299, 4631299, 4631299, 4631299, 4631299, 4631299, 11759247, 0, 11759247, 11759247, 11759247, 11759247, 11759247, 11759247, 11759247, 3.09055, 4.21468e-08, 3.09055, 3.09055, 3.09055, 3.09055, 3.09055, 3.09055, 3.09055, 2.54446, 5.96046e-08, 2.54446, 2.54446, 2.54446, 2.54446, 2.54446, 2.54446, 2.54446, 12.0039, 1.68587e-07, 12.0039, 12.0039, 12.0039, 12.0039, 12.0039, 12.0039, 12.0039, 5253434, 0, 5253434, 5253434, 5253434, 5253434, 5253434, 5253434, 5253434
Fri Dec 30 16:44:24 EST 2016, 2, 0.500, 6, 25.98, 0.295838, 25.7716, 26.1884, 25.41, 25.79, 26.07, 26.34, 26.35, 258838, 7.83837, 258832, 258844, 258832, 258832, 258840, 258848, 258848, 0, 0, 0, 0, 0, 0, 0, 0, 0, 0, 0, 0, 0, 0, 0, 0, 0, 0, 4941932, 0, 4941932, 4941932, 4941932, 4941932, 4941932, 4941932, 4941932, 18896452, 0, 18896452, 18896452, 18896452, 18896452, 18896452, 18896452, 18896452, 2.19064, 2.98023e-08, 2.19064, 2.19064, 2.19064, 2.19064, 2.19064, 2.19064, 2.19064, 3.83147, 5.96046e-08, 3.83147, 3.83147, 3.83147, 3.83147, 3.83147, 3.83147, 3.83147, 11.9326, 2.38419e-07, 11.9326, 11.9326, 11.9326, 11.9326, 11.9326, 11.9326, 11.9326, 5601239, 0, 5601239, 5601239, 5601239, 5601239, 5601239, 5601239, 5601239
Fri Dec 30 16:45:35 EST 2016, 4, 0.500, 6, 31.121, 1.74053, 29.8947, 32.3473, 29.21, 30.42, 30.75, 31.94, 35.95, 266211, 6.4, 266206, 266216, 266208, 266208, 266208, 266224, 266224, 0, 0, 0, 0, 0, 0, 0, 0, 0, 0, 0, 0, 0, 0, 0, 0, 0, 0, 4986587, 0, 4986587, 4986587, 4986587, 4986587, 4986587, 4986587, 4986587, 25841992, 0, 25841992, 25841992, 25841992, 25841992, 25841992, 25841992, 25841992, 1.49495, 2.10734e-08, 1.49495, 1.49495, 1.49495, 1.49495, 1.49495, 1.49495, 1.49495, 5.19272, 8.42937e-08, 5.19272, 5.19272, 5.19272, 5.19272, 5.19272, 5.19272, 5.19272, 11.3452, 1.68587e-07, 11.3452, 11.3452, 11.3452, 11.3452, 11.3452, 11.3452, 11.3452, 5915716, 0, 5915716, 5915716, 5915716, 5915716, 5915716, 5915716, 5915716
Fri Dec 30 16:46:41 EST 2016, 8, 0.500, 6, 34.748, 2.48222, 32.9991, 36.4969, 30.71, 33.24, 35.08, 38.66, 39.16, 269800, 8, 269794, 269806, 269792, 269792, 269808, 269808, 269808, 0, 0, 0, 0, 0, 0, 0, 0, 0, 0, 0, 0, 0, 0, 0, 0, 0, 0, 4989484, 0, 4989484, 4989484, 4989484, 4989484, 4989484, 4989484, 4989484, 29334385, 0, 29334385, 29334385, 29334385, 29334385, 29334385, 29334385, 29334385, 1.14288, 1.49012e-08, 1.14288, 1.14288, 1.14288, 1.14288, 1.14288, 1.14288, 1.14288, 5.89104, 1.19209e-07, 5.89104, 5.89104, 5.89104, 5.89104, 5.89104, 5.89104, 5.89104, 10.6702, 1.68587e-07, 10.6702, 10.6702, 10.6702, 10.6702, 10.6702, 10.6702, 10.6702, 6286463, 0, 6286463, 6286463, 6286463, 6286463, 6286463, 6286463, 6286463
Fri Dec 30 16:47:42 EST 2016, 0, 0.000, 8, 36.617, 1.87838, 35.2936, 37.9404, 34.42, 35.18, 36.7, 37.27, 41.62, 312149, 7.33212, 312144, 312154, 312144, 312144, 312144, 312160, 312160, 0, 0, 0, 0, 0, 0, 0, 0, 0, 0, 0, 0, 0, 0, 0, 0, 0, 0, 4990000, 0, 4990000, 4990000, 4990000, 4990000, 4990000, 4990000, 4990000, 39840000, 0, 39840000, 39840000, 39840000, 39840000, 39840000, 39840000, 39840000, 1.3735, 0, 1.3735, 1.3735, 1.3735, 1.3735, 1.3735, 1.3735, 1.3735, 8, 0, 8, 8, 8, 8, 8, 8, 8, 12.5127, 1.68587e-07, 12.5127, 12.5127, 12.5127, 12.5127, 12.5127, 12.5127, 12.5127, 6004495, 0, 6004495, 6004495, 6004495, 6004495, 6004495, 6004495, 6004495
Fri Dec 30 16:48:38 EST 2016, 1, 0.000, 8, 25.797, 2.40333, 24.1037, 27.4903, 23.43, 23.70, 25.83, 27.32, 31.72, 267974, 10.6132, 267967, 267981, 267968, 267968, 267968, 267984, 268000, 0, 0, 0, 0, 0, 0, 0, 0, 0, 0, 0, 0, 0, 0, 0, 0, 0, 0, 4848970, 0, 4848970, 4848970, 4848970, 4848970, 4848970, 4848970, 4848970, 15687561, 0, 15687561, 15687561, 15687561, 15687561, 15687561, 15687561, 15687561, 3.89836, 8.42937e-08, 3.89836, 3.89836, 3.89836, 3.89836, 3.89836, 3.89836, 3.89836, 3.2419, 7.30005e-08, 3.2419, 3.2419, 3.2419, 3.2419, 3.2419, 3.2419, 3.2419, 13.0552, 1.68587e-07, 13.0552, 13.0552, 13.0552, 13.0552, 13.0552, 13.0552, 13.0552, 5097694, 0, 5097694, 5097694, 5097694, 5097694, 5097694, 5097694, 5097694
Fri Dec 30 16:49:40 EST 2016, 2, 0.000, 8, 32.281, 1.20332, 31.4332, 33.1288, 30.57, 31.43, 32.175, 33.90, 34.92, 287557, 7.33212, 287552, 287562, 287552, 287552, 287552, 287568, 287568, 0, 0, 0, 0, 0, 0, 0, 0, 0, 0, 0, 0, 0, 0, 0, 0, 0, 0, 4983265, 0, 4983265, 4983265, 4983265, 4983265, 4983265, 4983265, 4983265, 25195865, 0, 25195865, 25195865, 25195865, 25195865, 25195865, 25195865, 25195865, 2.73117, 6.664e-08, 2.73117, 2.73117, 2.73117, 2.73117, 2.73117, 2.73117, 2.73117, 5.06626, 5.96046e-08, 5.06626, 5.06626, 5.06626, 5.06626, 5.06626, 5.06626, 5.06626, 13.0971, 1.68587e-07, 13.0971, 13.0971, 13.0971, 13.0971, 13.0971, 13.0971, 13.0971, 5201116, 0, 5201116, 5201116, 5201116, 5201116, 5201116, 5201116, 5201116
Fri Dec 30 16:50:46 EST 2016, 4, 0.000, 8, 37.426, 1.23912, 36.553, 38.299, 35.80, 36.07, 37.775, 39.27, 39.43, 306922, 10.6132, 306915, 306929, 306912, 306912, 306928, 306928, 306944, 0, 0, 0, 0, 0, 0, 0, 0, 0, 0, 0, 0, 0, 0, 0, 0, 0, 0, 4989975, 0, 4989975, 4989975, 4989975, 4989975, 4989975, 4989975, 4989975, 34453894, 0, 34453894, 34453894, 34453894, 34453894, 34453894, 34453894, 34453894, 1.88289, 2.10734e-08, 1.88289, 1.88289, 1.88289, 1.88289, 1.88289, 1.88289, 1.88289, 6.91843, 1.19209e-07, 6.91843, 6.91843, 6.91843, 6.91843, 6.91843, 6.91843, 6.91843, 12.8386, 1.68587e-07, 12.8386, 12.8386, 12.8386, 12.8386, 12.8386, 12.8386, 12.8386, 5439585, 0, 5439585, 5439585, 5439585, 5439585, 5439585, 5439585, 5439585
Fri Dec 30 16:51:57 EST 2016, 8, 0.000, 8, 39.001, 2.98746, 36.8962, 41.1058, 35.92, 38.21, 38.33, 38.98, 47.66, 312770, 24.2124, 312753, 312787, 312752, 312752, 312768, 312816, 312816, 0, 0, 0, 0, 0, 0, 0, 0, 0, 0, 0, 0, 0, 0, 0, 0, 0, 0, 4990000, 0, 4990000, 4990000, 4990000, 4990000, 4990000, 4990000, 4990000, 39111751, 0.5, 3.91118e+07, 3.91118e+07, 39111751, 39111751, 39111751, 39111751, 39111751, 1.44997, 2.10734e-08, 1.44997, 1.44997, 1.44997, 1.44997, 1.44997, 1.44997, 1.44997, 7.85376, 8.42937e-08, 7.85376, 7.85376, 7.85376, 7.85376, 7.85376, 7.85376, 7.85376, 12.5491, 2.38419e-07, 12.5491, 12.5491, 12.5491, 12.5491, 12.5491, 12.5491, 12.5491, 5874730, 0, 5874730, 5874730, 5874730, 5874730, 5874730, 5874730, 5874730
Fri Dec 30 16:52:59 EST 2016, 0, 0.250, 8, 37.068, 3.38474, 34.6833, 39.4527, 35.43, 35.77, 35.96, 36.67, 47.16, 301754, 10.6132, 301747, 301761, 301744, 301744, 301760, 301760, 301776, 0, 0, 0, 0, 0, 0, 0, 0, 0, 0, 0, 0, 0, 0, 0, 0, 0, 0, 4990000, 0, 4990000, 4990000, 4990000, 4990000, 4990000, 4990000, 4990000, 39840000, 0, 39840000, 39840000, 39840000, 39840000, 39840000, 39840000, 39840000, 1.24877, 2.58096e-08, 1.24877, 1.24877, 1.24877, 1.24877, 1.24877, 1.24877, 1.24877, 8, 0, 8, 8, 8, 8, 8, 8, 8, 11.3671, 2.38419e-07, 11.3671, 11.3671, 11.3671, 11.3671, 11.3671, 11.3671, 11.3671, 5947703, 0, 5947703, 5947703, 5947703, 5947703, 5947703, 5947703, 5947703
Fri Dec 30 16:53:45 EST 2016, 1, 0.250, 8, 25.597, 1.46226, 24.5668, 26.6272, 24.36, 24.60, 25.1, 27.29, 29.17, 265510, 7.83837, 265504, 265516, 265504, 265504, 265512, 265520, 265520, 0, 0, 0, 0, 0, 0, 0, 0, 0, 0, 0, 0, 0, 0, 0, 0, 0, 0, 4845257, 0, 4845257, 4845257, 4845257, 4845257, 4845257, 4845257, 4845257, 15687608, 0, 15687608, 15687608, 15687608, 15687608, 15687608, 15687608, 15687608, 3.77967, 5.96046e-08, 3.77967, 3.77967, 3.77967, 3.77967, 3.77967, 3.77967, 3.77967, 3.24433, 4.21468e-08, 3.24433, 3.24433, 3.24433, 3.24433, 3.24433, 3.24433, 3.24433, 12.7999, 0, 12.7999, 12.7999, 12.7999, 12.7999, 12.7999, 12.7999, 12.7999, 5151265, 0, 5151265, 5151265, 5151265, 5151265, 5151265, 5151265, 5151265
Fri Dec 30 16:54:51 EST 2016, 2, 0.250, 8, 32.575, 1.76996, 31.328, 33.822, 30.93, 31.44, 32.19, 35.12, 36.75, 282870, 7.83837, 282864, 282876, 282864, 282864, 282872, 282880, 282880, 0, 0, 0, 0, 0, 0, 0, 0, 0, 0, 0, 0, 0, 0, 0, 0, 0, 0, 4981631, 0, 4981631, 4981631, 4981631, 4981631, 4981631, 4981631, 4981631, 25196071, 0, 25196071, 25196071, 25196071, 25196071, 25196071, 25196071, 25196071, 2.60962, 2.98023e-08, 2.60962, 2.60962, 2.60962, 2.60962, 2.60962, 2.60962, 2.60962, 5.0679, 8.42937e-08, 5.0679, 5.0679, 5.0679, 5.0679, 5.0679, 5.0679, 5.0679, 12.8347, 1.68587e-07, 12.8347, 12.8347, 12.8347, 12.8347, 12.8347, 12.8347, 12.8347, 5244123, 0, 5244123, 5244123, 5244123, 5244123, 5244123, 5244123, 5244123
Fri Dec 30 16:55:58 EST 2016, 4, 0.250, 8, 37.027, 1.18152, 36.1946, 37.8594, 35.34, 36.12, 37.27, 37.76, 39.71, 296184, 8, 296178, 296190, 296176, 296176, 296192, 296192, 296192, 0, 0, 0, 0, 0, 0, 0, 0, 0, 0, 0, 0, 0, 0, 0, 0, 0, 0, 4989930, 0, 4989930, 4989930, 4989930, 4989930, 4989930, 4989930, 4989930, 34454043, 0.5, 3.4454e+07, 3.4454e+07, 34454043, 34454043, 34454043, 34454043, 34454043, 1.76202, 3.65002e-08, 1.76202, 1.76202, 1.76202, 1.76202, 1.76202, 1.76202, 1.76202, 6.91857, 1.46001e-07, 6.91857, 6.91857, 6.91857, 6.91857, 6.91857, 6.91857, 6.91857, 12.3277, 1.68587e-07, 12.3277, 12.3277, 12.3277, 12.3277, 12.3277, 12.3277, 12.3277, 5463838, 0, 5463838, 5463838, 5463838, 5463838, 5463838, 5463838, 5463838
Fri Dec 30 16:57:09 EST 2016, 8, 0.250, 8, 39.287, 3.06154, 37.13, 41.444, 37.15, 37.88, 38.53, 39.92, 48.15, 302854, 7.83837, 302848, 302860, 302848, 302848, 302856, 302864, 302864, 0, 0, 0, 0, 0, 0, 0, 0, 0, 0, 0, 0, 0, 0, 0, 0, 0, 0, 4990000, 0, 4990000, 4990000, 4990000, 4990000, 4990000, 4990000, 4990000, 39111825, 0.5, 3.91118e+07, 3.91118e+07, 39111825, 39111825, 39111825, 39111825, 39111825, 1.32707, 2.10734e-08, 1.32707, 1.32707, 1.32707, 1.32707, 1.32707, 1.32707, 1.32707, 7.85378, 8.42937e-08, 7.85378, 7.85378, 7.85378, 7.85378, 7.85378, 7.85378, 7.85378, 11.5456, 2.38419e-07, 11.5456, 11.5456, 11.5456, 11.5456, 11.5456, 11.5456, 11.5456, 5851776, 0, 5851776, 5851776, 5851776, 5851776, 5851776, 5851776, 5851776
Fri Dec 30 16:58:10 EST 2016, 0, 0.500, 8, 35.831, 3.6433, 33.2641, 38.3979, 32.78, 33.46, 35.12, 39.30, 45.32, 293352, 8, 293346, 293358, 293344, 293344, 293360, 293360, 293360, 0, 0, 0, 0, 0, 0, 0, 0, 0, 0, 0, 0, 0, 0, 0, 0, 0, 0, 4989993, 0, 4989993, 4989993, 4989993, 4989993, 4989993, 4989993, 4989993, 39840000, 0, 39840000, 39840000, 39840000, 39840000, 39840000, 39840000, 39840000, 1.12405, 2.10734e-08, 1.12405, 1.12405, 1.12405, 1.12405, 1.12405, 1.12405, 1.12405, 8.00001, 1.68587e-07, 8.00001, 8.00001, 8.00001, 8.00001, 8.00001, 8.00001, 8.00001, 11.0203, 2.06477e-07, 11.0203, 11.0203, 11.0203, 11.0203, 11.0203, 11.0203, 11.0203, 6068073, 0, 6068073, 6068073, 6068073, 6068073, 6068073, 6068073, 6068073
Fri Dec 30 16:58:56 EST 2016, 1, 0.500, 8, 26.063, 2.89422, 24.0239, 28.1021, 22.88, 23.64, 26.87, 29.59, 31.51, 263256, 8, 263250, 263262, 263248, 263248, 263264, 263264, 263264, 0, 0, 0, 0, 0, 0, 0, 0, 0, 0, 0, 0, 0, 0, 0, 0, 0, 0, 4843085, 0, 4843085, 4843085, 4843085, 4843085, 4843085, 4843085, 4843085, 15687559, 0, 15687559, 15687559, 15687559, 15687559, 15687559, 15687559, 15687559, 3.66304, 4.21468e-08, 3.66304, 3.66304, 3.66304, 3.66304, 3.66304, 3.66304, 3.66304, 3.24584, 5.96046e-08, 3.24584, 3.24584, 3.24584, 3.24584, 3.24584, 3.24584, 3.24584, 12.539, 1.68587e-07, 12.539, 12.539, 12.539, 12.539, 12.539, 12.539, 12.539, 5221004, 0, 5221004, 5221004, 5221004, 5221004, 5221004, 5221004, 5221004
Fri Dec 30 17:00:03 EST 2016, 2, 0.500, 8, 29.484, 2.65149, 27.6159, 31.3521, 27.14, 27.40, 29.225, 31.95, 36.10, 278794, 19.2, 278780, 278808, 278768, 278784, 278800, 278816, 278816, 0, 0, 0, 0, 0, 0, 0, 0, 0, 0, 0, 0, 0, 0, 0, 0, 0, 0, 4980259, 0, 4980259, 4980259, 4980259, 4980259, 4980259, 4980259, 4980259, 25195695, 0, 25195695, 25195695, 25195695, 25195695, 25195695, 25195695, 25195695, 2.48814, 5.16191e-08, 2.48814, 2.48814, 2.48814, 2.48814, 2.48814, 2.48814, 2.48814, 5.06928, 0, 5.06928, 5.06928, 5.06928, 5.06928, 5.06928, 5.06928, 5.06928, 12.5686, 1.68587e-07, 12.5686, 12.5686, 12.5686, 12.5686, 12.5686, 12.5686, 12.5686, 5324937, 0, 5324937, 5324937, 5324937, 5324937, 5324937, 5324937, 5324937
Fri Dec 30 17:01:16 EST 2016, 4, 0.500, 8, 38.767, 4.24828, 35.7739, 41.7601, 34.71, 35.85, 36.73, 44.37, 46.87, 289733, 7.33212, 289728, 289738, 289728, 289728, 289728, 289744, 289744, 0, 0, 0, 0, 0, 0, 0, 0, 0, 0, 0, 0, 0, 0, 0, 0, 0, 0, 4989770, 0, 4989770, 4989770, 4989770, 4989770, 4989770, 4989770, 4989770, 34454322, 0, 34454322, 34454322, 34454322, 34454322, 34454322, 34454322, 34454322, 1.6398, 2.10734e-08, 1.6398, 1.6398, 1.6398, 1.6398, 1.6398, 1.6398, 1.6398, 6.91886, 8.42937e-08, 6.91886, 6.91886, 6.91886, 6.91886, 6.91886, 6.91886, 6.91886, 12.005, 1.68587e-07, 12.005, 12.005, 12.005, 12.005, 12.005, 12.005, 12.005, 5572598, 0, 5572598, 5572598, 5572598, 5572598, 5572598, 5572598, 5572598
Fri Dec 30 17:02:17 EST 2016, 8, 0.500, 8, 40.419, 3.24799, 38.1306, 42.7074, 36.43, 38.22, 40.325, 41.79, 48.80, 294106, 7.83837, 294100, 294112, 294096, 294096, 294112, 294112, 294112, 0, 0, 0, 0, 0, 0, 0, 0, 0, 0, 0, 0, 0, 0, 0, 0, 0, 0, 4989992, 0, 4989992, 4989992, 4989992, 4989992, 4989992, 4989992, 4989992, 39111724, 0, 39111724, 39111724, 39111724, 39111724, 39111724, 39111724, 39111724, 1.20302, 2.10734e-08, 1.20302, 1.20302, 1.20302, 1.20302, 1.20302, 1.20302, 1.20302, 7.85378, 8.42937e-08, 7.85378, 7.85378, 7.85378, 7.85378, 7.85378, 7.85378, 7.85378, 11.2068, 1.68587e-07, 11.2068, 11.2068, 11.2068, 11.2068, 11.2068, 11.2068, 11.2068, 5967433, 0, 5967433, 5967433, 5967433, 5967433, 5967433, 5967433, 5967433
Fri Dec 30 17:03:24 EST 2016, 0, 0.000, 10, 43.296, 4.75094, 39.9487, 46.6433, 36.24, 40.28, 44.11, 48.11, 52.81, 332762, 10.6132, 332755, 332769, 332752, 332752, 332768, 332768, 332784, 0, 0, 0, 0, 0, 0, 0, 0, 0, 0, 0, 0, 0, 0, 0, 0, 0, 0, 4990000, 0, 4990000, 4990000, 4990000, 4990000, 4990000, 4990000, 4990000, 49800000, 0, 49800000, 49800000, 49800000, 49800000, 49800000, 49800000, 49800000, 1.39851, 0, 1.39851, 1.39851, 1.39851, 1.39851, 1.39851, 1.39851, 1.39851, 10, 0, 10, 10, 10, 10, 10, 10, 10, 12.5152, 2.92002e-07, 12.5152, 12.5152, 12.5152, 12.5152, 12.5152, 12.5152, 12.5152, 6003195, 0, 6003195, 6003195, 6003195, 6003195, 6003195, 6003195, 6003195
Fri Dec 30 17:04:10 EST 2016, 1, 0.000, 10, 30.144, 3.03476, 28.0058, 32.2822, 26.56, 27.98, 30.675, 31.92, 37.61, 280312, 8, 280306, 280318, 280304, 280304, 280320, 280320, 280320, 0, 0, 0, 0, 0, 0, 0, 0, 0, 0, 0, 0, 0, 0, 0, 0, 0, 0, 4932898, 0, 4932898, 4932898, 4932898, 4932898, 4932898, 4932898, 4932898, 19607610, 0, 19607610, 19607610, 19607610, 19607610, 19607610, 19607610, 19607610, 4.35429, 5.96046e-08, 4.35429, 4.35429, 4.35429, 4.35429, 4.35429, 4.35429, 4.35429, 3.98291, 7.30005e-08, 3.98291, 3.98291, 3.98291, 3.98291, 3.98291, 3.98291, 3.98291, 13.1842, 1.68587e-07, 13.1842, 13.1842, 13.1842, 13.1842, 13.1842, 13.1842, 13.1842, 5084827, 0, 5084827, 5084827, 5084827, 5084827, 5084827, 5084827, 5084827
Fri Dec 30 17:05:21 EST 2016, 2, 0.000, 10, 36.181, 3.27643, 33.8726, 38.4894, 32.27, 34.60, 35.345, 39.81, 42.94, 301550, 28.1254, 301530, 301570, 301520, 301520, 301568, 301584, 301584, 0, 0, 0, 0, 0, 0, 0, 0, 0, 0, 0, 0, 0, 0, 0, 0, 0, 0, 4988789, 0, 4988789, 4988789, 4988789, 4988789, 4988789, 4988789, 4988789, 31486656, 0, 31486656, 31486656, 31486656, 31486656, 31486656, 31486656, 31486656, 2.96143, 4.21468e-08, 2.96143, 2.96143, 2.96143, 2.96143, 2.96143, 2.96143, 2.96143, 6.32421, 8.42937e-08, 6.32421, 6.32421, 6.32421, 6.32421, 6.32421, 6.32421, 6.32421, 13.2145, 1.68587e-07, 13.2145, 13.2145, 13.2145, 13.2145, 13.2145, 13.2145, 13.2145, 5111979, 0, 5111979, 5111979, 5111979, 5111979, 5111979, 5111979, 5111979
Fri Dec 30 17:06:23 EST 2016, 4, 0.000, 10, 42.645, 1.52437, 41.571, 43.719, 40.63, 41.06, 43.33, 44.59, 44.93, 323890, 4.8, 323887, 323893, 323888, 323888, 323888, 323888, 323904, 0, 0, 0, 0, 0, 0, 0, 0, 0, 0, 0, 0, 0, 0, 0, 0, 0, 0, 4990000, 0, 4990000, 4990000, 4990000, 4990000, 4990000, 4990000, 4990000, 43066669, 0.707107, 4.30667e+07, 4.30667e+07, 43066669, 43066669, 43066669, 43066669, 43066669, 1.99662, 2.10734e-08, 1.99662, 1.99662, 1.99662, 1.99662, 1.99662, 1.99662, 1.99662, 8.64792, 1.19209e-07, 8.64792, 8.64792, 8.64792, 8.64792, 8.64792, 8.64792, 8.64792, 12.9562, 2.92002e-07, 12.9562, 12.9562, 12.9562, 12.9562, 12.9562, 12.9562, 12.9562, 5331095, 0, 5331095, 5331095, 5331095, 5331095, 5331095, 5331095, 5331095
Fri Dec 30 17:07:39 EST 2016, 8, 0.000, 10, 47.526, 4.21959, 44.5531, 50.4989, 45.01, 45.37, 46.355, 47.95, 59.87, 330184, 8, 330178, 330190, 330176, 330176, 330192, 330192, 330192, 0, 0, 0, 0, 0, 0, 0, 0, 0, 0, 0, 0, 0, 0, 0, 0, 0, 0, 4990000, 0, 4990000, 4990000, 4990000, 4990000, 4990000, 4990000, 4990000, 48890152, 0, 48890152, 48890152, 48890152, 48890152, 48890152, 48890152, 48890152, 1.49242, 2.98023e-08, 1.49242, 1.49242, 1.49242, 1.49242, 1.49242, 1.49242, 1.49242, 9.81729, 1.19209e-07, 9.81729, 9.81729, 9.81729, 9.81729, 9.81729, 9.81729, 9.81729, 12.5648, 2.38419e-07, 12.5648, 12.5648, 12.5648, 12.5648, 12.5648, 12.5648, 12.5648, 5849878, 0, 5849878, 5849878, 5849878, 5849878, 5849878, 5849878, 5849878
Fri Dec 30 17:09:36 EST 2016, 0, 0.250, 10, 42.114, 3.80476, 39.4333, 44.7947, 37.26, 39.29, 42.61, 44.75, 50.96, 322550, 19.2, 322536, 322564, 322528, 322528, 322560, 322576, 322576, 0, 0, 0, 0, 0, 0, 0, 0, 0, 0, 0, 0, 0, 0, 0, 0, 0, 0, 4990000, 0, 4990000, 4990000, 4990000, 4990000, 4990000, 4990000, 4990000, 49800000, 0, 49800000, 49800000, 49800000, 49800000, 49800000, 49800000, 49800000, 1.27377, 2.58096e-08, 1.27377, 1.27377, 1.27377, 1.27377, 1.27377, 1.27377, 1.27377, 10, 0, 10, 10, 10, 10, 10, 10, 10, 11.3911, 2.92002e-07, 11.3911, 11.3911, 11.3911, 11.3911, 11.3911, 11.3911, 11.3911, 5903393, 0, 5903393, 5903393, 5903393, 5903393, 5903393, 5903393, 5903393
Fri Dec 30 17:10:27 EST 2016, 1, 0.250, 10, 32.414, 3.89393, 29.6705, 35.1575, 28.84, 29.94, 31.01, 39.28, 39.41, 277573, 7.33212, 277568, 277578, 277568, 277568, 277568, 277584, 277584, 0, 0, 0, 0, 0, 0, 0, 0, 0, 0, 0, 0, 0, 0, 0, 0, 0, 0, 4930887, 0, 4930887, 4930887, 4930887, 4930887, 4930887, 4930887, 4930887, 19607629, 0, 19607629, 19607629, 19607629, 19607629, 19607629, 19607629, 19607629, 4.23482, 0, 4.23482, 4.23482, 4.23482, 4.23482, 4.23482, 4.23482, 4.23482, 3.98448, 4.21468e-08, 3.98448, 3.98448, 3.98448, 3.98448, 3.98448, 3.98448, 3.98448, 13.0257, 0, 13.0257, 13.0257, 13.0257, 13.0257, 13.0257, 13.0257, 13.0257, 5115494, 0, 5115494, 5115494, 5115494, 5115494, 5115494, 5115494, 5115494
Fri Dec 30 17:11:29 EST 2016, 2, 0.250, 10, 35.76, 2.72868, 33.8375, 37.6825, 32.92, 33.92, 34.78, 40.18, 41.61, 298230, 25.9969, 298212, 298248, 298208, 298208, 298224, 298272, 298288, 0, 0, 0, 0, 0, 0, 0, 0, 0, 0, 0, 0, 0, 0, 0, 0, 0, 0, 4988437, 0, 4988437, 4988437, 4988437, 4988437, 4988437, 4988437, 4988437, 31486627, 0, 31486627, 31486627, 31486627, 31486627, 31486627, 31486627, 31486627, 2.84011, 5.96046e-08, 2.84011, 2.84011, 2.84011, 2.84011, 2.84011, 2.84011, 2.84011, 6.32458, 1.46001e-07, 6.32458, 6.32458, 6.32458, 6.32458, 6.32458, 6.32458, 6.32458, 13.0666, 0, 13.0666, 13.0666, 13.0666, 13.0666, 13.0666, 13.0666, 13.0666, 5131612, 0, 5131612, 5131612, 5131612, 5131612, 5131612, 5131612, 5131612
Fri Dec 30 17:12:35 EST 2016, 4, 0.250, 10, 43.646, 1.5761, 42.5356, 44.7564, 41.47, 42.27, 43.96, 44.55, 47.26, 313134, 19.5305, 313120, 313148, 313120, 313120, 313136, 313152, 313184, 0, 0, 0, 0, 0, 0, 0, 0, 0, 0, 0, 0, 0, 0, 0, 0, 0, 0, 4989997, 0, 4989997, 4989997, 4989997, 4989997, 4989997, 4989997, 4989997, 43066642, 0, 43066642, 43066642, 43066642, 43066642, 43066642, 43066642, 43066642, 1.87537, 2.10734e-08, 1.87537, 1.87537, 1.87537, 1.87537, 1.87537, 1.87537, 1.87537, 8.64792, 1.19209e-07, 8.64792, 8.64792, 8.64792, 8.64792, 8.64792, 8.64792, 8.64792, 12.5999, 1.68587e-07, 12.5999, 12.5999, 12.5999, 12.5999, 12.5999, 12.5999, 12.5999, 5321747, 0, 5321747, 5321747, 5321747, 5321747, 5321747, 5321747, 5321747
Fri Dec 30 17:13:51 EST 2016, 8, 0.250, 10, 46.969, 4.49924, 43.799, 50.139, 40.56, 44.29, 47.635, 49.17, 57.77, 318786, 37.4892, 318760, 318812, 318768, 318768, 318776, 318784, 318896, 0, 0, 0, 0, 0, 0, 0, 0, 0, 0, 0, 0, 0, 0, 0, 0, 0, 0, 4990000, 0, 4990000, 4990000, 4990000, 4990000, 4990000, 4990000, 4990000, 48890121, 0.707107, 4.88901e+07, 4.88901e+07, 48890121, 48890121, 48890121, 48890121, 48890121, 1.36939, 2.58096e-08, 1.36939, 1.36939, 1.36939, 1.36939, 1.36939, 1.36939, 1.36939, 9.81729, 1.19209e-07, 9.81729, 9.81729, 9.81729, 9.81729, 9.81729, 9.81729, 9.81729, 11.6283, 1.68587e-07, 11.6283, 11.6283, 11.6283, 11.6283, 11.6283, 11.6283, 11.6283, 5779122, 0, 5779122, 5779122, 5779122, 5779122, 5779122, 5779122, 5779122
Fri Dec 30 17:15:42 EST 2016, 0, 0.500, 10, 39.586, 2.73229, 37.661, 41.511, 37.44, 38.27, 38.61, 41.61, 46.96, 313347, 23.5151, 313330, 313364, 313328, 313328, 313344, 313392, 313392, 0, 0, 0, 0, 0, 0, 0, 0, 0, 0, 0, 0, 0, 0, 0, 0, 0, 0, 4990000, 0, 4990000, 4990000, 4990000, 4990000, 4990000, 4990000, 4990000, 49800000, 0, 49800000, 49800000, 49800000, 49800000, 49800000, 49800000, 49800000, 1.14908, 2.10734e-08, 1.14908, 1.14908, 1.14908, 1.14908, 1.14908, 1.14908, 1.14908, 10, 0, 10, 10, 10, 10, 10, 10, 10, 11.2797, 2.6656e-07, 11.2797, 11.2797, 11.2797, 11.2797, 11.2797, 11.2797, 11.2797, 5924407, 0, 5924407, 5924407, 5924407, 5924407, 5924407, 5924407, 5924407
Fri Dec 30 17:16:29 EST 2016, 1, 0.500, 10, 27.514, 1.96381, 26.1304, 28.8976, 25.97, 26.27, 27.085, 28.93, 32.81, 276190, 48.2394, 276156, 276224, 276080, 276208, 276208, 276224, 276224, 0, 0, 0, 0, 0, 0, 0, 0, 0, 0, 0, 0, 0, 0, 0, 0, 0, 0, 4929311, 0, 4929311, 4929311, 4929311, 4929311, 4929311, 4929311, 4929311, 19607117, 0, 19607117, 19607117, 19607117, 19607117, 19607117, 19607117, 19607117, 4.11472, 1.03238e-07, 4.11472, 4.11472, 4.11472, 4.11472, 4.11472, 4.11472, 4.11472, 3.98565, 4.21468e-08, 3.98565, 3.98565, 3.98565, 3.98565, 3.98565, 3.98565, 3.98565, 12.8591, 0, 12.8591, 12.8591, 12.8591, 12.8591, 12.8591, 12.8591, 12.8591, 5159461, 0, 5159461, 5159461, 5159461, 5159461, 5159461, 5159461, 5159461
Fri Dec 30 17:17:40 EST 2016, 2, 0.500, 10, 35.461, 3.10871, 33.2707, 37.6513, 32.36, 33.49, 34.795, 38.27, 42.92, 295832, 8, 295826, 295838, 295824, 295824, 295840, 295840, 295840, 0, 0, 0, 0, 0, 0, 0, 0, 0, 0, 0, 0, 0, 0, 0, 0, 0, 0, 4988111, 0, 4988111, 4988111, 4988111, 4988111, 4988111, 4988111, 4988111, 31486849, 0, 31486849, 31486849, 31486849, 31486849, 31486849, 31486849, 31486849, 2.7176, 5.96046e-08, 2.7176, 2.7176, 2.7176, 2.7176, 2.7176, 2.7176, 2.7176, 6.32511, 1.19209e-07, 6.32511, 6.32511, 6.32511, 6.32511, 6.32511, 6.32511, 6.32511, 12.9291, 2.92002e-07, 12.9291, 12.9291, 12.9291, 12.9291, 12.9291, 12.9291, 12.9291, 5172419, 0, 5172419, 5172419, 5172419, 5172419, 5172419, 5172419, 5172419
Fri Dec 30 17:18:51 EST 2016, 4, 0.500, 10, 43.416, 2.53434, 41.6304, 45.2016, 40.80, 41.12, 43.475, 44.72, 49.96, 306213, 7.33212, 306208, 306218, 306208, 306208, 306208, 306224, 306224, 0, 0, 0, 0, 0, 0, 0, 0, 0, 0, 0, 0, 0, 0, 0, 0, 0, 0, 4989986, 0, 4989986, 4989986, 4989986, 4989986, 4989986, 4989986, 4989986, 43066647, 0.707107, 4.30666e+07, 4.30666e+07, 43066647, 43066647, 43066647, 43066647, 43066647, 1.75266, 2.10734e-08, 1.75266, 1.75266, 1.75266, 1.75266, 1.75266, 1.75266, 1.75266, 8.64793, 0, 8.64793, 8.64793, 8.64793, 8.64793, 8.64793, 8.64793, 8.64793, 12.435, 1.68587e-07, 12.435, 12.435, 12.435, 12.435, 12.435, 12.435, 12.435, 5374902, 0, 5374902, 5374902, 5374902, 5374902, 5374902, 5374902, 5374902
Fri Dec 30 17:20:03 EST 2016, 8, 0.500, 10, 46.891, 5.15597, 43.2583, 50.5237, 40.31, 43.58, 45.91, 50.94, 59.49, 311160, 10.7331, 311152, 311168, 311152, 311152, 311160, 311168, 311184, 0, 0, 0, 0, 0, 0, 0, 0, 0, 0, 0, 0, 0, 0, 0, 0, 0, 0, 4990000, 0, 4990000, 4990000, 4990000, 4990000, 4990000, 4990000, 4990000, 48889985, 0.707107, 4.889e+07, 4.889e+07, 48889985, 48889985, 48889985, 48889985, 48889985, 1.24551, 2.98023e-08, 1.24551, 1.24551, 1.24551, 1.24551, 1.24551, 1.24551, 1.24551, 9.81726, 1.68587e-07, 9.81726, 9.81726, 9.81726, 9.81726, 9.81726, 9.81726, 9.81726, 11.5145, 0, 11.5145, 11.5145, 11.5145, 11.5145, 11.5145, 11.5145, 11.5145, 5803778, 0, 5803778, 5803778, 5803778, 5803778, 5803778, 5803778, 5803778
Fri Dec 30 17:22:09 EST 2016, 0, 0.000, 15, 55.953, 5.64052, 51.9789, 59.9271, 47.65, 51.95, 56.98, 62.66, 65.08, 371016, 30.568, 370994, 371038, 370992, 370992, 371008, 371056, 371072, 0, 0, 0, 0, 0, 0, 0, 0, 0, 0, 0, 0, 0, 0, 0, 0, 0, 0, 4990000, 0, 4990000, 4990000, 4990000, 4990000, 4990000, 4990000, 4990000, 74700000, 0, 74700000, 74700000, 74700000, 74700000, 74700000, 74700000, 74700000, 1.43184, 2.98023e-08, 1.43184, 1.43184, 1.43184, 1.43184, 1.43184, 1.43184, 1.43184, 15, 0, 15, 15, 15, 15, 15, 15, 15, 12.5029, 1.68587e-07, 12.5029, 12.5029, 12.5029, 12.5029, 12.5029, 12.5029, 12.5029, 6007902, 0, 6007902, 6007902, 6007902, 6007902, 6007902, 6007902, 6007902
Fri Dec 30 17:23:55 EST 2016, 1, 0.000, 15, 37.584, 3.97134, 34.786, 40.382, 32.52, 33.96, 37.49, 41.60, 45.56, 307910, 138.601, 307812, 308008, 307792, 307792, 307944, 308080, 308080, 0, 0, 0, 0, 0, 0, 0, 0, 0, 0, 0, 0, 0, 0, 0, 0, 0, 0, 4983917, 0, 4983917, 4983917, 4983917, 4983917, 4983917, 4983917, 4983917, 29401019, 0, 29401019, 29401019, 29401019, 29401019, 29401019, 29401019, 29401019, 5.18019, 1.19209e-07, 5.18019, 5.18019, 5.18019, 5.18019, 5.18019, 5.18019, 5.18019, 5.91107, 1.19209e-07, 5.91107, 5.91107, 5.91107, 5.91107, 5.91107, 5.91107, 5.91107, 13.3045, 1.68587e-07, 13.3045, 13.3045, 13.3045, 13.3045, 13.3045, 13.3045, 13.3045, 5035623, 0, 5035623, 5035623, 5035623, 5035623, 5035623, 5035623, 5035623
Fri Dec 30 17:25:07 EST 2016, 2, 0.000, 15, 49.269, 4.09635, 46.3829, 52.1551, 44.74, 45.86, 49.905, 55.21, 56.30, 336861, 11.9733, 336853, 336869, 336848, 336848, 336864, 336880, 336880, 0, 0, 0, 0, 0, 0, 0, 0, 0, 0, 0, 0, 0, 0, 0, 0, 0, 0, 4989985, 0, 4989985, 4989985, 4989985, 4989985, 4989985, 4989985, 4989985, 47229278, 0, 47229278, 47229278, 47229278, 47229278, 47229278, 47229278, 47229278, 3.37606, 0, 3.37606, 3.37606, 3.37606, 3.37606, 3.37606, 3.37606, 3.37606, 9.48383, 1.19209e-07, 9.48383, 9.48383, 9.48383, 9.48383, 9.48383, 9.48383, 9.48383, 13.3216, 1.68587e-07, 13.3216, 13.3216, 13.3216, 13.3216, 13.3216, 13.3216, 13.3216, 5028356, 0, 5028356, 5028356, 5028356, 5028356, 5028356, 5028356, 5028356
Fri Dec 30 17:26:18 EST 2016, 4, 0.000, 15, 58.084, 4.09063, 55.2019, 60.9661, 52.95, 53.93, 60.425, 63.08, 63.73, 361718, 7.83837, 361712, 361724, 361712, 361712, 361720, 361728, 361728, 0, 0, 0, 0, 0, 0, 0, 0, 0, 0, 0, 0, 0, 0, 0, 0, 0, 0, 4990000, 0, 4990000, 4990000, 4990000, 4990000, 4990000, 4990000, 4990000, 64596624, 0, 64596624, 64596624, 64596624, 64596624, 64596624, 64596624, 64596624, 2.20657, 2.98023e-08, 2.20657, 2.20657, 2.20657, 2.20657, 2.20657, 2.20657, 2.20657, 12.9712, 1.68587e-07, 12.9712, 12.9712, 12.9712, 12.9712, 12.9712, 12.9712, 12.9712, 13.1483, 2.92002e-07, 13.1483, 13.1483, 13.1483, 13.1483, 13.1483, 13.1483, 13.1483, 5164785, 0, 5164785, 5164785, 5164785, 5164785, 5164785, 5164785, 5164785
Fri Dec 30 17:28:29 EST 2016, 8, 0.000, 15, 64.945, 4.79714, 61.5651, 68.3249, 59.97, 60.62, 65.275, 71.18, 74.84, 369666, 137.162, 369569, 369763, 369392, 369728, 369728, 369744, 369760, 0, 0, 0, 0, 0, 0, 0, 0, 0, 0, 0, 0, 0, 0, 0, 0, 0, 0, 4990000, 0, 4990000, 4990000, 4990000, 4990000, 4990000, 4990000, 4990000, 73333355, 0, 73333355, 73333355, 73333355, 73333355, 73333355, 73333355, 73333355, 1.56723, 2.10734e-08, 1.56723, 1.56723, 1.56723, 1.56723, 1.56723, 1.56723, 1.56723, 14.7256, 3.37175e-07, 14.7256, 14.7256, 14.7256, 14.7256, 14.7256, 14.7256, 14.7256, 12.6207, 1.68587e-07, 12.6207, 12.6207, 12.6207, 12.6207, 12.6207, 12.6207, 12.6207, 5758202, 0, 5758202, 5758202, 5758202, 5758202, 5758202, 5758202, 5758202
Fri Dec 30 17:30:11 EST 2016, 0, 0.250, 15, 52.187, 1.61733, 51.0475, 53.3265, 49.50, 50.86, 52.68, 54.36, 54.37, 368070, 7.83837, 368064, 368076, 368064, 368064, 368072, 368080, 368080, 0, 0, 0, 0, 0, 0, 0, 0, 0, 0, 0, 0, 0, 0, 0, 0, 0, 0, 4990000, 0, 4990000, 4990000, 4990000, 4990000, 4990000, 4990000, 4990000, 74700000, 0, 74700000, 74700000, 74700000, 74700000, 74700000, 74700000, 74700000, 1.30709, 0, 1.30709, 1.30709, 1.30709, 1.30709, 1.30709, 1.30709, 1.30709, 15, 0, 15, 15, 15, 15, 15, 15, 15, 11.3983, 1.68587e-07, 11.3983, 11.3983, 11.3983, 11.3983, 11.3983, 11.3983, 11.3983, 5870425, 0, 5870425, 5870425, 5870425, 5870425, 5870425, 5870425, 5870425
Fri Dec 30 17:31:02 EST 2016, 1, 0.250, 15, 38.034, 1.29439, 37.122, 38.946, 37.05, 37.51, 37.63, 38.40, 41.80, 305277, 9.6, 305270, 305284, 305264, 305264, 305280, 305280, 305296, 0, 0, 0, 0, 0, 0, 0, 0, 0, 0, 0, 0, 0, 0, 0, 0, 0, 0, 4983796, 0, 4983796, 4983796, 4983796, 4983796, 4983796, 4983796, 4983796, 29400577, 0, 29400577, 29400577, 29400577, 29400577, 29400577, 29400577, 29400577, 5.05828, 5.96046e-08, 5.05828, 5.05828, 5.05828, 5.05828, 5.05828, 5.05828, 5.05828, 5.91104, 8.42937e-08, 5.91104, 5.91104, 5.91104, 5.91104, 5.91104, 5.91104, 5.91104, 13.2602, 2.38419e-07, 13.2602, 13.2602, 13.2602, 13.2602, 13.2602, 13.2602, 13.2602, 5043468, 0, 5043468, 5043468, 5043468, 5043468, 5043468, 5043468, 5043468
Fri Dec 30 17:32:13 EST 2016, 2, 0.250, 15, 48.998, 3.31822, 46.6601, 51.3359, 44.52, 47.14, 49.045, 53.01, 55.20, 330344, 94.9947, 330277, 330411, 330272, 330320, 330320, 330336, 330624, 0, 0, 0, 0, 0, 0, 0, 0, 0, 0, 0, 0, 0, 0, 0, 0, 0, 0, 4989971, 0, 4989971, 4989971, 4989971, 4989971, 4989971, 4989971, 4989971, 47229475, 0.707107, 4.72295e+07, 4.72295e+07, 47229475, 47229475, 47229475, 47229475, 47229475, 3.25389, 8.42937e-08, 3.25389, 3.25389, 3.25389, 3.25389, 3.25389, 3.25389, 3.25389, 9.48389, 1.19209e-07, 9.48389, 9.48389, 9.48389, 9.48389, 9.48389, 9.48389, 9.48389, 13.2862, 2.38419e-07, 13.2862, 13.2862, 13.2862, 13.2862, 13.2862, 13.2862, 13.2862, 5031443, 0, 5031443, 5031443, 5031443, 5031443, 5031443, 5031443, 5031443
Fri Dec 30 17:33:35 EST 2016, 4, 0.250, 15, 56.555, 6.78093, 51.7775, 61.3325, 48.94, 51.76, 56.025, 65.96, 71.66, 354842, 14.6642, 354832, 354852, 354832, 354832, 354840, 354848, 354880, 0, 0, 0, 0, 0, 0, 0, 0, 0, 0, 0, 0, 0, 0, 0, 0, 0, 0, 4990000, 0, 4990000, 4990000, 4990000, 4990000, 4990000, 4990000, 4990000, 64596635, 0, 64596635, 64596635, 64596635, 64596635, 64596635, 64596635, 64596635, 2.08413, 5.96046e-08, 2.08413, 2.08413, 2.08413, 2.08413, 2.08413, 2.08413, 2.08413, 12.9712, 1.68587e-07, 12.9712, 12.9712, 12.9712, 12.9712, 12.9712, 12.9712, 12.9712, 12.9687, 2.38419e-07, 12.9687, 12.9687, 12.9687, 12.9687, 12.9687, 12.9687, 12.9687, 5154774, 0, 5154774, 5154774, 5154774, 5154774, 5154774, 5154774, 5154774
Fri Dec 30 17:35:36 EST 2016, 8, 0.250, 15, 63.955, 4.90093, 60.502, 67.408, 57.10, 60.92, 64.35, 69.21, 72.94, 365888, 24.7871, 365871, 365905, 365840, 365888, 365888, 365904, 365936, 0, 0, 0, 0, 0, 0, 0, 0, 0, 0, 0, 0, 0, 0, 0, 0, 0, 0, 4990000, 0, 4990000, 4990000, 4990000, 4990000, 4990000, 4990000, 4990000, 73333466, 1, 7.33335e+07, 7.33335e+07, 73333466, 73333466, 73333466, 73333466, 73333466, 1.44397, 2.10734e-08, 1.44397, 1.44397, 1.44397, 1.44397, 1.44397, 1.44397, 1.44397, 14.7256, 3.37175e-07, 14.7256, 14.7256, 14.7256, 14.7256, 14.7256, 14.7256, 14.7256, 11.7964, 2.38419e-07, 11.7964, 11.7964, 11.7964, 11.7964, 11.7964, 11.7964, 11.7964, 5670728, 0, 5670728, 5670728, 5670728, 5670728, 5670728, 5670728, 5670728
Fri Dec 30 17:37:27 EST 2016, 0, 0.500, 15, 54.507, 2.25617, 52.9174, 56.0966, 51.50, 53.07, 54.385, 57.25, 58.94, 363208, 8, 363202, 363214, 363200, 363200, 363216, 363216, 363216, 0, 0, 0, 0, 0, 0, 0, 0, 0, 0, 0, 0, 0, 0, 0, 0, 0, 0, 4990000, 0, 4990000, 4990000, 4990000, 4990000, 4990000, 4990000, 4990000, 74700000, 0, 74700000, 74700000, 74700000, 74700000, 74700000, 74700000, 74700000, 1.18238, 1.49012e-08, 1.18238, 1.18238, 1.18238, 1.18238, 1.18238, 1.18238, 1.18238, 15, 0, 15, 15, 15, 15, 15, 15, 15, 11.4833, 1.68587e-07, 11.4833, 11.4833, 11.4833, 11.4833, 11.4833, 11.4833, 11.4833, 5818100, 0, 5818100, 5818100, 5818100, 5818100, 5818100, 5818100, 5818100
Fri Dec 30 17:39:09 EST 2016, 1, 0.500, 15, 34.39, 1.12494, 33.5974, 35.1826, 32.11, 33.73, 34.635, 35.76, 35.86, 304091, 7.33212, 304086, 304096, 304080, 304080, 304096, 304096, 304096, 0, 0, 0, 0, 0, 0, 0, 0, 0, 0, 0, 0, 0, 0, 0, 0, 0, 0, 4983518, 0, 4983518, 4983518, 4983518, 4983518, 4983518, 4983518, 4983518, 29400781, 0, 29400781, 29400781, 29400781, 29400781, 29400781, 29400781, 29400781, 4.93544, 5.96046e-08, 4.93544, 4.93544, 4.93544, 4.93544, 4.93544, 4.93544, 4.93544, 5.91148, 0, 5.91148, 5.91148, 5.91148, 5.91148, 5.91148, 5.91148, 5.91148, 13.2134, 2.38419e-07, 13.2134, 13.2134, 13.2134, 13.2134, 13.2134, 13.2134, 13.2134, 5055844, 0, 5055844, 5055844, 5055844, 5055844, 5055844, 5055844, 5055844
Fri Dec 30 17:40:30 EST 2016, 2, 0.500, 15, 47.336, 4.64897, 44.0605, 50.6115, 42.68, 44.81, 46.08, 52.76, 58.81, 327622, 7.83837, 327616, 327628, 327616, 327616, 327624, 327632, 327632, 0, 0, 0, 0, 0, 0, 0, 0, 0, 0, 0, 0, 0, 0, 0, 0, 0, 0, 4989956, 0, 4989956, 4989956, 4989956, 4989956, 4989956, 4989956, 4989956, 47229658, 0, 47229658, 47229658, 47229658, 47229658, 47229658, 47229658, 47229658, 3.13057, 4.21468e-08, 3.13057, 3.13057, 3.13057, 3.13057, 3.13057, 3.13057, 3.13057, 9.48387, 1.68587e-07, 9.48387, 9.48387, 9.48387, 9.48387, 9.48387, 9.48387, 9.48387, 13.2615, 2.38419e-07, 13.2615, 13.2615, 13.2615, 13.2615, 13.2615, 13.2615, 13.2615, 5038902, 0, 5038902, 5038902, 5038902, 5038902, 5038902, 5038902, 5038902
Fri Dec 30 17:42:47 EST 2016, 4, 0.500, 15, 55.765, 6.3889, 51.2637, 60.2663, 48.14, 52.62, 55.525, 58.57, 72.33, 351422, 29.0214, 351402, 351442, 351376, 351392, 351440, 351456, 351456, 0, 0, 0, 0, 0, 0, 0, 0, 0, 0, 0, 0, 0, 0, 0, 0, 0, 0, 4990000, 0, 4990000, 4990000, 4990000, 4990000, 4990000, 4990000, 4990000, 64596734, 1, 6.45967e+07, 6.45967e+07, 64596734, 64596734, 64596734, 64596734, 64596734, 1.96074, 2.98023e-08, 1.96074, 1.96074, 1.96074, 1.96074, 1.96074, 1.96074, 1.96074, 12.9712, 1.68587e-07, 12.9712, 12.9712, 12.9712, 12.9712, 12.9712, 12.9712, 12.9712, 12.9403, 3.37175e-07, 12.9403, 12.9403, 12.9403, 12.9403, 12.9403, 12.9403, 12.9403, 5163272, 0, 5163272, 5163272, 5163272, 5163272, 5163272, 5163272, 5163272
Fri Dec 30 17:44:53 EST 2016, 8, 0.500, 15, 59.744, 6.03868, 55.4894, 63.9986, 54.83, 55.33, 57.64, 69.50, 73.26, 361664, 35.7771, 361639, 361689, 361616, 361632, 361672, 361680, 361744, 0, 0, 0, 0, 0, 0, 0, 0, 0, 0, 0, 0, 0, 0, 0, 0, 0, 0, 4990000, 0, 4990000, 4990000, 4990000, 4990000, 4990000, 4990000, 4990000, 73333472, 0, 73333472, 73333472, 73333472, 73333472, 73333472, 73333472, 73333472, 1.31983, 2.10734e-08, 1.31983, 1.31983, 1.31983, 1.31983, 1.31983, 1.31983, 1.31983, 14.7256, 3.37175e-07, 14.7256, 14.7256, 14.7256, 14.7256, 14.7256, 14.7256, 14.7256, 11.8454, 0, 11.8454, 11.8454, 11.8454, 11.8454, 11.8454, 11.8454, 11.8454, 5640324, 0, 5640324, 5640324, 5640324, 5640324, 5640324, 5640324, 5640324
Fri Dec 30 17:46:50 EST 2016, 0, 0.000, 20, 63.985, 1.65381, 62.8198, 65.1502, 61.23, 62.80, 64.13, 65.88, 67.27, 415216, 88.7964, 415153, 415279, 415136, 415136, 415232, 415328, 415344, 0, 0, 0, 0, 0, 0, 0, 0, 0, 0, 0, 0, 0, 0, 0, 0, 0, 0, 4990000, 0, 4990000, 4990000, 4990000, 4990000, 4990000, 4990000, 4990000, 99600000, 0, 99600000, 99600000, 99600000, 99600000, 99600000, 99600000, 99600000, 1.44849, 3.65002e-08, 1.44849, 1.44849, 1.44849, 1.44849, 1.44849, 1.44849, 1.44849, 20, 0, 20, 20, 20, 20, 20, 20, 20, 12.504, 2.92002e-07, 12.504, 12.504, 12.504, 12.504, 12.504, 12.504, 12.504, 6000182, 0, 6000182, 6000182, 6000182, 6000182, 6000182, 6000182, 6000182
Fri Dec 30 17:48:36 EST 2016, 1, 0.000, 20, 41.55, 3.36308, 39.1805, 43.9195, 39.61, 40.28, 40.56, 41.34, 51.56, 334083, 69.6689, 334034, 334132, 334016, 334032, 334096, 334176, 334176, 0, 0, 0, 0, 0, 0, 0, 0, 0, 0, 0, 0, 0, 0, 0, 0, 0, 0, 4989420, 0, 4989420, 4989420, 4989420, 4989420, 4989420, 4989420, 4989420, 39202335, 0.5, 3.92023e+07, 3.92023e+07, 39202335, 39202335, 39202335, 39202335, 39202335, 5.76178, 1.19209e-07, 5.76178, 5.76178, 5.76178, 5.76178, 5.76178, 5.76178, 5.76178, 7.87286, 1.19209e-07, 7.87286, 7.87286, 7.87286, 7.87286, 7.87286, 7.87286, 7.87286, 13.3339, 1.68587e-07, 13.3339, 13.3339, 13.3339, 13.3339, 13.3339, 13.3339, 13.3339, 5015898, 0, 5015898, 5015898, 5015898, 5015898, 5015898, 5015898, 5015898
Fri Dec 30 17:50:02 EST 2016, 2, 0.000, 20, 63.183, 5.67928, 59.1816, 67.1844, 58.47, 59.70, 62, 68.36, 78.08, 369510, 7.83837, 369504, 369516, 369504, 369504, 369512, 369520, 369520, 0, 0, 0, 0, 0, 0, 0, 0, 0, 0, 0, 0, 0, 0, 0, 0, 0, 0, 4990000, 0, 4990000, 4990000, 4990000, 4990000, 4990000, 4990000, 4990000, 62967990, 0, 62967990, 62967990, 62967990, 62967990, 62967990, 62967990, 62967990, 3.66871, 4.21468e-08, 3.66871, 3.66871, 3.66871, 3.66871, 3.66871, 3.66871, 3.66871, 12.6442, 0, 12.6442, 12.6442, 12.6442, 12.6442, 12.6442, 12.6442, 12.6442, 13.3453, 2.92002e-07, 13.3453, 13.3453, 13.3453, 13.3453, 13.3453, 13.3453, 13.3453, 5009942, 0, 5009942, 5009942, 5009942, 5009942, 5009942, 5009942, 5009942
Fri Dec 30 17:52:14 EST 2016, 4, 0.000, 20, 73.359, 4.4695, 70.21, 76.508, 69.80, 71.17, 71.835, 77.21, 85.31, 401594, 7.83837, 401588, 401600, 401584, 401584, 401600, 401600, 401600, 0, 0, 0, 0, 0, 0, 0, 0, 0, 0, 0, 0, 0, 0, 0, 0, 0, 0, 4990000, 0, 4990000, 4990000, 4990000, 4990000, 4990000, 4990000, 4990000, 86125627, 1, 8.61256e+07, 8.61256e+07, 86125627, 86125627, 86125627, 86125627, 86125627, 2.35675, 5.16191e-08, 2.35675, 2.35675, 2.35675, 2.35675, 2.35675, 2.35675, 2.35675, 17.2943, 4.12953e-07, 17.2943, 17.2943, 17.2943, 17.2943, 17.2943, 17.2943, 17.2943, 13.2468, 2.38419e-07, 13.2468, 13.2468, 13.2468, 13.2468, 13.2468, 13.2468, 13.2468, 5087091, 0, 5087091, 5087091, 5087091, 5087091, 5087091, 5087091, 5087091
Fri Dec 30 17:54:31 EST 2016, 8, 0.000, 20, 85.596, 8.15307, 79.8517, 91.3403, 77.02, 77.97, 85.635, 97.62, 99.66, 413510, 7.83837, 413504, 413516, 413504, 413504, 413512, 413520, 413520, 0, 0, 0, 0, 0, 0, 0, 0, 0, 0, 0, 0, 0, 0, 0, 0, 0, 0, 4990000, 0, 4990000, 4990000, 4990000, 4990000, 4990000, 4990000, 4990000, 97778107, 1.41421, 9.77781e+07, 9.77781e+07, 97778107, 97778107, 97778107, 97778107, 97778107, 1.62222, 2.10734e-08, 1.62222, 1.62222, 1.62222, 1.62222, 1.62222, 1.62222, 1.62222, 19.6342, 3.37175e-07, 19.6342, 19.6342, 19.6342, 19.6342, 19.6342, 19.6342, 19.6342, 12.6594, 2.92002e-07, 12.6594, 12.6594, 12.6594, 12.6594, 12.6594, 12.6594, 12.6594, 5694069, 0, 5694069, 5694069, 5694069, 5694069, 5694069, 5694069, 5694069
Fri Dec 30 17:56:17 EST 2016, 0, 0.250, 20, 72.67, 7.68916, 67.2526, 78.0874, 64.45, 67.04, 73.39, 85.54, 87.29, 410832, 17.5271, 410820, 410844, 410816, 410816, 410832, 410832, 410880, 0, 0, 0, 0, 0, 0, 0, 0, 0, 0, 0, 0, 0, 0, 0, 0, 0, 0, 4990000, 0, 4990000, 4990000, 4990000, 4990000, 4990000, 4990000, 4990000, 99600000, 0, 99600000, 99600000, 99600000, 99600000, 99600000, 99600000, 99600000, 1.32375, 2.10734e-08, 1.32375, 1.32375, 1.32375, 1.32375, 1.32375, 1.32375, 1.32375, 20, 0, 20, 20, 20, 20, 20, 20, 20, 11.4466, 2.92002e-07, 11.4466, 11.4466, 11.4466, 11.4466, 11.4466, 11.4466, 11.4466, 5838780, 0, 5838780, 5838780, 5838780, 5838780, 5838780, 5838780, 5838780
Fri Dec 30 17:57:43 EST 2016, 1, 0.250, 20, 44.084, 3.13438, 41.8757, 46.2923, 40.80, 42.20, 43.665, 48.20, 51.37, 332042, 7.83837, 332036, 332048, 332032, 332032, 332048, 332048, 332048, 0, 0, 0, 0, 0, 0, 0, 0, 0, 0, 0, 0, 0, 0, 0, 0, 0, 0, 4989375, 0, 4989375, 4989375, 4989375, 4989375, 4989375, 4989375, 4989375, 39202124, 0, 39202124, 39202124, 39202124, 39202124, 39202124, 39202124, 39202124, 5.63865, 8.42937e-08, 5.63865, 5.63865, 5.63865, 5.63865, 5.63865, 5.63865, 5.63865, 7.87297, 0, 7.87297, 7.87297, 7.87297, 7.87297, 7.87297, 7.87297, 7.87297, 13.3228, 1.68587e-07, 13.3228, 13.3228, 13.3228, 13.3228, 13.3228, 13.3228, 13.3228, 5017341, 0, 5017341, 5017341, 5017341, 5017341, 5017341, 5017341, 5017341
Fri Dec 30 17:59:05 EST 2016, 2, 0.250, 20, 59.435, 6.06963, 55.1586, 63.7114, 50.74, 55.17, 59.59, 68.29, 69.65, 363797, 7.33212, 363792, 363802, 363792, 363792, 363792, 363808, 363808, 0, 0, 0, 0, 0, 0, 0, 0, 0, 0, 0, 0, 0, 0, 0, 0, 0, 0, 4990000, 0, 4990000, 4990000, 4990000, 4990000, 4990000, 4990000, 4990000, 62967767, 0, 62967767, 62967767, 62967767, 62967767, 62967767, 62967767, 62967767, 3.54537, 7.30005e-08, 3.54537, 3.54537, 3.54537, 3.54537, 3.54537, 3.54537, 3.54537, 12.6441, 0, 12.6441, 12.6441, 12.6441, 12.6441, 12.6441, 12.6441, 12.6441, 13.3361, 1.68587e-07, 13.3361, 13.3361, 13.3361, 13.3361, 13.3361, 13.3361, 13.3361, 5010671, 0, 5010671, 5010671, 5010671, 5010671, 5010671, 5010671, 5010671
Fri Dec 30 18:01:26 EST 2016, 4, 0.250, 20, 72.778, 5.37443, 68.9914, 76.5646, 67.77, 69.72, 70.975, 78.81, 85.62, 393901, 11.9733, 393893, 393909, 393888, 393888, 393904, 393920, 393920, 0, 0, 0, 0, 0, 0, 0, 0, 0, 0, 0, 0, 0, 0, 0, 0, 0, 0, 4990000, 0, 4990000, 4990000, 4990000, 4990000, 4990000, 4990000, 4990000, 86125603, 1, 8.61256e+07, 8.61256e+07, 86125603, 86125603, 86125603, 86125603, 86125603, 2.23358, 0, 2.23358, 2.23358, 2.23358, 2.23358, 2.23358, 2.23358, 2.23358, 17.2943, 4.12953e-07, 17.2943, 17.2943, 17.2943, 17.2943, 17.2943, 17.2943, 17.2943, 13.1519, 2.38419e-07, 13.1519, 13.1519, 13.1519, 13.1519, 13.1519, 13.1519, 13.1519, 5080596, 0, 5080596, 5080596, 5080596, 5080596, 5080596, 5080596, 5080596
Fri Dec 30 18:03:48 EST 2016, 8, 0.250, 20, 84.267, 9.57826, 77.5186, 91.0154, 75.05, 76.76, 83.305, 97.11, 105.19, 407123, 6.4, 407118, 407128, 407120, 407120, 407120, 407136, 407136, 0, 0, 0, 0, 0, 0, 0, 0, 0, 0, 0, 0, 0, 0, 0, 0, 0, 0, 4990000, 0, 4990000, 4990000, 4990000, 4990000, 4990000, 4990000, 4990000, 97778124, 0, 97778124, 97778124, 97778124, 97778124, 97778124, 97778124, 97778124, 1.49888, 0, 1.49888, 1.49888, 1.49888, 1.49888, 1.49888, 1.49888, 1.49888, 19.6342, 3.37175e-07, 19.6342, 19.6342, 19.6342, 19.6342, 19.6342, 19.6342, 19.6342, 11.9499, 0, 11.9499, 11.9499, 11.9499, 11.9499, 11.9499, 11.9499, 11.9499, 5592505, 0, 5592505, 5592505, 5592505, 5592505, 5592505, 5592505, 5592505
Fri Dec 30 18:05:29 EST 2016, 0, 0.500, 20, 70.883, 9.82628, 63.9598, 77.8062, 61.00, 62.07, 72.215, 84.16, 85.43, 406197, 52.1168, 406160, 406234, 406176, 406176, 406176, 406192, 406352, 0, 0, 0, 0, 0, 0, 0, 0, 0, 0, 0, 0, 0, 0, 0, 0, 0, 0, 4990000, 0, 4990000, 4990000, 4990000, 4990000, 4990000, 4990000, 4990000, 99600000, 0, 99600000, 99600000, 99600000, 99600000, 99600000, 99600000, 99600000, 1.19902, 1.49012e-08, 1.19902, 1.19902, 1.19902, 1.19902, 1.19902, 1.19902, 1.19902, 20, 0, 20, 20, 20, 20, 20, 20, 20, 11.5072, 0, 11.5072, 11.5072, 11.5072, 11.5072, 11.5072, 11.5072, 11.5072, 5805985, 0, 5805985, 5805985, 5805985, 5805985, 5805985, 5805985, 5805985
Fri Dec 30 18:07:01 EST 2016, 1, 0.500, 20, 44.632, 3.46094, 42.1936, 47.0704, 41.58, 43.23, 43.685, 45.64, 54.59, 330518, 7.83837, 330512, 330524, 330512, 330512, 330520, 330528, 330528, 0, 0, 0, 0, 0, 0, 0, 0, 0, 0, 0, 0, 0, 0, 0, 0, 0, 0, 4989283, 0, 4989283, 4989283, 4989283, 4989283, 4989283, 4989283, 4989283, 39202528, 0, 39202528, 39202528, 39202528, 39202528, 39202528, 39202528, 39202528, 5.51495, 5.96046e-08, 5.51495, 5.51495, 5.51495, 5.51495, 5.51495, 5.51495, 5.51495, 7.87306, 0, 7.87306, 7.87306, 7.87306, 7.87306, 7.87306, 7.87306, 7.87306, 13.3101, 2.92002e-07, 13.3101, 13.3101, 13.3101, 13.3101, 13.3101, 13.3101, 13.3101, 5020851, 0, 5020851, 5020851, 5020851, 5020851, 5020851, 5020851, 5020851
Fri Dec 30 18:08:18 EST 2016, 2, 0.500, 20, 58.107, 5.84472, 53.9891, 62.2249, 52.60, 54.01, 56.29, 67.19, 70.30, 362694, 7.83837, 362688, 362700, 362688, 362688, 362696, 362704, 362704, 0, 0, 0, 0, 0, 0, 0, 0, 0, 0, 0, 0, 0, 0, 0, 0, 0, 0, 4990000, 0, 4990000, 4990000, 4990000, 4990000, 4990000, 4990000, 4990000, 62968420, 0, 62968420, 62968420, 62968420, 62968420, 62968420, 62968420, 62968420, 3.42167, 7.30005e-08, 3.42167, 3.42167, 3.42167, 3.42167, 3.42167, 3.42167, 3.42167, 12.6443, 1.68587e-07, 12.6443, 12.6443, 12.6443, 12.6443, 12.6443, 12.6443, 12.6443, 13.3318, 1.68587e-07, 13.3318, 13.3318, 13.3318, 13.3318, 13.3318, 13.3318, 13.3318, 5012008, 0, 5012008, 5012008, 5012008, 5012008, 5012008, 5012008, 5012008
Fri Dec 30 18:10:34 EST 2016, 4, 0.500, 20, 72.183, 6.92032, 67.3073, 77.0587, 65.62, 67.10, 71.13, 85.05, 85.92, 390242, 110.261, 390164, 390320, 390144, 390144, 390272, 390384, 390384, 0, 0, 0, 0, 0, 0, 0, 0, 0, 0, 0, 0, 0, 0, 0, 0, 0, 0, 4990000, 0, 4990000, 4990000, 4990000, 4990000, 4990000, 4990000, 4990000, 86125702, 1.41421, 8.61257e+07, 8.61257e+07, 86125702, 86125702, 86125702, 86125702, 86125702, 2.10996, 5.96046e-08, 2.10996, 2.10996, 2.10996, 2.10996, 2.10996, 2.10996, 2.10996, 17.2943, 4.12953e-07, 17.2943, 17.2943, 17.2943, 17.2943, 17.2943, 17.2943, 17.2943, 13.1451, 0, 13.1451, 13.1451, 13.1451, 13.1451, 13.1451, 13.1451, 13.1451, 5082744, 0, 5082744, 5082744, 5082744, 5082744, 5082744, 5082744, 5082744
Fri Dec 30 18:12:36 EST 2016, 8, 0.500, 20, 75.517, 4.15098, 72.5924, 78.4416, 69.85, 73.38, 76.295, 80.05, 84.15, 403442, 23.1309, 403426, 403458, 403408, 403424, 403456, 403472, 403472, 0, 0, 0, 0, 0, 0, 0, 0, 0, 0, 0, 0, 0, 0, 0, 0, 0, 0, 4990000, 0, 4990000, 4990000, 4990000, 4990000, 4990000, 4990000, 4990000, 97778194, 1.41421, 9.77782e+07, 9.77782e+07, 97778194, 97778194, 97778194, 97778194, 97778194, 1.37479, 1.49012e-08, 1.37479, 1.37479, 1.37479, 1.37479, 1.37479, 1.37479, 1.37479, 19.6342, 3.37175e-07, 19.6342, 19.6342, 19.6342, 19.6342, 19.6342, 19.6342, 19.6342, 11.9873, 2.38419e-07, 11.9873, 11.9873, 11.9873, 11.9873, 11.9873, 11.9873, 11.9873, 5573451, 0, 5573451, 5573451, 5573451, 5573451, 5573451, 5573451, 5573451
