# 'Timestamp', '--gvt-delay 100 10000', '--imbalance% 0 100', '--delay 1 10', '--selfEvents% 0 100', '--simEndTime 300 600', '--rows 10 100', '--eventsPerAgent 1 20', '--granularity 0 50', '--cols 10 100', 2tLadderQ_timing_secs, 3tHeap_timing_secs
Mon Jan  9 09:25:03 EST 2017, 3072, 0.390, 9, 0.150, 356, 53, 11, 39, 48, 48.827, 45.497
Mon Jan  9 09:25:21 EST 2017, 8022, 0.890, 4, 0.650, 506, 98, 1, 14, 93, 13.393, 16.163
Mon Jan  9 09:25:27 EST 2017, 5547, 0.140, 2, 0.400, 581, 31, 6, 26, 26, 6.710, 6.477
Mon Jan  9 09:26:16 EST 2017, 597, 0.640, 6, 0.900, 431, 76, 15, 1, 71, 46.820, 26.480
Mon Jan  9 09:26:33 EST 2017, 443, 0.400, 3, 0.260, 520, 38, 9, 46, 22, 16.343, 15.740
Mon Jan  9 09:28:46 EST 2017, 5393, 0.900, 8, 0.760, 370, 83, 19, 21, 67, 129.230, 104.530
Mon Jan  9 09:29:02 EST 2017, 7868, 0.150, 6, 0.010, 445, 15, 14, 33, 44, 16.290, 15.070
Mon Jan  9 09:29:17 EST 2017, 2918, 0.650, 1, 0.510, 595, 60, 4, 8, 89, 13.320, 14.113
Mon Jan  9 09:29:22 EST 2017, 4155, 0.030, 9, 0.390, 407, 72, 7, 15, 10, 5.017, 4.530
Mon Jan  9 09:30:21 EST 2017, 9105, 0.530, 5, 0.890, 557, 27, 16, 40, 55, 58.037, 53.307
Mon Jan  9 09:30:39 EST 2017, 6630, 0.280, 2, 0.140, 482, 94, 12, 2, 33, 17.270, 13.130
Mon Jan  9 09:30:50 EST 2017, 1680, 0.780, 7, 0.640, 332, 49, 2, 27, 78, 9.960, 10.640
Mon Jan  9 09:30:51 EST 2017, 2299, 0.220, 1, 0.950, 351, 43, 8, 5, 16, 1.347, 1.313
Mon Jan  9 09:34:02 EST 2017, 7249, 0.720, 5, 0.450, 501, 88, 18, 30, 61, 187.090, 158.103
Mon Jan  9 09:34:18 EST 2017, 9724, 0.470, 7, 0.700, 576, 21, 13, 18, 38, 15.193, 13.743
Mon Jan  9 09:34:50 EST 2017, 4774, 0.970, 3, 0.200, 426, 66, 3, 43, 83, 30.653, 31.277
Mon Jan  9 09:35:10 EST 2017, 3536, 0.340, 6, 0.820, 539, 55, 6, 36, 27, 20.243, 19.460
Mon Jan  9 09:35:16 EST 2017, 8486, 0.840, 2, 0.320, 389, 10, 15, 11, 72, 5.650, 4.800
Mon Jan  9 09:36:26 EST 2017, 6011, 0.090, 4, 0.570, 314, 77, 10, 49, 50, 60.193, 61.580
Mon Jan  9 09:36:33 EST 2017, 1061, 0.590, 8, 0.070, 464, 32, 1, 24, 95, 5.777, 6.557
Mon Jan  9 09:36:57 EST 2017, 752, 0.060, 5, 0.170, 586, 12, 19, 10, 92, 23.017, 18.530
Mon Jan  9 09:37:18 EST 2017, 5702, 0.560, 1, 0.670, 436, 57, 10, 35, 47, 21.333, 20.690
Mon Jan  9 09:37:30 EST 2017, 8177, 0.310, 3, 0.420, 361, 35, 5, 22, 69, 11.527, 11.037
Mon Jan  9 09:38:49 EST 2017, 3227, 0.810, 8, 0.920, 511, 80, 15, 47, 24, 78.517, 73.047
Mon Jan  9 09:40:40 EST 2017, 4465, 0.440, 2, 0.040, 323, 91, 17, 29, 81, 109.910, 93.497
Mon Jan  9 09:40:48 EST 2017, 9415, 0.940, 6, 0.540, 473, 46, 7, 4, 36, 7.950, 6.590
Mon Jan  9 09:41:23 EST 2017, 6940, 0.190, 9, 0.290, 548, 69, 3, 41, 58, 34.167, 34.417
Mon Jan  9 09:41:26 EST 2017, 1990, 0.690, 4, 0.790, 398, 24, 12, 16, 13, 3.117, 2.893
Mon Jan  9 09:42:52 EST 2017, 1371, 0.250, 8, 0.600, 417, 29, 18, 38, 86, 85.853, 78.163
Mon Jan  9 09:43:26 EST 2017, 6321, 0.750, 4, 0.100, 567, 74, 9, 13, 41, 32.930, 28.887
Mon Jan  9 09:43:36 EST 2017, 8796, 0.000, 1, 0.850, 492, 52, 4, 25, 64, 10.323, 10.567
Mon Jan  9 09:43:46 EST 2017, 3846, 0.500, 6, 0.350, 342, 97, 13, 0, 19, 9.083, 5.697
Mon Jan  9 09:46:46 EST 2017, 2608, 0.120, 5, 0.730, 454, 86, 16, 19, 98, 171.760, 143.380
Mon Jan  9 09:47:07 EST 2017, 7558, 0.620, 9, 0.230, 304, 41, 6, 44, 53, 21.027, 20.187
Mon Jan  9 09:47:12 EST 2017, 5083, 0.370, 7, 0.980, 379, 63, 1, 7, 75, 4.500, 5.027
Mon Jan  9 09:47:22 EST 2017, 133, 0.870, 3, 0.480, 529, 18, 11, 32, 30, 9.537, 9.117
Mon Jan  9 09:49:25 EST 2017, 124, 0.120, 6, 0.500, 442, 80, 8, 36, 83, 108.953, 96.763
Mon Jan  9 09:49:38 EST 2017, 5074, 0.620, 1, 0.000, 592, 35, 17, 11, 38, 11.933, 10.587
Mon Jan  9 09:51:15 EST 2017, 7549, 0.370, 3, 0.750, 517, 58, 12, 48, 61, 97.383, 90.683
Mon Jan  9 09:51:16 EST 2017, 2599, 0.870, 8, 0.250, 367, 13, 3, 23, 16, 1.010, 0.947
Mon Jan  9 09:51:23 EST 2017, 3836, 0.250, 2, 0.630, 480, 24, 5, 4, 95, 6.100, 5.647
Mon Jan  9 09:52:28 EST 2017, 8786, 0.750, 7, 0.130, 330, 69, 15, 29, 50, 65.287, 59.403
Mon Jan  9 09:53:04 EST 2017, 6311, 0.000, 9, 0.880, 405, 46, 10, 17, 72, 35.863, 30.990
Mon Jan  9 09:53:12 EST 2017, 1361, 0.500, 4, 0.380, 555, 91, 1, 42, 27, 6.873, 7.323
Mon Jan  9 09:55:11 EST 2017, 1980, 0.430, 8, 0.190, 574, 97, 9, 14, 89, 115.270, 99.277
Mon Jan  9 09:56:24 EST 2017, 6930, 0.930, 4, 0.690, 424, 52, 18, 39, 44, 71.280, 66.600
Mon Jan  9 09:56:49 EST 2017, 9405, 0.180, 2, 0.440, 349, 74, 14, 1, 66, 24.297, 15.727
Mon Jan  9 09:56:53 EST 2017, 4455, 0.680, 6, 0.940, 499, 29, 4, 26, 21, 4.130, 3.903
Mon Jan  9 09:57:06 EST 2017, 3217, 0.060, 5, 0.060, 311, 18, 6, 45, 78, 12.933, 12.510
Mon Jan  9 09:57:52 EST 2017, 8167, 0.560, 9, 0.560, 461, 63, 16, 20, 33, 44.873, 39.277
Mon Jan  9 09:58:46 EST 2017, 5692, 0.310, 7, 0.310, 536, 41, 11, 32, 55, 52.737, 49.407
Mon Jan  9 09:58:47 EST 2017, 742, 0.810, 3, 0.810, 386, 86, 2, 7, 10, 1.127, 1.070
Mon Jan  9 09:59:05 EST 2017, 1052, 0.340, 4, 0.910, 358, 60, 18, 18, 19, 16.987, 14.957
Mon Jan  9 09:59:28 EST 2017, 6002, 0.840, 8, 0.410, 508, 15, 8, 43, 64, 20.923, 18.423
Mon Jan  9 09:59:44 EST 2017, 8477, 0.090, 6, 0.660, 583, 83, 3, 6, 41, 10.927, 12.247
Mon Jan  9 10:00:15 EST 2017, 3527, 0.590, 1, 0.160, 433, 38, 13, 31, 86, 31.080, 29.760
Mon Jan  9 10:01:09 EST 2017, 4764, 0.210, 9, 0.780, 545, 49, 15, 37, 30, 52.540, 49.090
Mon Jan  9 10:01:49 EST 2017, 9714, 0.710, 5, 0.280, 395, 94, 6, 12, 75, 38.370, 34.773
Mon Jan  9 10:01:50 EST 2017, 7239, 0.460, 2, 0.530, 320, 27, 1, 25, 52, 1.413, 1.493
Mon Jan  9 10:02:41 EST 2017, 2289, 0.960, 7, 0.030, 470, 72, 11, 0, 97, 46.990, 30.520
Mon Jan  9 10:03:04 EST 2017, 1671, 0.030, 1, 0.340, 489, 66, 19, 28, 24, 22.117, 20.707
Mon Jan  9 10:03:10 EST 2017, 6621, 0.530, 5, 0.840, 339, 21, 9, 3, 69, 5.607, 4.340
Mon Jan  9 10:03:52 EST 2017, 9096, 0.280, 7, 0.090, 414, 88, 5, 40, 47, 41.350, 41.133
Mon Jan  9 10:04:58 EST 2017, 4146, 0.780, 3, 0.590, 564, 43, 14, 15, 92, 64.260, 55.253
Mon Jan  9 10:05:03 EST 2017, 2908, 0.400, 6, 0.470, 377, 32, 17, 9, 13, 4.483, 3.977
Mon Jan  9 10:05:50 EST 2017, 7858, 0.900, 2, 0.970, 527, 77, 7, 34, 58, 46.443, 44.083
Mon Jan  9 10:05:51 EST 2017, 5383, 0.150, 4, 0.220, 452, 10, 2, 21, 36, 1.037, 1.020
Mon Jan  9 10:07:16 EST 2017, 433, 0.650, 9, 0.720, 302, 55, 12, 46, 81, 84.647, 81.280
Mon Jan  9 10:07:19 EST 2017, 588, 0.390, 1, 0.080, 541, 48, 3, 4, 34, 2.090, 2.427
Mon Jan  9 10:09:56 EST 2017, 5538, 0.890, 6, 0.580, 391, 93, 13, 29, 79, 151.117, 127.213
Mon Jan  9 10:10:00 EST 2017, 8013, 0.140, 8, 0.330, 316, 25, 17, 16, 12, 3.987, 3.597
Mon Jan  9 10:10:59 EST 2017, 3063, 0.640, 3, 0.830, 466, 70, 8, 41, 57, 58.107, 54.993
Mon Jan  9 10:11:04 EST 2017, 4300, 0.010, 7, 0.200, 353, 59, 1, 35, 45, 4.817, 5.153
Mon Jan  9 10:11:13 EST 2017, 9250, 0.510, 2, 0.700, 503, 14, 10, 10, 90, 8.413, 7.347
Mon Jan  9 10:12:35 EST 2017, 6775, 0.260, 5, 0.450, 578, 81, 15, 47, 23, 80.943, 76.097
Mon Jan  9 10:12:55 EST 2017, 1825, 0.760, 9, 0.950, 428, 36, 6, 22, 68, 19.490, 18.180
Mon Jan  9 10:13:11 EST 2017, 2444, 0.200, 3, 0.640, 410, 42, 4, 44, 51, 15.007, 14.660
Mon Jan  9 10:16:39 EST 2017, 7394, 0.700, 7, 0.140, 560, 87, 14, 19, 96, 202.957, 164.947
Mon Jan  9 10:16:58 EST 2017, 9869, 0.450, 5, 0.890, 485, 20, 19, 32, 29, 19.080, 17.773
Mon Jan  9 10:17:13 EST 2017, 4919, 0.950, 1, 0.390, 335, 65, 9, 7, 74, 13.127, 13.633
Mon Jan  9 10:17:23 EST 2017, 3681, 0.320, 8, 0.520, 522, 76, 2, 13, 40, 8.523, 9.277
Mon Jan  9 10:18:12 EST 2017, 8631, 0.820, 4, 0.020, 372, 31, 12, 38, 85, 48.613, 45.060
Mon Jan  9 10:18:21 EST 2017, 6156, 0.070, 2, 0.770, 447, 98, 16, 0, 17, 8.647, 5.933
Mon Jan  9 10:19:07 EST 2017, 1206, 0.570, 6, 0.270, 597, 53, 7, 25, 62, 45.470, 44.010
Mon Jan  9 10:19:53 EST 2017, 897, 0.100, 8, 0.480, 456, 28, 13, 39, 59, 45.847, 42.097
Mon Jan  9 10:19:56 EST 2017, 5847, 0.600, 3, 0.980, 306, 73, 4, 14, 14, 2.670, 2.473
Mon Jan  9 10:20:23 EST 2017, 8322, 0.350, 1, 0.230, 381, 51, 9, 27, 82, 24.153, 22.817
Mon Jan  9 10:21:13 EST 2017, 3372, 0.850, 5, 0.730, 531, 96, 18, 2, 37, 47.913, 29.057
Mon Jan  9 10:22:36 EST 2017, 4610, 0.480, 4, 0.360, 419, 84, 11, 21, 71, 80.953, 68.893
Mon Jan  9 10:22:40 EST 2017, 9560, 0.980, 9, 0.860, 569, 39, 1, 46, 26, 3.373, 3.490
Mon Jan  9 10:23:19 EST 2017, 7085, 0.230, 6, 0.110, 494, 62, 6, 8, 93, 37.323, 31.217
Mon Jan  9 10:23:31 EST 2017, 2135, 0.730, 2, 0.610, 344, 17, 16, 33, 48, 11.960, 11.140
Mon Jan  9 10:23:38 EST 2017, 1516, 0.290, 6, 0.800, 325, 11, 14, 11, 76, 7.173, 6.043
Mon Jan  9 10:23:46 EST 2017, 6466, 0.790, 1, 0.300, 475, 56, 5, 36, 31, 8.117, 8.000
Mon Jan  9 10:24:43 EST 2017, 8941, 0.040, 4, 0.550, 550, 34, 10, 24, 99, 55.803, 49.957
Mon Jan  9 10:27:51 EST 2017, 3991, 0.540, 8, 0.050, 400, 79, 19, 49, 54, 187.167, 169.593
Mon Jan  9 10:30:04 EST 2017, 2753, 0.170, 3, 0.920, 588, 90, 12, 30, 65, 130.430, 114.993
Mon Jan  9 10:30:06 EST 2017, 7703, 0.670, 7, 0.420, 438, 45, 3, 5, 20, 2.003, 1.920
Mon Jan  9 10:31:37 EST 2017, 5228, 0.420, 9, 0.670, 363, 67, 7, 43, 88, 82.460, 73.687
Mon Jan  9 10:31:58 EST 2017, 278, 0.920, 5, 0.170, 513, 22, 17, 18, 43, 20.337, 17.927
Mon Jan  9 10:31:59 EST 2017, 356, 0.270, 9, 0.310, 393, 17, 1, 2, 93, 1.183, 1.373
Mon Jan  9 10:32:54 EST 2017, 5306, 0.770, 5, 0.810, 543, 62, 10, 27, 48, 54.197, 49.207
Mon Jan  9 10:33:34 EST 2017, 7781, 0.020, 3, 0.060, 468, 40, 15, 14, 70, 39.380, 32.733
Mon Jan  9 10:33:53 EST 2017, 2831, 0.520, 7, 0.560, 318, 85, 6, 39, 25, 19.067, 18.473
Mon Jan  9 10:34:41 EST 2017, 4068, 0.140, 4, 0.430, 506, 96, 3, 33, 81, 47.897, 48.250
Mon Jan  9 10:34:56 EST 2017, 9018, 0.640, 8, 0.930, 356, 51, 13, 8, 36, 14.190, 11.657
Mon Jan  9 10:37:57 EST 2017, 6543, 0.390, 6, 0.180, 431, 74, 18, 45, 59, 180.623, 162.653
Mon Jan  9 10:37:59 EST 2017, 1593, 0.890, 1, 0.680, 581, 29, 8, 20, 14, 2.250, 2.223
Mon Jan  9 10:38:13 EST 2017, 2212, 0.080, 7, 0.990, 562, 23, 2, 48, 87, 13.033, 13.247
Mon Jan  9 10:38:44 EST 2017, 7162, 0.580, 2, 0.490, 412, 68, 12, 23, 42, 30.257, 28.210
Mon Jan  9 10:39:46 EST 2017, 9637, 0.330, 4, 0.740, 337, 46, 16, 36, 64, 62.297, 56.187
Mon Jan  9 10:39:59 EST 2017, 4687, 0.830, 9, 0.240, 487, 91, 7, 11, 19, 12.623, 11.060
Mon Jan  9 10:40:19 EST 2017, 3449, 0.460, 1, 0.870, 374, 79, 5, 17, 98, 18.760, 19.717
Mon Jan  9 10:41:21 EST 2017, 8399, 0.960, 5, 0.370, 524, 34, 14, 42, 53, 61.000, 57.230
Mon Jan  9 10:42:53 EST 2017, 5924, 0.210, 8, 0.620, 599, 57, 19, 5, 76, 84.940, 56.617
Mon Jan  9 10:42:57 EST 2017, 974, 0.710, 3, 0.120, 449, 12, 9, 30, 31, 4.360, 4.247
Mon Jan  9 10:43:06 EST 2017, 1284, 0.240, 2, 0.150, 309, 37, 11, 41, 22, 8.740, 8.310
Mon Jan  9 10:43:22 EST 2017, 6234, 0.740, 6, 0.650, 459, 82, 2, 16, 67, 14.687, 15.597
Mon Jan  9 10:43:30 EST 2017, 8709, 0.490, 9, 0.400, 534, 15, 6, 28, 45, 7.977, 7.430
Mon Jan  9 10:44:21 EST 2017, 3759, 0.990, 4, 0.900, 384, 60, 16, 3, 90, 46.603, 28.823
Mon Jan  9 10:44:38 EST 2017, 4996, 0.360, 5, 0.020, 571, 71, 13, 22, 11, 16.637, 14.823
Mon Jan  9 10:44:44 EST 2017, 9946, 0.860, 1, 0.520, 421, 26, 4, 47, 56, 5.940, 6.013
Mon Jan  9 10:45:02 EST 2017, 7471, 0.110, 3, 0.270, 346, 93, 9, 9, 33, 16.963, 14.990
Mon Jan  9 10:47:26 EST 2017, 2521, 0.610, 7, 0.770, 496, 48, 18, 34, 78, 138.287, 126.217
Mon Jan  9 10:47:34 EST 2017, 1903, 0.430, 5, 0.590, 477, 54, 12, 6, 17, 7.840, 6.213
Mon Jan  9 10:48:01 EST 2017, 6853, 0.930, 9, 0.090, 327, 99, 3, 31, 62, 26.023, 26.747
Mon Jan  9 10:48:12 EST 2017, 9328, 0.180, 7, 0.840, 402, 32, 8, 19, 39, 11.007, 9.953
Mon Jan  9 10:51:50 EST 2017, 4378, 0.680, 2, 0.340, 552, 77, 17, 44, 84, 208.433, 193.763
Mon Jan  9 10:52:30 EST 2017, 3140, 0.050, 8, 0.710, 440, 65, 15, 25, 28, 40.063, 36.003
Mon Jan  9 10:52:35 EST 2017, 8090, 0.550, 3, 0.210, 590, 20, 5, 0, 73, 4.337, 3.807
Mon Jan  9 10:53:20 EST 2017, 5615, 0.300, 1, 0.960, 515, 88, 10, 38, 50, 44.407, 44.047
Mon Jan  9 10:54:26 EST 2017, 665, 0.800, 6, 0.460, 365, 43, 19, 13, 95, 63.627, 52.120
Mon Jan  9 10:55:07 EST 2017, 510, 0.000, 4, 0.850, 595, 72, 5, 32, 52, 40.870, 39.260
Mon Jan  9 10:55:41 EST 2017, 5460, 0.500, 8, 0.350, 445, 27, 15, 7, 97, 31.767, 24.233
Mon Jan  9 10:56:42 EST 2017, 7935, 0.250, 6, 0.600, 370, 95, 10, 45, 29, 51.543, 52.477
Mon Jan  9 10:56:47 EST 2017, 2985, 0.750, 2, 0.100, 520, 50, 1, 20, 74, 4.983, 5.653
Mon Jan  9 10:56:52 EST 2017, 4223, 0.380, 7, 0.980, 332, 39, 8, 1, 40, 4.540, 3.203
Mon Jan  9 10:59:59 EST 2017, 9173, 0.880, 3, 0.480, 482, 84, 17, 26, 85, 184.917, 148.663
Mon Jan  9 11:00:01 EST 2017, 6698, 0.130, 1, 0.730, 557, 16, 13, 13, 18, 1.967, 1.943
Mon Jan  9 11:00:25 EST 2017, 1748, 0.630, 5, 0.230, 407, 61, 3, 38, 63, 22.193, 22.507
Mon Jan  9 11:00:35 EST 2017, 2367, 0.320, 2, 0.410, 426, 55, 7, 16, 35, 9.983, 9.613
Mon Jan  9 11:01:10 EST 2017, 7317, 0.820, 7, 0.910, 576, 10, 16, 41, 80, 33.797, 31.880
Mon Jan  9 11:01:17 EST 2017, 9792, 0.070, 9, 0.160, 501, 78, 11, 4, 12, 7.133, 5.727
Mon Jan  9 11:01:22 EST 2017, 4842, 0.570, 4, 0.660, 351, 33, 2, 29, 57, 4.960, 5.120
Mon Jan  9 11:02:08 EST 2017, 3604, 0.190, 6, 0.290, 463, 44, 9, 48, 46, 44.790, 43.087
Mon Jan  9 11:03:15 EST 2017, 8554, 0.690, 1, 0.790, 313, 89, 18, 23, 91, 65.437, 57.400
Mon Jan  9 11:03:25 EST 2017, 6079, 0.440, 3, 0.040, 388, 22, 14, 35, 24, 9.720, 8.993
Mon Jan  9 11:03:47 EST 2017, 1129, 0.940, 8, 0.540, 538, 67, 4, 10, 69, 21.980, 21.147
Mon Jan  9 11:06:47 EST 2017, 820, 0.470, 7, 0.700, 510, 92, 16, 24, 71, 175.423, 154.790
Mon Jan  9 11:06:57 EST 2017, 5770, 0.970, 2, 0.200, 360, 47, 6, 49, 26, 10.017, 9.797
Mon Jan  9 11:07:06 EST 2017, 8245, 0.220, 5, 0.950, 435, 69, 1, 12, 94, 7.937, 8.637
Mon Jan  9 11:07:41 EST 2017, 3295, 0.720, 9, 0.450, 585, 24, 11, 37, 49, 34.187, 31.647
Mon Jan  9 11:07:52 EST 2017, 4532, 0.100, 1, 0.570, 398, 13, 18, 43, 60, 11.623, 11.053
Mon Jan  9 11:08:03 EST 2017, 9482, 0.600, 6, 0.070, 548, 58, 8, 18, 15, 10.113, 9.237
Mon Jan  9 11:08:26 EST 2017, 7007, 0.350, 8, 0.820, 473, 36, 4, 30, 83, 22.660, 21.697
Mon Jan  9 11:08:45 EST 2017, 2057, 0.850, 4, 0.320, 323, 81, 13, 5, 38, 18.613, 14.927
Mon Jan  9 11:10:28 EST 2017, 1439, 0.160, 9, 0.010, 342, 86, 17, 27, 55, 102.297, 88.857
Mon Jan  9 11:10:29 EST 2017, 6389, 0.660, 4, 0.510, 492, 41, 7, 2, 10, 1.450, 1.253
Mon Jan  9 11:10:50 EST 2017, 8864, 0.410, 2, 0.260, 567, 64, 2, 40, 77, 19.627, 20.883
Mon Jan  9 11:10:57 EST 2017, 3914, 0.910, 6, 0.760, 417, 19, 12, 15, 32, 6.820, 6.113
Mon Jan  9 11:11:29 EST 2017, 2676, 0.280, 3, 0.130, 529, 30, 19, 9, 66, 31.707, 24.777
Mon Jan  9 11:11:55 EST 2017, 7626, 0.780, 8, 0.630, 379, 75, 10, 34, 21, 25.043, 23.310
Mon Jan  9 11:12:16 EST 2017, 5151, 0.030, 5, 0.380, 304, 53, 5, 21, 88, 21.457, 20.563
Mon Jan  9 11:13:15 EST 2017, 201, 0.530, 1, 0.880, 454, 98, 14, 46, 43, 58.687, 56.760
Mon Jan  9 11:13:24 EST 2017, 240, 0.450, 3, 0.430, 317, 67, 2, 38, 46, 8.047, 8.397
Mon Jan  9 11:13:49 EST 2017, 5190, 0.950, 8, 0.930, 467, 22, 12, 13, 91, 24.763, 20.883
Mon Jan  9 11:14:52 EST 2017, 7665, 0.200, 5, 0.180, 542, 90, 16, 26, 24, 62.150, 54.303
Mon Jan  9 11:14:57 EST 2017, 2715, 0.700, 1, 0.680, 392, 45, 7, 1, 69, 5.190, 5.367
Mon Jan  9 11:15:07 EST 2017, 3952, 0.080, 9, 0.310, 579, 33, 5, 19, 35, 9.717, 9.057
Mon Jan  9 11:18:06 EST 2017, 8902, 0.580, 4, 0.810, 429, 78, 14, 44, 80, 174.853, 158.553
Mon Jan  9 11:18:08 EST 2017, 6427, 0.330, 2, 0.060, 354, 11, 19, 7, 13, 1.310, 1.157
Mon Jan  9 11:19:06 EST 2017, 1477, 0.830, 6, 0.560, 504, 56, 9, 32, 58, 57.770, 54.327
Mon Jan  9 11:19:08 EST 2017, 2096, 0.140, 1, 0.750, 486, 61, 1, 10, 41, 1.630, 1.820
Mon Jan  9 11:19:30 EST 2017, 7046, 0.640, 6, 0.250, 336, 16, 11, 35, 86, 21.440, 19.637
Mon Jan  9 11:19:59 EST 2017, 9521, 0.390, 8, 0.500, 411, 84, 15, 22, 18, 28.540, 24.960
Mon Jan  9 11:20:39 EST 2017, 4571, 0.890, 4, 0.000, 561, 39, 6, 47, 63, 39.853, 39.567
Mon Jan  9 11:20:53 EST 2017, 3333, 0.270, 7, 0.870, 448, 50, 3, 29, 52, 13.567, 13.530
Mon Jan  9 11:22:24 EST 2017, 8283, 0.770, 2, 0.370, 598, 95, 13, 4, 97, 86.630, 64.703
Mon Jan  9 11:23:00 EST 2017, 5808, 0.020, 5, 0.620, 523, 28, 18, 41, 30, 35.883, 33.440
Mon Jan  9 11:23:43 EST 2017, 858, 0.520, 9, 0.120, 373, 73, 8, 16, 75, 42.493, 39.173
Mon Jan  9 11:24:37 EST 2017, 1168, 0.050, 6, 0.090, 383, 98, 12, 5, 66, 50.667, 37.290
Mon Jan  9 11:24:42 EST 2017, 6118, 0.550, 2, 0.590, 533, 53, 3, 30, 21, 4.830, 4.783
Mon Jan  9 11:25:49 EST 2017, 8593, 0.300, 4, 0.340, 458, 75, 8, 18, 89, 64.480, 58.247
Mon Jan  9 11:26:23 EST 2017, 3643, 0.800, 8, 0.840, 308, 30, 17, 43, 44, 33.763, 31.877
Mon Jan  9 11:26:50 EST 2017, 4880, 0.420, 3, 0.220, 495, 19, 15, 37, 55, 27.250, 25.530
Mon Jan  9 11:26:53 EST 2017, 9830, 0.920, 7, 0.720, 345, 64, 5, 12, 10, 2.533, 2.313
Mon Jan  9 11:28:11 EST 2017, 7355, 0.170, 9, 0.470, 420, 42, 10, 49, 77, 76.683, 72.830
Mon Jan  9 11:29:46 EST 2017, 2405, 0.670, 5, 0.970, 570, 87, 19, 24, 32, 93.240, 79.067
Mon Jan  9 11:32:28 EST 2017, 1787, 0.360, 8, 0.650, 551, 81, 11, 46, 61, 158.793, 149.250
Mon Jan  9 11:32:29 EST 2017, 6737, 0.860, 3, 0.150, 401, 36, 2, 21, 16, 1.263, 1.333
Mon Jan  9 11:32:47 EST 2017, 9212, 0.110, 1, 0.900, 326, 59, 6, 33, 83, 17.563, 17.437
Mon Jan  9 11:32:53 EST 2017, 4262, 0.610, 6, 0.400, 476, 14, 16, 8, 38, 6.440, 5.603
Mon Jan  9 11:33:14 EST 2017, 3024, 0.230, 4, 0.530, 364, 25, 14, 15, 72, 20.067, 17.413
Mon Jan  9 11:33:33 EST 2017, 7974, 0.730, 9, 0.030, 514, 70, 4, 40, 27, 19.207, 18.767
Mon Jan  9 11:34:08 EST 2017, 5499, 0.480, 7, 0.780, 589, 47, 9, 2, 94, 34.333, 23.087
Mon Jan  9 11:35:35 EST 2017, 549, 0.980, 2, 0.280, 439, 92, 18, 27, 49, 85.700, 76.563
Mon Jan  9 11:35:47 EST 2017, 704, 0.190, 8, 0.890, 518, 12, 7, 20, 98, 12.150, 11.160
Mon Jan  9 11:37:11 EST 2017, 5654, 0.690, 4, 0.390, 368, 57, 16, 45, 53, 83.713, 76.800
Mon Jan  9 11:37:23 EST 2017, 8129, 0.440, 1, 0.640, 443, 35, 11, 8, 76, 10.907, 9.870
Mon Jan  9 11:37:36 EST 2017, 3179, 0.940, 6, 0.140, 593, 80, 2, 33, 31, 12.883, 13.443
Mon Jan  9 11:39:50 EST 2017, 4416, 0.310, 5, 0.760, 406, 91, 9, 39, 87, 133.150, 121.233
Mon Jan  9 11:40:40 EST 2017, 9366, 0.810, 9, 0.260, 556, 46, 19, 14, 42, 48.783, 40.673
Mon Jan  9 11:42:28 EST 2017, 6891, 0.060, 7, 0.510, 481, 68, 14, 26, 65, 107.527, 92.030
Mon Jan  9 11:42:28 EST 2017, 1941, 0.560, 3, 0.010, 331, 23, 4, 1, 20, 0.717, 0.697
Mon Jan  9 11:42:47 EST 2017, 2560, 0.370, 5, 0.320, 350, 29, 6, 30, 82, 18.557, 17.770
Mon Jan  9 11:43:02 EST 2017, 7510, 0.870, 1, 0.820, 500, 74, 15, 5, 37, 14.400, 11.753
Mon Jan  9 11:44:15 EST 2017, 9985, 0.120, 3, 0.070, 575, 52, 10, 42, 59, 71.490, 67.130
Mon Jan  9 11:44:17 EST 2017, 5035, 0.620, 8, 0.570, 425, 97, 1, 17, 14, 1.940, 2.003
Mon Jan  9 11:45:12 EST 2017, 3797, 0.000, 2, 0.450, 537, 85, 8, 11, 93, 54.723, 47.823
Mon Jan  9 11:46:05 EST 2017, 8747, 0.500, 7, 0.950, 387, 40, 17, 36, 48, 52.113, 48.807
Mon Jan  9 11:47:06 EST 2017, 6272, 0.250, 9, 0.200, 312, 63, 13, 23, 70, 58.983, 52.453
Mon Jan  9 11:47:09 EST 2017, 1322, 0.750, 4, 0.700, 462, 18, 3, 48, 25, 3.190, 3.180
Mon Jan  9 11:47:30 EST 2017, 1013, 0.280, 1, 0.540, 584, 43, 17, 34, 28, 20.627, 19.237
Mon Jan  9 11:48:13 EST 2017, 5963, 0.780, 5, 0.040, 434, 88, 7, 9, 73, 40.903, 34.803
Mon Jan  9 11:48:20 EST 2017, 8438, 0.030, 7, 0.790, 359, 21, 3, 47, 51, 6.497, 6.450
Mon Jan  9 11:50:05 EST 2017, 3488, 0.530, 3, 0.290, 509, 66, 12, 22, 96, 100.640, 90.837
Mon Jan  9 11:50:16 EST 2017, 4726, 0.160, 6, 0.670, 322, 77, 19, 3, 17, 10.283, 7.223
Mon Jan  9 11:50:39 EST 2017, 9676, 0.660, 2, 0.170, 472, 32, 10, 28, 62, 22.937, 21.513
Mon Jan  9 11:51:04 EST 2017, 7201, 0.410, 4, 0.920, 547, 99, 5, 15, 39, 24.583, 22.137
Mon Jan  9 11:53:08 EST 2017, 2251, 0.910, 8, 0.420, 397, 54, 14, 40, 84, 123.313, 113.393
Mon Jan  9 11:53:14 EST 2017, 1632, 0.090, 3, 0.230, 415, 49, 16, 12, 11, 6.107, 5.217
Mon Jan  9 11:54:35 EST 2017, 6582, 0.590, 8, 0.730, 565, 94, 6, 37, 56, 80.677, 78.527
Mon Jan  9 11:54:36 EST 2017, 9057, 0.340, 6, 0.480, 490, 26, 1, 0, 34, 0.650, 0.713
Mon Jan  9 11:55:07 EST 2017, 4107, 0.840, 1, 0.980, 340, 71, 11, 25, 79, 31.040, 28.967
Mon Jan  9 11:56:06 EST 2017, 2869, 0.470, 9, 0.110, 453, 60, 18, 44, 23, 58.140, 53.403
Mon Jan  9 11:56:12 EST 2017, 7819, 0.970, 5, 0.610, 303, 15, 8, 19, 68, 6.600, 6.190
Mon Jan  9 11:56:28 EST 2017, 5344, 0.220, 2, 0.360, 378, 82, 4, 31, 45, 15.750, 15.760
Mon Jan  9 11:57:06 EST 2017, 394, 0.720, 7, 0.860, 528, 37, 13, 6, 90, 36.790, 28.270
Mon Jan  9 11:57:21 EST 2017, 317, 0.070, 2, 0.740, 366, 54, 9, 23, 40, 15.073, 14.287
Mon Jan  9 12:05:02 EST 2017, 5267, 0.570, 7, 0.240, 516, 99, 18, 48, 85, 450.213, 397.757
Mon Jan  9 12:05:11 EST 2017, 7742, 0.320, 9, 0.990, 591, 31, 14, 10, 18, 8.273, 7.000
Mon Jan  9 12:05:47 EST 2017, 2792, 0.820, 5, 0.490, 441, 76, 4, 35, 63, 36.130, 35.180
Mon Jan  9 12:06:50 EST 2017, 4030, 0.440, 6, 0.610, 554, 65, 7, 42, 51, 61.777, 59.740
Mon Jan  9 12:07:05 EST 2017, 8980, 0.940, 1, 0.110, 404, 20, 16, 17, 96, 14.240, 12.857
Mon Jan  9 12:07:35 EST 2017, 6505, 0.190, 4, 0.860, 329, 87, 11, 29, 29, 30.023, 27.230
Mon Jan  9 12:07:42 EST 2017, 1555, 0.690, 8, 0.360, 479, 42, 2, 4, 74, 5.640, 6.950
Mon Jan  9 12:08:04 EST 2017, 2173, 0.260, 4, 0.050, 497, 37, 8, 26, 46, 20.773, 19.817
Mon Jan  9 12:09:20 EST 2017, 7123, 0.760, 9, 0.550, 347, 82, 17, 1, 91, 71.507, 36.153
Mon Jan  9 12:09:28 EST 2017, 9598, 0.010, 6, 0.300, 422, 14, 12, 38, 23, 7.250, 6.767
Mon Jan  9 12:09:41 EST 2017, 4648, 0.510, 2, 0.800, 572, 59, 3, 13, 68, 12.110, 12.507
Mon Jan  9 12:09:49 EST 2017, 3411, 0.130, 7, 0.180, 385, 71, 5, 7, 35, 8.660, 8.047
Mon Jan  9 12:10:44 EST 2017, 8361, 0.630, 3, 0.680, 535, 26, 15, 32, 80, 53.187, 49.797
Mon Jan  9 12:10:50 EST 2017, 5886, 0.380, 1, 0.430, 460, 93, 10, 20, 12, 6.343, 6.133
Mon Jan  9 12:10:56 EST 2017, 936, 0.880, 5, 0.930, 310, 48, 1, 45, 57, 4.993, 5.143
Mon Jan  9 12:11:47 EST 2017, 1245, 0.410, 9, 0.830, 432, 23, 19, 34, 65, 50.400, 46.290
Mon Jan  9 12:12:01 EST 2017, 6195, 0.910, 4, 0.330, 582, 68, 10, 9, 20, 13.440, 11.483
Mon Jan  9 12:12:38 EST 2017, 8670, 0.160, 2, 0.580, 507, 45, 5, 46, 88, 36.127, 35.723
Mon Jan  9 12:13:39 EST 2017, 3720, 0.660, 7, 0.080, 357, 90, 14, 21, 43, 60.530, 51.517
Mon Jan  9 12:14:47 EST 2017, 4958, 0.040, 3, 0.960, 469, 79, 17, 3, 77, 64.700, 37.480
Mon Jan  9 12:14:57 EST 2017, 9908, 0.540, 8, 0.460, 319, 34, 7, 28, 32, 9.017, 8.573
Mon Jan  9 12:15:10 EST 2017, 7433, 0.290, 5, 0.710, 394, 56, 2, 15, 99, 11.890, 13.093
Mon Jan  9 12:15:18 EST 2017, 2483, 0.790, 1, 0.210, 544, 11, 12, 40, 54, 7.490, 7.193
Mon Jan  9 12:15:51 EST 2017, 1864, 0.230, 7, 0.390, 563, 17, 18, 18, 71, 32.657, 27.633
Mon Jan  9 12:16:13 EST 2017, 6814, 0.730, 3, 0.890, 413, 62, 8, 43, 26, 21.393, 20.243
Mon Jan  9 12:16:22 EST 2017, 9289, 0.480, 5, 0.140, 338, 40, 4, 6, 94, 8.940, 8.887
Mon Jan  9 12:18:12 EST 2017, 4339, 0.980, 9, 0.640, 488, 85, 13, 31, 49, 106.307, 96.450
Mon Jan  9 12:19:51 EST 2017, 3101, 0.350, 2, 0.270, 301, 96, 15, 49, 60, 97.790, 91.043
Mon Jan  9 12:19:58 EST 2017, 8051, 0.850, 6, 0.770, 451, 51, 6, 24, 15, 6.650, 6.273
Mon Jan  9 12:20:17 EST 2017, 5576, 0.100, 8, 0.020, 526, 73, 1, 37, 82, 16.813, 18.997
Mon Jan  9 12:20:26 EST 2017, 626, 0.600, 4, 0.520, 376, 28, 11, 12, 37, 8.110, 6.997
Mon Jan  9 12:21:29 EST 2017, 472, 0.340, 6, 0.160, 465, 86, 4, 42, 78, 61.800, 62.967
Mon Jan  9 12:21:40 EST 2017, 5422, 0.840, 2, 0.660, 315, 41, 14, 17, 33, 10.233, 9.453
Mon Jan  9 12:23:14 EST 2017, 7897, 0.090, 4, 0.410, 390, 64, 19, 30, 56, 92.827, 82.667
Mon Jan  9 12:23:16 EST 2017, 2947, 0.590, 9, 0.910, 540, 19, 9, 5, 11, 1.437, 1.320
Mon Jan  9 12:23:20 EST 2017, 4184, 0.210, 1, 0.040, 427, 30, 2, 24, 89, 3.680, 4.053
Mon Jan  9 12:25:22 EST 2017, 9134, 0.710, 5, 0.540, 577, 75, 12, 49, 44, 120.003, 112.923
Mon Jan  9 12:26:27 EST 2017, 6659, 0.460, 8, 0.290, 502, 52, 16, 11, 67, 63.750, 50.997
Mon Jan  9 12:26:46 EST 2017, 1709, 0.960, 3, 0.790, 352, 97, 7, 36, 22, 18.873, 17.903
Mon Jan  9 12:27:06 EST 2017, 2328, 0.020, 9, 0.600, 333, 92, 3, 8, 95, 19.490, 18.687
Mon Jan  9 12:28:04 EST 2017, 7278, 0.520, 5, 0.100, 483, 47, 13, 33, 50, 57.237, 53.083
Mon Jan  9 12:30:18 EST 2017, 9753, 0.270, 3, 0.850, 558, 69, 18, 21, 72, 132.580, 104.437
Mon Jan  9 12:30:30 EST 2017, 4803, 0.770, 7, 0.350, 408, 24, 8, 46, 27, 11.013, 10.520
Mon Jan  9 12:30:32 EST 2017, 3565, 0.400, 4, 0.720, 596, 13, 1, 27, 84, 2.323, 2.423
Mon Jan  9 12:30:46 EST 2017, 8515, 0.900, 8, 0.220, 446, 58, 10, 2, 39, 13.150, 9.987
Mon Jan  9 12:31:39 EST 2017, 6040, 0.150, 6, 0.970, 371, 35, 15, 39, 61, 52.487, 48.367
Mon Jan  9 12:31:43 EST 2017, 1090, 0.650, 1, 0.470, 521, 80, 6, 14, 16, 4.170, 4.353
Mon Jan  9 12:31:48 EST 2017, 781, 0.180, 4, 0.250, 530, 55, 15, 0, 13, 5.043, 3.167
Mon Jan  9 12:31:52 EST 2017, 5731, 0.680, 9, 0.750, 380, 10, 5, 25, 58, 3.917, 3.697
Mon Jan  9 12:32:13 EST 2017, 8206, 0.430, 7, 0.000, 305, 78, 10, 13, 36, 19.943, 16.930
Mon Jan  9 12:33:33 EST 2017, 3256, 0.930, 2, 0.500, 455, 33, 19, 38, 81, 72.773, 64.213
Mon Jan  9 12:33:51 EST 2017, 4494, 0.300, 8, 0.380, 343, 44, 12, 31, 25, 17.657, 16.273
Mon Jan  9 12:34:07 EST 2017, 9444, 0.800, 3, 0.880, 493, 89, 3, 6, 70, 15.110, 14.560
Mon Jan  9 12:34:15 EST 2017, 6969, 0.050, 1, 0.130, 568, 21, 7, 44, 47, 8.437, 8.310
Mon Jan  9 12:36:26 EST 2017, 2019, 0.550, 6, 0.630, 418, 66, 17, 19, 92, 129.177, 105.860
Mon Jan  9 12:37:06 EST 2017, 1400, 0.490, 2, 0.940, 399, 72, 13, 47, 30, 39.477, 36.993
Mon Jan  9 12:37:20 EST 2017, 6350, 0.990, 6, 0.440, 549, 27, 4, 22, 75, 14.037, 13.470
Mon Jan  9 12:38:55 EST 2017, 8825, 0.240, 8, 0.690, 474, 94, 9, 35, 53, 93.903, 86.093
Mon Jan  9 12:39:55 EST 2017, 3875, 0.740, 4, 0.190, 324, 49, 18, 10, 98, 59.183, 41.807
Mon Jan  9 12:40:04 EST 2017, 2637, 0.120, 5, 0.820, 511, 38, 11, 16, 19, 9.313, 8.280
Mon Jan  9 12:40:10 EST 2017, 7587, 0.620, 1, 0.320, 361, 83, 1, 41, 64, 4.620, 5.353
Mon Jan  9 12:40:12 EST 2017, 5112, 0.370, 3, 0.570, 436, 16, 6, 3, 42, 2.017, 1.650
Mon Jan  9 12:43:12 EST 2017, 162, 0.870, 7, 0.070, 586, 61, 16, 28, 87, 177.993, 162.387
Mon Jan  9 12:43:51 EST 2017, 143, 0.370, 2, 0.780, 502, 27, 12, 44, 71, 38.113, 36.560
Mon Jan  9 12:43:55 EST 2017, 5093, 0.870, 6, 0.280, 352, 72, 2, 19, 26, 4.207, 4.317
Mon Jan  9 12:44:52 EST 2017, 7568, 0.120, 9, 0.530, 427, 49, 7, 31, 93, 56.080, 52.187
Mon Jan  9 12:46:10 EST 2017, 2618, 0.620, 4, 0.030, 577, 94, 17, 6, 48, 76.573, 51.463
Mon Jan  9 12:47:13 EST 2017, 3856, 0.240, 5, 0.910, 389, 83, 14, 13, 60, 62.450, 48.067
Mon Jan  9 12:47:17 EST 2017, 8806, 0.740, 1, 0.410, 539, 38, 5, 38, 15, 2.990, 3.050
Mon Jan  9 12:47:41 EST 2017, 6331, 0.490, 3, 0.660, 464, 61, 9, 0, 82, 23.430, 15.427
Mon Jan  9 12:47:52 EST 2017, 1381, 0.990, 8, 0.160, 314, 16, 19, 25, 37, 11.507, 10.397
Mon Jan  9 12:47:56 EST 2017, 1999, 0.060, 5, 0.470, 370, 10, 11, 3, 65, 3.213, 2.487
Mon Jan  9 12:47:58 EST 2017, 6949, 0.560, 9, 0.970, 520, 55, 1, 28, 20, 2.517, 2.567
Mon Jan  9 12:48:25 EST 2017, 9424, 0.310, 7, 0.220, 595, 32, 6, 16, 88, 26.573, 24.617
Mon Jan  9 12:49:53 EST 2017, 4474, 0.810, 3, 0.720, 445, 77, 15, 41, 43, 86.950, 79.620
Mon Jan  9 12:53:35 EST 2017, 3237, 0.430, 8, 0.350, 558, 89, 13, 34, 77, 217.800, 193.313
Mon Jan  9 12:53:39 EST 2017, 8187, 0.930, 4, 0.850, 408, 44, 3, 9, 32, 3.293, 3.167
Mon Jan  9 12:54:20 EST 2017, 5712, 0.180, 1, 0.100, 333, 66, 8, 47, 99, 41.280, 41.060
Mon Jan  9 12:54:50 EST 2017, 762, 0.680, 6, 0.600, 483, 21, 18, 22, 54, 29.303, 25.570
Mon Jan  9 12:54:58 EST 2017, 1071, 0.150, 9, 0.630, 567, 46, 3, 11, 46, 8.320, 8.323
Mon Jan  9 12:58:06 EST 2017, 6021, 0.650, 5, 0.130, 417, 91, 12, 36, 91, 186.740, 160.900
Mon Jan  9 12:58:13 EST 2017, 8496, 0.400, 2, 0.880, 342, 24, 17, 24, 23, 6.533, 6.137
Mon Jan  9 12:59:58 EST 2017, 3546, 0.900, 7, 0.380, 492, 69, 8, 49, 68, 102.557, 99.857
Mon Jan  9 13:00:07 EST 2017, 4784, 0.270, 3, 0.500, 305, 58, 5, 30, 34, 9.577, 9.450
Mon Jan  9 13:00:18 EST 2017, 9734, 0.770, 8, 0.000, 455, 13, 15, 5, 79, 10.543, 8.130
Mon Jan  9 13:01:04 EST 2017, 7259, 0.020, 6, 0.750, 530, 80, 19, 42, 12, 45.183, 41.880
Mon Jan  9 13:01:13 EST 2017, 2309, 0.520, 1, 0.250, 380, 35, 10, 17, 57, 8.983, 8.677
Mon Jan  9 13:01:20 EST 2017, 1690, 0.460, 6, 0.060, 436, 41, 2, 39, 40, 7.140, 7.343
Mon Jan  9 13:02:47 EST 2017, 6640, 0.960, 2, 0.560, 586, 86, 11, 14, 85, 85.633, 69.790
Mon Jan  9 13:02:55 EST 2017, 9115, 0.210, 4, 0.310, 511, 18, 16, 27, 17, 7.697, 7.013
Mon Jan  9 13:03:07 EST 2017, 4165, 0.710, 8, 0.810, 361, 63, 6, 2, 62, 11.553, 9.427
Mon Jan  9 13:03:18 EST 2017, 2927, 0.090, 1, 0.190, 473, 75, 4, 20, 51, 10.127, 11.293
Mon Jan  9 13:04:22 EST 2017, 7877, 0.590, 5, 0.690, 323, 30, 14, 45, 96, 63.880, 59.353
Mon Jan  9 13:05:03 EST 2017, 5402, 0.340, 7, 0.440, 398, 97, 18, 8, 29, 38.150, 28.580
Mon Jan  9 13:06:06 EST 2017, 452, 0.840, 3, 0.940, 548, 52, 9, 33, 74, 62.623, 57.853
Mon Jan  9 13:06:30 EST 2017, 607, 0.100, 7, 0.360, 328, 62, 16, 15, 30, 22.790, 19.990
Mon Jan  9 13:06:44 EST 2017, 5557, 0.600, 2, 0.860, 478, 17, 7, 40, 75, 13.857, 13.030
Mon Jan  9 13:06:53 EST 2017, 8032, 0.350, 5, 0.110, 553, 84, 2, 2, 53, 8.053, 9.163
Mon Jan  9 13:07:56 EST 2017, 3082, 0.850, 9, 0.610, 403, 39, 11, 27, 98, 62.060, 55.587
Mon Jan  9 13:08:20 EST 2017, 4320, 0.480, 1, 0.490, 591, 51, 19, 46, 19, 23.207, 22.447
Mon Jan  9 13:09:35 EST 2017, 9270, 0.980, 6, 0.990, 441, 96, 9, 21, 64, 75.180, 63.217
Mon Jan  9 13:09:43 EST 2017, 6795, 0.230, 8, 0.240, 366, 28, 4, 34, 41, 7.430, 7.280
Mon Jan  9 13:11:15 EST 2017, 1845, 0.730, 4, 0.740, 516, 73, 14, 9, 86, 89.537, 63.427
Mon Jan  9 13:11:42 EST 2017, 2463, 0.290, 9, 0.920, 459, 68, 15, 37, 13, 26.643, 24.363
Mon Jan  9 13:11:47 EST 2017, 7413, 0.790, 4, 0.420, 309, 23, 6, 12, 58, 5.120, 4.603
Mon Jan  9 13:11:53 EST 2017, 9888, 0.040, 2, 0.670, 384, 90, 1, 49, 36, 5.287, 5.540
Mon Jan  9 13:12:58 EST 2017, 4938, 0.540, 6, 0.170, 534, 45, 10, 24, 81, 62.933, 57.793
Mon Jan  9 13:13:05 EST 2017, 3701, 0.170, 3, 0.800, 422, 34, 17, 6, 24, 7.057, 5.630
Mon Jan  9 13:14:47 EST 2017, 8651, 0.670, 7, 0.300, 572, 79, 8, 31, 69, 98.483, 93.773
Mon Jan  9 13:14:49 EST 2017, 6176, 0.420, 5, 0.550, 497, 11, 3, 18, 47, 2.210, 2.103
Mon Jan  9 13:15:39 EST 2017, 1226, 0.920, 1, 0.050, 347, 56, 13, 43, 92, 49.937, 48.970
Mon Jan  9 13:16:57 EST 2017, 916, 0.380, 4, 0.210, 394, 82, 7, 29, 95, 76.667, 71.590
Mon Jan  9 13:17:23 EST 2017, 5866, 0.880, 9, 0.710, 544, 37, 17, 4, 50, 25.147, 17.713
Mon Jan  9 13:19:24 EST 2017, 8341, 0.130, 7, 0.460, 469, 59, 12, 42, 72, 121.137, 110.790
Mon Jan  9 13:19:25 EST 2017, 3391, 0.630, 2, 0.960, 319, 14, 3, 17, 27, 0.787, 0.817
Mon Jan  9 13:19:48 EST 2017, 4629, 0.010, 8, 0.080, 506, 25, 10, 10, 84, 21.857, 19.253
Mon Jan  9 13:20:52 EST 2017, 9579, 0.510, 3, 0.580, 356, 70, 19, 35, 39, 64.177, 59.313
Mon Jan  9 13:21:17 EST 2017, 7104, 0.260, 1, 0.330, 431, 48, 14, 23, 61, 24.397, 23.210
Mon Jan  9 13:21:39 EST 2017, 2154, 0.760, 5, 0.830, 581, 93, 5, 48, 16, 22.270, 21.590
Mon Jan  9 13:22:42 EST 2017, 1535, 0.200, 3, 0.520, 525, 98, 6, 20, 78, 60.663, 58.227
Mon Jan  9 13:23:36 EST 2017, 6485, 0.700, 7, 0.020, 375, 53, 16, 45, 33, 53.623, 50.493
Mon Jan  9 13:24:02 EST 2017, 8960, 0.450, 9, 0.770, 300, 76, 11, 7, 55, 24.903, 19.163
Mon Jan  9 13:24:03 EST 2017, 4010, 0.950, 5, 0.270, 450, 31, 1, 32, 10, 0.740, 0.733
Mon Jan  9 13:24:27 EST 2017, 2773, 0.320, 6, 0.640, 337, 20, 9, 38, 89, 23.887, 22.290
Mon Jan  9 13:25:06 EST 2017, 7723, 0.820, 2, 0.140, 487, 65, 18, 13, 44, 38.087, 32.783
Mon Jan  9 13:26:10 EST 2017, 5248, 0.070, 4, 0.890, 562, 42, 13, 26, 67, 62.410, 55.840
Mon Jan  9 13:26:14 EST 2017, 298, 0.570, 8, 0.390, 412, 87, 4, 1, 22, 3.963, 3.920
Mon Jan  9 13:28:14 EST 2017, 375, 0.220, 4, 0.030, 480, 94, 18, 15, 60, 112.560, 91.307
Mon Jan  9 13:28:24 EST 2017, 5325, 0.720, 8, 0.530, 330, 49, 9, 40, 15, 10.323, 9.753
Mon Jan  9 13:28:41 EST 2017, 7800, 0.470, 6, 0.280, 405, 71, 4, 3, 83, 15.870, 15.400
Mon Jan  9 13:28:53 EST 2017, 2850, 0.970, 1, 0.780, 555, 26, 14, 28, 38, 11.657, 10.953
Mon Jan  9 13:29:35 EST 2017, 4088, 0.350, 9, 0.150, 443, 15, 16, 47, 72, 41.097, 38.653
Mon Jan  9 13:29:55 EST 2017, 9038, 0.850, 5, 0.650, 593, 60, 7, 22, 27, 19.953, 18.170
Mon Jan  9 13:30:09 EST 2017, 6563, 0.100, 3, 0.400, 518, 37, 2, 34, 94, 13.867, 13.993
Mon Jan  9 13:30:42 EST 2017, 1613, 0.600, 7, 0.900, 368, 82, 11, 9, 49, 31.183, 25.660
Mon Jan  9 13:31:35 EST 2017, 2231, 0.410, 1, 0.710, 312, 88, 17, 31, 66, 52.297, 47.817
Mon Jan  9 13:31:40 EST 2017, 7181, 0.910, 5, 0.210, 462, 43, 8, 6, 21, 5.093, 4.447
Mon Jan  9 13:32:29 EST 2017, 9656, 0.160, 8, 0.960, 537, 65, 3, 43, 88, 48.730, 47.210
Mon Jan  9 13:32:39 EST 2017, 4706, 0.660, 3, 0.460, 387, 20, 13, 18, 43, 9.400, 8.447
Mon Jan  9 13:32:57 EST 2017, 3469, 0.030, 7, 0.590, 574, 32, 15, 0, 55, 16.673, 10.287
Mon Jan  9 13:33:00 EST 2017, 8419, 0.530, 2, 0.090, 424, 77, 5, 25, 10, 3.733, 3.603
Mon Jan  9 13:33:05 EST 2017, 5944, 0.280, 4, 0.840, 349, 54, 1, 12, 77, 3.767, 4.230
Mon Jan  9 13:34:16 EST 2017, 994, 0.780, 9, 0.340, 499, 99, 10, 37, 32, 70.537, 67.047
Mon Jan  9 13:35:11 EST 2017, 1303, 0.250, 5, 0.430, 546, 74, 10, 26, 41, 53.813, 50.493
Mon Jan  9 13:35:21 EST 2017, 6253, 0.750, 1, 0.930, 396, 29, 19, 1, 86, 9.717, 7.553
Mon Jan  9 13:35:50 EST 2017, 8728, 0.000, 3, 0.180, 321, 96, 14, 39, 18, 28.687, 27.180
Mon Jan  9 13:36:09 EST 2017, 3778, 0.500, 7, 0.680, 471, 51, 5, 14, 63, 18.610, 17.243
Mon Jan  9 13:36:16 EST 2017, 5016, 0.130, 2, 0.310, 359, 40, 7, 8, 52, 6.867, 6.100
Mon Jan  9 13:41:32 EST 2017, 9966, 0.630, 6, 0.810, 509, 85, 17, 33, 97, 305.307, 258.550
Mon Jan  9 13:41:42 EST 2017, 7491, 0.380, 9, 0.060, 584, 18, 12, 20, 29, 10.470, 9.333
Mon Jan  9 13:42:04 EST 2017, 2541, 0.880, 4, 0.560, 434, 63, 2, 45, 74, 20.430, 21.283
Mon Jan  9 13:42:29 EST 2017, 1922, 0.060, 8, 0.870, 377, 57, 8, 23, 46, 24.950, 22.950
Mon Jan  9 13:43:15 EST 2017, 6872, 0.560, 3, 0.370, 527, 12, 18, 48, 91, 44.740, 42.117
Mon Jan  9 13:43:26 EST 2017, 9347, 0.310, 1, 0.620, 452, 80, 13, 11, 24, 10.563, 9.377
Mon Jan  9 13:43:39 EST 2017, 4397, 0.810, 6, 0.120, 302, 35, 4, 36, 69, 12.857, 12.747
Mon Jan  9 13:44:02 EST 2017, 3159, 0.440, 5, 0.990, 490, 46, 6, 42, 35, 22.627, 20.943
Mon Jan  9 13:45:56 EST 2017, 8109, 0.940, 9, 0.490, 340, 91, 15, 17, 80, 112.587, 86.850
Mon Jan  9 13:46:01 EST 2017, 5634, 0.190, 7, 0.740, 415, 23, 11, 29, 13, 4.897, 4.547
Mon Jan  9 13:46:06 EST 2017, 684, 0.690, 2, 0.240, 565, 68, 1, 4, 58, 3.730, 4.630
Mon Jan  9 13:46:16 EST 2017, 530, 0.490, 8, 0.570, 354, 36, 14, 49, 11, 10.513, 10.043
Mon Jan  9 13:46:43 EST 2017, 5480, 0.990, 3, 0.070, 504, 81, 4, 24, 56, 26.507, 26.327
Mon Jan  9 13:46:47 EST 2017, 7955, 0.240, 1, 0.820, 579, 13, 9, 36, 34, 4.077, 3.990
Mon Jan  9 13:48:14 EST 2017, 3005, 0.740, 5, 0.320, 429, 58, 19, 11, 79, 84.120, 60.160
Mon Jan  9 13:48:39 EST 2017, 4242, 0.110, 4, 0.700, 541, 70, 12, 18, 22, 24.110, 20.927
Mon Jan  9 13:48:46 EST 2017, 9192, 0.610, 9, 0.200, 391, 25, 2, 43, 67, 7.103, 7.160
Mon Jan  9 13:49:01 EST 2017, 6717, 0.360, 6, 0.950, 316, 92, 7, 5, 45, 14.213, 11.187
Mon Jan  9 13:50:22 EST 2017, 1767, 0.860, 2, 0.450, 466, 47, 16, 30, 90, 79.857, 74.060
Mon Jan  9 13:50:35 EST 2017, 2386, 0.170, 6, 0.140, 523, 53, 13, 2, 28, 12.363, 8.840
Mon Jan  9 13:50:50 EST 2017, 7336, 0.670, 1, 0.640, 373, 98, 3, 27, 73, 14.060, 15.110
Mon Jan  9 13:51:03 EST 2017, 9811, 0.420, 4, 0.390, 448, 30, 8, 15, 51, 12.253, 10.900
Mon Jan  9 13:57:25 EST 2017, 4861, 0.920, 8, 0.890, 598, 75, 18, 40, 96, 375.337, 337.607
Mon Jan  9 13:57:37 EST 2017, 3623, 0.300, 2, 0.010, 410, 64, 10, 33, 17, 12.147, 11.553
Mon Jan  9 13:57:39 EST 2017, 8573, 0.800, 7, 0.510, 560, 19, 1, 8, 62, 1.413, 1.613
Mon Jan  9 13:58:34 EST 2017, 6098, 0.050, 9, 0.260, 485, 87, 6, 46, 39, 54.680, 52.173
Mon Jan  9 13:59:25 EST 2017, 1148, 0.550, 5, 0.760, 335, 42, 15, 21, 84, 50.813, 44.323
Mon Jan  9 13:59:29 EST 2017, 839, 0.020, 2, 0.980, 419, 16, 5, 7, 81, 3.473, 3.153
Mon Jan  9 14:00:44 EST 2017, 5789, 0.520, 6, 0.480, 569, 61, 15, 32, 36, 74.350, 66.553
Mon Jan  9 14:01:48 EST 2017, 8264, 0.270, 8, 0.730, 494, 39, 19, 19, 59, 63.000, 52.013
Mon Jan  9 14:02:07 EST 2017, 3314, 0.770, 4, 0.230, 344, 84, 10, 44, 14, 18.513, 17.367
Mon Jan  9 14:02:53 EST 2017, 4552, 0.390, 7, 0.850, 457, 95, 3, 26, 93, 46.223, 44.670
Mon Jan  9 14:03:02 EST 2017, 9502, 0.890, 3, 0.350, 307, 50, 12, 1, 48, 9.080, 6.763
Mon Jan  9 14:05:32 EST 2017, 7027, 0.140, 5, 0.600, 382, 72, 17, 38, 70, 146.107, 129.627
Mon Jan  9 14:05:38 EST 2017, 2077, 0.640, 9, 0.100, 532, 27, 7, 13, 25, 5.660, 5.027
Mon Jan  9 14:05:59 EST 2017, 1458, 0.330, 3, 0.290, 588, 22, 4, 41, 98, 20.447, 20.440
Mon Jan  9 14:06:52 EST 2017, 6408, 0.830, 8, 0.790, 438, 67, 13, 16, 53, 51.550, 44.403
Mon Jan  9 14:08:16 EST 2017, 8883, 0.080, 6, 0.040, 363, 44, 18, 29, 76, 82.080, 72.300
Mon Jan  9 14:08:26 EST 2017, 3933, 0.580, 1, 0.540, 513, 89, 9, 4, 31, 8.730, 8.570
Mon Jan  9 14:08:44 EST 2017, 2695, 0.200, 9, 0.420, 326, 78, 2, 22, 87, 16.280, 17.660
Mon Jan  9 14:09:18 EST 2017, 7645, 0.700, 4, 0.920, 476, 33, 11, 47, 42, 33.757, 32.250
Mon Jan  9 14:10:04 EST 2017, 5170, 0.450, 2, 0.170, 551, 56, 16, 10, 65, 45.870, 37.810
Mon Jan  9 14:10:07 EST 2017, 220, 0.950, 7, 0.670, 401, 11, 6, 35, 20, 2.210, 2.233
Mon Jan  9 14:10:31 EST 2017, 182, 0.040, 8, 0.220, 557, 41, 17, 30, 17, 24.183, 22.290
Mon Jan  9 14:11:00 EST 2017, 5132, 0.540, 4, 0.720, 407, 86, 8, 5, 62, 27.930, 21.203
Mon Jan  9 14:11:03 EST 2017, 7607, 0.290, 2, 0.470, 332, 19, 3, 43, 40, 2.717, 2.757
Mon Jan  9 14:12:33 EST 2017, 2657, 0.790, 6, 0.970, 482, 64, 12, 18, 85, 88.200, 72.323
Mon Jan  9 14:12:54 EST 2017, 3894, 0.410, 3, 0.090, 369, 75, 15, 12, 28, 21.017, 17.930
Mon Jan  9 14:13:20 EST 2017, 8844, 0.910, 7, 0.590, 519, 30, 5, 37, 73, 25.830, 24.790
Mon Jan  9 14:13:33 EST 2017, 6369, 0.160, 5, 0.340, 594, 97, 1, 24, 51, 11.150, 12.640
Mon Jan  9 14:14:26 EST 2017, 1419, 0.660, 1, 0.840, 444, 52, 10, 49, 96, 52.480, 51.147
Mon Jan  9 14:14:48 EST 2017, 2038, 0.350, 7, 0.530, 388, 47, 18, 21, 23, 21.980, 19.093
Mon Jan  9 14:16:40 EST 2017, 6988, 0.850, 2, 0.030, 538, 92, 9, 46, 68, 111.357, 105.830
Mon Jan  9 14:16:44 EST 2017, 9463, 0.100, 4, 0.780, 463, 24, 4, 9, 45, 3.520, 3.337
Mon Jan  9 14:18:47 EST 2017, 4513, 0.600, 9, 0.280, 313, 69, 14, 34, 90, 122.550, 106.977
Mon Jan  9 14:18:57 EST 2017, 3275, 0.220, 1, 0.650, 500, 58, 16, 40, 11, 9.863, 9.393
Mon Jan  9 14:19:02 EST 2017, 8225, 0.720, 6, 0.150, 350, 13, 7, 15, 56, 4.157, 4.017
Mon Jan  9 14:19:11 EST 2017, 5750, 0.470, 8, 0.900, 425, 81, 2, 27, 34, 9.253, 9.210
Mon Jan  9 14:19:31 EST 2017, 800, 0.970, 3, 0.400, 575, 36, 11, 2, 79, 19.233, 15.223
Mon Jan  9 14:19:36 EST 2017, 1110, 0.440, 2, 0.310, 472, 10, 8, 13, 87, 4.743, 4.300
Mon Jan  9 14:20:36 EST 2017, 6060, 0.940, 7, 0.810, 322, 55, 18, 38, 42, 59.703, 54.403
Mon Jan  9 14:20:50 EST 2017, 8535, 0.190, 9, 0.060, 397, 33, 13, 1, 65, 14.287, 9.990
Mon Jan  9 14:21:02 EST 2017, 3585, 0.690, 5, 0.560, 547, 78, 4, 26, 20, 11.433, 10.870
Mon Jan  9 14:23:05 EST 2017, 4822, 0.070, 6, 0.440, 435, 89, 6, 44, 99, 119.887, 114.470
Mon Jan  9 14:23:30 EST 2017, 9772, 0.570, 1, 0.940, 585, 44, 15, 19, 54, 24.617, 22.357
Mon Jan  9 14:25:16 EST 2017, 7297, 0.320, 4, 0.190, 510, 66, 11, 32, 76, 104.017, 94.623
Mon Jan  9 14:25:17 EST 2017, 2347, 0.820, 8, 0.690, 360, 21, 1, 7, 31, 0.643, 0.670
Mon Jan  9 14:25:43 EST 2017, 1729, 0.130, 4, 0.870, 303, 27, 9, 35, 93, 25.763, 24.300
Mon Jan  9 14:26:52 EST 2017, 6679, 0.630, 9, 0.370, 453, 72, 19, 10, 48, 66.737, 47.877
Mon Jan  9 14:29:15 EST 2017, 9154, 0.380, 6, 0.620, 528, 50, 14, 48, 71, 142.367, 131.777
Mon Jan  9 14:29:26 EST 2017, 4204, 0.880, 2, 0.120, 378, 95, 5, 23, 26, 10.427, 10.580
Mon Jan  9 14:30:16 EST 2017, 2966, 0.260, 8, 0.750, 566, 83, 7, 4, 82, 46.930, 34.230
Mon Jan  9 14:30:47 EST 2017, 7916, 0.760, 3, 0.250, 416, 38, 17, 29, 37, 29.643, 26.910
Mon Jan  9 14:31:05 EST 2017, 5441, 0.010, 1, 0.500, 341, 61, 12, 16, 59, 16.880, 16.457
Mon Jan  9 14:31:07 EST 2017, 491, 0.510, 5, 0.000, 491, 16, 2, 41, 14, 1.720, 1.723
Mon Jan  9 14:32:10 EST 2017, 646, 0.300, 5, 0.670, 430, 99, 13, 9, 55, 61.060, 45.033
Mon Jan  9 14:32:14 EST 2017, 5596, 0.800, 9, 0.170, 580, 54, 3, 34, 10, 4.090, 4.073
Mon Jan  9 14:33:32 EST 2017, 8071, 0.050, 7, 0.920, 505, 76, 8, 22, 78, 76.167, 66.280
Mon Jan  9 14:33:59 EST 2017, 3121, 0.550, 3, 0.420, 355, 31, 17, 47, 33, 26.727, 24.717
Mon Jan  9 14:34:22 EST 2017, 4358, 0.180, 8, 0.550, 468, 20, 10, 28, 66, 22.237, 20.643
Mon Jan  9 14:34:23 EST 2017, 9308, 0.680, 4, 0.050, 318, 65, 1, 3, 21, 0.903, 1.017
Mon Jan  9 14:34:54 EST 2017, 6833, 0.430, 2, 0.800, 393, 43, 6, 41, 89, 30.093, 28.610
Mon Jan  9 14:36:21 EST 2017, 1883, 0.930, 6, 0.300, 543, 88, 15, 16, 44, 85.357, 68.617
Mon Jan  9 14:38:54 EST 2017, 2502, 0.110, 2, 0.110, 599, 82, 14, 37, 72, 151.437, 137.117
Mon Jan  9 14:38:58 EST 2017, 7452, 0.610, 7, 0.610, 449, 37, 4, 12, 27, 4.040, 3.750
Mon Jan  9 14:40:06 EST 2017, 9927, 0.360, 9, 0.360, 374, 59, 9, 25, 94, 66.433, 60.060
Mon Jan  9 14:40:12 EST 2017, 4977, 0.860, 4, 0.860, 524, 14, 19, 0, 49, 5.470, 3.547
Mon Jan  9 14:40:29 EST 2017, 3739, 0.490, 5, 0.230, 336, 26, 12, 19, 61, 16.860, 14.967
Mon Jan  9 14:40:32 EST 2017, 8689, 0.990, 1, 0.730, 486, 71, 2, 44, 16, 2.487, 2.627
Mon Jan  9 14:40:56 EST 2017, 6214, 0.240, 3, 0.480, 561, 48, 7, 6, 83, 23.263, 19.993
Mon Jan  9 14:42:27 EST 2017, 1264, 0.740, 8, 0.980, 411, 93, 16, 31, 38, 90.690, 80.847
Mon Jan  9 14:42:44 EST 2017, 955, 0.210, 6, 0.760, 346, 68, 4, 45, 35, 17.110, 16.773
Mon Jan  9 14:43:08 EST 2017, 5905, 0.710, 2, 0.260, 496, 23, 13, 20, 80, 23.113, 21.037
Mon Jan  9 14:43:51 EST 2017, 8380, 0.460, 4, 0.510, 571, 90, 18, 33, 13, 43.503, 39.640
Mon Jan  9 14:44:11 EST 2017, 3430, 0.960, 9, 0.010, 421, 45, 9, 8, 58, 19.160, 16.133
Mon Jan  9 14:44:13 EST 2017, 4668, 0.330, 1, 0.890, 533, 34, 1, 14, 47, 0.987, 1.257
Mon Jan  9 14:46:42 EST 2017, 9618, 0.830, 5, 0.390, 383, 79, 11, 39, 92, 147.030, 128.333
Mon Jan  9 14:46:44 EST 2017, 7143, 0.080, 7, 0.640, 308, 12, 16, 1, 24, 1.423, 1.133
Mon Jan  9 14:47:16 EST 2017, 2193, 0.580, 3, 0.140, 458, 57, 6, 26, 69, 31.920, 30.727
Mon Jan  9 14:47:31 EST 2017, 1574, 0.400, 9, 0.450, 514, 62, 5, 5, 52, 14.027, 12.823
Mon Jan  9 14:48:02 EST 2017, 6524, 0.900, 5, 0.950, 364, 17, 15, 30, 97, 31.153, 28.823
Mon Jan  9 14:48:41 EST 2017, 8999, 0.150, 2, 0.200, 439, 85, 19, 17, 30, 37.830, 32.853
Mon Jan  9 14:50:08 EST 2017, 4049, 0.650, 7, 0.700, 589, 40, 10, 42, 75, 86.467, 80.400
Mon Jan  9 14:50:18 EST 2017, 2811, 0.020, 3, 0.330, 402, 51, 3, 36, 41, 9.413, 9.560
Mon Jan  9 14:52:32 EST 2017, 7761, 0.520, 8, 0.830, 552, 96, 12, 11, 86, 131.807, 95.797
Mon Jan  9 14:52:56 EST 2017, 5286, 0.270, 6, 0.080, 477, 29, 17, 48, 19, 23.380, 22.260
Mon Jan  9 14:53:12 EST 2017, 336, 0.770, 1, 0.580, 327, 74, 7, 23, 64, 15.550, 15.763
Mon Jan  9 14:53:27 EST 2017, 259, 0.420, 6, 0.960, 578, 56, 11, 8, 25, 14.873, 11.887
Mon Jan  9 14:53:28 EST 2017, 5209, 0.920, 1, 0.460, 428, 11, 1, 33, 70, 0.733, 0.823
Mon Jan  9 14:53:48 EST 2017, 7684, 0.170, 3, 0.710, 353, 78, 6, 21, 47, 19.737, 18.293
Mon Jan  9 14:55:52 EST 2017, 2734, 0.670, 8, 0.210, 503, 33, 15, 46, 92, 120.570, 114.287
Mon Jan  9 14:55:58 EST 2017, 3972, 0.040, 2, 0.830, 315, 45, 13, 27, 14, 5.810, 5.457
Mon Jan  9 14:56:10 EST 2017, 8922, 0.540, 7, 0.330, 465, 90, 3, 2, 59, 12.190, 11.727
Mon Jan  9 14:56:26 EST 2017, 6447, 0.290, 9, 0.580, 540, 22, 8, 39, 36, 16.027, 15.110
Mon Jan  9 14:58:04 EST 2017, 1497, 0.790, 5, 0.080, 390, 67, 18, 14, 81, 94.440, 71.560
Mon Jan  9 14:58:41 EST 2017, 2115, 0.230, 7, 0.270, 446, 73, 12, 42, 19, 36.317, 33.720
Mon Jan  9 14:58:46 EST 2017, 7065, 0.730, 3, 0.770, 596, 28, 2, 17, 64, 5.133, 5.270
Mon Jan  9 14:59:11 EST 2017, 9540, 0.480, 1, 0.020, 521, 95, 7, 30, 42, 24.950, 25.090
Mon Jan  9 14:59:58 EST 2017, 4590, 0.980, 5, 0.520, 371, 50, 16, 5, 87, 43.173, 30.053
Mon Jan  9 15:00:21 EST 2017, 3353, 0.360, 4, 0.400, 484, 39, 14, 24, 30, 23.277, 20.387
Mon Jan  9 15:01:22 EST 2017, 8303, 0.860, 8, 0.900, 334, 84, 5, 49, 75, 59.887, 57.527
Mon Jan  9 15:01:28 EST 2017, 5828, 0.110, 6, 0.150, 409, 17, 9, 11, 53, 6.540, 5.917
Mon Jan  9 15:04:45 EST 2017, 878, 0.610, 2, 0.650, 559, 62, 19, 36, 98, 191.823, 170.797
