# 'Timestamp', '--gvt-delay 100 10000', '--imbalance% 0 100', '--delay 1 10', '--selfEvents% 0 100', '--simEndTime 300 600', '--rows 10 100', '--eventsPerAgent 1 20', '--granularity 0 50', '--cols 10 100', ladderQ_timing_secs, 2tLadderQ_timing_secs
Mon Jan  9 08:44:13 EST 2017, 4450, 0.060, 9, 0.660, 459, 38, 1, 12, 56, 4.260, 4.347
Mon Jan  9 08:44:27 EST 2017, 9400, 0.560, 5, 0.160, 309, 83, 11, 37, 11, 13.037, 13.017
Mon Jan  9 08:44:33 EST 2017, 6925, 0.310, 2, 0.910, 384, 15, 16, 0, 79, 5.863, 5.413
Mon Jan  9 08:44:56 EST 2017, 1975, 0.810, 7, 0.410, 534, 60, 6, 25, 34, 22.637, 22.703
Mon Jan  9 08:45:05 EST 2017, 1356, 0.120, 1, 0.230, 591, 55, 5, 3, 62, 8.120, 8.587
Mon Jan  9 08:45:08 EST 2017, 6306, 0.620, 5, 0.730, 441, 10, 14, 28, 17, 3.373, 3.433
Mon Jan  9 08:47:23 EST 2017, 8781, 0.370, 8, 0.480, 366, 77, 19, 15, 85, 131.853, 132.590
Mon Jan  9 08:47:49 EST 2017, 3831, 0.870, 3, 0.980, 516, 32, 10, 40, 40, 25.543, 25.410
Mon Jan  9 08:47:59 EST 2017, 2594, 0.250, 6, 0.100, 328, 43, 2, 34, 73, 9.847, 9.907
Mon Jan  9 08:48:19 EST 2017, 7544, 0.750, 2, 0.600, 478, 88, 12, 9, 28, 19.413, 18.563
Mon Jan  9 08:49:49 EST 2017, 5069, 0.000, 4, 0.350, 553, 21, 17, 46, 96, 90.280, 89.187
Mon Jan  9 08:50:19 EST 2017, 119, 0.500, 9, 0.850, 403, 66, 7, 21, 51, 28.313, 27.863
Mon Jan  9 08:51:27 EST 2017, 129, 0.250, 4, 0.150, 568, 49, 14, 21, 65, 67.017, 65.567
Mon Jan  9 08:51:49 EST 2017, 5079, 0.750, 8, 0.650, 418, 94, 5, 46, 20, 21.287, 21.537
Mon Jan  9 08:52:02 EST 2017, 7554, 0.000, 6, 0.400, 343, 26, 9, 8, 87, 12.823, 12.530
Mon Jan  9 08:53:20 EST 2017, 2604, 0.500, 2, 0.900, 493, 71, 19, 33, 42, 75.273, 77.200
Mon Jan  9 08:54:42 EST 2017, 3841, 0.120, 9, 0.020, 306, 60, 12, 39, 76, 80.257, 80.920
Mon Jan  9 08:54:44 EST 2017, 8791, 0.620, 5, 0.520, 456, 15, 2, 14, 31, 1.157, 1.167
Mon Jan  9 08:56:24 EST 2017, 6316, 0.370, 3, 0.270, 531, 83, 7, 27, 99, 95.747, 95.917
Mon Jan  9 08:56:43 EST 2017, 1366, 0.870, 7, 0.770, 381, 38, 17, 2, 54, 18.417, 17.713
Mon Jan  9 08:57:04 EST 2017, 1985, 0.060, 1, 0.580, 437, 32, 13, 30, 71, 20.903, 20.930
Mon Jan  9 08:57:11 EST 2017, 6935, 0.560, 5, 0.080, 587, 77, 3, 5, 26, 6.047, 6.273
Mon Jan  9 08:57:30 EST 2017, 9410, 0.310, 8, 0.830, 512, 10, 8, 43, 93, 18.803, 18.897
Mon Jan  9 08:58:11 EST 2017, 4460, 0.810, 3, 0.330, 362, 55, 18, 18, 48, 40.237, 39.667
Mon Jan  9 08:58:57 EST 2017, 3222, 0.430, 7, 0.710, 474, 66, 11, 11, 59, 45.850, 45.817
Mon Jan  9 08:58:57 EST 2017, 8172, 0.930, 2, 0.210, 324, 21, 1, 36, 14, 0.473, 0.480
Mon Jan  9 08:59:55 EST 2017, 5697, 0.180, 4, 0.960, 399, 88, 6, 24, 82, 55.370, 55.713
Mon Jan  9 09:01:09 EST 2017, 747, 0.680, 9, 0.460, 549, 43, 15, 49, 37, 73.797, 73.620
Mon Jan  9 09:01:20 EST 2017, 1057, 0.210, 5, 0.300, 503, 24, 5, 35, 40, 10.317, 10.273
Mon Jan  9 09:01:52 EST 2017, 6007, 0.710, 1, 0.800, 353, 69, 15, 10, 85, 31.107, 30.277
Mon Jan  9 09:02:19 EST 2017, 8482, 0.460, 3, 0.050, 428, 46, 19, 47, 17, 27.333, 27.170
Mon Jan  9 09:04:11 EST 2017, 3532, 0.960, 7, 0.550, 578, 91, 10, 22, 62, 108.030, 109.177
Mon Jan  9 09:04:18 EST 2017, 4769, 0.340, 2, 0.430, 390, 80, 3, 4, 51, 6.120, 6.073
Mon Jan  9 09:05:40 EST 2017, 9719, 0.840, 6, 0.930, 540, 35, 12, 29, 96, 81.250, 77.800
Mon Jan  9 09:06:13 EST 2017, 7244, 0.090, 9, 0.180, 465, 57, 17, 16, 28, 32.217, 32.623
Mon Jan  9 09:06:23 EST 2017, 2294, 0.590, 4, 0.680, 315, 12, 8, 41, 73, 9.520, 9.583
Mon Jan  9 09:06:26 EST 2017, 1675, 0.400, 8, 0.990, 371, 18, 4, 13, 45, 2.697, 2.770
Mon Jan  9 09:09:08 EST 2017, 6625, 0.900, 3, 0.490, 521, 63, 14, 38, 90, 156.043, 161.270
Mon Jan  9 09:09:14 EST 2017, 9100, 0.150, 1, 0.740, 596, 41, 18, 0, 23, 4.463, 4.773
Mon Jan  9 09:10:38 EST 2017, 4150, 0.650, 6, 0.240, 446, 86, 9, 25, 68, 82.257, 82.573
Mon Jan  9 09:10:59 EST 2017, 2913, 0.030, 5, 0.870, 559, 97, 2, 44, 34, 19.393, 19.653
Mon Jan  9 09:11:57 EST 2017, 7863, 0.530, 9, 0.370, 409, 52, 11, 19, 79, 56.900, 55.013
Mon Jan  9 09:12:16 EST 2017, 5388, 0.280, 7, 0.620, 334, 74, 16, 32, 12, 18.160, 18.467
Mon Jan  9 09:12:22 EST 2017, 438, 0.780, 2, 0.120, 484, 29, 6, 7, 57, 5.850, 5.763
Mon Jan  9 09:12:58 EST 2017, 593, 0.010, 7, 0.690, 395, 84, 19, 37, 13, 35.220, 35.180
Mon Jan  9 09:13:19 EST 2017, 5543, 0.510, 3, 0.190, 545, 39, 9, 12, 58, 20.207, 20.267
Mon Jan  9 09:13:26 EST 2017, 8018, 0.260, 1, 0.940, 470, 62, 4, 25, 35, 6.243, 6.480
Mon Jan  9 09:13:32 EST 2017, 3068, 0.760, 5, 0.440, 320, 17, 14, 0, 80, 6.577, 6.373
Mon Jan  9 09:13:46 EST 2017, 4305, 0.390, 4, 0.570, 507, 28, 16, 18, 24, 12.913, 12.840
Mon Jan  9 09:14:52 EST 2017, 9255, 0.890, 8, 0.070, 357, 73, 7, 43, 69, 65.003, 65.777
Mon Jan  9 09:14:56 EST 2017, 6780, 0.140, 6, 0.820, 432, 50, 2, 6, 47, 4.010, 4.050
Mon Jan  9 09:17:37 EST 2017, 1830, 0.640, 2, 0.320, 582, 95, 11, 31, 92, 149.180, 156.487
Mon Jan  9 09:18:28 EST 2017, 2449, 0.320, 6, 0.010, 526, 90, 17, 9, 30, 47.850, 48.557
Mon Jan  9 09:18:51 EST 2017, 7399, 0.820, 1, 0.510, 376, 45, 8, 34, 75, 19.813, 18.673
Mon Jan  9 09:19:00 EST 2017, 9874, 0.070, 3, 0.260, 301, 67, 3, 22, 52, 8.987, 9.013
Mon Jan  9 09:20:09 EST 2017, 4924, 0.570, 8, 0.760, 451, 22, 13, 47, 97, 67.107, 67.237
Mon Jan  9 09:20:12 EST 2017, 3686, 0.200, 2, 0.130, 338, 11, 15, 28, 19, 2.763, 2.740
Mon Jan  9 09:20:28 EST 2017, 8636, 0.700, 7, 0.630, 488, 56, 6, 3, 64, 15.963, 15.750
Mon Jan  9 09:20:32 EST 2017, 6161, 0.450, 9, 0.380, 563, 33, 1, 40, 41, 4.017, 3.970
Mon Jan  9 09:21:40 EST 2017, 1211, 0.950, 4, 0.880, 413, 78, 10, 15, 86, 67.763, 65.083
Mon Jan  9 09:21:52 EST 2017, 902, 0.480, 1, 0.850, 329, 59, 10, 4, 78, 11.290, 10.960
Mon Jan  9 09:22:07 EST 2017, 5852, 0.980, 6, 0.350, 479, 14, 19, 29, 33, 14.850, 14.827
Mon Jan  9 09:23:50 EST 2017, 8327, 0.230, 8, 0.600, 554, 81, 14, 17, 55, 100.843, 100.173
Mon Jan  9 09:23:53 EST 2017, 3377, 0.730, 4, 0.100, 404, 36, 5, 42, 10, 3.250, 3.337
Mon Jan  9 09:25:13 EST 2017, 4614, 0.110, 7, 0.970, 592, 48, 7, 36, 89, 78.887, 78.883
Mon Jan  9 09:26:03 EST 2017, 9564, 0.610, 2, 0.470, 442, 93, 17, 11, 44, 48.590, 47.713
Mon Jan  9 09:26:41 EST 2017, 7089, 0.360, 5, 0.720, 367, 25, 12, 48, 66, 37.693, 37.413
Mon Jan  9 09:26:49 EST 2017, 2139, 0.860, 9, 0.220, 517, 70, 3, 23, 21, 7.907, 7.783
Mon Jan  9 09:28:45 EST 2017, 1521, 0.170, 3, 0.410, 460, 76, 8, 45, 94, 115.570, 115.280
Mon Jan  9 09:29:09 EST 2017, 6471, 0.670, 8, 0.910, 310, 31, 18, 20, 49, 23.717, 23.450
Mon Jan  9 09:31:38 EST 2017, 8946, 0.420, 5, 0.160, 385, 98, 13, 32, 72, 143.930, 145.697
Mon Jan  9 09:31:41 EST 2017, 3996, 0.920, 1, 0.660, 535, 53, 4, 7, 27, 2.663, 2.610
Mon Jan  9 09:32:06 EST 2017, 2758, 0.290, 9, 0.290, 423, 42, 6, 14, 83, 24.327, 22.660
Mon Jan  9 09:34:17 EST 2017, 7708, 0.790, 4, 0.790, 573, 87, 16, 39, 38, 130.920, 127.313
Mon Jan  9 09:34:23 EST 2017, 5233, 0.040, 2, 0.040, 498, 19, 11, 1, 61, 5.153, 5.270
Mon Jan  9 09:34:24 EST 2017, 283, 0.540, 6, 0.540, 348, 64, 1, 26, 16, 1.510, 1.557
Mon Jan  9 09:36:44 EST 2017, 361, 0.140, 2, 0.900, 547, 71, 16, 43, 67, 137.917, 134.580
Mon Jan  9 09:36:49 EST 2017, 5311, 0.640, 7, 0.400, 397, 26, 7, 18, 22, 4.207, 4.277
Mon Jan  9 09:37:14 EST 2017, 7786, 0.390, 9, 0.650, 322, 93, 2, 31, 90, 25.023, 24.403
Mon Jan  9 09:37:33 EST 2017, 2836, 0.890, 4, 0.150, 472, 48, 11, 6, 45, 17.757, 17.163
Mon Jan  9 09:38:17 EST 2017, 4073, 0.270, 6, 0.780, 360, 37, 18, 24, 56, 43.643, 42.640
Mon Jan  9 09:38:27 EST 2017, 9023, 0.770, 1, 0.280, 510, 82, 9, 49, 11, 9.653, 9.690
Mon Jan  9 09:38:32 EST 2017, 6548, 0.020, 3, 0.530, 585, 15, 4, 12, 78, 5.187, 5.280
Mon Jan  9 09:39:27 EST 2017, 1598, 0.520, 8, 0.030, 435, 60, 14, 37, 33, 54.420, 54.350
Mon Jan  9 09:40:15 EST 2017, 2217, 0.460, 5, 0.340, 378, 65, 15, 9, 61, 46.143, 46.387
Mon Jan  9 09:40:19 EST 2017, 7167, 0.960, 9, 0.840, 528, 20, 5, 34, 16, 3.570, 3.607
Mon Jan  9 09:40:33 EST 2017, 9642, 0.210, 7, 0.090, 453, 88, 1, 21, 84, 13.160, 12.833
Mon Jan  9 09:40:55 EST 2017, 4692, 0.710, 3, 0.590, 303, 43, 10, 46, 39, 21.860, 21.697
Mon Jan  9 09:43:03 EST 2017, 3454, 0.080, 8, 0.470, 491, 54, 17, 27, 73, 127.533, 125.423
Mon Jan  9 09:43:12 EST 2017, 8404, 0.580, 4, 0.970, 341, 99, 8, 2, 28, 8.813, 8.680
Mon Jan  9 09:43:24 EST 2017, 5929, 0.330, 2, 0.220, 416, 31, 3, 40, 95, 12.400, 12.340
Mon Jan  9 09:44:35 EST 2017, 979, 0.830, 6, 0.720, 566, 76, 13, 15, 50, 70.607, 67.753
Mon Jan  9 09:44:56 EST 2017, 1289, 0.360, 9, 0.500, 481, 96, 7, 1, 47, 19.597, 20.083
Mon Jan  9 09:46:33 EST 2017, 6239, 0.860, 5, 0.000, 331, 51, 17, 26, 92, 95.797, 92.220
Mon Jan  9 09:46:48 EST 2017, 8714, 0.110, 2, 0.750, 406, 74, 12, 13, 25, 14.003, 13.747
Mon Jan  9 09:46:59 EST 2017, 3764, 0.610, 7, 0.250, 556, 29, 2, 38, 70, 11.257, 11.137
Mon Jan  9 09:47:09 EST 2017, 5001, 0.240, 4, 0.620, 444, 17, 10, 32, 36, 9.637, 9.480
Mon Jan  9 09:49:22 EST 2017, 9951, 0.740, 8, 0.120, 594, 62, 19, 7, 81, 127.193, 129.223
Mon Jan  9 09:49:42 EST 2017, 7476, 0.490, 6, 0.870, 519, 40, 14, 45, 14, 19.633, 19.863
Mon Jan  9 09:49:55 EST 2017, 2526, 0.990, 1, 0.370, 369, 85, 5, 20, 59, 13.043, 12.903
Mon Jan  9 09:50:30 EST 2017, 1907, 0.050, 6, 0.190, 313, 79, 6, 48, 42, 34.220, 33.743
Mon Jan  9 09:51:15 EST 2017, 6857, 0.550, 2, 0.690, 463, 34, 15, 23, 87, 43.940, 44.173
Mon Jan  9 09:51:40 EST 2017, 9332, 0.300, 4, 0.440, 538, 57, 11, 35, 19, 24.440, 24.147
Mon Jan  9 09:51:41 EST 2017, 4382, 0.800, 9, 0.940, 388, 12, 1, 10, 64, 0.970, 0.963
Mon Jan  9 09:51:48 EST 2017, 3145, 0.430, 1, 0.060, 575, 23, 8, 16, 53, 6.353, 6.357
Mon Jan  9 09:56:03 EST 2017, 8095, 0.930, 5, 0.560, 425, 68, 18, 41, 98, 252.203, 244.497
Mon Jan  9 09:56:12 EST 2017, 5620, 0.180, 7, 0.310, 350, 45, 13, 4, 31, 8.847, 8.763
Mon Jan  9 09:56:56 EST 2017, 670, 0.680, 3, 0.810, 500, 90, 4, 29, 76, 43.677, 43.113
Mon Jan  9 09:57:02 EST 2017, 515, 0.380, 7, 0.480, 420, 13, 12, 22, 29, 5.607, 5.473
Mon Jan  9 09:57:21 EST 2017, 5465, 0.880, 2, 0.980, 570, 58, 2, 47, 74, 18.917, 18.937
Mon Jan  9 09:57:34 EST 2017, 7940, 0.130, 5, 0.230, 495, 36, 7, 9, 52, 12.360, 11.893
Mon Jan  9 10:00:48 EST 2017, 2990, 0.630, 9, 0.730, 345, 81, 16, 34, 97, 186.970, 192.600
Mon Jan  9 10:01:10 EST 2017, 4228, 0.000, 1, 0.360, 458, 92, 14, 41, 18, 21.680, 21.367
Mon Jan  9 10:01:20 EST 2017, 9178, 0.500, 6, 0.860, 308, 47, 4, 16, 63, 9.580, 9.477
Mon Jan  9 10:01:57 EST 2017, 6703, 0.250, 8, 0.110, 383, 69, 9, 28, 40, 35.460, 35.070
Mon Jan  9 10:02:23 EST 2017, 1753, 0.750, 3, 0.610, 533, 24, 19, 3, 85, 25.453, 24.467
Mon Jan  9 10:02:30 EST 2017, 2371, 0.190, 8, 0.790, 589, 30, 10, 25, 12, 6.710, 6.810
Mon Jan  9 10:02:33 EST 2017, 7321, 0.690, 4, 0.290, 439, 75, 1, 0, 57, 2.963, 3.020
Mon Jan  9 10:02:45 EST 2017, 9796, 0.440, 2, 0.540, 364, 52, 6, 38, 35, 12.220, 12.213
Mon Jan  9 10:05:29 EST 2017, 4846, 0.940, 6, 0.040, 514, 97, 15, 13, 80, 160.323, 155.797
Mon Jan  9 10:05:42 EST 2017, 3609, 0.320, 3, 0.920, 327, 86, 13, 6, 23, 11.747, 10.960
Mon Jan  9 10:05:59 EST 2017, 8559, 0.820, 7, 0.420, 477, 41, 3, 31, 68, 16.310, 16.797
Mon Jan  9 10:06:36 EST 2017, 6084, 0.070, 5, 0.670, 552, 64, 8, 19, 46, 36.153, 35.387
Mon Jan  9 10:07:03 EST 2017, 1134, 0.570, 1, 0.170, 402, 19, 18, 44, 91, 26.453, 26.340
Mon Jan  9 10:07:20 EST 2017, 825, 0.100, 4, 0.080, 355, 38, 3, 33, 99, 15.967, 15.667
Mon Jan  9 10:08:17 EST 2017, 5775, 0.600, 9, 0.580, 505, 83, 12, 8, 54, 56.930, 54.320
Mon Jan  9 10:09:20 EST 2017, 8250, 0.350, 7, 0.330, 580, 16, 17, 45, 77, 62.837, 61.943
Mon Jan  9 10:09:33 EST 2017, 3300, 0.850, 2, 0.830, 430, 61, 7, 20, 32, 11.797, 11.733
Mon Jan  9 10:10:03 EST 2017, 4537, 0.470, 8, 0.200, 542, 72, 5, 2, 88, 27.873, 28.283
Mon Jan  9 10:10:23 EST 2017, 9487, 0.970, 3, 0.700, 392, 27, 15, 27, 43, 19.130, 19.020
Mon Jan  9 10:11:07 EST 2017, 7012, 0.220, 1, 0.450, 317, 95, 19, 14, 66, 43.043, 42.300
Mon Jan  9 10:11:29 EST 2017, 2062, 0.720, 5, 0.950, 467, 50, 10, 39, 21, 21.807, 21.573
Mon Jan  9 10:11:40 EST 2017, 1443, 0.290, 3, 0.640, 524, 44, 2, 17, 83, 10.580, 10.307
Mon Jan  9 10:12:51 EST 2017, 6393, 0.790, 7, 0.140, 374, 89, 11, 42, 38, 70.213, 69.837
Mon Jan  9 10:13:05 EST 2017, 8868, 0.040, 9, 0.890, 449, 22, 16, 5, 60, 14.013, 13.610
Mon Jan  9 10:13:19 EST 2017, 3918, 0.540, 5, 0.390, 599, 67, 6, 30, 15, 13.073, 13.037
Mon Jan  9 10:14:07 EST 2017, 2681, 0.160, 6, 0.510, 411, 55, 4, 48, 94, 47.820, 47.207
Mon Jan  9 10:14:12 EST 2017, 7631, 0.660, 1, 0.010, 561, 10, 13, 23, 49, 4.770, 4.770
Mon Jan  9 10:17:37 EST 2017, 5156, 0.410, 4, 0.760, 486, 78, 18, 36, 71, 203.730, 202.197
Mon Jan  9 10:17:43 EST 2017, 206, 0.910, 8, 0.260, 336, 33, 9, 11, 26, 5.050, 5.147
Mon Jan  9 10:17:47 EST 2017, 245, 0.080, 6, 0.840, 471, 19, 15, 3, 23, 3.940, 4.143
Mon Jan  9 10:18:00 EST 2017, 5195, 0.580, 1, 0.340, 321, 64, 5, 28, 68, 11.837, 11.983
Mon Jan  9 10:18:02 EST 2017, 7670, 0.330, 4, 0.590, 396, 42, 1, 15, 46, 2.080, 2.160
Mon Jan  9 10:21:46 EST 2017, 2720, 0.830, 8, 0.090, 546, 87, 10, 40, 91, 222.030, 221.053
Mon Jan  9 10:22:10 EST 2017, 3957, 0.450, 2, 0.960, 433, 98, 17, 34, 12, 23.653, 23.847
Mon Jan  9 10:22:41 EST 2017, 8907, 0.950, 7, 0.460, 583, 53, 8, 9, 57, 28.553, 29.160
Mon Jan  9 10:23:05 EST 2017, 6432, 0.200, 9, 0.710, 508, 75, 3, 47, 34, 22.417, 22.603
Mon Jan  9 10:23:36 EST 2017, 1482, 0.700, 5, 0.210, 358, 30, 12, 22, 79, 30.570, 29.867
Mon Jan  9 10:23:46 EST 2017, 2101, 0.270, 7, 0.400, 302, 25, 16, 44, 17, 10.220, 10.247
Mon Jan  9 10:24:16 EST 2017, 7051, 0.770, 3, 0.900, 452, 70, 6, 19, 62, 28.840, 28.703
Mon Jan  9 10:24:20 EST 2017, 9526, 0.020, 1, 0.150, 527, 47, 2, 31, 40, 3.743, 3.703
Mon Jan  9 10:25:28 EST 2017, 4576, 0.520, 5, 0.650, 377, 92, 11, 6, 85, 65.140, 63.937
Mon Jan  9 10:26:19 EST 2017, 3338, 0.140, 4, 0.280, 565, 81, 18, 12, 29, 50.197, 47.817
Mon Jan  9 10:27:04 EST 2017, 8288, 0.640, 9, 0.780, 415, 36, 9, 37, 74, 44.880, 44.720
Mon Jan  9 10:27:10 EST 2017, 5813, 0.390, 6, 0.030, 340, 58, 4, 0, 51, 5.163, 5.323
Mon Jan  9 10:27:29 EST 2017, 863, 0.890, 2, 0.530, 490, 13, 14, 25, 96, 18.707, 18.810
Mon Jan  9 10:28:10 EST 2017, 1173, 0.420, 3, 0.740, 555, 33, 6, 39, 93, 37.987, 39.480
Mon Jan  9 10:29:10 EST 2017, 6123, 0.920, 8, 0.240, 405, 78, 15, 14, 48, 59.580, 57.153
Mon Jan  9 10:29:19 EST 2017, 8598, 0.170, 5, 0.990, 330, 11, 11, 26, 71, 8.977, 8.963
Mon Jan  9 10:29:20 EST 2017, 3648, 0.670, 1, 0.490, 480, 56, 1, 1, 26, 0.563, 0.583
Mon Jan  9 10:30:11 EST 2017, 4885, 0.050, 9, 0.620, 368, 67, 8, 20, 82, 50.163, 50.573
Mon Jan  9 10:30:47 EST 2017, 9835, 0.550, 4, 0.120, 518, 22, 18, 45, 37, 34.647, 34.617
Mon Jan  9 10:31:47 EST 2017, 7360, 0.300, 2, 0.870, 593, 89, 13, 8, 60, 56.440, 59.110
Mon Jan  9 10:31:52 EST 2017, 2410, 0.800, 7, 0.370, 443, 44, 4, 33, 15, 4.857, 4.850
Mon Jan  9 10:32:12 EST 2017, 1791, 0.230, 2, 0.060, 387, 50, 7, 11, 88, 18.753, 17.943
Mon Jan  9 10:35:03 EST 2017, 6741, 0.730, 6, 0.560, 537, 95, 17, 36, 43, 166.790, 162.940
Mon Jan  9 10:35:36 EST 2017, 9216, 0.480, 8, 0.310, 462, 28, 12, 23, 65, 32.353, 32.860
Mon Jan  9 10:35:41 EST 2017, 4266, 0.980, 4, 0.810, 312, 73, 2, 48, 20, 4.787, 4.760
Mon Jan  9 10:37:31 EST 2017, 3029, 0.360, 7, 0.180, 499, 61, 9, 30, 99, 109.173, 107.170
Mon Jan  9 10:37:38 EST 2017, 7979, 0.860, 3, 0.680, 349, 16, 19, 5, 54, 6.770, 6.643
Mon Jan  9 10:40:53 EST 2017, 5504, 0.110, 5, 0.430, 424, 84, 14, 42, 77, 191.180, 184.087
Mon Jan  9 10:41:03 EST 2017, 554, 0.610, 9, 0.930, 574, 39, 5, 17, 32, 9.387, 9.633
Mon Jan  9 10:41:41 EST 2017, 709, 0.310, 1, 0.260, 344, 77, 10, 37, 72, 36.457, 37.013
Mon Jan  9 10:41:43 EST 2017, 5659, 0.810, 5, 0.760, 494, 32, 1, 12, 27, 1.130, 1.127
Mon Jan  9 10:44:57 EST 2017, 8134, 0.060, 8, 0.010, 569, 99, 6, 49, 95, 188.957, 188.237
Mon Jan  9 10:45:44 EST 2017, 3184, 0.560, 3, 0.510, 419, 54, 15, 24, 50, 45.973, 45.380
Mon Jan  9 10:46:15 EST 2017, 4421, 0.190, 6, 0.380, 532, 43, 13, 5, 61, 29.220, 30.053
Mon Jan  9 10:46:19 EST 2017, 9371, 0.690, 2, 0.880, 382, 88, 3, 30, 16, 4.440, 4.433
Mon Jan  9 10:46:30 EST 2017, 6896, 0.440, 4, 0.130, 307, 20, 8, 18, 84, 10.230, 10.283
Mon Jan  9 10:48:12 EST 2017, 1946, 0.940, 9, 0.630, 457, 65, 17, 43, 39, 100.997, 97.760
Mon Jan  9 10:48:59 EST 2017, 2565, 0.000, 4, 0.950, 513, 60, 12, 15, 55, 45.760, 46.477
Mon Jan  9 10:49:00 EST 2017, 7515, 0.500, 8, 0.450, 363, 15, 2, 40, 10, 0.780, 0.753
Mon Jan  9 10:49:33 EST 2017, 9990, 0.250, 6, 0.700, 438, 82, 7, 2, 78, 30.750, 31.577
Mon Jan  9 10:49:51 EST 2017, 5040, 0.750, 1, 0.200, 588, 37, 16, 27, 33, 17.130, 16.967
Mon Jan  9 10:51:31 EST 2017, 3802, 0.370, 9, 0.820, 401, 49, 14, 46, 67, 99.503, 97.400
Mon Jan  9 10:51:45 EST 2017, 8752, 0.870, 5, 0.320, 551, 94, 4, 21, 22, 13.497, 13.620
Mon Jan  9 10:52:19 EST 2017, 6277, 0.120, 3, 0.570, 476, 26, 9, 33, 89, 33.477, 33.247
Mon Jan  9 10:53:00 EST 2017, 1327, 0.620, 7, 0.070, 326, 71, 19, 8, 44, 38.900, 39.527
Mon Jan  9 10:53:08 EST 2017, 1018, 0.160, 8, 0.170, 429, 91, 1, 19, 53, 7.693, 7.967
Mon Jan  9 10:55:13 EST 2017, 5968, 0.660, 3, 0.670, 579, 46, 11, 44, 98, 122.970, 121.407
Mon Jan  9 10:55:26 EST 2017, 8443, 0.410, 1, 0.420, 504, 68, 16, 7, 30, 12.853, 12.610
Mon Jan  9 10:55:40 EST 2017, 3493, 0.910, 6, 0.920, 354, 23, 6, 32, 75, 14.370, 14.220
Mon Jan  9 10:55:44 EST 2017, 4730, 0.280, 4, 0.040, 466, 12, 4, 38, 41, 3.783, 3.723
Mon Jan  9 10:56:36 EST 2017, 9680, 0.780, 9, 0.540, 316, 57, 13, 13, 86, 51.870, 51.610
Mon Jan  9 10:56:52 EST 2017, 7205, 0.030, 7, 0.290, 391, 35, 18, 26, 19, 15.773, 15.737
Mon Jan  9 10:57:18 EST 2017, 2255, 0.530, 2, 0.790, 541, 80, 9, 1, 64, 25.090, 24.913
Mon Jan  9 10:57:39 EST 2017, 1637, 0.470, 5, 0.600, 597, 85, 3, 29, 36, 20.790, 20.843
Mon Jan  9 10:57:51 EST 2017, 6587, 0.970, 1, 0.100, 447, 40, 12, 4, 81, 12.220, 12.263
Mon Jan  9 10:58:11 EST 2017, 9062, 0.220, 3, 0.850, 372, 63, 17, 41, 13, 19.317, 19.330
Mon Jan  9 10:58:21 EST 2017, 4112, 0.720, 7, 0.350, 522, 18, 7, 16, 58, 9.550, 9.697
Mon Jan  9 10:58:24 EST 2017, 2874, 0.090, 2, 0.730, 335, 29, 5, 10, 47, 3.340, 3.387
Mon Jan  9 11:02:13 EST 2017, 7824, 0.590, 6, 0.230, 485, 74, 15, 35, 92, 227.143, 219.493
Mon Jan  9 11:02:54 EST 2017, 5349, 0.340, 8, 0.980, 560, 51, 19, 22, 25, 39.887, 39.723
Mon Jan  9 11:05:11 EST 2017, 399, 0.840, 4, 0.480, 410, 96, 10, 47, 70, 133.113, 134.427
Mon Jan  9 11:05:47 EST 2017, 322, 0.450, 9, 0.100, 492, 79, 13, 31, 18, 34.757, 35.193
Mon Jan  9 11:05:51 EST 2017, 5272, 0.950, 4, 0.600, 342, 34, 3, 6, 63, 3.820, 3.873
Mon Jan  9 11:06:17 EST 2017, 7747, 0.200, 2, 0.350, 417, 56, 8, 44, 41, 26.337, 25.983
Mon Jan  9 11:06:44 EST 2017, 2797, 0.700, 6, 0.850, 567, 11, 18, 19, 86, 26.063, 25.770
Mon Jan  9 11:06:46 EST 2017, 4034, 0.070, 3, 0.220, 379, 23, 11, 0, 29, 2.317, 2.290
Mon Jan  9 11:06:57 EST 2017, 8984, 0.570, 8, 0.720, 529, 68, 1, 25, 74, 10.777, 10.810
Mon Jan  9 11:07:12 EST 2017, 6509, 0.320, 5, 0.470, 454, 45, 6, 13, 52, 14.350, 14.103
Mon Jan  9 11:08:32 EST 2017, 1559, 0.820, 1, 0.970, 304, 90, 15, 38, 97, 79.277, 77.787
Mon Jan  9 11:09:02 EST 2017, 2178, 0.130, 7, 0.660, 361, 96, 14, 16, 24, 29.237, 29.517
Mon Jan  9 11:09:32 EST 2017, 7128, 0.630, 2, 0.160, 511, 51, 5, 41, 69, 30.080, 29.820
Mon Jan  9 11:09:57 EST 2017, 9603, 0.380, 5, 0.910, 586, 73, 9, 3, 46, 24.377, 24.730
Mon Jan  9 11:11:18 EST 2017, 4653, 0.880, 9, 0.410, 436, 28, 19, 28, 91, 79.050, 78.000
Mon Jan  9 11:11:21 EST 2017, 3416, 0.260, 1, 0.530, 548, 17, 12, 47, 13, 3.230, 3.273
Mon Jan  9 11:11:31 EST 2017, 8366, 0.760, 6, 0.030, 398, 62, 2, 22, 58, 9.770, 9.790
Mon Jan  9 11:11:45 EST 2017, 5891, 0.010, 8, 0.780, 323, 39, 7, 35, 35, 13.303, 13.230
Mon Jan  9 11:13:35 EST 2017, 941, 0.510, 4, 0.280, 473, 84, 16, 10, 80, 104.140, 104.713
Mon Jan  9 11:14:12 EST 2017, 1250, 0.040, 3, 0.440, 576, 65, 4, 24, 83, 35.673, 35.330
Mon Jan  9 11:14:35 EST 2017, 6200, 0.540, 7, 0.940, 426, 20, 13, 49, 38, 22.417, 22.480
Mon Jan  9 11:16:00 EST 2017, 8675, 0.290, 9, 0.190, 351, 87, 18, 11, 60, 81.363, 82.967
Mon Jan  9 11:16:12 EST 2017, 3725, 0.790, 5, 0.690, 501, 42, 9, 36, 15, 11.407, 11.373
Mon Jan  9 11:16:30 EST 2017, 4962, 0.410, 6, 0.310, 314, 54, 2, 42, 94, 17.850, 17.953
Mon Jan  9 11:17:18 EST 2017, 9912, 0.910, 2, 0.810, 464, 99, 11, 17, 49, 47.747, 45.807
Mon Jan  9 11:18:26 EST 2017, 7437, 0.160, 4, 0.060, 539, 31, 16, 30, 72, 67.743, 67.453
Mon Jan  9 11:18:34 EST 2017, 2487, 0.660, 8, 0.560, 389, 76, 6, 5, 27, 7.677, 7.707
Mon Jan  9 11:19:21 EST 2017, 1869, 0.350, 4, 0.750, 445, 70, 5, 27, 89, 46.913, 45.613
Mon Jan  9 11:19:34 EST 2017, 6819, 0.850, 9, 0.250, 595, 25, 15, 2, 44, 12.490, 11.943
Mon Jan  9 11:24:44 EST 2017, 9294, 0.100, 7, 0.500, 520, 93, 19, 39, 66, 297.923, 307.570
Mon Jan  9 11:24:50 EST 2017, 4344, 0.600, 2, 0.000, 370, 48, 10, 14, 21, 6.127, 5.833
Mon Jan  9 11:25:00 EST 2017, 3106, 0.230, 8, 0.880, 483, 37, 3, 8, 77, 8.830, 8.543
Mon Jan  9 11:25:36 EST 2017, 8056, 0.730, 3, 0.380, 333, 82, 12, 33, 32, 35.617, 34.717
Mon Jan  9 11:25:43 EST 2017, 5581, 0.480, 1, 0.630, 408, 14, 17, 21, 55, 6.673, 6.623
Mon Jan  9 11:25:56 EST 2017, 631, 0.980, 6, 0.130, 558, 59, 8, 46, 10, 13.133, 13.103
Mon Jan  9 11:26:17 EST 2017, 477, 0.210, 5, 0.550, 319, 44, 17, 3, 59, 20.403, 18.347
Mon Jan  9 11:26:35 EST 2017, 5427, 0.710, 9, 0.050, 469, 89, 8, 28, 14, 17.483, 17.320
Mon Jan  9 11:26:43 EST 2017, 7902, 0.460, 7, 0.800, 544, 21, 3, 15, 81, 7.163, 7.417
Mon Jan  9 11:27:30 EST 2017, 2952, 0.960, 3, 0.300, 394, 66, 13, 40, 36, 46.727, 46.493
Mon Jan  9 11:30:00 EST 2017, 4189, 0.340, 8, 0.670, 581, 55, 15, 34, 70, 145.360, 143.747
Mon Jan  9 11:30:01 EST 2017, 9139, 0.840, 4, 0.170, 431, 10, 5, 9, 25, 1.007, 1.073
Mon Jan  9 11:30:09 EST 2017, 6664, 0.090, 1, 0.920, 356, 77, 1, 46, 93, 6.820, 6.667
Mon Jan  9 11:30:33 EST 2017, 1714, 0.590, 6, 0.420, 506, 32, 10, 21, 48, 22.967, 22.930
Mon Jan  9 11:32:05 EST 2017, 2333, 0.400, 2, 0.240, 450, 38, 19, 49, 76, 91.747, 89.780
Mon Jan  9 11:32:28 EST 2017, 7283, 0.900, 7, 0.740, 300, 83, 9, 24, 31, 22.997, 22.477
Mon Jan  9 11:32:40 EST 2017, 9758, 0.150, 9, 0.490, 375, 16, 4, 37, 98, 10.987, 10.980
Mon Jan  9 11:33:32 EST 2017, 4808, 0.650, 4, 0.990, 525, 61, 14, 12, 53, 51.383, 48.120
Mon Jan  9 11:35:02 EST 2017, 3570, 0.020, 5, 0.110, 412, 72, 16, 18, 65, 88.883, 86.900
Mon Jan  9 11:35:07 EST 2017, 8520, 0.520, 1, 0.610, 562, 27, 7, 43, 20, 4.493, 4.547
Mon Jan  9 11:35:24 EST 2017, 6045, 0.270, 3, 0.360, 487, 94, 2, 6, 87, 15.407, 14.660
Mon Jan  9 11:35:54 EST 2017, 1095, 0.770, 8, 0.860, 337, 49, 11, 31, 42, 29.847, 29.820
Mon Jan  9 11:36:10 EST 2017, 786, 0.300, 6, 0.890, 403, 30, 8, 42, 34, 15.577, 15.670
Mon Jan  9 11:38:15 EST 2017, 5736, 0.800, 2, 0.390, 553, 75, 18, 17, 79, 122.830, 118.460
Mon Jan  9 11:38:27 EST 2017, 8211, 0.050, 4, 0.640, 478, 52, 13, 29, 11, 11.400, 11.500
Mon Jan  9 11:38:39 EST 2017, 3261, 0.550, 9, 0.140, 328, 97, 4, 4, 56, 12.240, 11.950
Mon Jan  9 11:38:57 EST 2017, 4498, 0.180, 1, 0.770, 515, 86, 6, 23, 45, 17.613, 17.467
Mon Jan  9 11:40:52 EST 2017, 9448, 0.680, 5, 0.270, 365, 41, 16, 48, 90, 114.480, 114.873
Mon Jan  9 11:41:06 EST 2017, 6973, 0.430, 7, 0.520, 440, 63, 11, 10, 22, 12.770, 12.917
Mon Jan  9 11:41:09 EST 2017, 2023, 0.930, 3, 0.020, 590, 18, 1, 35, 67, 2.860, 2.890
Mon Jan  9 11:41:15 EST 2017, 1405, 0.120, 9, 0.330, 534, 13, 10, 7, 51, 6.023, 6.017
Mon Jan  9 11:44:03 EST 2017, 6355, 0.620, 5, 0.830, 384, 58, 19, 32, 96, 167.180, 163.510
Mon Jan  9 11:44:11 EST 2017, 8830, 0.370, 2, 0.080, 309, 35, 14, 20, 28, 8.203, 8.127
Mon Jan  9 11:45:25 EST 2017, 3880, 0.870, 7, 0.580, 459, 80, 5, 45, 73, 71.983, 72.763
Mon Jan  9 11:45:52 EST 2017, 2642, 0.490, 3, 0.450, 347, 92, 7, 26, 39, 25.513, 25.230
Mon Jan  9 11:46:38 EST 2017, 7592, 0.990, 8, 0.950, 497, 47, 17, 1, 84, 45.463, 43.747
Mon Jan  9 11:47:15 EST 2017, 5117, 0.240, 6, 0.200, 572, 69, 12, 39, 17, 36.077, 36.343
Mon Jan  9 11:47:17 EST 2017, 167, 0.740, 1, 0.700, 422, 24, 2, 14, 62, 1.533, 1.640
Mon Jan  9 11:47:38 EST 2017, 148, 0.240, 9, 0.430, 357, 58, 5, 10, 89, 19.233, 19.617
Mon Jan  9 11:47:55 EST 2017, 5098, 0.740, 5, 0.930, 507, 13, 15, 35, 44, 16.907, 16.913
Mon Jan  9 11:49:22 EST 2017, 7573, 0.490, 3, 0.180, 582, 80, 10, 23, 66, 83.413, 84.363
Mon Jan  9 11:49:24 EST 2017, 2623, 0.990, 7, 0.680, 432, 35, 1, 48, 21, 1.957, 1.943
Mon Jan  9 11:50:20 EST 2017, 3860, 0.370, 4, 0.300, 544, 47, 8, 29, 77, 54.937, 53.873
Mon Jan  9 11:50:50 EST 2017, 8810, 0.870, 8, 0.800, 394, 92, 17, 4, 32, 29.680, 28.900
Mon Jan  9 11:51:15 EST 2017, 6335, 0.120, 6, 0.050, 319, 24, 12, 42, 55, 24.300, 23.993
Mon Jan  9 11:51:16 EST 2017, 1385, 0.620, 1, 0.550, 469, 69, 3, 17, 10, 1.237, 1.267
Mon Jan  9 11:52:43 EST 2017, 2004, 0.430, 7, 0.860, 488, 75, 6, 38, 83, 85.927, 83.113
Mon Jan  9 11:52:53 EST 2017, 6954, 0.930, 2, 0.360, 338, 30, 16, 13, 38, 9.350, 9.400
Mon Jan  9 11:54:22 EST 2017, 9429, 0.180, 4, 0.610, 413, 97, 11, 26, 61, 88.273, 86.753
Mon Jan  9 11:54:24 EST 2017, 4479, 0.680, 9, 0.110, 563, 52, 2, 1, 16, 1.373, 1.327
Mon Jan  9 11:54:42 EST 2017, 3242, 0.060, 1, 0.990, 375, 41, 9, 20, 94, 17.297, 16.617
Mon Jan  9 11:58:09 EST 2017, 8192, 0.560, 5, 0.490, 525, 86, 18, 45, 49, 202.903, 203.770
Mon Jan  9 11:58:25 EST 2017, 5717, 0.310, 8, 0.740, 450, 19, 14, 7, 72, 14.677, 14.443
Mon Jan  9 11:58:32 EST 2017, 767, 0.810, 3, 0.240, 300, 64, 4, 32, 27, 6.960, 7.013
Mon Jan  9 11:59:18 EST 2017, 1076, 0.280, 2, 0.020, 441, 83, 15, 46, 24, 44.867, 45.677
Mon Jan  9 11:59:46 EST 2017, 6026, 0.780, 6, 0.520, 591, 38, 6, 21, 69, 28.267, 27.670
Mon Jan  9 11:59:54 EST 2017, 8501, 0.030, 8, 0.270, 516, 61, 1, 34, 47, 7.173, 7.397
Mon Jan  9 12:00:05 EST 2017, 3551, 0.530, 4, 0.770, 366, 16, 11, 9, 92, 10.053, 9.887
Mon Jan  9 12:00:12 EST 2017, 4788, 0.150, 5, 0.140, 479, 27, 18, 15, 13, 6.663, 6.827
Mon Jan  9 12:00:35 EST 2017, 9738, 0.650, 1, 0.640, 329, 72, 8, 40, 58, 22.707, 22.657
Mon Jan  9 12:00:38 EST 2017, 7263, 0.400, 3, 0.390, 404, 49, 3, 2, 35, 2.743, 2.680
Mon Jan  9 12:04:10 EST 2017, 2313, 0.900, 7, 0.890, 554, 94, 13, 27, 80, 207.540, 195.883
Mon Jan  9 12:04:35 EST 2017, 1695, 0.090, 5, 0.710, 572, 89, 17, 6, 18, 24.240, 24.883
Mon Jan  9 12:05:09 EST 2017, 6645, 0.590, 9, 0.210, 422, 44, 7, 31, 63, 33.043, 33.220
Mon Jan  9 12:05:16 EST 2017, 9120, 0.340, 7, 0.960, 347, 66, 2, 18, 41, 5.867, 5.997
Mon Jan  9 12:05:52 EST 2017, 4170, 0.840, 2, 0.460, 497, 21, 12, 43, 86, 35.650, 35.420
Mon Jan  9 12:06:00 EST 2017, 2932, 0.460, 8, 0.580, 310, 10, 19, 37, 30, 7.647, 7.663
Mon Jan  9 12:06:33 EST 2017, 7882, 0.960, 3, 0.080, 460, 55, 9, 12, 75, 33.040, 32.530
Mon Jan  9 12:06:45 EST 2017, 5407, 0.210, 1, 0.830, 535, 33, 5, 49, 52, 11.023, 11.073
Mon Jan  9 12:09:06 EST 2017, 457, 0.710, 6, 0.330, 385, 78, 14, 24, 97, 138.623, 137.010
Mon Jan  9 12:09:09 EST 2017, 612, 0.480, 4, 0.970, 455, 26, 1, 30, 51, 2.393, 2.300
Mon Jan  9 12:09:51 EST 2017, 5562, 0.980, 9, 0.470, 305, 71, 10, 5, 96, 41.570, 38.777
Mon Jan  9 12:10:28 EST 2017, 8037, 0.230, 6, 0.720, 380, 48, 15, 42, 28, 36.407, 35.917
Mon Jan  9 12:11:11 EST 2017, 3087, 0.730, 2, 0.220, 530, 93, 6, 17, 73, 42.320, 41.333
Mon Jan  9 12:11:21 EST 2017, 4324, 0.100, 8, 0.850, 418, 82, 3, 11, 39, 9.483, 9.247
Mon Jan  9 12:12:46 EST 2017, 9274, 0.600, 3, 0.350, 568, 37, 13, 36, 84, 85.140, 83.130
Mon Jan  9 12:12:58 EST 2017, 6799, 0.350, 1, 0.600, 493, 59, 17, 24, 17, 11.527, 11.313
Mon Jan  9 12:13:11 EST 2017, 1849, 0.850, 5, 0.100, 343, 14, 8, 49, 62, 12.573, 12.647
Mon Jan  9 12:13:12 EST 2017, 2468, 0.170, 2, 0.290, 324, 20, 2, 20, 34, 1.047, 1.050
Mon Jan  9 12:15:50 EST 2017, 7418, 0.670, 7, 0.790, 474, 65, 12, 45, 79, 154.830, 152.553
Mon Jan  9 12:15:57 EST 2017, 9893, 0.420, 9, 0.040, 549, 42, 16, 8, 11, 6.913, 7.020
Mon Jan  9 12:16:53 EST 2017, 4943, 0.920, 5, 0.540, 399, 87, 7, 33, 56, 54.687, 54.600
Mon Jan  9 12:17:43 EST 2017, 3706, 0.290, 6, 0.410, 586, 99, 4, 39, 45, 50.177, 49.403
Mon Jan  9 12:18:17 EST 2017, 8656, 0.790, 1, 0.910, 436, 54, 14, 14, 90, 31.850, 31.437
Mon Jan  9 12:18:56 EST 2017, 6181, 0.040, 4, 0.160, 361, 76, 19, 27, 23, 37.623, 38.620
Mon Jan  9 12:19:09 EST 2017, 1231, 0.540, 8, 0.660, 511, 31, 9, 2, 68, 13.093, 12.280
Mon Jan  9 12:20:09 EST 2017, 921, 0.010, 7, 0.570, 539, 51, 11, 13, 76, 56.657, 51.973
Mon Jan  9 12:20:14 EST 2017, 5871, 0.510, 3, 0.070, 389, 96, 1, 38, 31, 5.147, 5.037
Mon Jan  9 12:20:19 EST 2017, 8346, 0.260, 5, 0.820, 314, 28, 6, 0, 99, 5.103, 4.987
Mon Jan  9 12:22:05 EST 2017, 3396, 0.760, 9, 0.320, 464, 73, 16, 25, 54, 104.803, 102.330
Mon Jan  9 12:23:10 EST 2017, 4634, 0.380, 2, 0.690, 352, 62, 13, 44, 65, 64.400, 62.310
Mon Jan  9 12:23:12 EST 2017, 9584, 0.880, 6, 0.190, 502, 17, 4, 19, 20, 2.037, 2.020
Mon Jan  9 12:25:54 EST 2017, 7109, 0.130, 8, 0.940, 577, 85, 9, 31, 87, 160.483, 154.267
Mon Jan  9 12:26:14 EST 2017, 2159, 0.630, 4, 0.440, 427, 40, 18, 6, 42, 20.300, 19.073
Mon Jan  9 12:26:58 EST 2017, 1540, 0.320, 9, 0.130, 408, 34, 12, 35, 59, 42.707, 42.087
Mon Jan  9 12:27:02 EST 2017, 6490, 0.820, 4, 0.630, 558, 79, 3, 10, 14, 3.570, 3.580
Mon Jan  9 12:27:14 EST 2017, 8965, 0.070, 2, 0.380, 483, 12, 7, 47, 82, 12.093, 11.917
Mon Jan  9 12:27:52 EST 2017, 4015, 0.570, 7, 0.880, 333, 57, 17, 22, 37, 37.260, 35.687
Mon Jan  9 12:28:43 EST 2017, 2778, 0.200, 3, 0.000, 521, 68, 14, 3, 70, 49.600, 47.507
Mon Jan  9 12:28:47 EST 2017, 7728, 0.700, 8, 0.500, 371, 23, 5, 28, 25, 3.977, 4.077
Mon Jan  9 12:30:39 EST 2017, 5253, 0.450, 6, 0.250, 446, 90, 10, 16, 93, 109.190, 106.193
Mon Jan  9 12:31:29 EST 2017, 303, 0.950, 1, 0.750, 596, 45, 19, 41, 48, 48.503, 48.890
Mon Jan  9 12:31:41 EST 2017, 380, 0.350, 5, 0.620, 307, 40, 3, 26, 88, 11.653, 11.447
Mon Jan  9 12:31:56 EST 2017, 5330, 0.850, 1, 0.120, 457, 85, 13, 1, 43, 13.377, 13.327
Mon Jan  9 12:32:36 EST 2017, 7805, 0.100, 3, 0.870, 532, 18, 18, 38, 65, 39.953, 39.373
Mon Jan  9 12:32:45 EST 2017, 2855, 0.600, 8, 0.370, 382, 63, 8, 13, 20, 8.793, 8.880
Mon Jan  9 12:32:54 EST 2017, 4092, 0.220, 2, 0.500, 570, 74, 1, 7, 99, 7.670, 8.133
Mon Jan  9 12:33:21 EST 2017, 9042, 0.720, 6, 0.000, 420, 29, 10, 32, 54, 25.977, 26.213
Mon Jan  9 12:35:23 EST 2017, 6567, 0.470, 9, 0.750, 345, 97, 15, 19, 77, 122.190, 122.000
Mon Jan  9 12:35:47 EST 2017, 1617, 0.970, 4, 0.250, 495, 52, 6, 44, 32, 23.333, 23.433
Mon Jan  9 12:36:23 EST 2017, 2236, 0.030, 8, 0.060, 476, 46, 5, 22, 94, 34.680, 33.903
Mon Jan  9 12:38:05 EST 2017, 7186, 0.530, 4, 0.560, 326, 91, 14, 47, 49, 101.730, 100.640
Mon Jan  9 12:38:16 EST 2017, 9661, 0.280, 1, 0.310, 401, 23, 19, 10, 71, 10.723, 10.840
Mon Jan  9 12:38:53 EST 2017, 4711, 0.780, 6, 0.810, 551, 68, 9, 35, 26, 36.080, 36.440
Mon Jan  9 12:39:15 EST 2017, 3474, 0.410, 5, 0.180, 439, 57, 2, 41, 82, 20.743, 20.990
Mon Jan  9 12:39:23 EST 2017, 8424, 0.910, 9, 0.680, 589, 12, 12, 16, 37, 7.560, 7.473
Mon Jan  9 12:42:04 EST 2017, 5949, 0.160, 7, 0.430, 514, 80, 16, 29, 60, 155.533, 155.010
Mon Jan  9 12:42:06 EST 2017, 999, 0.660, 3, 0.930, 364, 35, 7, 4, 15, 1.520, 1.573
Mon Jan  9 12:42:09 EST 2017, 1308, 0.130, 3, 0.780, 392, 15, 13, 18, 18, 2.780, 2.773
Mon Jan  9 12:42:53 EST 2017, 6258, 0.630, 8, 0.280, 542, 60, 4, 43, 63, 43.513, 42.620
Mon Jan  9 12:43:03 EST 2017, 8733, 0.380, 6, 0.530, 467, 38, 9, 5, 40, 9.850, 9.603
Mon Jan  9 12:44:13 EST 2017, 3783, 0.880, 1, 0.030, 317, 83, 18, 30, 85, 69.043, 66.563
Mon Jan  9 12:45:39 EST 2017, 5020, 0.250, 9, 0.900, 504, 94, 11, 49, 29, 84.390, 84.120
Mon Jan  9 12:45:48 EST 2017, 9970, 0.750, 4, 0.400, 354, 49, 2, 24, 74, 8.770, 8.513
Mon Jan  9 12:46:17 EST 2017, 7495, 0.000, 2, 0.650, 429, 71, 6, 36, 51, 27.727, 28.337
Mon Jan  9 12:47:10 EST 2017, 2545, 0.500, 7, 0.150, 579, 26, 16, 11, 96, 53.003, 51.047
Mon Jan  9 12:47:21 EST 2017, 1927, 0.440, 1, 0.460, 561, 32, 15, 33, 23, 10.373, 10.403
Mon Jan  9 12:47:43 EST 2017, 6877, 0.940, 5, 0.960, 411, 77, 5, 8, 68, 21.453, 20.513
Mon Jan  9 12:48:28 EST 2017, 9352, 0.190, 7, 0.210, 336, 54, 10, 46, 46, 44.597, 43.990
Mon Jan  9 12:52:29 EST 2017, 4402, 0.690, 3, 0.710, 486, 99, 19, 21, 91, 228.270, 229.037
Mon Jan  9 12:52:35 EST 2017, 3164, 0.060, 6, 0.340, 373, 88, 12, 2, 12, 5.747, 5.510
Mon Jan  9 12:52:45 EST 2017, 8114, 0.560, 2, 0.840, 523, 43, 3, 27, 57, 9.977, 9.900
Mon Jan  9 12:53:07 EST 2017, 5639, 0.310, 4, 0.090, 598, 66, 7, 15, 35, 21.690, 21.937
Mon Jan  9 12:54:08 EST 2017, 689, 0.810, 8, 0.590, 448, 21, 17, 40, 80, 59.480, 59.350
Mon Jan  9 12:54:22 EST 2017, 535, 0.110, 1, 0.200, 509, 95, 8, 8, 36, 12.043, 12.490
Mon Jan  9 12:56:06 EST 2017, 5485, 0.610, 6, 0.700, 359, 50, 17, 33, 81, 103.857, 103.203
Mon Jan  9 12:56:22 EST 2017, 7960, 0.360, 8, 0.450, 434, 73, 13, 20, 13, 15.647, 15.617
Mon Jan  9 12:56:35 EST 2017, 3010, 0.860, 3, 0.950, 584, 28, 3, 45, 58, 12.373, 12.450
Mon Jan  9 12:56:40 EST 2017, 4247, 0.490, 7, 0.070, 396, 16, 5, 26, 47, 5.203, 5.273
Mon Jan  9 12:57:31 EST 2017, 9197, 0.990, 2, 0.570, 546, 61, 15, 1, 92, 49.883, 50.070
Mon Jan  9 12:57:52 EST 2017, 6722, 0.240, 5, 0.320, 471, 39, 10, 39, 25, 20.247, 20.387
Mon Jan  9 12:57:58 EST 2017, 1772, 0.740, 9, 0.820, 321, 84, 1, 14, 70, 6.037, 6.123
Mon Jan  9 12:59:02 EST 2017, 2391, 0.300, 3, 0.510, 340, 78, 9, 42, 53, 55.560, 51.707
Mon Jan  9 13:00:25 EST 2017, 7341, 0.800, 7, 0.010, 490, 33, 18, 17, 98, 82.307, 82.217
Mon Jan  9 13:01:12 EST 2017, 9816, 0.050, 5, 0.760, 565, 56, 14, 29, 30, 46.840, 46.417
Mon Jan  9 13:01:14 EST 2017, 4866, 0.550, 1, 0.260, 415, 11, 4, 4, 75, 0.990, 1.010
Mon Jan  9 13:01:25 EST 2017, 3628, 0.170, 9, 0.640, 528, 22, 7, 23, 42, 11.110, 10.880
Mon Jan  9 13:04:29 EST 2017, 8578, 0.670, 4, 0.140, 378, 67, 16, 48, 87, 180.480, 179.243
Mon Jan  9 13:04:33 EST 2017, 6103, 0.420, 2, 0.890, 303, 45, 11, 11, 19, 4.000, 4.013
Mon Jan  9 13:04:59 EST 2017, 1153, 0.920, 6, 0.390, 453, 90, 2, 36, 64, 25.403, 24.570
Mon Jan  9 13:08:48 EST 2017, 844, 0.390, 8, 0.360, 593, 70, 18, 47, 56, 226.813, 223.653
Mon Jan  9 13:08:50 EST 2017, 5794, 0.890, 3, 0.860, 443, 25, 8, 22, 11, 2.437, 2.433
Mon Jan  9 13:09:12 EST 2017, 8269, 0.140, 1, 0.110, 368, 92, 4, 34, 78, 20.750, 20.933
Mon Jan  9 13:09:32 EST 2017, 3319, 0.640, 5, 0.610, 518, 47, 13, 9, 33, 19.477, 18.983
Mon Jan  9 13:10:02 EST 2017, 4556, 0.020, 4, 0.480, 331, 36, 16, 15, 67, 28.993, 28.530
Mon Jan  9 13:10:27 EST 2017, 9506, 0.520, 9, 0.980, 481, 81, 6, 40, 22, 24.667, 24.480
Mon Jan  9 13:10:28 EST 2017, 7031, 0.270, 7, 0.230, 556, 14, 1, 3, 89, 1.297, 1.317
Mon Jan  9 13:10:58 EST 2017, 2081, 0.770, 2, 0.730, 406, 59, 11, 28, 44, 28.817, 28.543
Mon Jan  9 13:11:52 EST 2017, 1463, 0.200, 6, 0.920, 425, 64, 19, 0, 73, 52.353, 51.687
Mon Jan  9 13:11:59 EST 2017, 6413, 0.700, 2, 0.420, 575, 19, 10, 25, 28, 6.737, 6.733
Mon Jan  9 13:12:49 EST 2017, 8888, 0.450, 4, 0.670, 500, 87, 5, 12, 95, 48.623, 48.440
Mon Jan  9 13:13:35 EST 2017, 3938, 0.950, 8, 0.170, 350, 42, 14, 37, 50, 46.317, 46.277
Mon Jan  9 13:15:02 EST 2017, 2700, 0.330, 3, 0.790, 462, 53, 17, 31, 61, 84.080, 84.407
Mon Jan  9 13:15:08 EST 2017, 7650, 0.830, 7, 0.290, 312, 98, 7, 6, 16, 5.817, 5.677
Mon Jan  9 13:15:19 EST 2017, 5175, 0.080, 9, 0.540, 387, 31, 2, 43, 84, 10.993, 10.987
Mon Jan  9 13:16:09 EST 2017, 225, 0.580, 5, 0.040, 537, 76, 12, 18, 39, 49.460, 46.913
Mon Jan  9 13:16:22 EST 2017, 187, 0.410, 2, 0.620, 384, 89, 5, 14, 41, 12.210, 11.820
Mon Jan  9 13:18:41 EST 2017, 5137, 0.910, 7, 0.120, 534, 44, 14, 39, 86, 136.257, 132.400
Mon Jan  9 13:18:54 EST 2017, 7612, 0.160, 9, 0.870, 459, 67, 19, 2, 19, 12.527, 12.603
Mon Jan  9 13:19:08 EST 2017, 2662, 0.660, 5, 0.370, 309, 22, 9, 27, 64, 13.180, 13.223
Mon Jan  9 13:19:11 EST 2017, 3899, 0.040, 6, 0.740, 496, 10, 2, 45, 52, 2.680, 2.727
Mon Jan  9 13:19:41 EST 2017, 8849, 0.540, 1, 0.240, 346, 55, 12, 20, 97, 29.913, 29.613
Mon Jan  9 13:20:03 EST 2017, 6374, 0.290, 3, 0.990, 421, 33, 16, 33, 30, 21.513, 21.663
Mon Jan  9 13:20:55 EST 2017, 1424, 0.790, 8, 0.490, 571, 78, 7, 8, 75, 48.817, 47.163
Mon Jan  9 13:21:24 EST 2017, 2043, 0.220, 4, 0.180, 552, 84, 3, 36, 47, 27.910, 27.593
Mon Jan  9 13:22:08 EST 2017, 6993, 0.720, 8, 0.680, 402, 39, 13, 11, 92, 42.867, 42.383
Mon Jan  9 13:22:55 EST 2017, 9468, 0.470, 6, 0.430, 327, 61, 18, 48, 24, 46.570, 46.447
Mon Jan  9 13:23:04 EST 2017, 4518, 0.970, 2, 0.930, 477, 16, 8, 23, 69, 8.940, 9.020
Mon Jan  9 13:23:05 EST 2017, 3280, 0.350, 7, 0.050, 365, 27, 1, 5, 36, 0.783, 0.823
Mon Jan  9 13:24:57 EST 2017, 8230, 0.850, 3, 0.550, 515, 72, 11, 30, 81, 109.877, 110.473
Mon Jan  9 13:25:03 EST 2017, 5755, 0.100, 1, 0.300, 590, 50, 15, 17, 13, 6.293, 6.260
Mon Jan  9 13:26:15 EST 2017, 805, 0.600, 5, 0.800, 440, 95, 6, 42, 58, 70.233, 69.683
Mon Jan  9 13:27:36 EST 2017, 1115, 0.070, 9, 0.960, 318, 75, 15, 28, 61, 80.203, 78.943
Mon Jan  9 13:27:38 EST 2017, 6065, 0.570, 4, 0.460, 468, 30, 5, 3, 16, 1.443, 1.407
Mon Jan  9 13:30:10 EST 2017, 8540, 0.320, 2, 0.710, 543, 98, 10, 41, 83, 149.510, 148.007
Mon Jan  9 13:30:49 EST 2017, 3590, 0.820, 6, 0.210, 393, 53, 19, 16, 38, 38.123, 38.000
Mon Jan  9 13:31:23 EST 2017, 4827, 0.440, 3, 0.840, 580, 41, 12, 9, 72, 33.523, 31.773
Mon Jan  9 13:31:37 EST 2017, 9777, 0.940, 8, 0.340, 430, 86, 3, 34, 27, 13.387, 13.140
Mon Jan  9 13:31:52 EST 2017, 7302, 0.190, 5, 0.590, 355, 19, 8, 22, 95, 14.893, 15.113
Mon Jan  9 13:32:55 EST 2017, 2352, 0.690, 1, 0.090, 505, 64, 17, 47, 50, 61.457, 61.717
Mon Jan  9 13:34:13 EST 2017, 1733, 0.260, 7, 0.270, 487, 58, 14, 19, 67, 75.040, 77.717
Mon Jan  9 13:34:15 EST 2017, 6683, 0.760, 3, 0.770, 337, 13, 4, 44, 22, 1.763, 1.760
Mon Jan  9 13:35:07 EST 2017, 9158, 0.010, 5, 0.020, 412, 81, 9, 6, 89, 50.230, 51.933
Mon Jan  9 13:36:11 EST 2017, 4208, 0.510, 9, 0.520, 562, 36, 18, 31, 44, 63.030, 63.190
Mon Jan  9 13:36:36 EST 2017, 2971, 0.130, 1, 0.400, 449, 47, 11, 37, 55, 24.563, 24.050
Mon Jan  9 13:36:39 EST 2017, 7921, 0.630, 6, 0.900, 599, 92, 2, 12, 10, 2.550, 2.577
Mon Jan  9 13:37:01 EST 2017, 5446, 0.380, 8, 0.150, 524, 25, 6, 25, 78, 21.160, 21.027
Mon Jan  9 13:37:17 EST 2017, 496, 0.880, 4, 0.650, 374, 70, 16, 0, 33, 13.637, 14.723
Mon Jan  9 13:38:33 EST 2017, 651, 0.180, 7, 0.040, 585, 34, 9, 44, 82, 74.147, 74.103
Mon Jan  9 13:39:21 EST 2017, 5601, 0.680, 2, 0.540, 435, 79, 19, 19, 37, 48.120, 47.413
Mon Jan  9 13:39:34 EST 2017, 8076, 0.430, 4, 0.290, 360, 12, 14, 32, 60, 12.790, 12.833
Mon Jan  9 13:39:38 EST 2017, 3126, 0.930, 9, 0.790, 510, 57, 4, 7, 15, 2.983, 3.077
Mon Jan  9 13:39:55 EST 2017, 4363, 0.300, 1, 0.160, 323, 68, 7, 13, 93, 16.270, 16.547
Mon Jan  9 13:40:32 EST 2017, 9313, 0.800, 6, 0.660, 473, 23, 16, 38, 48, 36.853, 36.443
Mon Jan  9 13:41:39 EST 2017, 6838, 0.050, 8, 0.410, 548, 91, 11, 1, 71, 64.840, 64.587
Mon Jan  9 13:41:42 EST 2017, 1888, 0.550, 3, 0.910, 398, 46, 2, 26, 26, 2.970, 2.890
Mon Jan  9 13:42:12 EST 2017, 2507, 0.490, 9, 0.730, 416, 51, 8, 4, 99, 29.163, 29.153
Mon Jan  9 13:45:30 EST 2017, 7457, 0.990, 5, 0.230, 566, 96, 17, 29, 54, 193.030, 194.277
Mon Jan  9 13:45:58 EST 2017, 9932, 0.240, 3, 0.980, 491, 29, 13, 16, 76, 27.927, 27.763
Mon Jan  9 13:46:11 EST 2017, 4982, 0.740, 7, 0.480, 341, 74, 3, 41, 31, 11.967, 11.717
Mon Jan  9 13:47:02 EST 2017, 3744, 0.120, 4, 0.600, 454, 62, 5, 35, 88, 50.573, 49.460
Mon Jan  9 13:47:09 EST 2017, 8694, 0.620, 8, 0.100, 304, 17, 15, 10, 43, 6.607, 6.477
Mon Jan  9 13:49:04 EST 2017, 6219, 0.370, 6, 0.850, 379, 85, 10, 48, 65, 114.000, 113.343
Mon Jan  9 13:49:06 EST 2017, 1269, 0.870, 2, 0.350, 529, 40, 1, 23, 20, 1.190, 1.140
Mon Jan  9 13:49:10 EST 2017, 960, 0.330, 5, 0.380, 520, 20, 19, 12, 12, 4.360, 4.630
Mon Jan  9 13:50:15 EST 2017, 5910, 0.830, 9, 0.880, 370, 65, 10, 37, 57, 63.043, 61.573
Mon Jan  9 13:50:26 EST 2017, 8385, 0.080, 7, 0.130, 445, 43, 5, 24, 34, 10.887, 10.873
Mon Jan  9 13:54:11 EST 2017, 3435, 0.580, 2, 0.630, 595, 88, 14, 49, 79, 222.673, 213.603
Mon Jan  9 13:55:14 EST 2017, 4672, 0.210, 8, 0.260, 407, 99, 17, 30, 23, 62.183, 61.047
Mon Jan  9 13:55:38 EST 2017, 9622, 0.710, 4, 0.760, 557, 54, 7, 5, 68, 21.847, 22.457
Mon Jan  9 13:55:50 EST 2017, 7147, 0.460, 1, 0.010, 482, 77, 3, 43, 45, 11.607, 11.293
Mon Jan  9 13:56:22 EST 2017, 2197, 0.960, 6, 0.510, 332, 32, 12, 18, 90, 31.367, 31.123
Mon Jan  9 13:56:37 EST 2017, 1579, 0.020, 2, 0.820, 351, 26, 18, 40, 29, 14.743, 14.613
Mon Jan  9 13:57:34 EST 2017, 6529, 0.520, 6, 0.320, 501, 71, 8, 15, 74, 56.033, 54.413
Mon Jan  9 13:57:55 EST 2017, 9004, 0.270, 9, 0.570, 576, 48, 4, 27, 51, 21.070, 21.193
Mon Jan  9 13:59:29 EST 2017, 4054, 0.770, 4, 0.070, 426, 93, 13, 2, 96, 80.460, 80.660
Mon Jan  9 14:00:02 EST 2017, 2816, 0.400, 5, 0.950, 538, 82, 16, 21, 17, 32.450, 32.633
Mon Jan  9 14:00:15 EST 2017, 7766, 0.900, 1, 0.450, 388, 37, 6, 46, 62, 12.580, 12.317
Mon Jan  9 14:00:16 EST 2017, 5291, 0.150, 3, 0.700, 313, 60, 1, 9, 40, 1.707, 1.707
Mon Jan  9 14:00:43 EST 2017, 341, 0.650, 7, 0.200, 463, 15, 11, 34, 85, 26.363, 26.453
Mon Jan  9 14:01:02 EST 2017, 264, 0.040, 3, 0.310, 433, 31, 7, 48, 45, 18.300, 18.573
Mon Jan  9 14:04:52 EST 2017, 5214, 0.540, 7, 0.810, 583, 76, 16, 23, 90, 228.270, 226.997
Mon Jan  9 14:05:18 EST 2017, 7689, 0.290, 5, 0.060, 508, 53, 11, 35, 22, 26.633, 26.420
Mon Jan  9 14:05:25 EST 2017, 2739, 0.790, 1, 0.560, 358, 98, 2, 10, 67, 5.677, 6.037
Mon Jan  9 14:05:59 EST 2017, 3976, 0.420, 8, 0.440, 470, 87, 9, 17, 33, 33.223, 33.147
Mon Jan  9 14:07:24 EST 2017, 8926, 0.920, 4, 0.940, 320, 42, 18, 42, 78, 84.753, 83.907
Mon Jan  9 14:07:28 EST 2017, 6451, 0.170, 2, 0.190, 395, 65, 14, 4, 11, 3.510, 3.543
Mon Jan  9 14:07:37 EST 2017, 1501, 0.670, 6, 0.690, 545, 20, 4, 29, 56, 9.200, 9.113
Mon Jan  9 14:07:38 EST 2017, 2120, 0.360, 1, 0.870, 564, 14, 5, 1, 39, 0.923, 0.880
Mon Jan  9 14:09:33 EST 2017, 7070, 0.860, 6, 0.370, 414, 59, 15, 26, 84, 112.177, 113.360
Mon Jan  9 14:09:38 EST 2017, 9545, 0.110, 8, 0.620, 339, 36, 10, 14, 17, 4.667, 4.647
Mon Jan  9 14:09:50 EST 2017, 4595, 0.610, 3, 0.120, 489, 81, 1, 39, 62, 10.793, 11.090
Mon Jan  9 14:10:37 EST 2017, 3358, 0.230, 7, 0.750, 302, 93, 8, 32, 50, 46.400, 45.190
Mon Jan  9 14:11:27 EST 2017, 8308, 0.730, 2, 0.250, 452, 48, 17, 7, 95, 46.970, 47.583
Mon Jan  9 14:12:26 EST 2017, 5833, 0.480, 4, 0.500, 527, 70, 12, 45, 28, 58.593, 57.287
Mon Jan  9 14:12:33 EST 2017, 883, 0.980, 9, 0.000, 377, 25, 3, 20, 73, 6.730, 6.797
Mon Jan  9 14:13:09 EST 2017, 1192, 0.450, 6, 0.220, 367, 45, 17, 6, 70, 34.113, 35.280
Mon Jan  9 14:13:23 EST 2017, 6142, 0.950, 1, 0.720, 517, 90, 7, 31, 25, 13.923, 13.837
Mon Jan  9 14:13:31 EST 2017, 8617, 0.200, 4, 0.470, 592, 22, 2, 18, 93, 6.793, 6.747
Mon Jan  9 14:14:58 EST 2017, 3667, 0.700, 8, 0.970, 442, 67, 12, 43, 48, 85.713, 85.227
Mon Jan  9 14:16:23 EST 2017, 4904, 0.080, 2, 0.090, 555, 56, 19, 25, 59, 81.277, 80.693
Mon Jan  9 14:16:24 EST 2017, 9854, 0.580, 7, 0.590, 405, 11, 9, 0, 14, 0.607, 0.653
Mon Jan  9 14:17:16 EST 2017, 7379, 0.330, 9, 0.340, 330, 79, 5, 37, 81, 51.253, 52.107
Mon Jan  9 14:17:33 EST 2017, 2429, 0.830, 5, 0.840, 480, 34, 14, 12, 36, 16.607, 16.360
Mon Jan  9 14:19:23 EST 2017, 1811, 0.140, 8, 0.530, 498, 39, 15, 40, 64, 97.030, 89.543
Mon Jan  9 14:19:30 EST 2017, 6761, 0.640, 3, 0.030, 348, 84, 6, 15, 19, 6.883, 7.000
Mon Jan  9 14:19:32 EST 2017, 9236, 0.390, 1, 0.780, 423, 17, 1, 28, 87, 1.337, 1.337
Mon Jan  9 14:19:55 EST 2017, 4286, 0.890, 5, 0.280, 573, 62, 11, 3, 42, 23.657, 23.143
Mon Jan  9 14:21:53 EST 2017, 3048, 0.260, 4, 0.660, 386, 73, 18, 21, 76, 115.613, 114.060
Mon Jan  9 14:22:13 EST 2017, 7998, 0.760, 9, 0.160, 536, 28, 8, 46, 31, 19.957, 19.923
Mon Jan  9 14:22:58 EST 2017, 5523, 0.010, 6, 0.910, 461, 96, 4, 9, 98, 43.057, 38.677
Mon Jan  9 14:23:29 EST 2017, 573, 0.510, 2, 0.410, 311, 51, 13, 34, 53, 30.613, 30.350
Mon Jan  9 14:23:50 EST 2017, 419, 0.280, 8, 0.770, 531, 63, 2, 16, 94, 19.850, 19.003
Mon Jan  9 14:24:08 EST 2017, 5369, 0.780, 4, 0.270, 381, 18, 12, 41, 49, 17.250, 17.260
Mon Jan  9 14:24:31 EST 2017, 7844, 0.030, 1, 0.520, 306, 86, 16, 3, 71, 22.580, 22.120
Mon Jan  9 14:24:43 EST 2017, 2894, 0.530, 6, 0.020, 456, 41, 7, 28, 26, 11.717, 12.110
Mon Jan  9 14:25:15 EST 2017, 4131, 0.150, 5, 0.890, 344, 52, 4, 47, 83, 31.387, 31.467
Mon Jan  9 14:26:41 EST 2017, 9081, 0.650, 9, 0.390, 494, 97, 14, 22, 38, 83.600, 83.937
Mon Jan  9 14:28:03 EST 2017, 6606, 0.400, 7, 0.640, 569, 29, 19, 35, 60, 79.383, 79.937
Mon Jan  9 14:28:10 EST 2017, 1656, 0.900, 3, 0.140, 419, 74, 9, 10, 15, 6.717, 6.813
