# Timestamp, --delay, --selfEvents%, --eventsPerAgent, runtime_mean, runtime_sd, runtime_ci, runtime_ci, runtime_min, runtime_box_q1, runtime_median, runtime_box_q2, runtime_max, memory_mean, memory_sd, memory_ci, memory_ci, memory_min, memory_box_q1, memory_median, memory_box_q2, memory_max, rollbacks_mean, rollbacks_sd, rollbacks_ci, rollbacks_ci, rollbacks_min, rollbacks_box_q1, rollbacks_median, rollbacks_box_q2, rollbacks_max, mpiMsgs_mean, mpiMsgs_sd, mpiMsgs_ci, mpiMsgs_ci, mpiMsgs_min, mpiMsgs_box_q1, mpiMsgs_median, mpiMsgs_box_q2, mpiMsgs_max, schedules_mean, schedules_sd, schedules_ci, schedules_ci, schedules_min, schedules_box_q1, schedules_median, schedules_box_q2, schedules_max, commEvts_mean, commEvts_sd, commEvts_ci, commEvts_ci, commEvts_min, commEvts_box_q1, commEvts_median, commEvts_box_q2, commEvts_max
Fri Dec 30 15:54:21 EST 2016, 0, 0.000, 1, 15.029, 1.0454, 14.2925, 15.7655, 12.21, 14.87, 15.15, 15.96, 16.11, 224205, 11.9733, 224197, 224213, 224192, 224192, 224208, 224224, 224224, 0, 0, 0, 0, 0, 0, 0, 0, 0, 0, 0, 0, 0, 0, 0, 0, 0, 0, 4224817, 0, 4224817, 4224817, 4224817, 4224817, 4224817, 4224817, 4224817, 4980000, 0, 4980000, 4980000, 4980000, 4980000, 4980000, 4980000, 4980000
Fri Dec 30 15:55:17 EST 2016, 1, 0.000, 1, 8.428, 0.887094, 7.80299, 9.05301, 7.24, 8.09, 8.16, 9.50, 10.23, 206123, 10.245, 206116, 206130, 206112, 206112, 206128, 206128, 206144, 0, 0, 0, 0, 0, 0, 0, 0, 0, 0, 0, 0, 0, 0, 0, 0, 0, 0, 1726031, 0, 1726031, 1726031, 1726031, 1726031, 1726031, 1726031, 1726031, 1957178, 0, 1957178, 1957178, 1957178, 1957178, 1957178, 1957178, 1957178
Fri Dec 30 15:56:23 EST 2016, 2, 0.000, 1, 11.61, 1.70817, 10.4065, 12.8135, 8.50, 10.12, 12.535, 13.54, 13.97, 211736, 8, 211730, 211742, 211728, 211728, 211744, 211744, 211744, 0, 0, 0, 0, 0, 0, 0, 0, 0, 0, 0, 0, 0, 0, 0, 0, 0, 0, 2588942, 0, 2588942, 2588942, 2588942, 2588942, 2588942, 2588942, 2588942, 3147054, 0, 3147054, 3147054, 3147054, 3147054, 3147054, 3147054, 3147054
Fri Dec 30 15:57:29 EST 2016, 4, 0.000, 1, 14.811, 1.85308, 13.5054, 16.1166, 12.91, 14.15, 14.325, 16.55, 19.67, 218485, 7.33212, 218480, 218490, 218480, 218480, 218480, 218496, 218496, 0, 0, 0, 0, 0, 0, 0, 0, 0, 0, 0, 0, 0, 0, 0, 0, 0, 0, 3376635, 0, 3376635, 3376635, 3376635, 3376635, 3376635, 3376635, 3376635, 4305275, 0, 4305275, 4305275, 4305275, 4305275, 4305275, 4305275, 4305275
Fri Dec 30 15:58:25 EST 2016, 8, 0.000, 1, 16.033, 0.614297, 15.6002, 16.4658, 15.11, 15.27, 16.22, 16.73, 16.97, 221274, 10.6132, 221267, 221281, 221264, 221264, 221280, 221280, 221296, 0, 0, 0, 0, 0, 0, 0, 0, 0, 0, 0, 0, 0, 0, 0, 0, 0, 0, 3859477, 0, 3859477, 3859477, 3859477, 3859477, 3859477, 3859477, 3859477, 4888717, 0, 4888717, 4888717, 4888717, 4888717, 4888717, 4888717, 4888717
Fri Dec 30 15:59:26 EST 2016, 0, 0.250, 1, 14.052, 1.02778, 13.3279, 14.7761, 12.95, 13.08, 14.315, 15.27, 15.59, 195288, 8, 195282, 195294, 195280, 195280, 195296, 195296, 195296, 0, 0, 0, 0, 0, 0, 0, 0, 0, 0, 0, 0, 0, 0, 0, 0, 0, 0, 3667387, 0, 3667387, 3667387, 3667387, 3667387, 3667387, 3667387, 3667387, 4980000, 0, 4980000, 4980000, 4980000, 4980000, 4980000, 4980000, 4980000
Fri Dec 30 16:00:22 EST 2016, 1, 0.250, 1, 7.734, 0.52374, 7.365, 8.103, 6.97, 7.24, 8.005, 8.39, 8.51, 190365, 11.9733, 190357, 190373, 190352, 190352, 190368, 190384, 190384, 0, 0, 0, 0, 0, 0, 0, 0, 0, 0, 0, 0, 0, 0, 0, 0, 0, 0, 1722846, 0, 1722846, 1722846, 1722846, 1722846, 1722846, 1722846, 1722846, 1957561, 0, 1957561, 1957561, 1957561, 1957561, 1957561, 1957561, 1957561
Fri Dec 30 16:01:28 EST 2016, 2, 0.250, 1, 10.917, 0.366307, 10.6589, 11.1751, 10.63, 10.69, 10.84, 11.20, 11.90, 192317, 11.9733, 192309, 192325, 192304, 192304, 192320, 192336, 192336, 0, 0, 0, 0, 0, 0, 0, 0, 0, 0, 0, 0, 0, 0, 0, 0, 0, 0, 2567155, 0, 2567155, 2567155, 2567155, 2567155, 2567155, 2567155, 2567155, 3146921, 0, 3146921, 3146921, 3146921, 3146921, 3146921, 3146921, 3146921
Fri Dec 30 16:02:34 EST 2016, 4, 0.250, 1, 14.057, 0.940819, 13.3941, 14.7199, 13.32, 13.46, 13.9, 14.39, 16.72, 194200, 8, 194194, 194206, 194192, 194192, 194208, 194208, 194208, 0, 0, 0, 0, 0, 0, 0, 0, 0, 0, 0, 0, 0, 0, 0, 0, 0, 0, 3281561, 0, 3281561, 3281561, 3281561, 3281561, 3281561, 3281561, 3281561, 4305214, 0, 4305214, 4305214, 4305214, 4305214, 4305214, 4305214, 4305214
Fri Dec 30 16:03:40 EST 2016, 8, 0.250, 1, 15.331, 1.41138, 14.3366, 16.3254, 13.52, 14.71, 15.035, 15.90, 19.17, 195352, 8, 195346, 195358, 195344, 195344, 195360, 195360, 195360, 0, 0, 0, 0, 0, 0, 0, 0, 0, 0, 0, 0, 0, 0, 0, 0, 0, 0, 3615725, 0, 3615725, 3615725, 3615725, 3615725, 3615725, 3615725, 3615725, 4888739, 0, 4888739, 4888739, 4888739, 4888739, 4888739, 4888739, 4888739
Fri Dec 30 16:04:36 EST 2016, 0, 0.500, 1, 13.455, 0.756535, 12.922, 13.988, 12.27, 12.51, 13.92, 14.15, 14.50, 191814, 7.83837, 191808, 191820, 191808, 191808, 191816, 191824, 191824, 0, 0, 0, 0, 0, 0, 0, 0, 0, 0, 0, 0, 0, 0, 0, 0, 0, 0, 3580352, 0, 3580352, 3580352, 3580352, 3580352, 3580352, 3580352, 3580352, 4980000, 0, 4980000, 4980000, 4980000, 4980000, 4980000, 4980000, 4980000
Fri Dec 30 16:05:32 EST 2016, 1, 0.500, 1, 7.289, 0.218424, 7.13511, 7.44289, 6.85, 7.13, 7.355, 7.55, 7.61, 188362, 10.6132, 188355, 188369, 188352, 188352, 188368, 188368, 188384, 0, 0, 0, 0, 0, 0, 0, 0, 0, 0, 0, 0, 0, 0, 0, 0, 0, 0, 1719030, 0, 1719030, 1719030, 1719030, 1719030, 1719030, 1719030, 1719030, 1957119, 0, 1957119, 1957119, 1957119, 1957119, 1957119, 1957119, 1957119
Fri Dec 30 16:06:38 EST 2016, 2, 0.500, 1, 11.261, 1.42977, 10.2536, 12.2684, 9.91, 10.27, 10.965, 13.97, 14.09, 189781, 14.4, 189771, 189791, 189744, 189776, 189792, 189792, 189792, 0, 0, 0, 0, 0, 0, 0, 0, 0, 0, 0, 0, 0, 0, 0, 0, 0, 0, 2550010, 0, 2550010, 2550010, 2550010, 2550010, 2550010, 2550010, 2550010, 3146693, 0, 3146693, 3146693, 3146693, 3146693, 3146693, 3146693, 3146693
Fri Dec 30 16:07:45 EST 2016, 4, 0.500, 1, 13.734, 1.22937, 12.8678, 14.6002, 12.54, 13.07, 13.44, 15.37, 16.71, 191210, 12.8, 191201, 191219, 191200, 191200, 191208, 191232, 191232, 0, 0, 0, 0, 0, 0, 0, 0, 0, 0, 0, 0, 0, 0, 0, 0, 0, 0, 3232767, 0, 3232767, 3232767, 3232767, 3232767, 3232767, 3232767, 3232767, 4305357, 0, 4305357, 4305357, 4305357, 4305357, 4305357, 4305357, 4305357
Fri Dec 30 16:08:46 EST 2016, 8, 0.500, 1, 14.614, 1.13312, 13.8157, 15.4123, 13.29, 13.98, 14.315, 16.54, 16.92, 192002, 24.2124, 191985, 192019, 191936, 192000, 192008, 192016, 192032, 0, 0, 0, 0, 0, 0, 0, 0, 0, 0, 0, 0, 0, 0, 0, 0, 0, 0, 3536251, 0, 3536251, 3536251, 3536251, 3536251, 3536251, 3536251, 3536251, 4888768, 0, 4888768, 4888768, 4888768, 4888768, 4888768, 4888768, 4888768
Fri Dec 30 16:10:02 EST 2016, 0, 0.000, 2, 23.449, 2.51337, 21.6782, 25.2198, 20.98, 21.81, 23.05, 27.29, 28.90, 233590, 10.6132, 233583, 233597, 233584, 233584, 233584, 233600, 233616, 0, 0, 0, 0, 0, 0, 0, 0, 0, 0, 0, 0, 0, 0, 0, 0, 0, 0, 4985519, 0, 4985519, 4985519, 4985519, 4985519, 4985519, 4985519, 4985519, 9960000, 0, 9960000, 9960000, 9960000, 9960000, 9960000, 9960000, 9960000
Fri Dec 30 16:10:48 EST 2016, 1, 0.000, 2, 12.857, 1.05321, 12.115, 13.599, 10.56, 12.25, 13.095, 14.27, 14.37, 210218, 7.83837, 210212, 210224, 210208, 210208, 210224, 210224, 210224, 0, 0, 0, 0, 0, 0, 0, 0, 0, 0, 0, 0, 0, 0, 0, 0, 0, 0, 2883007, 0, 2883007, 2883007, 2883007, 2883007, 2883007, 2883007, 2883007, 3915395, 0, 3915395, 3915395, 3915395, 3915395, 3915395, 3915395, 3915395
Fri Dec 30 16:11:59 EST 2016, 2, 0.000, 2, 19.236, 2.11956, 17.7427, 20.7293, 16.35, 17.39, 19.595, 21.87, 23.40, 218789, 7.33212, 218784, 218794, 218784, 218784, 218784, 218800, 218800, 0, 0, 0, 0, 0, 0, 0, 0, 0, 0, 0, 0, 0, 0, 0, 0, 0, 0, 3891614, 0, 3891614, 3891614, 3891614, 3891614, 3891614, 3891614, 3891614, 6296628, 0, 6296628, 6296628, 6296628, 6296628, 6296628, 6296628, 6296628
Fri Dec 30 16:13:00 EST 2016, 4, 0.000, 2, 20.729, 0.454499, 20.4088, 21.0492, 19.84, 20.45, 20.78, 21.24, 21.43, 228677, 7.33212, 228672, 228682, 228672, 228672, 228672, 228688, 228688, 0, 0, 0, 0, 0, 0, 0, 0, 0, 0, 0, 0, 0, 0, 0, 0, 0, 0, 4577612, 0, 4577612, 4577612, 4577612, 4577612, 4577612, 4577612, 4577612, 8612691, 0, 8612691, 8612691, 8612691, 8612691, 8612691, 8612691, 8612691
Fri Dec 30 16:14:11 EST 2016, 8, 0.000, 2, 23.669, 2.02058, 22.2454, 25.0926, 22.33, 22.35, 23.14, 24.59, 29.36, 234282, 10.6132, 234275, 234289, 234272, 234272, 234288, 234288, 234304, 0, 0, 0, 0, 0, 0, 0, 0, 0, 0, 0, 0, 0, 0, 0, 0, 0, 0, 4913987, 0, 4913987, 4913987, 4913987, 4913987, 4913987, 4913987, 4913987, 9777899, 0, 9777899, 9777899, 9777899, 9777899, 9777899, 9777899, 9777899
Fri Dec 30 16:15:12 EST 2016, 0, 0.250, 2, 21.295, 2.41961, 19.5903, 22.9997, 19.24, 20.10, 20.66, 23.19, 27.91, 209395, 6.4, 209390, 209400, 209392, 209392, 209392, 209408, 209408, 0, 0, 0, 0, 0, 0, 0, 0, 0, 0, 0, 0, 0, 0, 0, 0, 0, 0, 4723118, 0, 4723118, 4723118, 4723118, 4723118, 4723118, 4723118, 4723118, 9960000, 0, 9960000, 9960000, 9960000, 9960000, 9960000, 9960000, 9960000
Fri Dec 30 16:15:58 EST 2016, 1, 0.250, 2, 12.322, 1.02211, 11.6019, 13.0421, 10.96, 11.72, 12.235, 13.44, 14.69, 197624, 8, 197618, 197630, 197616, 197616, 197632, 197632, 197632, 0, 0, 0, 0, 0, 0, 0, 0, 0, 0, 0, 0, 0, 0, 0, 0, 0, 0, 2878203, 0, 2878203, 2878203, 2878203, 2878203, 2878203, 2878203, 2878203, 3915208, 0, 3915208, 3915208, 3915208, 3915208, 3915208, 3915208, 3915208
Fri Dec 30 16:17:09 EST 2016, 2, 0.250, 2, 17.37, 1.38484, 16.3943, 18.3457, 16.70, 16.75, 17.055, 17.21, 21.49, 202107, 7.33212, 202102, 202112, 202096, 202096, 202112, 202112, 202112, 0, 0, 0, 0, 0, 0, 0, 0, 0, 0, 0, 0, 0, 0, 0, 0, 0, 0, 3865420, 0, 3865420, 3865420, 3865420, 3865420, 3865420, 3865420, 3865420, 6296184, 0, 6296184, 6296184, 6296184, 6296184, 6296184, 6296184, 6296184
Fri Dec 30 16:18:15 EST 2016, 4, 0.250, 2, 20.715, 1.87074, 19.397, 22.033, 18.96, 19.44, 20.605, 22.04, 25.65, 206920, 8, 206914, 206926, 206912, 206912, 206928, 206928, 206928, 0, 0, 0, 0, 0, 0, 0, 0, 0, 0, 0, 0, 0, 0, 0, 0, 0, 0, 4475926, 0, 4475926, 4475926, 4475926, 4475926, 4475926, 4475926, 4475926, 8612556, 0, 8612556, 8612556, 8612556, 8612556, 8612556, 8612556, 8612556
Fri Dec 30 16:19:31 EST 2016, 8, 0.250, 2, 21.505, 0.867713, 20.8936, 22.1164, 20.24, 20.86, 21.69, 22.01, 23.45, 209546, 7.83837, 209540, 209552, 209536, 209536, 209552, 209552, 209552, 0, 0, 0, 0, 0, 0, 0, 0, 0, 0, 0, 0, 0, 0, 0, 0, 0, 0, 4692800, 0, 4692800, 4692800, 4692800, 4692800, 4692800, 4692800, 4692800, 9777869, 0, 9777869, 9777869, 9777869, 9777869, 9777869, 9777869, 9777869
Fri Dec 30 16:20:32 EST 2016, 0, 0.500, 2, 18.591, 0.310401, 18.3723, 18.8097, 18.01, 18.40, 18.65, 18.98, 18.99, 203686, 14.6642, 203676, 203696, 203664, 203680, 203680, 203712, 203712, 0, 0, 0, 0, 0, 0, 0, 0, 0, 0, 0, 0, 0, 0, 0, 0, 0, 0, 4656005, 0, 4656005, 4656005, 4656005, 4656005, 4656005, 4656005, 4656005, 9960000, 0, 9960000, 9960000, 9960000, 9960000, 9960000, 9960000, 9960000
Fri Dec 30 16:21:28 EST 2016, 1, 0.500, 2, 12.609, 1.24475, 11.732, 13.486, 11.52, 11.76, 12.26, 14.62, 15.30, 194456, 8, 194450, 194462, 194448, 194448, 194464, 194464, 194464, 0, 0, 0, 0, 0, 0, 0, 0, 0, 0, 0, 0, 0, 0, 0, 0, 0, 0, 2873983, 0, 2873983, 2873983, 2873983, 2873983, 2873983, 2873983, 2873983, 3914992, 0, 3914992, 3914992, 3914992, 3914992, 3914992, 3914992, 3914992
Fri Dec 30 16:22:34 EST 2016, 2, 0.500, 2, 16.093, 0.314072, 15.8717, 16.3143, 15.49, 16.01, 16.25, 16.40, 16.46, 197910, 10.6132, 197903, 197917, 197904, 197904, 197904, 197920, 197936, 0, 0, 0, 0, 0, 0, 0, 0, 0, 0, 0, 0, 0, 0, 0, 0, 0, 0, 3846984, 0, 3846984, 3846984, 3846984, 3846984, 3846984, 3846984, 3846984, 6296175, 0, 6296175, 6296175, 6296175, 6296175, 6296175, 6296175, 6296175
Fri Dec 30 16:23:40 EST 2016, 4, 0.500, 2, 21.112, 2.12663, 19.6137, 22.6103, 18.80, 20.09, 20.685, 24.70, 25.57, 201654, 7.83837, 201648, 201660, 201648, 201648, 201656, 201664, 201664, 0, 0, 0, 0, 0, 0, 0, 0, 0, 0, 0, 0, 0, 0, 0, 0, 0, 0, 4433455, 0, 4433455, 4433455, 4433455, 4433455, 4433455, 4433455, 4433455, 8612623, 0, 8612623, 8612623, 8612623, 8612623, 8612623, 8612623, 8612623
Fri Dec 30 16:24:46 EST 2016, 8, 0.500, 2, 21.557, 1.59158, 20.4356, 22.6784, 20.48, 20.55, 21.315, 22.53, 25.95, 203800, 8, 203794, 203806, 203792, 203792, 203808, 203808, 203808, 0, 0, 0, 0, 0, 0, 0, 0, 0, 0, 0, 0, 0, 0, 0, 0, 0, 0, 4629936, 0, 4629936, 4629936, 4629936, 4629936, 4629936, 4629936, 4629936, 9777793, 0, 9777793, 9777793, 9777793, 9777793, 9777793, 9777793, 9777793
Fri Dec 30 16:26:02 EST 2016, 0, 0.000, 4, 32.983, 4.17743, 30.0398, 35.9262, 27.68, 29.58, 32.455, 39.87, 40.39, 251498, 10.6132, 251491, 251505, 251488, 251488, 251504, 251504, 251520, 0, 0, 0, 0, 0, 0, 0, 0, 0, 0, 0, 0, 0, 0, 0, 0, 0, 0, 4990000, 0, 4990000, 4990000, 4990000, 4990000, 4990000, 4990000, 4990000, 19920000, 0, 19920000, 19920000, 19920000, 19920000, 19920000, 19920000, 19920000
Fri Dec 30 16:26:48 EST 2016, 1, 0.000, 4, 20.95, 1.89774, 19.6129, 22.2871, 19.38, 19.75, 20.62, 22.65, 25.95, 221445, 7.33212, 221440, 221450, 221440, 221440, 221440, 221456, 221456, 0, 0, 0, 0, 0, 0, 0, 0, 0, 0, 0, 0, 0, 0, 0, 0, 0, 0, 4129474, 0, 4129474, 4129474, 4129474, 4129474, 4129474, 4129474, 4129474, 7839058, 0, 7839058, 7839058, 7839058, 7839058, 7839058, 7839058, 7839058
Fri Dec 30 16:27:54 EST 2016, 2, 0.000, 4, 26.076, 1.70272, 24.8763, 27.2757, 24.48, 25.04, 25.685, 28.84, 29.85, 234648, 8, 234642, 234654, 234640, 234640, 234656, 234656, 234656, 0, 0, 0, 0, 0, 0, 0, 0, 0, 0, 0, 0, 0, 0, 0, 0, 0, 0, 4780678, 0, 4780678, 4780678, 4780678, 4780678, 4780678, 4780678, 4780678, 12595353, 0, 12595353, 12595353, 12595353, 12595353, 12595353, 12595353, 12595353
Fri Dec 30 16:29:05 EST 2016, 4, 0.000, 4, 31.079, 2.2245, 29.5117, 32.6463, 29.60, 29.73, 30.675, 31.16, 37.57, 248405, 7.33212, 248400, 248410, 248400, 248400, 248400, 248416, 248416, 0, 0, 0, 0, 0, 0, 0, 0, 0, 0, 0, 0, 0, 0, 0, 0, 0, 0, 4972340, 0, 4972340, 4972340, 4972340, 4972340, 4972340, 4972340, 4972340, 17228401, 0, 17228401, 17228401, 17228401, 17228401, 17228401, 17228401, 17228401
Fri Dec 30 16:30:11 EST 2016, 8, 0.000, 4, 35.991, 2.83002, 33.9971, 37.9849, 30.93, 34.13, 36.1, 39.77, 41.41, 255768, 8, 255762, 255774, 255760, 255760, 255776, 255776, 255776, 0, 0, 0, 0, 0, 0, 0, 0, 0, 0, 0, 0, 0, 0, 0, 0, 0, 0, 4989907, 0, 4989907, 4989907, 4989907, 4989907, 4989907, 4989907, 4989907, 19556603, 0, 19556603, 19556603, 19556603, 19556603, 19556603, 19556603, 19556603
Fri Dec 30 16:31:17 EST 2016, 0, 0.250, 4, 31.389, 4.62923, 28.1275, 34.6505, 27.96, 28.32, 29.915, 35.14, 43.65, 234922, 10.6132, 234915, 234929, 234912, 234912, 234928, 234928, 234944, 0, 0, 0, 0, 0, 0, 0, 0, 0, 0, 0, 0, 0, 0, 0, 0, 0, 0, 4984619, 0, 4984619, 4984619, 4984619, 4984619, 4984619, 4984619, 4984619, 19920000, 0, 19920000, 19920000, 19920000, 19920000, 19920000, 19920000, 19920000
Fri Dec 30 16:31:58 EST 2016, 1, 0.250, 4, 20.633, 1.88955, 19.3017, 21.9643, 18.06, 19.49, 20.32, 23.13, 24.15, 210421, 7.33212, 210416, 210426, 210416, 210416, 210416, 210432, 210432, 0, 0, 0, 0, 0, 0, 0, 0, 0, 0, 0, 0, 0, 0, 0, 0, 0, 0, 4120782, 0, 4120782, 4120782, 4120782, 4120782, 4120782, 4120782, 4120782, 7838739, 0, 7838739, 7838739, 7838739, 7838739, 7838739, 7838739, 7838739
Fri Dec 30 16:32:59 EST 2016, 2, 0.250, 4, 23.239, 0.464725, 22.9116, 23.5664, 22.19, 22.92, 23.53, 23.64, 23.69, 219955, 23.5151, 219938, 219972, 219936, 219936, 219952, 220000, 220000, 0, 0, 0, 0, 0, 0, 0, 0, 0, 0, 0, 0, 0, 0, 0, 0, 0, 0, 4763832, 0, 4763832, 4763832, 4763832, 4763832, 4763832, 4763832, 4763832, 12595008, 0, 12595008, 12595008, 12595008, 12595008, 12595008, 12595008, 12595008
Fri Dec 30 16:34:14 EST 2016, 4, 0.250, 4, 31.05, 3.31126, 28.717, 33.383, 28.46, 28.66, 29.275, 35.79, 37.33, 230406, 7.83837, 230400, 230412, 230400, 230400, 230408, 230416, 230416, 0, 0, 0, 0, 0, 0, 0, 0, 0, 0, 0, 0, 0, 0, 0, 0, 0, 0, 4954124, 0, 4954124, 4954124, 4954124, 4954124, 4954124, 4954124, 4954124, 17228552, 0, 17228552, 17228552, 17228552, 17228552, 17228552, 17228552, 17228552
Fri Dec 30 16:35:15 EST 2016, 8, 0.250, 4, 33, 2.98794, 30.8948, 35.1052, 29.02, 30.68, 32.6, 37.50, 38.09, 235062, 10.6132, 235055, 235069, 235056, 235056, 235056, 235072, 235088, 0, 0, 0, 0, 0, 0, 0, 0, 0, 0, 0, 0, 0, 0, 0, 0, 0, 0, 4982391, 0, 4982391, 4982391, 4982391, 4982391, 4982391, 4982391, 4982391, 19556567, 0, 19556567, 19556567, 19556567, 19556567, 19556567, 19556567, 19556567
Fri Dec 30 16:36:22 EST 2016, 0, 0.500, 4, 31.629, 3.56337, 29.1184, 34.1396, 25.69, 30.92, 31.085, 36.16, 39.22, 227288, 8, 227282, 227294, 227280, 227280, 227296, 227296, 227296, 0, 0, 0, 0, 0, 0, 0, 0, 0, 0, 0, 0, 0, 0, 0, 0, 0, 0, 4976554, 0, 4976554, 4976554, 4976554, 4976554, 4976554, 4976554, 4976554, 19920000, 0, 19920000, 19920000, 19920000, 19920000, 19920000, 19920000, 19920000
Fri Dec 30 16:37:08 EST 2016, 1, 0.500, 4, 19.454, 2.37898, 17.7779, 21.1301, 17.02, 18.09, 18.705, 21.10, 25.57, 206523, 7.33212, 206518, 206528, 206512, 206512, 206528, 206528, 206528, 0, 0, 0, 0, 0, 0, 0, 0, 0, 0, 0, 0, 0, 0, 0, 0, 0, 0, 4116143, 0, 4116143, 4116143, 4116143, 4116143, 4116143, 4116143, 4116143, 7838135, 0, 7838135, 7838135, 7838135, 7838135, 7838135, 7838135, 7838135
Fri Dec 30 16:38:13 EST 2016, 2, 0.500, 4, 24.657, 2.12663, 23.1587, 26.1553, 23.15, 23.77, 24.195, 25.10, 30.84, 214422, 7.83837, 214416, 214428, 214416, 214416, 214424, 214432, 214432, 0, 0, 0, 0, 0, 0, 0, 0, 0, 0, 0, 0, 0, 0, 0, 0, 0, 0, 4752367, 0, 4752367, 4752367, 4752367, 4752367, 4752367, 4752367, 4752367, 12595295, 0, 12595295, 12595295, 12595295, 12595295, 12595295, 12595295, 12595295
Fri Dec 30 16:39:24 EST 2016, 4, 0.500, 4, 29.573, 2.52278, 27.7956, 31.3504, 27.09, 27.12, 29.88, 32.26, 35.03, 222934, 7.83837, 222928, 222940, 222928, 222928, 222936, 222944, 222944, 0, 0, 0, 0, 0, 0, 0, 0, 0, 0, 0, 0, 0, 0, 0, 0, 0, 0, 4942850, 0, 4942850, 4942850, 4942850, 4942850, 4942850, 4942850, 4942850, 17228205, 0, 17228205, 17228205, 17228205, 17228205, 17228205, 17228205, 17228205
Fri Dec 30 16:40:25 EST 2016, 8, 0.500, 4, 32.368, 3.27054, 30.0637, 34.6723, 28.45, 29.67, 32.02, 37.82, 38.32, 227032, 8, 227026, 227038, 227024, 227024, 227040, 227040, 227040, 0, 0, 0, 0, 0, 0, 0, 0, 0, 0, 0, 0, 0, 0, 0, 0, 0, 0, 4973887, 0, 4973887, 4973887, 4973887, 4973887, 4973887, 4973887, 4973887, 19556528, 0, 19556528, 19556528, 19556528, 19556528, 19556528, 19556528, 19556528
Fri Dec 30 16:41:36 EST 2016, 0, 0.000, 6, 37.81, 3.43714, 35.3883, 40.2317, 34.57, 35.33, 36.3, 43.31, 43.31, 267498, 12.8, 267489, 267507, 267488, 267488, 267496, 267520, 267520, 0, 0, 0, 0, 0, 0, 0, 0, 0, 0, 0, 0, 0, 0, 0, 0, 0, 0, 4990000, 0, 4990000, 4990000, 4990000, 4990000, 4990000, 4990000, 4990000, 29880000, 0, 29880000, 29880000, 29880000, 29880000, 29880000, 29880000, 29880000
Fri Dec 30 16:42:22 EST 2016, 1, 0.000, 6, 26.993, 2.1158, 25.5023, 28.4837, 23.78, 25.71, 27.215, 30.27, 30.65, 227416, 8, 227410, 227422, 227408, 227408, 227424, 227424, 227424, 0, 0, 0, 0, 0, 0, 0, 0, 0, 0, 0, 0, 0, 0, 0, 0, 0, 0, 4640170, 0, 4640170, 4640170, 4640170, 4640170, 4640170, 4640170, 4640170, 11759719, 0, 11759719, 11759719, 11759719, 11759719, 11759719, 11759719, 11759719
Fri Dec 30 16:43:33 EST 2016, 2, 0.000, 6, 31.963, 3.17881, 29.7234, 34.2026, 30.14, 30.19, 30.81, 34.24, 40.86, 244680, 8, 244674, 244686, 244672, 244672, 244688, 244688, 244688, 0, 0, 0, 0, 0, 0, 0, 0, 0, 0, 0, 0, 0, 0, 0, 0, 0, 0, 4952432, 0, 4952432, 4952432, 4952432, 4952432, 4952432, 4952432, 4952432, 18897179, 0, 18897179, 18897179, 18897179, 18897179, 18897179, 18897179, 18897179
Fri Dec 30 16:44:39 EST 2016, 4, 0.000, 6, 38.054, 1.73822, 36.8293, 39.2787, 36.55, 37.12, 37.67, 38.77, 42.89, 262410, 10.6132, 262403, 262417, 262400, 262400, 262416, 262416, 262432, 0, 0, 0, 0, 0, 0, 0, 0, 0, 0, 0, 0, 0, 0, 0, 0, 0, 0, 4989418, 0, 4989418, 4989418, 4989418, 4989418, 4989418, 4989418, 4989418, 25842422, 0, 25842422, 25842422, 25842422, 25842422, 25842422, 25842422, 25842422
Fri Dec 30 16:45:50 EST 2016, 8, 0.000, 6, 41.546, 3.93459, 38.7739, 44.3181, 37.65, 38.47, 40.9, 45.83, 50.17, 267211, 10.245, 267204, 267218, 267200, 267200, 267216, 267216, 267232, 0, 0, 0, 0, 0, 0, 0, 0, 0, 0, 0, 0, 0, 0, 0, 0, 0, 0, 4990000, 0, 4990000, 4990000, 4990000, 4990000, 4990000, 4990000, 4990000, 29334377, 0, 29334377, 29334377, 29334377, 29334377, 29334377, 29334377, 29334377
Fri Dec 30 16:46:51 EST 2016, 0, 0.250, 6, 39.042, 3.9281, 36.2744, 41.8096, 35.35, 36.41, 38.405, 45.56, 47.49, 258330, 10.6132, 258323, 258337, 258320, 258320, 258336, 258336, 258352, 0, 0, 0, 0, 0, 0, 0, 0, 0, 0, 0, 0, 0, 0, 0, 0, 0, 0, 4989963, 0, 4989963, 4989963, 4989963, 4989963, 4989963, 4989963, 4989963, 29880000, 0, 29880000, 29880000, 29880000, 29880000, 29880000, 29880000, 29880000
Fri Dec 30 16:47:37 EST 2016, 1, 0.250, 6, 26.803, 4.39703, 23.705, 29.901, 21.44, 21.80, 28.86, 31.11, 33.81, 224518, 7.83837, 224512, 224524, 224512, 224512, 224520, 224528, 224528, 0, 0, 0, 0, 0, 0, 0, 0, 0, 0, 0, 0, 0, 0, 0, 0, 0, 0, 4635448, 0, 4635448, 4635448, 4635448, 4635448, 4635448, 4635448, 4635448, 11759917, 0, 11759917, 11759917, 11759917, 11759917, 11759917, 11759917, 11759917
Fri Dec 30 16:48:38 EST 2016, 2, 0.250, 6, 31.308, 0.949935, 30.6387, 31.9773, 29.28, 30.49, 31.97, 32.03, 32.10, 238202, 7.83837, 238196, 238208, 238192, 238192, 238208, 238208, 238208, 0, 0, 0, 0, 0, 0, 0, 0, 0, 0, 0, 0, 0, 0, 0, 0, 0, 0, 4946325, 0, 4946325, 4946325, 4946325, 4946325, 4946325, 4946325, 4946325, 18897183, 0, 18897183, 18897183, 18897183, 18897183, 18897183, 18897183, 18897183
Fri Dec 30 16:49:54 EST 2016, 4, 0.250, 6, 38.49, 3.48769, 36.0327, 40.9473, 35.42, 36.60, 37.14, 45.22, 45.29, 250232, 8, 250226, 250238, 250224, 250224, 250240, 250240, 250240, 0, 0, 0, 0, 0, 0, 0, 0, 0, 0, 0, 0, 0, 0, 0, 0, 0, 0, 4988106, 0, 4988106, 4988106, 4988106, 4988106, 4988106, 4988106, 4988106, 25842316, 0, 25842316, 25842316, 25842316, 25842316, 25842316, 25842316, 25842316
Fri Dec 30 16:50:59 EST 2016, 8, 0.250, 6, 41.06, 3.18308, 38.8173, 43.3027, 36.08, 39.89, 41.575, 43.77, 47.69, 256557, 11.9733, 256549, 256565, 256544, 256544, 256560, 256576, 256576, 0, 0, 0, 0, 0, 0, 0, 0, 0, 0, 0, 0, 0, 0, 0, 0, 0, 0, 4989933, 0, 4989933, 4989933, 4989933, 4989933, 4989933, 4989933, 4989933, 29334340, 0, 29334340, 29334340, 29334340, 29334340, 29334340, 29334340, 29334340
Fri Dec 30 16:51:45 EST 2016, 0, 0.500, 6, 34.433, 0.578879, 34.0251, 34.8409, 32.98, 34.25, 34.54, 34.99, 35.25, 252218, 10.6132, 252211, 252225, 252208, 252208, 252224, 252224, 252240, 0, 0, 0, 0, 0, 0, 0, 0, 0, 0, 0, 0, 0, 0, 0, 0, 0, 0, 4989655, 0, 4989655, 4989655, 4989655, 4989655, 4989655, 4989655, 4989655, 29880000, 0, 29880000, 29880000, 29880000, 29880000, 29880000, 29880000, 29880000
Fri Dec 30 16:52:41 EST 2016, 1, 0.500, 6, 24.408, 2.48439, 22.6576, 26.1584, 22.79, 22.94, 23.56, 27.70, 30.62, 220629, 7.33212, 220624, 220634, 220624, 220624, 220624, 220640, 220640, 0, 0, 0, 0, 0, 0, 0, 0, 0, 0, 0, 0, 0, 0, 0, 0, 0, 0, 4631299, 0, 4631299, 4631299, 4631299, 4631299, 4631299, 4631299, 4631299, 11759247, 0, 11759247, 11759247, 11759247, 11759247, 11759247, 11759247, 11759247
Fri Dec 30 16:53:52 EST 2016, 2, 0.500, 6, 32.185, 2.89265, 30.147, 34.223, 29.40, 29.71, 32.17, 36.62, 37.14, 233432, 10.7331, 233424, 233440, 233424, 233424, 233432, 233440, 233456, 0, 0, 0, 0, 0, 0, 0, 0, 0, 0, 0, 0, 0, 0, 0, 0, 0, 0, 4941932, 0, 4941932, 4941932, 4941932, 4941932, 4941932, 4941932, 4941932, 18896452, 0, 18896452, 18896452, 18896452, 18896452, 18896452, 18896452, 18896452
Fri Dec 30 16:55:13 EST 2016, 4, 0.500, 6, 38.139, 7.23073, 33.0445, 43.2335, 30.92, 34.26, 36.245, 43.67, 57.42, 245130, 10.6132, 245123, 245137, 245120, 245120, 245136, 245136, 245152, 0, 0, 0, 0, 0, 0, 0, 0, 0, 0, 0, 0, 0, 0, 0, 0, 0, 0, 4986587, 0, 4986587, 4986587, 4986587, 4986587, 4986587, 4986587, 4986587, 25841992, 0, 25841992, 25841992, 25841992, 25841992, 25841992, 25841992, 25841992
Fri Dec 30 16:56:04 EST 2016, 8, 0.500, 6, 38.524, 2.70554, 36.6178, 40.4302, 36.88, 37.04, 37.94, 38.21, 46.52, 251240, 8, 251234, 251246, 251232, 251232, 251248, 251248, 251248, 0, 0, 0, 0, 0, 0, 0, 0, 0, 0, 0, 0, 0, 0, 0, 0, 0, 0, 4989484, 0, 4989484, 4989484, 4989484, 4989484, 4989484, 4989484, 4989484, 29334385, 0, 29334385, 29334385, 29334385, 29334385, 29334385, 29334385, 29334385
Fri Dec 30 16:57:15 EST 2016, 0, 0.000, 8, 45.141, 4.42145, 42.0258, 48.2562, 41.05, 42.76, 43.66, 53.61, 54.08, 292021, 7.33212, 292016, 292026, 292016, 292016, 292016, 292032, 292032, 0, 0, 0, 0, 0, 0, 0, 0, 0, 0, 0, 0, 0, 0, 0, 0, 0, 0, 4990000, 0, 4990000, 4990000, 4990000, 4990000, 4990000, 4990000, 4990000, 39840000, 0, 39840000, 39840000, 39840000, 39840000, 39840000, 39840000, 39840000
Fri Dec 30 16:58:01 EST 2016, 1, 0.000, 8, 30.303, 2.92683, 28.2409, 32.3651, 25.32, 29.31, 30.145, 31.58, 37.52, 239130, 19.2, 239116, 239144, 239120, 239120, 239120, 239136, 239184, 0, 0, 0, 0, 0, 0, 0, 0, 0, 0, 0, 0, 0, 0, 0, 0, 0, 0, 4848970, 0, 4848970, 4848970, 4848970, 4848970, 4848970, 4848970, 4848970, 15687561, 0, 15687561, 15687561, 15687561, 15687561, 15687561, 15687561, 15687561
Fri Dec 30 16:59:12 EST 2016, 2, 0.000, 8, 40.785, 3.41889, 38.3762, 43.1938, 37.56, 38.79, 40.1, 43.99, 49.65, 268218, 7.83837, 268212, 268224, 268208, 268208, 268224, 268224, 268224, 0, 0, 0, 0, 0, 0, 0, 0, 0, 0, 0, 0, 0, 0, 0, 0, 0, 0, 4983265, 0, 4983265, 4983265, 4983265, 4983265, 4983265, 4983265, 4983265, 25195865, 0, 25195865, 25195865, 25195865, 25195865, 25195865, 25195865, 25195865
Fri Dec 30 17:00:13 EST 2016, 4, 0.000, 8, 46.524, 1.89296, 45.1903, 47.8577, 42.26, 46.63, 47.43, 47.96, 48.36, 290488, 12.8996, 290479, 290497, 290480, 290480, 290480, 290512, 290512, 0, 0, 0, 0, 0, 0, 0, 0, 0, 0, 0, 0, 0, 0, 0, 0, 0, 0, 4989975, 0, 4989975, 4989975, 4989975, 4989975, 4989975, 4989975, 4989975, 34453894, 0, 34453894, 34453894, 34453894, 34453894, 34453894, 34453894, 34453894
Fri Dec 30 17:01:24 EST 2016, 8, 0.000, 8, 48.739, 3.75577, 46.0929, 51.3851, 44.84, 45.55, 47.89, 55.15, 55.21, 297694, 13.2906, 297685, 297703, 297680, 297680, 297696, 297712, 297712, 0, 0, 0, 0, 0, 0, 0, 0, 0, 0, 0, 0, 0, 0, 0, 0, 0, 0, 4990000, 0, 4990000, 4990000, 4990000, 4990000, 4990000, 4990000, 4990000, 39111751, 0.5, 3.91118e+07, 3.91118e+07, 39111751, 39111751, 39111751, 39111751, 39111751
Fri Dec 30 17:02:25 EST 2016, 0, 0.250, 8, 44.163, 3.15073, 41.9431, 46.3829, 41.76, 42.05, 43.515, 46.43, 52.81, 272806, 7.83837, 272800, 272812, 272800, 272800, 272808, 272816, 272816, 0, 0, 0, 0, 0, 0, 0, 0, 0, 0, 0, 0, 0, 0, 0, 0, 0, 0, 4990000, 0, 4990000, 4990000, 4990000, 4990000, 4990000, 4990000, 4990000, 39840000, 0, 39840000, 39840000, 39840000, 39840000, 39840000, 39840000, 39840000
Fri Dec 30 17:03:11 EST 2016, 1, 0.250, 8, 30.956, 3.44011, 28.5323, 33.3797, 27.51, 27.93, 31.595, 35.36, 36.98, 232827, 7.33212, 232822, 232832, 232816, 232816, 232832, 232832, 232832, 0, 0, 0, 0, 0, 0, 0, 0, 0, 0, 0, 0, 0, 0, 0, 0, 0, 0, 4845257, 0, 4845257, 4845257, 4845257, 4845257, 4845257, 4845257, 4845257, 15687608, 0, 15687608, 15687608, 15687608, 15687608, 15687608, 15687608, 15687608
Fri Dec 30 17:04:22 EST 2016, 2, 0.250, 8, 38.789, 3.53439, 36.2988, 41.2792, 35.60, 36.43, 37.445, 42.81, 46.81, 250259, 6.4, 250254, 250264, 250256, 250256, 250256, 250272, 250272, 0, 0, 0, 0, 0, 0, 0, 0, 0, 0, 0, 0, 0, 0, 0, 0, 0, 0, 4981631, 0, 4981631, 4981631, 4981631, 4981631, 4981631, 4981631, 4981631, 25196071, 0, 25196071, 25196071, 25196071, 25196071, 25196071, 25196071, 25196071
Fri Dec 30 17:05:23 EST 2016, 4, 0.250, 8, 44.123, 0.811099, 43.5515, 44.6945, 41.94, 44.00, 44.4, 44.85, 44.93, 265896, 10.7331, 265888, 265904, 265888, 265888, 265896, 265904, 265920, 0, 0, 0, 0, 0, 0, 0, 0, 0, 0, 0, 0, 0, 0, 0, 0, 0, 0, 4989930, 0, 4989930, 4989930, 4989930, 4989930, 4989930, 4989930, 4989930, 34454043, 0.5, 3.4454e+07, 3.4454e+07, 34454043, 34454043, 34454043, 34454043, 34454043
Fri Dec 30 17:06:34 EST 2016, 8, 0.250, 8, 47.707, 2.37734, 46.032, 49.382, 44.62, 46.79, 47.33, 49.55, 53.86, 272842, 10.6132, 272835, 272849, 272832, 272832, 272848, 272848, 272864, 0, 0, 0, 0, 0, 0, 0, 0, 0, 0, 0, 0, 0, 0, 0, 0, 0, 0, 4990000, 0, 4990000, 4990000, 4990000, 4990000, 4990000, 4990000, 4990000, 39111825, 0.5, 3.91118e+07, 3.91118e+07, 39111825, 39111825, 39111825, 39111825, 39111825
Fri Dec 30 17:07:35 EST 2016, 0, 0.500, 8, 43.438, 5.44598, 39.601, 47.275, 34.92, 39.79, 44.42, 47.37, 55.19, 269605, 89.3855, 269542, 269668, 269568, 269568, 269584, 269584, 269872, 0, 0, 0, 0, 0, 0, 0, 0, 0, 0, 0, 0, 0, 0, 0, 0, 0, 0, 4989993, 0, 4989993, 4989993, 4989993, 4989993, 4989993, 4989993, 4989993, 39840000, 0, 39840000, 39840000, 39840000, 39840000, 39840000, 39840000, 39840000
Fri Dec 30 17:08:16 EST 2016, 1, 0.500, 8, 28.593, 3.15377, 26.371, 30.815, 24.22, 26.39, 28.7, 33.13, 34.85, 230784, 0, 230784, 230784, 230784, 230784, 230784, 230784, 230784, 0, 0, 0, 0, 0, 0, 0, 0, 0, 0, 0, 0, 0, 0, 0, 0, 0, 0, 4843085, 0, 4843085, 4843085, 4843085, 4843085, 4843085, 4843085, 4843085, 15687559, 0, 15687559, 15687559, 15687559, 15687559, 15687559, 15687559, 15687559
Fri Dec 30 17:09:27 EST 2016, 2, 0.500, 8, 35.413, 2.20343, 33.8606, 36.9654, 32.78, 33.78, 35.81, 36.54, 40.89, 246890, 10.6132, 246883, 246897, 246880, 246880, 246896, 246896, 246912, 0, 0, 0, 0, 0, 0, 0, 0, 0, 0, 0, 0, 0, 0, 0, 0, 0, 0, 4980259, 0, 4980259, 4980259, 4980259, 4980259, 4980259, 4980259, 4980259, 25195695, 0, 25195695, 25195695, 25195695, 25195695, 25195695, 25195695, 25195695
Fri Dec 30 17:10:38 EST 2016, 4, 0.500, 8, 43.246, 3.03625, 41.1068, 45.3852, 40.17, 40.88, 43.645, 48.20, 49.04, 261542, 7.83837, 261536, 261548, 261536, 261536, 261544, 261552, 261552, 0, 0, 0, 0, 0, 0, 0, 0, 0, 0, 0, 0, 0, 0, 0, 0, 0, 0, 4989770, 0, 4989770, 4989770, 4989770, 4989770, 4989770, 4989770, 4989770, 34454322, 0, 34454322, 34454322, 34454322, 34454322, 34454322, 34454322, 34454322
Fri Dec 30 17:11:44 EST 2016, 8, 0.500, 8, 47.209, 2.93944, 45.138, 49.28, 43.88, 45.48, 47.075, 49.10, 54.85, 268342, 7.83837, 268336, 268348, 268336, 268336, 268344, 268352, 268352, 0, 0, 0, 0, 0, 0, 0, 0, 0, 0, 0, 0, 0, 0, 0, 0, 0, 0, 4989992, 0, 4989992, 4989992, 4989992, 4989992, 4989992, 4989992, 4989992, 39111724, 0, 39111724, 39111724, 39111724, 39111724, 39111724, 39111724, 39111724
Fri Dec 30 17:12:50 EST 2016, 0, 0.000, 10, 51.954, 2.721, 50.0369, 53.8711, 48.70, 50.67, 51.045, 55.26, 57.43, 304904, 10.7331, 304896, 304912, 304896, 304896, 304904, 304912, 304928, 0, 0, 0, 0, 0, 0, 0, 0, 0, 0, 0, 0, 0, 0, 0, 0, 0, 0, 4990000, 0, 4990000, 4990000, 4990000, 4990000, 4990000, 4990000, 4990000, 49800000, 0, 49800000, 49800000, 49800000, 49800000, 49800000, 49800000, 49800000
Fri Dec 30 17:14:36 EST 2016, 1, 0.000, 10, 34.335, 3.15648, 32.1111, 36.5589, 30.81, 32.51, 33.625, 39.93, 40.63, 260238, 35.3814, 260213, 260263, 260208, 260208, 260240, 260272, 260320, 0, 0, 0, 0, 0, 0, 0, 0, 0, 0, 0, 0, 0, 0, 0, 0, 0, 0, 4932898, 0, 4932898, 4932898, 4932898, 4932898, 4932898, 4932898, 4932898, 19607610, 0, 19607610, 19607610, 19607610, 19607610, 19607610, 19607610, 19607610
Fri Dec 30 17:15:46 EST 2016, 2, 0.000, 10, 45.931, 4.5252, 42.7427, 49.1193, 38.00, 44.55, 46.06, 51.92, 52.16, 280950, 7.83837, 280944, 280956, 280944, 280944, 280952, 280960, 280960, 0, 0, 0, 0, 0, 0, 0, 0, 0, 0, 0, 0, 0, 0, 0, 0, 0, 0, 4988789, 0, 4988789, 4988789, 4988789, 4988789, 4988789, 4988789, 4988789, 31486656, 0, 31486656, 31486656, 31486656, 31486656, 31486656, 31486656, 31486656
Fri Dec 30 17:17:02 EST 2016, 4, 0.000, 10, 52.785, 4.81997, 49.3891, 56.1809, 46.14, 49.61, 51.705, 58.63, 63.66, 299878, 10.6132, 299871, 299885, 299872, 299872, 299872, 299888, 299904, 0, 0, 0, 0, 0, 0, 0, 0, 0, 0, 0, 0, 0, 0, 0, 0, 0, 0, 4990000, 0, 4990000, 4990000, 4990000, 4990000, 4990000, 4990000, 4990000, 43066669, 0.707107, 4.30667e+07, 4.30667e+07, 43066669, 43066669, 43066669, 43066669, 43066669
Fri Dec 30 17:19:03 EST 2016, 8, 0.000, 10, 55.402, 4.09258, 52.5186, 58.2854, 52.44, 52.74, 53.985, 60.93, 65.54, 304517, 7.33212, 304512, 304522, 304512, 304512, 304512, 304528, 304528, 0, 0, 0, 0, 0, 0, 0, 0, 0, 0, 0, 0, 0, 0, 0, 0, 0, 0, 4990000, 0, 4990000, 4990000, 4990000, 4990000, 4990000, 4990000, 4990000, 48890152, 0, 48890152, 48890152, 48890152, 48890152, 48890152, 48890152, 48890152
Fri Dec 30 17:21:05 EST 2016, 0, 0.250, 10, 54.594, 4.15183, 51.6688, 57.5192, 48.66, 51.59, 55.25, 60.46, 61.11, 301366, 7.83837, 301360, 301372, 301360, 301360, 301368, 301376, 301376, 0, 0, 0, 0, 0, 0, 0, 0, 0, 0, 0, 0, 0, 0, 0, 0, 0, 0, 4990000, 0, 4990000, 4990000, 4990000, 4990000, 4990000, 4990000, 4990000, 49800000, 0, 49800000, 49800000, 49800000, 49800000, 49800000, 49800000, 49800000
Fri Dec 30 17:22:41 EST 2016, 1, 0.250, 10, 34.038, 0.535552, 33.6607, 34.4153, 32.97, 33.62, 34.15, 34.77, 34.81, 250741, 7.33212, 250736, 250746, 250736, 250736, 250736, 250752, 250752, 0, 0, 0, 0, 0, 0, 0, 0, 0, 0, 0, 0, 0, 0, 0, 0, 0, 0, 4930887, 0, 4930887, 4930887, 4930887, 4930887, 4930887, 4930887, 4930887, 19607629, 0, 19607629, 19607629, 19607629, 19607629, 19607629, 19607629, 19607629
Fri Dec 30 17:24:01 EST 2016, 2, 0.250, 10, 46.655, 4.94807, 43.1688, 50.1412, 40.52, 42.91, 46.44, 52.94, 55.55, 270840, 10.7331, 270832, 270848, 270832, 270832, 270840, 270848, 270864, 0, 0, 0, 0, 0, 0, 0, 0, 0, 0, 0, 0, 0, 0, 0, 0, 0, 0, 4988437, 0, 4988437, 4988437, 4988437, 4988437, 4988437, 4988437, 4988437, 31486627, 0, 31486627, 31486627, 31486627, 31486627, 31486627, 31486627, 31486627
Fri Dec 30 17:25:03 EST 2016, 4, 0.250, 10, 50.999, 2.26781, 49.4012, 52.5968, 47.33, 48.17, 51.835, 52.27, 55.00, 290214, 7.83837, 290208, 290220, 290208, 290208, 290216, 290224, 290224, 0, 0, 0, 0, 0, 0, 0, 0, 0, 0, 0, 0, 0, 0, 0, 0, 0, 0, 4989997, 0, 4989997, 4989997, 4989997, 4989997, 4989997, 4989997, 4989997, 43066642, 0, 43066642, 43066642, 43066642, 43066642, 43066642, 43066642, 43066642
Fri Dec 30 17:26:19 EST 2016, 8, 0.250, 10, 58.437, 3.36333, 56.0673, 60.8067, 54.67, 55.37, 58.35, 62.86, 65.78, 300456, 10.7331, 300448, 300464, 300448, 300448, 300456, 300464, 300480, 0, 0, 0, 0, 0, 0, 0, 0, 0, 0, 0, 0, 0, 0, 0, 0, 0, 0, 4990000, 0, 4990000, 4990000, 4990000, 4990000, 4990000, 4990000, 4990000, 48890121, 0.707107, 4.88901e+07, 4.88901e+07, 48890121, 48890121, 48890121, 48890121, 48890121
Fri Dec 30 17:28:20 EST 2016, 0, 0.500, 10, 51.148, 5.12101, 47.54, 54.756, 44.47, 48.40, 49.94, 56.08, 63.64, 292538, 10.6132, 292531, 292545, 292528, 292528, 292544, 292544, 292560, 0, 0, 0, 0, 0, 0, 0, 0, 0, 0, 0, 0, 0, 0, 0, 0, 0, 0, 4990000, 0, 4990000, 4990000, 4990000, 4990000, 4990000, 4990000, 4990000, 49800000, 0, 49800000, 49800000, 49800000, 49800000, 49800000, 49800000, 49800000
Fri Dec 30 17:30:01 EST 2016, 1, 0.500, 10, 33.216, 3.2974, 30.8928, 35.5392, 30.45, 30.74, 32.495, 36.56, 41.73, 249643, 30.4, 249622, 249664, 249584, 249648, 249664, 249664, 249664, 0, 0, 0, 0, 0, 0, 0, 0, 0, 0, 0, 0, 0, 0, 0, 0, 0, 0, 4929311, 0, 4929311, 4929311, 4929311, 4929311, 4929311, 4929311, 4929311, 19607117, 0, 19607117, 19607117, 19607117, 19607117, 19607117, 19607117, 19607117
Fri Dec 30 17:31:13 EST 2016, 2, 0.500, 10, 44.573, 4.18683, 41.6231, 47.5229, 41.48, 42.28, 43.01, 49.28, 55.42, 264550, 7.83837, 264544, 264556, 264544, 264544, 264552, 264560, 264560, 0, 0, 0, 0, 0, 0, 0, 0, 0, 0, 0, 0, 0, 0, 0, 0, 0, 0, 4988111, 0, 4988111, 4988111, 4988111, 4988111, 4988111, 4988111, 4988111, 31486849, 0, 31486849, 31486849, 31486849, 31486849, 31486849, 31486849, 31486849
Fri Dec 30 17:32:24 EST 2016, 4, 0.500, 10, 52.288, 4.31828, 49.2455, 55.3305, 47.41, 48.87, 51.72, 58.82, 61.18, 281386, 10.6132, 281379, 281393, 281376, 281376, 281392, 281392, 281408, 0, 0, 0, 0, 0, 0, 0, 0, 0, 0, 0, 0, 0, 0, 0, 0, 0, 0, 4989986, 0, 4989986, 4989986, 4989986, 4989986, 4989986, 4989986, 4989986, 43066647, 0.707107, 4.30666e+07, 4.30666e+07, 43066647, 43066647, 43066647, 43066647, 43066647
Fri Dec 30 17:34:35 EST 2016, 8, 0.500, 10, 55.736, 6.18356, 51.3793, 60.0927, 50.87, 52.59, 54.11, 58.70, 73.22, 291643, 22.6839, 291627, 291659, 291600, 291616, 291656, 291664, 291664, 0, 0, 0, 0, 0, 0, 0, 0, 0, 0, 0, 0, 0, 0, 0, 0, 0, 0, 4990000, 0, 4990000, 4990000, 4990000, 4990000, 4990000, 4990000, 4990000, 48889985, 0.707107, 4.889e+07, 4.889e+07, 48889985, 48889985, 48889985, 48889985, 48889985
Fri Dec 30 17:36:56 EST 2016, 0, 0.000, 15, 67.563, 8.02108, 61.9117, 73.2143, 60.51, 62.22, 65.805, 76.05, 87.93, 339774, 21.9964, 339759, 339789, 339728, 339776, 339776, 339792, 339808, 0, 0, 0, 0, 0, 0, 0, 0, 0, 0, 0, 0, 0, 0, 0, 0, 0, 0, 4990000, 0, 4990000, 4990000, 4990000, 4990000, 4990000, 4990000, 4990000, 74700000, 0, 74700000, 74700000, 74700000, 74700000, 74700000, 74700000, 74700000
Fri Dec 30 17:38:22 EST 2016, 1, 0.000, 15, 46.784, 3.65462, 44.2091, 49.3589, 42.67, 43.73, 47.505, 51.34, 54.40, 279629, 84.3004, 279570, 279688, 279552, 279600, 279616, 279632, 279872, 0, 0, 0, 0, 0, 0, 0, 0, 0, 0, 0, 0, 0, 0, 0, 0, 0, 0, 4983917, 0, 4983917, 4983917, 4983917, 4983917, 4983917, 4983917, 4983917, 29401019, 0, 29401019, 29401019, 29401019, 29401019, 29401019, 29401019, 29401019
Fri Dec 30 17:39:33 EST 2016, 2, 0.000, 15, 58.129, 2.08355, 56.661, 59.597, 53.85, 58.33, 58.985, 59.46, 60.88, 303336, 8, 303330, 303342, 303328, 303328, 303344, 303344, 303344, 0, 0, 0, 0, 0, 0, 0, 0, 0, 0, 0, 0, 0, 0, 0, 0, 0, 0, 4989985, 0, 4989985, 4989985, 4989985, 4989985, 4989985, 4989985, 4989985, 47229278, 0, 47229278, 47229278, 47229278, 47229278, 47229278, 47229278, 47229278
Fri Dec 30 17:41:54 EST 2016, 4, 0.000, 15, 71.409, 6.12132, 67.0962, 75.7218, 58.98, 68.91, 72.15, 78.94, 81.22, 333437, 11.9733, 333429, 333445, 333424, 333424, 333440, 333456, 333456, 0, 0, 0, 0, 0, 0, 0, 0, 0, 0, 0, 0, 0, 0, 0, 0, 0, 0, 4990000, 0, 4990000, 4990000, 4990000, 4990000, 4990000, 4990000, 4990000, 64596624, 0, 64596624, 64596624, 64596624, 64596624, 64596624, 64596624, 64596624
Fri Dec 30 17:44:10 EST 2016, 8, 0.000, 15, 75.203, 8.03925, 69.5389, 80.8671, 63.05, 70.57, 73.99, 87.10, 92.08, 339640, 10.7331, 339632, 339648, 339632, 339632, 339640, 339648, 339664, 0, 0, 0, 0, 0, 0, 0, 0, 0, 0, 0, 0, 0, 0, 0, 0, 0, 0, 4990000, 0, 4990000, 4990000, 4990000, 4990000, 4990000, 4990000, 4990000, 73333355, 0, 73333355, 73333355, 73333355, 73333355, 73333355, 73333355, 73333355
Fri Dec 30 17:45:56 EST 2016, 0, 0.250, 15, 65.048, 6.36047, 60.5667, 69.5293, 55.58, 60.77, 64.43, 76.47, 76.76, 337883, 10.245, 337876, 337890, 337872, 337872, 337888, 337888, 337904, 0, 0, 0, 0, 0, 0, 0, 0, 0, 0, 0, 0, 0, 0, 0, 0, 0, 0, 4990000, 0, 4990000, 4990000, 4990000, 4990000, 4990000, 4990000, 4990000, 74700000, 0, 74700000, 74700000, 74700000, 74700000, 74700000, 74700000, 74700000
Fri Dec 30 17:47:42 EST 2016, 1, 0.250, 15, 47.706, 5.69471, 43.6938, 51.7182, 42.68, 44.81, 45.915, 56.89, 60.45, 271352, 8, 271346, 271358, 271344, 271344, 271360, 271360, 271360, 0, 0, 0, 0, 0, 0, 0, 0, 0, 0, 0, 0, 0, 0, 0, 0, 0, 0, 4983796, 0, 4983796, 4983796, 4983796, 4983796, 4983796, 4983796, 4983796, 29400577, 0, 29400577, 29400577, 29400577, 29400577, 29400577, 29400577, 29400577
Fri Dec 30 17:49:48 EST 2016, 2, 0.250, 15, 55.727, 4.12206, 52.8228, 58.6312, 50.98, 52.46, 55.25, 61.62, 64.71, 299576, 21.7624, 299561, 299591, 299552, 299552, 299576, 299600, 299616, 0, 0, 0, 0, 0, 0, 0, 0, 0, 0, 0, 0, 0, 0, 0, 0, 0, 0, 4989971, 0, 4989971, 4989971, 4989971, 4989971, 4989971, 4989971, 4989971, 47229475, 0.707107, 4.72295e+07, 4.72295e+07, 47229475, 47229475, 47229475, 47229475, 47229475
Fri Dec 30 17:52:14 EST 2016, 4, 0.250, 15, 70.641, 8.65179, 64.5453, 76.7367, 62.24, 64.36, 69, 83.99, 89.05, 322382, 32.358, 322359, 322405, 322352, 322352, 322384, 322432, 322432, 0, 0, 0, 0, 0, 0, 0, 0, 0, 0, 0, 0, 0, 0, 0, 0, 0, 0, 4990000, 0, 4990000, 4990000, 4990000, 4990000, 4990000, 4990000, 4990000, 64596635, 0, 64596635, 64596635, 64596635, 64596635, 64596635, 64596635, 64596635
Fri Dec 30 17:54:11 EST 2016, 8, 0.250, 15, 72.247, 4.34896, 69.1829, 75.3111, 66.56, 69.36, 71.895, 79.57, 80.14, 337739, 7.33212, 337734, 337744, 337728, 337728, 337744, 337744, 337744, 0, 0, 0, 0, 0, 0, 0, 0, 0, 0, 0, 0, 0, 0, 0, 0, 0, 0, 4990000, 0, 4990000, 4990000, 4990000, 4990000, 4990000, 4990000, 4990000, 73333466, 1, 7.33335e+07, 7.33335e+07, 73333466, 73333466, 73333466, 73333466, 73333466
Fri Dec 30 17:56:17 EST 2016, 0, 0.500, 15, 66.732, 7.53278, 61.4247, 72.0393, 56.60, 62.48, 66.59, 72.72, 84.22, 336280, 8, 336274, 336286, 336272, 336272, 336288, 336288, 336288, 0, 0, 0, 0, 0, 0, 0, 0, 0, 0, 0, 0, 0, 0, 0, 0, 0, 0, 4990000, 0, 4990000, 4990000, 4990000, 4990000, 4990000, 4990000, 4990000, 74700000, 0, 74700000, 74700000, 74700000, 74700000, 74700000, 74700000, 74700000
Fri Dec 30 17:57:43 EST 2016, 1, 0.500, 15, 41.907, 2.95418, 39.8256, 43.9884, 38.57, 39.62, 42.21, 43.32, 49.50, 271014, 22.8526, 270998, 271030, 270976, 270992, 271024, 271040, 271040, 0, 0, 0, 0, 0, 0, 0, 0, 0, 0, 0, 0, 0, 0, 0, 0, 0, 0, 4983518, 0, 4983518, 4983518, 4983518, 4983518, 4983518, 4983518, 4983518, 29400781, 0, 29400781, 29400781, 29400781, 29400781, 29400781, 29400781, 29400781
Fri Dec 30 17:58:59 EST 2016, 2, 0.500, 15, 54.746, 4.30893, 51.7101, 57.7819, 49.63, 51.44, 55.55, 59.08, 63.16, 298272, 24.7871, 298255, 298289, 298240, 298256, 298288, 298288, 298320, 0, 0, 0, 0, 0, 0, 0, 0, 0, 0, 0, 0, 0, 0, 0, 0, 0, 0, 4989956, 0, 4989956, 4989956, 4989956, 4989956, 4989956, 4989956, 4989956, 47229658, 0, 47229658, 47229658, 47229658, 47229658, 47229658, 47229658, 47229658
Fri Dec 30 18:01:15 EST 2016, 4, 0.500, 15, 65.433, 6.11443, 61.125, 69.741, 58.02, 60.17, 65.35, 74.99, 77.59, 321411, 19.984, 321397, 321425, 321392, 321392, 321408, 321440, 321440, 0, 0, 0, 0, 0, 0, 0, 0, 0, 0, 0, 0, 0, 0, 0, 0, 0, 0, 4990000, 0, 4990000, 4990000, 4990000, 4990000, 4990000, 4990000, 4990000, 64596734, 1, 6.45967e+07, 6.45967e+07, 64596734, 64596734, 64596734, 64596734, 64596734
Fri Dec 30 18:03:21 EST 2016, 8, 0.500, 15, 72.703, 5.72861, 68.6669, 76.7391, 66.61, 67.23, 73.785, 79.76, 82.06, 335803, 22.6839, 335787, 335819, 335776, 335776, 335816, 335824, 335840, 0, 0, 0, 0, 0, 0, 0, 0, 0, 0, 0, 0, 0, 0, 0, 0, 0, 0, 4990000, 0, 4990000, 4990000, 4990000, 4990000, 4990000, 4990000, 4990000, 73333472, 0, 73333472, 73333472, 73333472, 73333472, 73333472, 73333472, 73333472
Fri Dec 30 18:05:52 EST 2016, 0, 0.000, 20, 90.399, 11.8697, 82.0361, 98.7619, 75.39, 79.42, 97.78, 104.25, 108.45, 393486, 46.0678, 393454, 393518, 393424, 393440, 393512, 393520, 393568, 0, 0, 0, 0, 0, 0, 0, 0, 0, 0, 0, 0, 0, 0, 0, 0, 0, 0, 4990000, 0, 4990000, 4990000, 4990000, 4990000, 4990000, 4990000, 4990000, 99600000, 0, 99600000, 99600000, 99600000, 99600000, 99600000, 99600000, 99600000
Fri Dec 30 18:07:13 EST 2016, 1, 0.000, 20, 56.476, 5.60444, 52.5274, 60.4246, 50.29, 53.23, 55.25, 65.48, 68.58, 318150, 7.83837, 318144, 318156, 318144, 318144, 318152, 318160, 318160, 0, 0, 0, 0, 0, 0, 0, 0, 0, 0, 0, 0, 0, 0, 0, 0, 0, 0, 4989420, 0, 4989420, 4989420, 4989420, 4989420, 4989420, 4989420, 4989420, 39202335, 0.5, 3.92023e+07, 3.92023e+07, 39202335, 39202335, 39202335, 39202335, 39202335
Fri Dec 30 18:09:40 EST 2016, 2, 0.000, 20, 72.832, 6.10574, 68.5302, 77.1338, 66.68, 69.77, 71.32, 76.70, 89.68, 350978, 4.8, 350975, 350981, 350976, 350976, 350976, 350976, 350992, 0, 0, 0, 0, 0, 0, 0, 0, 0, 0, 0, 0, 0, 0, 0, 0, 0, 0, 4990000, 0, 4990000, 4990000, 4990000, 4990000, 4990000, 4990000, 4990000, 62967990, 0, 62967990, 62967990, 62967990, 62967990, 62967990, 62967990, 62967990
Fri Dec 30 18:12:01 EST 2016, 4, 0.000, 20, 87.47, 9.62243, 80.6905, 94.2495, 77.78, 80.59, 85.365, 97.40, 108.13, 379950, 21.9964, 379935, 379965, 379920, 379936, 379968, 379968, 379984, 0, 0, 0, 0, 0, 0, 0, 0, 0, 0, 0, 0, 0, 0, 0, 0, 0, 0, 4990000, 0, 4990000, 4990000, 4990000, 4990000, 4990000, 4990000, 4990000, 86125627, 1, 8.61256e+07, 8.61256e+07, 86125627, 86125627, 86125627, 86125627, 86125627
Fri Dec 30 18:14:22 EST 2016, 8, 0.000, 20, 96.372, 5.47795, 92.5125, 100.232, 90.08, 92.89, 95.55, 100.95, 110.53, 397322, 14.6642, 397312, 397332, 397312, 397312, 397320, 397328, 397360, 0, 0, 0, 0, 0, 0, 0, 0, 0, 0, 0, 0, 0, 0, 0, 0, 0, 0, 4990000, 0, 4990000, 4990000, 4990000, 4990000, 4990000, 4990000, 4990000, 97778107, 1.41421, 9.77781e+07, 9.77781e+07, 97778107, 97778107, 97778107, 97778107, 97778107
Fri Dec 30 18:16:23 EST 2016, 0, 0.250, 20, 92.487, 11.8688, 84.1248, 100.849, 78.20, 80.09, 100.905, 106.01, 108.22, 391358, 19.5305, 391344, 391372, 391344, 391344, 391352, 391392, 391392, 0, 0, 0, 0, 0, 0, 0, 0, 0, 0, 0, 0, 0, 0, 0, 0, 0, 0, 4990000, 0, 4990000, 4990000, 4990000, 4990000, 4990000, 4990000, 4990000, 99600000, 0, 99600000, 99600000, 99600000, 99600000, 99600000, 99600000, 99600000
Fri Dec 30 18:17:39 EST 2016, 1, 0.250, 20, 55.315, 3.60284, 52.7766, 57.8534, 50.04, 53.88, 54.87, 61.30, 62.37, 305147, 10.245, 305140, 305154, 305136, 305136, 305152, 305152, 305168, 0, 0, 0, 0, 0, 0, 0, 0, 0, 0, 0, 0, 0, 0, 0, 0, 0, 0, 4989375, 0, 4989375, 4989375, 4989375, 4989375, 4989375, 4989375, 4989375, 39202124, 0, 39202124, 39202124, 39202124, 39202124, 39202124, 39202124, 39202124
Fri Dec 30 18:20:00 EST 2016, 2, 0.250, 20, 69.972, 3.00067, 67.8579, 72.0861, 66.72, 67.47, 69.73, 73.21, 77.10, 337707, 18.9989, 337694, 337720, 337696, 337696, 337704, 337712, 337760, 0, 0, 0, 0, 0, 0, 0, 0, 0, 0, 0, 0, 0, 0, 0, 0, 0, 0, 4990000, 0, 4990000, 4990000, 4990000, 4990000, 4990000, 4990000, 4990000, 62967767, 0, 62967767, 62967767, 62967767, 62967767, 62967767, 62967767, 62967767
Fri Dec 30 18:22:27 EST 2016, 4, 0.250, 20, 85.498, 5.6187, 81.5393, 89.4567, 81.35, 81.68, 84.305, 88.21, 101.01, 373091, 27.5274, 373072, 373110, 373056, 373072, 373096, 373120, 373136, 0, 0, 0, 0, 0, 0, 0, 0, 0, 0, 0, 0, 0, 0, 0, 0, 0, 0, 4990000, 0, 4990000, 4990000, 4990000, 4990000, 4990000, 4990000, 4990000, 86125603, 1, 8.61256e+07, 8.61256e+07, 86125603, 86125603, 86125603, 86125603, 86125603
Fri Dec 30 18:24:28 EST 2016, 8, 0.250, 20, 95.814, 2.02668, 94.3861, 97.2419, 91.07, 95.37, 96.325, 97.63, 98.95, 389429, 7.33212, 389424, 389434, 389424, 389424, 389424, 389440, 389440, 0, 0, 0, 0, 0, 0, 0, 0, 0, 0, 0, 0, 0, 0, 0, 0, 0, 0, 4990000, 0, 4990000, 4990000, 4990000, 4990000, 4990000, 4990000, 4990000, 97778124, 0, 97778124, 97778124, 97778124, 97778124, 97778124, 97778124, 97778124
Fri Dec 30 18:26:34 EST 2016, 0, 0.500, 20, 81.977, 8.11288, 76.261, 87.693, 74.68, 77.39, 81.19, 82.00, 105.27, 383610, 103.988, 383537, 383683, 383568, 383568, 383576, 383600, 383920, 0, 0, 0, 0, 0, 0, 0, 0, 0, 0, 0, 0, 0, 0, 0, 0, 0, 0, 4990000, 0, 4990000, 4990000, 4990000, 4990000, 4990000, 4990000, 4990000, 99600000, 0, 99600000, 99600000, 99600000, 99600000, 99600000, 99600000, 99600000
Fri Dec 30 18:27:55 EST 2016, 1, 0.500, 20, 53.168, 6.5307, 48.5668, 57.7692, 47.31, 48.25, 50.475, 62.97, 64.48, 295072, 12.3935, 295063, 295081, 295056, 295056, 295072, 295088, 295088, 0, 0, 0, 0, 0, 0, 0, 0, 0, 0, 0, 0, 0, 0, 0, 0, 0, 0, 4989283, 0, 4989283, 4989283, 4989283, 4989283, 4989283, 4989283, 4989283, 39202528, 0, 39202528, 39202528, 39202528, 39202528, 39202528, 39202528, 39202528
Fri Dec 30 18:30:16 EST 2016, 2, 0.500, 20, 69.813, 5.52344, 65.9214, 73.7046, 63.49, 66.11, 68.76, 77.12, 79.70, 335720, 36.6606, 335694, 335746, 335664, 335680, 335728, 335760, 335792, 0, 0, 0, 0, 0, 0, 0, 0, 0, 0, 0, 0, 0, 0, 0, 0, 0, 0, 4990000, 0, 4990000, 4990000, 4990000, 4990000, 4990000, 4990000, 4990000, 62968420, 0, 62968420, 62968420, 62968420, 62968420, 62968420, 62968420, 62968420
Fri Dec 30 18:32:32 EST 2016, 4, 0.500, 20, 87.021, 4.64539, 83.7481, 90.2939, 80.02, 82.55, 89.07, 92.01, 95.30, 367000, 30.568, 366978, 367022, 366960, 366976, 367008, 367024, 367072, 0, 0, 0, 0, 0, 0, 0, 0, 0, 0, 0, 0, 0, 0, 0, 0, 0, 0, 4990000, 0, 4990000, 4990000, 4990000, 4990000, 4990000, 4990000, 4990000, 86125702, 1.41421, 8.61257e+07, 8.61257e+07, 86125702, 86125702, 86125702, 86125702, 86125702
Fri Dec 30 18:34:43 EST 2016, 8, 0.500, 20, 95.715, 6.20515, 91.3431, 100.087, 86.76, 90.05, 98.755, 103.01, 104.59, 381720, 10.7331, 381712, 381728, 381712, 381712, 381720, 381728, 381744, 0, 0, 0, 0, 0, 0, 0, 0, 0, 0, 0, 0, 0, 0, 0, 0, 0, 0, 4990000, 0, 4990000, 4990000, 4990000, 4990000, 4990000, 4990000, 4990000, 97778194, 1.41421, 9.77782e+07, 9.77782e+07, 97778194, 97778194, 97778194, 97778194, 97778194
