# 'Timestamp', '--gvt-delay 100 10000', '--imbalance% 0 100', '--delay 1 10', '--selfEvents% 0 100', '--simEndTime 300 600', '--rows 10 100', '--eventsPerAgent 1 20', '--granularity 0 50', '--cols 10 100', 2tLadderQ_timing_secs, heap_timing_secs
Mon Jan  9 10:46:14 EST 2017, 4450, 0.060, 9, 0.660, 459, 38, 1, 12, 56, 4.417, 3.610
Mon Jan  9 10:46:33 EST 2017, 9400, 0.560, 5, 0.160, 309, 83, 11, 37, 11, 17.230, 15.517
Mon Jan  9 10:46:41 EST 2017, 6925, 0.310, 2, 0.910, 384, 15, 16, 0, 79, 6.480, 7.270
Mon Jan  9 10:47:12 EST 2017, 1975, 0.810, 7, 0.410, 534, 60, 6, 25, 34, 25.527, 30.043
Mon Jan  9 10:47:21 EST 2017, 1356, 0.120, 1, 0.230, 591, 55, 5, 3, 62, 8.730, 9.313
Mon Jan  9 10:47:26 EST 2017, 6306, 0.620, 5, 0.730, 441, 10, 14, 28, 17, 3.793, 4.727
Mon Jan  9 10:50:32 EST 2017, 8781, 0.370, 8, 0.480, 366, 77, 19, 15, 85, 161.447, 169.003
Mon Jan  9 10:51:06 EST 2017, 3831, 0.870, 3, 0.980, 516, 32, 10, 40, 40, 30.410, 30.187
Mon Jan  9 10:51:17 EST 2017, 2594, 0.250, 6, 0.100, 328, 43, 2, 34, 73, 10.310, 9.483
Mon Jan  9 10:51:44 EST 2017, 7544, 0.750, 2, 0.600, 478, 88, 12, 9, 28, 21.593, 25.643
Mon Jan  9 10:53:49 EST 2017, 5069, 0.000, 4, 0.350, 553, 21, 17, 46, 96, 102.850, 121.110
Mon Jan  9 10:54:30 EST 2017, 119, 0.500, 9, 0.850, 403, 66, 7, 21, 51, 33.090, 39.253
Mon Jan  9 10:56:02 EST 2017, 129, 0.250, 4, 0.150, 568, 49, 14, 21, 65, 80.353, 89.053
Mon Jan  9 10:56:37 EST 2017, 5079, 0.750, 8, 0.650, 418, 94, 5, 46, 20, 30.890, 28.443
Mon Jan  9 10:56:56 EST 2017, 7554, 0.000, 6, 0.400, 343, 26, 9, 8, 87, 15.497, 17.567
Mon Jan  9 10:58:36 EST 2017, 2604, 0.500, 2, 0.900, 493, 71, 19, 33, 42, 97.863, 89.467
Mon Jan  9 11:00:46 EST 2017, 3841, 0.120, 9, 0.020, 306, 60, 12, 39, 76, 119.023, 102.957
Mon Jan  9 11:00:48 EST 2017, 8791, 0.620, 5, 0.520, 456, 15, 2, 14, 31, 1.213, 1.450
Mon Jan  9 11:03:12 EST 2017, 6316, 0.370, 3, 0.270, 531, 83, 7, 27, 99, 126.883, 129.427
Mon Jan  9 11:03:34 EST 2017, 1366, 0.870, 7, 0.770, 381, 38, 17, 2, 54, 20.103, 21.303
Mon Jan  9 11:04:04 EST 2017, 1985, 0.060, 1, 0.580, 437, 32, 13, 30, 71, 24.793, 28.080
Mon Jan  9 11:04:13 EST 2017, 6935, 0.560, 5, 0.080, 587, 77, 3, 5, 26, 7.400, 8.740
Mon Jan  9 11:04:40 EST 2017, 9410, 0.310, 8, 0.830, 512, 10, 8, 43, 93, 25.497, 23.917
Mon Jan  9 11:05:32 EST 2017, 4460, 0.810, 3, 0.330, 362, 55, 18, 18, 48, 47.727, 49.453
Mon Jan  9 11:06:37 EST 2017, 3222, 0.430, 7, 0.710, 474, 66, 11, 11, 59, 59.243, 55.527
Mon Jan  9 11:06:37 EST 2017, 8172, 0.930, 2, 0.210, 324, 21, 1, 36, 14, 0.500, 0.447
Mon Jan  9 11:07:48 EST 2017, 5697, 0.180, 4, 0.960, 399, 88, 6, 24, 82, 67.487, 68.610
Mon Jan  9 11:09:29 EST 2017, 747, 0.680, 9, 0.460, 549, 43, 15, 49, 37, 89.070, 91.610
Mon Jan  9 11:09:43 EST 2017, 1057, 0.210, 5, 0.300, 503, 24, 5, 35, 40, 11.860, 12.627
Mon Jan  9 11:10:22 EST 2017, 6007, 0.710, 1, 0.800, 353, 69, 15, 10, 85, 35.527, 37.747
Mon Jan  9 11:11:00 EST 2017, 8482, 0.460, 3, 0.050, 428, 46, 19, 47, 17, 34.533, 34.727
Mon Jan  9 11:13:33 EST 2017, 3532, 0.960, 7, 0.550, 578, 91, 10, 22, 62, 138.117, 137.117
Mon Jan  9 11:13:42 EST 2017, 4769, 0.340, 2, 0.430, 390, 80, 3, 4, 51, 7.897, 7.823
Mon Jan  9 11:15:33 EST 2017, 9719, 0.840, 6, 0.930, 540, 35, 12, 29, 96, 97.647, 99.247
Mon Jan  9 11:16:16 EST 2017, 7244, 0.090, 9, 0.180, 465, 57, 17, 16, 28, 39.337, 40.647
Mon Jan  9 11:16:30 EST 2017, 2294, 0.590, 4, 0.680, 315, 12, 8, 41, 73, 12.063, 12.147
Mon Jan  9 11:16:34 EST 2017, 1675, 0.400, 8, 0.990, 371, 18, 4, 13, 45, 3.580, 3.540
Mon Jan  9 11:20:17 EST 2017, 6625, 0.900, 3, 0.490, 521, 63, 14, 38, 90, 199.353, 205.647
Mon Jan  9 11:20:24 EST 2017, 9100, 0.150, 1, 0.740, 596, 41, 18, 0, 23, 5.390, 6.407
Mon Jan  9 11:22:22 EST 2017, 4150, 0.650, 6, 0.240, 446, 86, 9, 25, 68, 97.553, 114.957
Mon Jan  9 11:22:49 EST 2017, 2913, 0.030, 5, 0.870, 559, 97, 2, 44, 34, 23.747, 24.070
Mon Jan  9 11:24:11 EST 2017, 7863, 0.530, 9, 0.370, 409, 52, 11, 19, 79, 72.720, 79.137
Mon Jan  9 11:24:39 EST 2017, 5388, 0.280, 7, 0.620, 334, 74, 16, 32, 12, 24.773, 23.360
Mon Jan  9 11:24:47 EST 2017, 438, 0.780, 2, 0.120, 484, 29, 6, 7, 57, 7.080, 6.550
Mon Jan  9 11:25:33 EST 2017, 593, 0.010, 7, 0.690, 395, 84, 19, 37, 13, 40.490, 43.280
Mon Jan  9 11:26:02 EST 2017, 5543, 0.510, 3, 0.190, 545, 39, 9, 12, 58, 25.093, 26.400
Mon Jan  9 11:26:11 EST 2017, 8018, 0.260, 1, 0.940, 470, 62, 4, 25, 35, 7.133, 8.760
Mon Jan  9 11:26:20 EST 2017, 3068, 0.760, 5, 0.440, 320, 17, 14, 0, 80, 7.333, 8.240
Mon Jan  9 11:26:35 EST 2017, 4305, 0.390, 4, 0.570, 507, 28, 16, 18, 24, 14.390, 14.223
Mon Jan  9 11:28:05 EST 2017, 9255, 0.890, 8, 0.070, 357, 73, 7, 43, 69, 79.020, 86.263
Mon Jan  9 11:28:11 EST 2017, 6780, 0.140, 6, 0.820, 432, 50, 2, 6, 47, 4.903, 5.137
Mon Jan  9 11:31:45 EST 2017, 1830, 0.640, 2, 0.320, 582, 95, 11, 31, 92, 193.307, 195.730
Mon Jan  9 11:32:59 EST 2017, 2449, 0.320, 6, 0.010, 526, 90, 17, 9, 30, 64.693, 64.367
Mon Jan  9 11:33:25 EST 2017, 7399, 0.820, 1, 0.510, 376, 45, 8, 34, 75, 23.387, 23.930
Mon Jan  9 11:33:37 EST 2017, 9874, 0.070, 3, 0.260, 301, 67, 3, 22, 52, 9.790, 11.080
Mon Jan  9 11:35:08 EST 2017, 4924, 0.570, 8, 0.760, 451, 22, 13, 47, 97, 88.090, 82.597
Mon Jan  9 11:35:11 EST 2017, 3686, 0.200, 2, 0.130, 338, 11, 15, 28, 19, 2.613, 2.857
Mon Jan  9 11:35:34 EST 2017, 8636, 0.700, 7, 0.630, 488, 56, 6, 3, 64, 20.040, 20.567
Mon Jan  9 11:35:40 EST 2017, 6161, 0.450, 9, 0.380, 563, 33, 1, 40, 41, 5.130, 5.373
Mon Jan  9 11:37:10 EST 2017, 1211, 0.950, 4, 0.880, 413, 78, 10, 15, 86, 87.550, 82.743
Mon Jan  9 11:37:27 EST 2017, 902, 0.480, 1, 0.850, 329, 59, 10, 4, 78, 13.513, 16.167
Mon Jan  9 11:37:48 EST 2017, 5852, 0.980, 6, 0.350, 479, 14, 19, 29, 33, 17.760, 19.183
Mon Jan  9 11:40:14 EST 2017, 8327, 0.230, 8, 0.600, 554, 81, 14, 17, 55, 128.680, 127.520
Mon Jan  9 11:40:17 EST 2017, 3377, 0.730, 4, 0.100, 404, 36, 5, 42, 10, 3.180, 3.160
Mon Jan  9 11:42:07 EST 2017, 4614, 0.110, 7, 0.970, 592, 48, 7, 36, 89, 99.280, 98.583
Mon Jan  9 11:43:14 EST 2017, 9564, 0.610, 2, 0.470, 442, 93, 17, 11, 44, 61.830, 62.517
Mon Jan  9 11:44:07 EST 2017, 7089, 0.360, 5, 0.720, 367, 25, 12, 48, 66, 47.933, 47.117
Mon Jan  9 11:44:22 EST 2017, 2139, 0.860, 9, 0.220, 517, 70, 3, 23, 21, 9.853, 12.950
Mon Jan  9 11:47:00 EST 2017, 1521, 0.170, 3, 0.410, 460, 76, 8, 45, 94, 148.107, 138.777
Mon Jan  9 11:47:34 EST 2017, 6471, 0.670, 8, 0.910, 310, 31, 18, 20, 49, 27.613, 33.023
Mon Jan  9 11:50:50 EST 2017, 8946, 0.420, 5, 0.160, 385, 98, 13, 32, 72, 170.410, 190.573
Mon Jan  9 11:50:54 EST 2017, 3996, 0.920, 1, 0.660, 535, 53, 4, 7, 27, 3.090, 3.220
Mon Jan  9 11:51:23 EST 2017, 2758, 0.290, 9, 0.290, 423, 42, 6, 14, 83, 24.497, 28.683
Mon Jan  9 11:54:16 EST 2017, 7708, 0.790, 4, 0.790, 573, 87, 16, 39, 38, 160.307, 169.737
Mon Jan  9 11:54:24 EST 2017, 5233, 0.040, 2, 0.040, 498, 19, 11, 1, 61, 7.703, 6.270
Mon Jan  9 11:54:26 EST 2017, 283, 0.540, 6, 0.540, 348, 64, 1, 26, 16, 1.640, 1.643
Mon Jan  9 11:57:26 EST 2017, 361, 0.140, 2, 0.900, 547, 71, 16, 43, 67, 171.390, 166.300
Mon Jan  9 11:57:33 EST 2017, 5311, 0.640, 7, 0.400, 397, 26, 7, 18, 22, 5.503, 7.187
Mon Jan  9 11:58:10 EST 2017, 7786, 0.390, 9, 0.650, 322, 93, 2, 31, 90, 31.287, 32.417
Mon Jan  9 11:58:33 EST 2017, 2836, 0.890, 4, 0.150, 472, 48, 11, 6, 45, 19.357, 22.033
Mon Jan  9 11:59:32 EST 2017, 4073, 0.270, 6, 0.780, 360, 37, 18, 24, 56, 49.680, 58.487
Mon Jan  9 11:59:46 EST 2017, 9023, 0.770, 1, 0.280, 510, 82, 9, 49, 11, 11.377, 13.100
Mon Jan  9 11:59:53 EST 2017, 6548, 0.020, 3, 0.530, 585, 15, 4, 12, 78, 6.250, 6.653
Mon Jan  9 12:01:24 EST 2017, 1598, 0.520, 8, 0.030, 435, 60, 14, 37, 33, 85.493, 71.917
Mon Jan  9 12:02:25 EST 2017, 2217, 0.460, 5, 0.340, 378, 65, 15, 9, 61, 54.370, 59.257
Mon Jan  9 12:02:30 EST 2017, 7167, 0.960, 9, 0.840, 528, 20, 5, 34, 16, 3.503, 3.803
Mon Jan  9 12:02:47 EST 2017, 9642, 0.210, 7, 0.090, 453, 88, 1, 21, 84, 17.120, 17.023
Mon Jan  9 12:03:18 EST 2017, 4692, 0.710, 3, 0.590, 303, 43, 10, 46, 39, 29.267, 25.417
Mon Jan  9 12:07:06 EST 2017, 3454, 0.080, 8, 0.470, 491, 54, 17, 27, 73, 136.140, 205.110
Mon Jan  9 12:07:23 EST 2017, 8404, 0.580, 4, 0.970, 341, 99, 8, 2, 28, 12.393, 14.210
Mon Jan  9 12:07:41 EST 2017, 5929, 0.330, 2, 0.220, 416, 31, 3, 40, 95, 17.063, 14.797
Mon Jan  9 12:09:25 EST 2017, 979, 0.830, 6, 0.720, 566, 76, 13, 15, 50, 85.597, 99.983
Mon Jan  9 12:10:03 EST 2017, 1289, 0.360, 9, 0.500, 481, 96, 7, 1, 47, 28.627, 29.637
Mon Jan  9 12:12:04 EST 2017, 6239, 0.860, 5, 0.000, 331, 51, 17, 26, 92, 112.977, 111.000
Mon Jan  9 12:12:23 EST 2017, 8714, 0.110, 2, 0.750, 406, 74, 12, 13, 25, 18.213, 16.287
Mon Jan  9 12:12:39 EST 2017, 3764, 0.610, 7, 0.250, 556, 29, 2, 38, 70, 14.817, 13.323
Mon Jan  9 12:12:52 EST 2017, 5001, 0.240, 4, 0.620, 444, 17, 10, 32, 36, 11.827, 11.887
Mon Jan  9 12:15:49 EST 2017, 9951, 0.740, 8, 0.120, 594, 62, 19, 7, 81, 147.060, 169.863
Mon Jan  9 12:16:15 EST 2017, 7476, 0.490, 6, 0.870, 519, 40, 14, 45, 14, 23.063, 23.700
Mon Jan  9 12:16:31 EST 2017, 2526, 0.990, 1, 0.370, 369, 85, 5, 20, 59, 14.353, 15.110
Mon Jan  9 12:17:19 EST 2017, 1907, 0.050, 6, 0.190, 313, 79, 6, 48, 42, 39.750, 44.290
Mon Jan  9 12:18:19 EST 2017, 6857, 0.550, 2, 0.690, 463, 34, 15, 23, 87, 58.047, 54.487
Mon Jan  9 12:18:54 EST 2017, 9332, 0.300, 4, 0.440, 538, 57, 11, 35, 19, 27.610, 33.477
Mon Jan  9 12:18:55 EST 2017, 4382, 0.800, 9, 0.940, 388, 12, 1, 10, 64, 0.903, 0.840
Mon Jan  9 12:19:04 EST 2017, 3145, 0.430, 1, 0.060, 575, 23, 8, 16, 53, 7.597, 8.193
Mon Jan  9 12:24:47 EST 2017, 8095, 0.930, 5, 0.560, 425, 68, 18, 41, 98, 326.313, 301.990
Mon Jan  9 12:25:00 EST 2017, 5620, 0.180, 7, 0.310, 350, 45, 13, 4, 31, 12.083, 11.087
Mon Jan  9 12:25:58 EST 2017, 670, 0.680, 3, 0.810, 500, 90, 4, 29, 76, 54.147, 53.403
Mon Jan  9 12:26:05 EST 2017, 515, 0.380, 7, 0.480, 420, 13, 12, 22, 29, 6.627, 6.153
Mon Jan  9 12:26:26 EST 2017, 5465, 0.880, 2, 0.980, 570, 58, 2, 47, 74, 19.770, 19.273
Mon Jan  9 12:26:38 EST 2017, 7940, 0.130, 5, 0.230, 495, 36, 7, 9, 52, 12.130, 12.380
Mon Jan  9 12:30:53 EST 2017, 2990, 0.630, 9, 0.730, 345, 81, 16, 34, 97, 244.397, 236.130
Mon Jan  9 12:31:33 EST 2017, 4228, 0.000, 1, 0.360, 458, 92, 14, 41, 18, 31.773, 32.260
Mon Jan  9 12:31:46 EST 2017, 9178, 0.500, 6, 0.860, 308, 47, 4, 16, 63, 11.163, 11.533
Mon Jan  9 12:32:31 EST 2017, 6703, 0.250, 8, 0.110, 383, 69, 9, 28, 40, 40.153, 41.257
Mon Jan  9 12:33:04 EST 2017, 1753, 0.750, 3, 0.610, 533, 24, 19, 3, 85, 29.763, 29.787
Mon Jan  9 12:33:15 EST 2017, 2371, 0.190, 8, 0.790, 589, 30, 10, 25, 12, 9.960, 7.117
Mon Jan  9 12:33:21 EST 2017, 7321, 0.690, 4, 0.290, 439, 75, 1, 0, 57, 3.567, 5.387
Mon Jan  9 12:33:39 EST 2017, 9796, 0.440, 2, 0.540, 364, 52, 6, 38, 35, 15.260, 16.110
Mon Jan  9 12:37:33 EST 2017, 4846, 0.940, 6, 0.040, 514, 97, 15, 13, 80, 183.463, 221.860
Mon Jan  9 12:37:54 EST 2017, 3609, 0.320, 3, 0.920, 327, 86, 13, 6, 23, 18.833, 14.743
Mon Jan  9 12:38:16 EST 2017, 8559, 0.820, 7, 0.420, 477, 41, 3, 31, 68, 20.660, 20.573
Mon Jan  9 12:39:06 EST 2017, 6084, 0.070, 5, 0.670, 552, 64, 8, 19, 46, 42.357, 44.557
Mon Jan  9 12:39:43 EST 2017, 1134, 0.570, 1, 0.170, 402, 19, 18, 44, 91, 32.213, 35.787
Mon Jan  9 12:40:06 EST 2017, 825, 0.100, 4, 0.080, 355, 38, 3, 33, 99, 18.757, 21.280
Mon Jan  9 12:41:22 EST 2017, 5775, 0.600, 9, 0.580, 505, 83, 12, 8, 54, 69.280, 69.453
Mon Jan  9 12:42:49 EST 2017, 8250, 0.350, 7, 0.330, 580, 16, 17, 45, 77, 74.393, 79.400
Mon Jan  9 12:43:06 EST 2017, 3300, 0.850, 2, 0.830, 430, 61, 7, 20, 32, 15.283, 15.027
Mon Jan  9 12:43:47 EST 2017, 4537, 0.470, 8, 0.200, 542, 72, 5, 2, 88, 35.157, 38.550
Mon Jan  9 12:44:15 EST 2017, 9487, 0.970, 3, 0.700, 392, 27, 15, 27, 43, 23.143, 23.650
Mon Jan  9 12:45:14 EST 2017, 7012, 0.220, 1, 0.450, 317, 95, 19, 14, 66, 51.830, 58.287
Mon Jan  9 12:45:45 EST 2017, 2062, 0.720, 5, 0.950, 467, 50, 10, 39, 21, 26.407, 27.170
Mon Jan  9 12:45:56 EST 2017, 1443, 0.290, 3, 0.640, 524, 44, 2, 17, 83, 10.457, 11.270
Mon Jan  9 12:47:34 EST 2017, 6393, 0.790, 7, 0.140, 374, 89, 11, 42, 38, 85.000, 88.413
Mon Jan  9 12:47:55 EST 2017, 8868, 0.040, 9, 0.890, 449, 22, 16, 5, 60, 18.430, 18.310
Mon Jan  9 12:48:15 EST 2017, 3918, 0.540, 5, 0.390, 599, 67, 6, 30, 15, 18.090, 15.263
Mon Jan  9 12:49:22 EST 2017, 2681, 0.160, 6, 0.510, 411, 55, 4, 48, 94, 62.943, 65.183
Mon Jan  9 12:49:29 EST 2017, 7631, 0.660, 1, 0.010, 561, 10, 13, 23, 49, 5.567, 6.437
Mon Jan  9 12:53:59 EST 2017, 5156, 0.410, 4, 0.760, 486, 78, 18, 36, 71, 255.020, 243.893
Mon Jan  9 12:54:07 EST 2017, 206, 0.910, 8, 0.260, 336, 33, 9, 11, 26, 6.970, 6.583
Mon Jan  9 12:54:12 EST 2017, 245, 0.080, 6, 0.840, 471, 19, 15, 3, 23, 4.563, 4.973
Mon Jan  9 12:54:30 EST 2017, 5195, 0.580, 1, 0.340, 321, 64, 5, 28, 68, 16.007, 14.510
Mon Jan  9 12:54:33 EST 2017, 7670, 0.330, 4, 0.590, 396, 42, 1, 15, 46, 2.740, 2.660
Mon Jan  9 12:59:28 EST 2017, 2720, 0.830, 8, 0.090, 546, 87, 10, 40, 91, 256.037, 284.853
Mon Jan  9 13:00:02 EST 2017, 3957, 0.450, 2, 0.960, 433, 98, 17, 34, 12, 30.107, 30.347
Mon Jan  9 13:00:44 EST 2017, 8907, 0.950, 7, 0.460, 583, 53, 8, 9, 57, 38.033, 40.717
Mon Jan  9 13:01:15 EST 2017, 6432, 0.200, 9, 0.710, 508, 75, 3, 47, 34, 30.903, 26.423
Mon Jan  9 13:02:00 EST 2017, 1482, 0.700, 5, 0.210, 358, 30, 12, 22, 79, 38.860, 42.520
Mon Jan  9 13:02:15 EST 2017, 2101, 0.270, 7, 0.400, 302, 25, 16, 44, 17, 12.220, 13.803
Mon Jan  9 13:02:56 EST 2017, 7051, 0.770, 3, 0.900, 452, 70, 6, 19, 62, 39.577, 38.067
Mon Jan  9 13:03:00 EST 2017, 9526, 0.020, 1, 0.150, 527, 47, 2, 31, 40, 4.237, 4.453
Mon Jan  9 13:04:16 EST 2017, 4576, 0.520, 5, 0.650, 377, 92, 11, 6, 85, 69.133, 74.377
Mon Jan  9 13:05:32 EST 2017, 3338, 0.140, 4, 0.280, 565, 81, 18, 12, 29, 68.690, 68.547
Mon Jan  9 13:06:32 EST 2017, 8288, 0.640, 9, 0.780, 415, 36, 9, 37, 74, 50.777, 56.320
Mon Jan  9 13:06:40 EST 2017, 5813, 0.390, 6, 0.030, 340, 58, 4, 0, 51, 7.277, 6.920
Mon Jan  9 13:07:09 EST 2017, 863, 0.890, 2, 0.530, 490, 13, 14, 25, 96, 24.857, 25.587
Mon Jan  9 13:08:11 EST 2017, 1173, 0.420, 3, 0.740, 555, 33, 6, 39, 93, 51.370, 52.453
Mon Jan  9 13:09:34 EST 2017, 6123, 0.920, 8, 0.240, 405, 78, 15, 14, 48, 73.267, 75.593
Mon Jan  9 13:09:47 EST 2017, 8598, 0.170, 5, 0.990, 330, 11, 11, 26, 71, 11.717, 12.687
Mon Jan  9 13:09:48 EST 2017, 3648, 0.670, 1, 0.490, 480, 56, 1, 1, 26, 0.960, 0.953
Mon Jan  9 13:11:00 EST 2017, 4885, 0.050, 9, 0.620, 368, 67, 8, 20, 82, 59.410, 70.963
Mon Jan  9 13:11:46 EST 2017, 9835, 0.550, 4, 0.120, 518, 22, 18, 45, 37, 38.237, 43.213
Mon Jan  9 13:13:02 EST 2017, 7360, 0.300, 2, 0.870, 593, 89, 13, 8, 60, 65.303, 72.563
Mon Jan  9 13:13:09 EST 2017, 2410, 0.800, 7, 0.370, 443, 44, 4, 33, 15, 6.213, 6.197
Mon Jan  9 13:13:36 EST 2017, 1791, 0.230, 2, 0.060, 387, 50, 7, 11, 88, 23.663, 23.840
Mon Jan  9 13:17:18 EST 2017, 6741, 0.730, 6, 0.560, 537, 95, 17, 36, 43, 187.883, 211.853
Mon Jan  9 13:18:06 EST 2017, 9216, 0.480, 8, 0.310, 462, 28, 12, 23, 65, 39.047, 46.170
Mon Jan  9 13:18:13 EST 2017, 4266, 0.980, 4, 0.810, 312, 73, 2, 48, 20, 5.253, 6.920
Mon Jan  9 13:20:31 EST 2017, 3029, 0.360, 7, 0.180, 499, 61, 9, 30, 99, 131.980, 128.037
Mon Jan  9 13:20:40 EST 2017, 7979, 0.860, 3, 0.680, 349, 16, 19, 5, 54, 7.567, 8.020
Mon Jan  9 13:24:53 EST 2017, 5504, 0.110, 5, 0.430, 424, 84, 14, 42, 77, 229.300, 232.603
Mon Jan  9 13:25:08 EST 2017, 554, 0.610, 9, 0.930, 574, 39, 5, 17, 32, 13.873, 11.430
Mon Jan  9 13:25:57 EST 2017, 709, 0.310, 1, 0.260, 344, 77, 10, 37, 72, 44.337, 44.860
Mon Jan  9 13:25:59 EST 2017, 5659, 0.810, 5, 0.760, 494, 32, 1, 12, 27, 1.153, 1.000
Mon Jan  9 13:30:30 EST 2017, 8134, 0.060, 8, 0.010, 569, 99, 6, 49, 95, 214.437, 260.627
Mon Jan  9 13:31:36 EST 2017, 3184, 0.560, 3, 0.510, 419, 54, 15, 24, 50, 56.033, 64.780
Mon Jan  9 13:32:23 EST 2017, 4421, 0.190, 6, 0.380, 532, 43, 13, 5, 61, 41.000, 41.240
Mon Jan  9 13:32:29 EST 2017, 9371, 0.690, 2, 0.880, 382, 88, 3, 30, 16, 5.667, 5.720
Mon Jan  9 13:32:45 EST 2017, 6896, 0.440, 4, 0.130, 307, 20, 8, 18, 84, 13.303, 13.083
Mon Jan  9 13:34:50 EST 2017, 1946, 0.940, 9, 0.630, 457, 65, 17, 43, 39, 115.520, 118.400
Mon Jan  9 13:35:53 EST 2017, 2565, 0.000, 4, 0.950, 513, 60, 12, 15, 55, 58.360, 58.390
Mon Jan  9 13:35:55 EST 2017, 7515, 0.500, 8, 0.450, 363, 15, 2, 40, 10, 1.243, 1.130
Mon Jan  9 13:36:46 EST 2017, 9990, 0.250, 6, 0.700, 438, 82, 7, 2, 78, 37.553, 45.387
Mon Jan  9 13:37:11 EST 2017, 5040, 0.750, 1, 0.200, 588, 37, 16, 27, 33, 20.887, 23.433
Mon Jan  9 13:39:29 EST 2017, 3802, 0.370, 9, 0.820, 401, 49, 14, 46, 67, 125.460, 125.937
Mon Jan  9 13:39:49 EST 2017, 8752, 0.870, 5, 0.320, 551, 94, 4, 21, 22, 17.727, 16.943
Mon Jan  9 13:40:35 EST 2017, 6277, 0.120, 3, 0.570, 476, 26, 9, 33, 89, 39.197, 42.323
Mon Jan  9 13:41:28 EST 2017, 1327, 0.620, 7, 0.070, 326, 71, 19, 8, 44, 48.923, 47.870
Mon Jan  9 13:41:39 EST 2017, 1018, 0.160, 8, 0.170, 429, 91, 1, 19, 53, 10.373, 9.617
Mon Jan  9 13:44:18 EST 2017, 5968, 0.660, 3, 0.670, 579, 46, 11, 44, 98, 147.943, 153.660
Mon Jan  9 13:44:39 EST 2017, 8443, 0.410, 1, 0.420, 504, 68, 16, 7, 30, 17.957, 16.773
Mon Jan  9 13:45:00 EST 2017, 3493, 0.910, 6, 0.920, 354, 23, 6, 32, 75, 17.767, 18.960
Mon Jan  9 13:45:05 EST 2017, 4730, 0.280, 4, 0.040, 466, 12, 4, 38, 41, 4.227, 5.227
Mon Jan  9 13:46:25 EST 2017, 9680, 0.780, 9, 0.540, 316, 57, 13, 13, 86, 62.123, 74.583
Mon Jan  9 13:46:47 EST 2017, 7205, 0.030, 7, 0.290, 391, 35, 18, 26, 19, 17.480, 19.397
Mon Jan  9 13:47:17 EST 2017, 2255, 0.530, 2, 0.790, 541, 80, 9, 1, 64, 27.350, 29.043
Mon Jan  9 13:47:46 EST 2017, 1637, 0.470, 5, 0.600, 597, 85, 3, 29, 36, 26.010, 26.770
Mon Jan  9 13:48:05 EST 2017, 6587, 0.970, 1, 0.100, 447, 40, 12, 4, 81, 16.283, 17.967
Mon Jan  9 13:48:33 EST 2017, 9062, 0.220, 3, 0.850, 372, 63, 17, 41, 13, 22.700, 27.033
Mon Jan  9 13:48:46 EST 2017, 4112, 0.720, 7, 0.350, 522, 18, 7, 16, 58, 11.510, 11.250
Mon Jan  9 13:48:51 EST 2017, 2874, 0.090, 2, 0.730, 335, 29, 5, 10, 47, 4.273, 3.917
Mon Jan  9 13:54:06 EST 2017, 7824, 0.590, 6, 0.230, 485, 74, 15, 35, 92, 263.960, 293.517
Mon Jan  9 13:55:06 EST 2017, 5349, 0.340, 8, 0.980, 560, 51, 19, 22, 25, 54.753, 52.970
Mon Jan  9 13:58:16 EST 2017, 399, 0.840, 4, 0.480, 410, 96, 10, 47, 70, 159.350, 178.387
Mon Jan  9 13:59:05 EST 2017, 322, 0.450, 9, 0.100, 492, 79, 13, 31, 18, 40.710, 48.330
Mon Jan  9 13:59:09 EST 2017, 5272, 0.950, 4, 0.600, 342, 34, 3, 6, 63, 4.210, 4.047
Mon Jan  9 13:59:53 EST 2017, 7747, 0.200, 2, 0.350, 417, 56, 8, 44, 41, 37.207, 37.383
Mon Jan  9 14:00:29 EST 2017, 2797, 0.700, 6, 0.850, 567, 11, 18, 19, 86, 28.787, 34.820
Mon Jan  9 14:00:32 EST 2017, 4034, 0.070, 3, 0.220, 379, 23, 11, 0, 29, 3.123, 2.713
Mon Jan  9 14:00:48 EST 2017, 8984, 0.570, 8, 0.720, 529, 68, 1, 25, 74, 15.123, 12.857
Mon Jan  9 14:01:08 EST 2017, 6509, 0.320, 5, 0.470, 454, 45, 6, 13, 52, 16.587, 16.757
Mon Jan  9 14:02:52 EST 2017, 1559, 0.820, 1, 0.970, 304, 90, 15, 38, 97, 95.943, 95.150
Mon Jan  9 14:03:38 EST 2017, 2178, 0.130, 7, 0.660, 361, 96, 14, 16, 24, 34.867, 41.067
Mon Jan  9 14:04:16 EST 2017, 7128, 0.630, 2, 0.160, 511, 51, 5, 41, 69, 34.843, 34.687
Mon Jan  9 14:04:50 EST 2017, 9603, 0.380, 5, 0.910, 586, 73, 9, 3, 46, 30.603, 31.230
Mon Jan  9 14:06:39 EST 2017, 4653, 0.880, 9, 0.410, 436, 28, 19, 28, 91, 105.140, 98.963
Mon Jan  9 14:06:46 EST 2017, 3416, 0.260, 1, 0.530, 548, 17, 12, 47, 13, 4.520, 4.413
Mon Jan  9 14:06:59 EST 2017, 8366, 0.760, 6, 0.030, 398, 62, 2, 22, 58, 11.370, 11.940
Mon Jan  9 14:07:16 EST 2017, 5891, 0.010, 8, 0.780, 323, 39, 7, 35, 35, 15.253, 15.217
Mon Jan  9 14:09:39 EST 2017, 941, 0.510, 4, 0.280, 473, 84, 16, 10, 80, 129.857, 132.923
Mon Jan  9 14:10:29 EST 2017, 1250, 0.040, 3, 0.440, 576, 65, 4, 24, 83, 42.517, 46.443
Mon Jan  9 14:10:57 EST 2017, 6200, 0.540, 7, 0.940, 426, 20, 13, 49, 38, 25.380, 27.523
Mon Jan  9 14:13:00 EST 2017, 8675, 0.290, 9, 0.190, 351, 87, 18, 11, 60, 107.017, 111.643
Mon Jan  9 14:13:16 EST 2017, 3725, 0.790, 5, 0.690, 501, 42, 9, 36, 15, 14.953, 14.840
Mon Jan  9 14:13:40 EST 2017, 4962, 0.410, 6, 0.310, 314, 54, 2, 42, 94, 21.547, 20.863
Mon Jan  9 14:14:52 EST 2017, 9912, 0.910, 2, 0.810, 464, 99, 11, 17, 49, 56.903, 66.863
Mon Jan  9 14:16:25 EST 2017, 7437, 0.160, 4, 0.060, 539, 31, 16, 30, 72, 84.487, 87.820
Mon Jan  9 14:16:36 EST 2017, 2487, 0.660, 8, 0.560, 389, 76, 6, 5, 27, 11.057, 9.423
Mon Jan  9 14:17:47 EST 2017, 1869, 0.350, 4, 0.750, 445, 70, 5, 27, 89, 56.870, 64.290
Mon Jan  9 14:18:04 EST 2017, 6819, 0.850, 9, 0.250, 595, 25, 15, 2, 44, 15.470, 16.170
Mon Jan  9 14:25:03 EST 2017, 9294, 0.100, 7, 0.500, 520, 93, 19, 39, 66, 347.520, 392.640
Mon Jan  9 14:25:13 EST 2017, 4344, 0.600, 2, 0.000, 370, 48, 10, 14, 21, 8.140, 7.657
Mon Jan  9 14:25:27 EST 2017, 3106, 0.230, 8, 0.880, 483, 37, 3, 8, 77, 10.807, 11.843
Mon Jan  9 14:26:18 EST 2017, 8056, 0.730, 3, 0.380, 333, 82, 12, 33, 32, 47.793, 48.527
Mon Jan  9 14:26:27 EST 2017, 5581, 0.480, 1, 0.630, 408, 14, 17, 21, 55, 8.513, 8.687
Mon Jan  9 14:26:46 EST 2017, 631, 0.980, 6, 0.130, 558, 59, 8, 46, 10, 16.200, 17.773
Mon Jan  9 14:27:13 EST 2017, 477, 0.210, 5, 0.550, 319, 44, 17, 3, 59, 24.550, 25.623
Mon Jan  9 14:27:37 EST 2017, 5427, 0.710, 9, 0.050, 469, 89, 8, 28, 14, 20.910, 20.143
Mon Jan  9 14:27:48 EST 2017, 7902, 0.460, 7, 0.800, 544, 21, 3, 15, 81, 9.553, 10.363
Mon Jan  9 14:28:52 EST 2017, 2952, 0.960, 3, 0.300, 394, 66, 13, 40, 36, 57.763, 58.407
Mon Jan  9 14:32:21 EST 2017, 4189, 0.340, 8, 0.670, 581, 55, 15, 34, 70, 175.640, 185.713
Mon Jan  9 14:32:22 EST 2017, 9139, 0.840, 4, 0.170, 431, 10, 5, 9, 25, 1.177, 1.053
Mon Jan  9 14:32:37 EST 2017, 6664, 0.090, 1, 0.920, 356, 77, 1, 46, 93, 10.393, 11.510
Mon Jan  9 14:33:11 EST 2017, 1714, 0.590, 6, 0.420, 506, 32, 10, 21, 48, 29.657, 28.957
Mon Jan  9 14:35:19 EST 2017, 2333, 0.400, 2, 0.240, 450, 38, 19, 49, 76, 120.103, 119.973
Mon Jan  9 14:35:49 EST 2017, 7283, 0.900, 7, 0.740, 300, 83, 9, 24, 31, 27.377, 27.917
Mon Jan  9 14:36:04 EST 2017, 9758, 0.150, 9, 0.490, 375, 16, 4, 37, 98, 13.627, 14.097
Mon Jan  9 14:37:09 EST 2017, 4808, 0.650, 4, 0.990, 525, 61, 14, 12, 53, 62.877, 63.817
Mon Jan  9 14:39:21 EST 2017, 3570, 0.020, 5, 0.110, 412, 72, 16, 18, 65, 106.537, 119.277
Mon Jan  9 14:39:27 EST 2017, 8520, 0.520, 1, 0.610, 562, 27, 7, 43, 20, 5.780, 5.687
Mon Jan  9 14:39:49 EST 2017, 6045, 0.270, 3, 0.360, 487, 94, 2, 6, 87, 19.257, 19.747
Mon Jan  9 14:40:27 EST 2017, 1095, 0.770, 8, 0.860, 337, 49, 11, 31, 42, 32.947, 35.393
Mon Jan  9 14:40:47 EST 2017, 786, 0.300, 6, 0.890, 403, 30, 8, 42, 34, 18.643, 17.373
Mon Jan  9 14:43:37 EST 2017, 5736, 0.800, 2, 0.390, 553, 75, 18, 17, 79, 143.840, 164.990
Mon Jan  9 14:43:54 EST 2017, 8211, 0.050, 4, 0.640, 478, 52, 13, 29, 11, 13.330, 15.570
Mon Jan  9 14:44:11 EST 2017, 3261, 0.550, 9, 0.140, 328, 97, 4, 4, 56, 13.323, 16.493
Mon Jan  9 14:44:37 EST 2017, 4498, 0.180, 1, 0.770, 515, 86, 6, 23, 45, 21.140, 23.920
Mon Jan  9 14:47:11 EST 2017, 9448, 0.680, 5, 0.270, 365, 41, 16, 48, 90, 136.057, 152.503
Mon Jan  9 14:47:29 EST 2017, 6973, 0.430, 7, 0.520, 440, 63, 11, 10, 22, 14.657, 15.723
Mon Jan  9 14:47:33 EST 2017, 2023, 0.930, 3, 0.020, 590, 18, 1, 35, 67, 3.417, 3.687
Mon Jan  9 14:47:42 EST 2017, 1405, 0.120, 9, 0.330, 534, 13, 10, 7, 51, 6.830, 8.057
Mon Jan  9 14:51:28 EST 2017, 6355, 0.620, 5, 0.830, 384, 58, 19, 32, 96, 212.620, 197.330
Mon Jan  9 14:51:39 EST 2017, 8830, 0.370, 2, 0.080, 309, 35, 14, 20, 28, 9.647, 9.050
Mon Jan  9 14:53:14 EST 2017, 3880, 0.870, 7, 0.580, 459, 80, 5, 45, 73, 84.587, 91.440
Mon Jan  9 14:53:50 EST 2017, 2642, 0.490, 3, 0.450, 347, 92, 7, 26, 39, 34.560, 33.397
Mon Jan  9 14:55:00 EST 2017, 7592, 0.990, 8, 0.950, 497, 47, 17, 1, 84, 54.050, 66.947
Mon Jan  9 14:55:51 EST 2017, 5117, 0.240, 6, 0.200, 572, 69, 12, 39, 17, 43.007, 50.910
Mon Jan  9 14:55:54 EST 2017, 167, 0.740, 1, 0.700, 422, 24, 2, 14, 62, 1.923, 2.147
Mon Jan  9 14:56:26 EST 2017, 148, 0.240, 9, 0.430, 357, 58, 5, 10, 89, 23.817, 29.453
Mon Jan  9 14:56:47 EST 2017, 5098, 0.740, 5, 0.930, 507, 13, 15, 35, 44, 19.087, 18.403
Mon Jan  9 14:58:50 EST 2017, 7573, 0.490, 3, 0.180, 582, 80, 10, 23, 66, 99.663, 115.730
Mon Jan  9 14:58:53 EST 2017, 2623, 0.990, 7, 0.680, 432, 35, 1, 48, 21, 2.530, 2.177
Mon Jan  9 15:00:08 EST 2017, 3860, 0.370, 4, 0.300, 544, 47, 8, 29, 77, 69.597, 66.773
Mon Jan  9 15:00:54 EST 2017, 8810, 0.870, 8, 0.800, 394, 92, 17, 4, 32, 38.530, 44.170
Mon Jan  9 15:01:26 EST 2017, 6335, 0.120, 6, 0.050, 319, 24, 12, 42, 55, 28.913, 29.523
Mon Jan  9 15:01:28 EST 2017, 1385, 0.620, 1, 0.550, 469, 69, 3, 17, 10, 1.297, 1.200
Mon Jan  9 15:03:26 EST 2017, 2004, 0.430, 7, 0.860, 488, 75, 6, 38, 83, 108.277, 108.530
Mon Jan  9 15:03:40 EST 2017, 6954, 0.930, 2, 0.360, 338, 30, 16, 13, 38, 12.963, 12.283
Mon Jan  9 15:05:44 EST 2017, 9429, 0.180, 4, 0.610, 413, 97, 11, 26, 61, 113.740, 111.900
Mon Jan  9 15:05:46 EST 2017, 4479, 0.680, 9, 0.110, 563, 52, 2, 1, 16, 1.853, 1.693
Mon Jan  9 15:06:11 EST 2017, 3242, 0.060, 1, 0.990, 375, 41, 9, 20, 94, 21.813, 22.727
Mon Jan  9 15:10:50 EST 2017, 8192, 0.560, 5, 0.490, 525, 86, 18, 45, 49, 260.677, 260.100
Mon Jan  9 15:11:08 EST 2017, 5717, 0.310, 8, 0.740, 450, 19, 14, 7, 72, 15.727, 17.463
Mon Jan  9 15:11:17 EST 2017, 767, 0.810, 3, 0.240, 300, 64, 4, 32, 27, 8.063, 8.120
Mon Jan  9 15:12:19 EST 2017, 1076, 0.280, 2, 0.020, 441, 83, 15, 46, 24, 54.133, 57.480
Mon Jan  9 15:13:01 EST 2017, 6026, 0.780, 6, 0.520, 591, 38, 6, 21, 69, 38.820, 39.003
Mon Jan  9 15:13:12 EST 2017, 8501, 0.030, 8, 0.270, 516, 61, 1, 34, 47, 10.190, 9.630
Mon Jan  9 15:13:28 EST 2017, 3551, 0.530, 4, 0.770, 366, 16, 11, 9, 92, 13.530, 13.627
Mon Jan  9 15:13:38 EST 2017, 4788, 0.150, 5, 0.140, 479, 27, 18, 15, 13, 9.700, 8.047
Mon Jan  9 15:14:10 EST 2017, 9738, 0.650, 1, 0.640, 329, 72, 8, 40, 58, 29.600, 28.970
Mon Jan  9 15:14:14 EST 2017, 7263, 0.400, 3, 0.390, 404, 49, 3, 2, 35, 2.990, 3.513
Mon Jan  9 15:19:13 EST 2017, 2313, 0.900, 7, 0.890, 554, 94, 13, 27, 80, 272.403, 265.230
Mon Jan  9 15:19:44 EST 2017, 1695, 0.090, 5, 0.710, 572, 89, 17, 6, 18, 30.177, 29.010
Mon Jan  9 15:20:33 EST 2017, 6645, 0.590, 9, 0.210, 422, 44, 7, 31, 63, 35.857, 45.190
Mon Jan  9 15:20:42 EST 2017, 9120, 0.340, 7, 0.960, 347, 66, 2, 18, 41, 7.710, 7.093
Mon Jan  9 15:21:36 EST 2017, 4170, 0.840, 2, 0.460, 497, 21, 12, 43, 86, 47.060, 49.480
Mon Jan  9 15:21:47 EST 2017, 2932, 0.460, 8, 0.580, 310, 10, 19, 37, 30, 9.980, 9.480
Mon Jan  9 15:22:37 EST 2017, 7882, 0.960, 3, 0.080, 460, 55, 9, 12, 75, 47.580, 49.107
Mon Jan  9 15:22:53 EST 2017, 5407, 0.210, 1, 0.830, 535, 33, 5, 49, 52, 13.943, 14.543
Mon Jan  9 15:25:57 EST 2017, 457, 0.710, 6, 0.330, 385, 78, 14, 24, 97, 161.417, 177.300
Mon Jan  9 15:26:03 EST 2017, 612, 0.480, 4, 0.970, 455, 26, 1, 30, 51, 3.637, 5.440
Mon Jan  9 15:27:00 EST 2017, 5562, 0.980, 9, 0.470, 305, 71, 10, 5, 96, 49.667, 51.457
Mon Jan  9 15:27:52 EST 2017, 8037, 0.230, 6, 0.720, 380, 48, 15, 42, 28, 47.130, 45.647
Mon Jan  9 15:28:47 EST 2017, 3087, 0.730, 2, 0.220, 530, 93, 6, 17, 73, 47.800, 50.157
Mon Jan  9 15:29:01 EST 2017, 4324, 0.100, 8, 0.850, 418, 82, 3, 11, 39, 11.523, 12.533
Mon Jan  9 15:30:53 EST 2017, 9274, 0.600, 3, 0.350, 568, 37, 13, 36, 84, 101.257, 106.203
Mon Jan  9 15:31:10 EST 2017, 6799, 0.350, 1, 0.600, 493, 59, 17, 24, 17, 15.443, 14.367
Mon Jan  9 15:31:27 EST 2017, 1849, 0.850, 5, 0.100, 343, 14, 8, 49, 62, 16.007, 15.927
Mon Jan  9 15:31:29 EST 2017, 2468, 0.170, 2, 0.290, 324, 20, 2, 20, 34, 1.433, 1.253
Mon Jan  9 15:34:59 EST 2017, 7418, 0.670, 7, 0.790, 474, 65, 12, 45, 79, 185.917, 195.230
Mon Jan  9 15:35:09 EST 2017, 9893, 0.420, 9, 0.040, 549, 42, 16, 8, 11, 9.293, 9.333
Mon Jan  9 15:36:24 EST 2017, 4943, 0.920, 5, 0.540, 399, 87, 7, 33, 56, 60.123, 70.770
Mon Jan  9 15:37:32 EST 2017, 3706, 0.290, 6, 0.410, 586, 99, 4, 39, 45, 60.100, 60.853
Mon Jan  9 15:38:17 EST 2017, 8656, 0.790, 1, 0.910, 436, 54, 14, 14, 90, 40.223, 40.493
Mon Jan  9 15:39:05 EST 2017, 6181, 0.040, 4, 0.160, 361, 76, 19, 27, 23, 41.810, 44.907
Mon Jan  9 15:39:24 EST 2017, 1231, 0.540, 8, 0.660, 511, 31, 9, 2, 68, 15.357, 18.513
Mon Jan  9 15:40:46 EST 2017, 921, 0.010, 7, 0.570, 539, 51, 11, 13, 76, 71.507, 67.213
Mon Jan  9 15:40:53 EST 2017, 5871, 0.510, 3, 0.070, 389, 96, 1, 38, 31, 7.217, 6.420
Mon Jan  9 15:41:02 EST 2017, 8346, 0.260, 5, 0.820, 314, 28, 6, 0, 99, 6.843, 7.513
Mon Jan  9 15:43:30 EST 2017, 3396, 0.760, 9, 0.320, 464, 73, 16, 25, 54, 137.503, 134.767
Mon Jan  9 15:45:00 EST 2017, 4634, 0.380, 2, 0.690, 352, 62, 13, 44, 65, 88.157, 81.437
Mon Jan  9 15:45:03 EST 2017, 9584, 0.880, 6, 0.190, 502, 17, 4, 19, 20, 2.413, 2.393
Mon Jan  9 15:48:39 EST 2017, 7109, 0.130, 8, 0.940, 577, 85, 9, 31, 87, 203.343, 202.160
Mon Jan  9 15:49:06 EST 2017, 2159, 0.630, 4, 0.440, 427, 40, 18, 6, 42, 23.500, 24.677
Mon Jan  9 15:50:16 EST 2017, 1540, 0.320, 9, 0.130, 408, 34, 12, 35, 59, 55.150, 61.993
Mon Jan  9 15:50:23 EST 2017, 6490, 0.820, 4, 0.630, 558, 79, 3, 10, 14, 6.263, 4.540
Mon Jan  9 15:50:45 EST 2017, 8965, 0.070, 2, 0.380, 483, 12, 7, 47, 82, 13.643, 19.417
Mon Jan  9 15:51:33 EST 2017, 4015, 0.570, 7, 0.880, 333, 57, 17, 22, 37, 43.010, 46.387
Mon Jan  9 15:52:47 EST 2017, 2778, 0.200, 3, 0.000, 521, 68, 14, 3, 70, 67.647, 66.513
Mon Jan  9 15:52:53 EST 2017, 7728, 0.700, 8, 0.500, 371, 23, 5, 28, 25, 4.887, 4.777
Mon Jan  9 15:55:16 EST 2017, 5253, 0.450, 6, 0.250, 446, 90, 10, 16, 93, 121.423, 139.870
Mon Jan  9 15:56:26 EST 2017, 303, 0.950, 1, 0.750, 596, 45, 19, 41, 48, 62.753, 64.027
Mon Jan  9 15:56:43 EST 2017, 380, 0.350, 5, 0.620, 307, 40, 3, 26, 88, 12.990, 16.753
Mon Jan  9 15:57:00 EST 2017, 5330, 0.850, 1, 0.120, 457, 85, 13, 1, 43, 14.887, 16.703
Mon Jan  9 15:57:53 EST 2017, 7805, 0.100, 3, 0.870, 532, 18, 18, 38, 65, 43.990, 51.340
Mon Jan  9 15:58:04 EST 2017, 2855, 0.600, 8, 0.370, 382, 63, 8, 13, 20, 10.063, 10.383
Mon Jan  9 15:58:15 EST 2017, 4092, 0.220, 2, 0.500, 570, 74, 1, 7, 99, 9.167, 10.713
Mon Jan  9 15:58:52 EST 2017, 9042, 0.720, 6, 0.000, 420, 29, 10, 32, 54, 31.063, 34.960
Mon Jan  9 16:02:10 EST 2017, 6567, 0.470, 9, 0.750, 345, 97, 15, 19, 77, 157.877, 176.890
Mon Jan  9 16:02:40 EST 2017, 1617, 0.970, 4, 0.250, 495, 52, 6, 44, 32, 25.887, 27.667
Mon Jan  9 16:03:27 EST 2017, 2236, 0.030, 8, 0.060, 476, 46, 5, 22, 94, 42.327, 43.347
Mon Jan  9 16:05:50 EST 2017, 7186, 0.530, 4, 0.560, 326, 91, 14, 47, 49, 130.990, 126.977
Mon Jan  9 16:06:05 EST 2017, 9661, 0.280, 1, 0.310, 401, 23, 19, 10, 71, 11.917, 14.063
Mon Jan  9 16:06:52 EST 2017, 4711, 0.780, 6, 0.810, 551, 68, 9, 35, 26, 37.303, 43.027
Mon Jan  9 16:07:21 EST 2017, 3474, 0.410, 5, 0.180, 439, 57, 2, 41, 82, 26.530, 25.400
Mon Jan  9 16:07:32 EST 2017, 8424, 0.910, 9, 0.680, 589, 12, 12, 16, 37, 9.557, 9.403
Mon Jan  9 16:11:02 EST 2017, 5949, 0.160, 7, 0.430, 514, 80, 16, 29, 60, 189.427, 190.070
Mon Jan  9 16:11:04 EST 2017, 999, 0.660, 3, 0.930, 364, 35, 7, 4, 15, 2.003, 1.710
Mon Jan  9 16:11:08 EST 2017, 1308, 0.130, 3, 0.780, 392, 15, 13, 18, 18, 3.897, 3.427
Mon Jan  9 16:12:08 EST 2017, 6258, 0.630, 8, 0.280, 542, 60, 4, 43, 63, 56.333, 52.013
Mon Jan  9 16:12:22 EST 2017, 8733, 0.380, 6, 0.530, 467, 38, 9, 5, 40, 12.453, 12.047
Mon Jan  9 16:14:26 EST 2017, 3783, 0.880, 1, 0.030, 317, 83, 18, 30, 85, 86.790, 109.620
Mon Jan  9 16:16:26 EST 2017, 5020, 0.250, 9, 0.900, 504, 94, 11, 49, 29, 111.817, 106.390
Mon Jan  9 16:16:38 EST 2017, 9970, 0.750, 4, 0.400, 354, 49, 2, 24, 74, 10.917, 10.860
Mon Jan  9 16:17:18 EST 2017, 7495, 0.000, 2, 0.650, 429, 71, 6, 36, 51, 38.980, 32.627
Mon Jan  9 16:18:52 EST 2017, 2545, 0.500, 7, 0.150, 579, 26, 16, 11, 96, 77.780, 78.210
Mon Jan  9 16:19:07 EST 2017, 1927, 0.440, 1, 0.460, 561, 32, 15, 33, 23, 12.920, 13.313
Mon Jan  9 16:19:37 EST 2017, 6877, 0.940, 5, 0.960, 411, 77, 5, 8, 68, 26.840, 26.253
Mon Jan  9 16:20:53 EST 2017, 9352, 0.190, 7, 0.210, 336, 54, 10, 46, 46, 53.033, 65.943
Mon Jan  9 16:25:44 EST 2017, 4402, 0.690, 3, 0.710, 486, 99, 19, 21, 91, 275.847, 271.140
Mon Jan  9 16:25:54 EST 2017, 3164, 0.060, 6, 0.340, 373, 88, 12, 2, 12, 6.823, 9.360
Mon Jan  9 16:26:08 EST 2017, 8114, 0.560, 2, 0.840, 523, 43, 3, 27, 57, 14.457, 11.570
Mon Jan  9 16:26:42 EST 2017, 5639, 0.310, 4, 0.090, 598, 66, 7, 15, 35, 32.660, 26.593
Mon Jan  9 16:28:13 EST 2017, 689, 0.810, 8, 0.590, 448, 21, 17, 40, 80, 83.707, 70.343
Mon Jan  9 16:28:31 EST 2017, 535, 0.110, 1, 0.200, 509, 95, 8, 8, 36, 15.563, 16.680
Mon Jan  9 16:31:41 EST 2017, 5485, 0.610, 6, 0.700, 359, 50, 17, 33, 81, 125.107, 163.213
Mon Jan  9 16:32:03 EST 2017, 7960, 0.360, 8, 0.450, 434, 73, 13, 20, 13, 21.787, 17.853
Mon Jan  9 16:32:26 EST 2017, 3010, 0.860, 3, 0.950, 584, 28, 3, 45, 58, 19.897, 17.507
Mon Jan  9 16:32:34 EST 2017, 4247, 0.490, 7, 0.070, 396, 16, 5, 26, 47, 6.597, 6.950
Mon Jan  9 16:33:46 EST 2017, 9197, 0.990, 2, 0.570, 546, 61, 15, 1, 92, 58.723, 69.057
Mon Jan  9 16:34:23 EST 2017, 6722, 0.240, 5, 0.320, 471, 39, 10, 39, 25, 25.457, 34.307
Mon Jan  9 16:34:34 EST 2017, 1772, 0.740, 9, 0.820, 321, 84, 1, 14, 70, 7.507, 8.023
Mon Jan  9 16:35:36 EST 2017, 2391, 0.300, 3, 0.510, 340, 78, 9, 42, 53, 60.633, 59.287
Mon Jan  9 16:37:27 EST 2017, 7341, 0.800, 7, 0.010, 490, 33, 18, 17, 98, 104.887, 99.707
Mon Jan  9 16:38:34 EST 2017, 9816, 0.050, 5, 0.760, 565, 56, 14, 29, 30, 60.940, 59.060
Mon Jan  9 16:38:36 EST 2017, 4866, 0.550, 1, 0.260, 415, 11, 4, 4, 75, 1.300, 1.247
Mon Jan  9 16:38:50 EST 2017, 3628, 0.170, 9, 0.640, 528, 22, 7, 23, 42, 12.837, 13.140
Mon Jan  9 16:42:48 EST 2017, 8578, 0.670, 4, 0.140, 378, 67, 16, 48, 87, 211.687, 215.137
Mon Jan  9 16:42:55 EST 2017, 6103, 0.420, 2, 0.890, 303, 45, 11, 11, 19, 4.393, 5.957
Mon Jan  9 16:43:40 EST 2017, 1153, 0.920, 6, 0.390, 453, 90, 2, 36, 64, 30.130, 39.360
Mon Jan  9 16:48:52 EST 2017, 844, 0.390, 8, 0.360, 593, 70, 18, 47, 56, 299.503, 270.217
Mon Jan  9 16:48:56 EST 2017, 5794, 0.890, 3, 0.860, 443, 25, 8, 22, 11, 3.097, 3.423
Mon Jan  9 16:49:31 EST 2017, 8269, 0.140, 1, 0.110, 368, 92, 4, 34, 78, 32.670, 26.907
Mon Jan  9 16:49:56 EST 2017, 3319, 0.640, 5, 0.610, 518, 47, 13, 9, 33, 21.507, 23.917
Mon Jan  9 16:50:31 EST 2017, 4556, 0.020, 4, 0.480, 331, 36, 16, 15, 67, 30.220, 33.620
Mon Jan  9 16:51:04 EST 2017, 9506, 0.520, 9, 0.980, 481, 81, 6, 40, 22, 31.960, 27.277
Mon Jan  9 16:51:06 EST 2017, 7031, 0.270, 7, 0.230, 556, 14, 1, 3, 89, 1.997, 1.507
Mon Jan  9 16:51:55 EST 2017, 2081, 0.770, 2, 0.730, 406, 59, 11, 28, 44, 40.343, 39.663
Mon Jan  9 16:53:06 EST 2017, 1463, 0.200, 6, 0.920, 425, 64, 19, 0, 73, 66.150, 63.163
Mon Jan  9 16:53:16 EST 2017, 6413, 0.700, 2, 0.420, 575, 19, 10, 25, 28, 8.123, 8.873
Mon Jan  9 16:54:23 EST 2017, 8888, 0.450, 4, 0.670, 500, 87, 5, 12, 95, 59.820, 65.527
Mon Jan  9 16:55:22 EST 2017, 3938, 0.950, 8, 0.170, 350, 42, 14, 37, 50, 55.443, 54.673
Mon Jan  9 16:57:17 EST 2017, 2700, 0.330, 3, 0.790, 462, 53, 17, 31, 61, 107.800, 97.503
Mon Jan  9 16:57:28 EST 2017, 7650, 0.830, 7, 0.290, 312, 98, 7, 6, 16, 6.647, 9.620
Mon Jan  9 16:57:48 EST 2017, 5175, 0.080, 9, 0.540, 387, 31, 2, 43, 84, 14.487, 15.023
Mon Jan  9 16:59:01 EST 2017, 225, 0.580, 5, 0.040, 537, 76, 12, 18, 39, 68.393, 62.593
Mon Jan  9 16:59:19 EST 2017, 187, 0.410, 2, 0.620, 384, 89, 5, 14, 41, 14.430, 17.500
Mon Jan  9 17:03:08 EST 2017, 5137, 0.910, 7, 0.120, 534, 44, 14, 39, 86, 167.320, 197.933
Mon Jan  9 17:03:28 EST 2017, 7612, 0.160, 9, 0.870, 459, 67, 19, 2, 19, 16.943, 17.537
Mon Jan  9 17:03:50 EST 2017, 2662, 0.660, 5, 0.370, 309, 22, 9, 27, 64, 20.763, 16.917
Mon Jan  9 17:03:54 EST 2017, 3899, 0.040, 6, 0.740, 496, 10, 2, 45, 52, 3.610, 3.203
Mon Jan  9 17:04:36 EST 2017, 8849, 0.540, 1, 0.240, 346, 55, 12, 20, 97, 40.193, 38.163
Mon Jan  9 17:05:02 EST 2017, 6374, 0.290, 3, 0.990, 421, 33, 16, 33, 30, 24.310, 24.147
Mon Jan  9 17:06:07 EST 2017, 1424, 0.790, 8, 0.490, 571, 78, 7, 8, 75, 56.290, 64.180
Mon Jan  9 17:06:47 EST 2017, 2043, 0.220, 4, 0.180, 552, 84, 3, 36, 47, 34.420, 35.643
Mon Jan  9 17:07:49 EST 2017, 6993, 0.720, 8, 0.680, 402, 39, 13, 11, 92, 54.230, 57.153
Mon Jan  9 17:08:50 EST 2017, 9468, 0.470, 6, 0.430, 327, 61, 18, 48, 24, 49.953, 56.270
Mon Jan  9 17:09:03 EST 2017, 4518, 0.970, 2, 0.930, 477, 16, 8, 23, 69, 11.150, 11.440
Mon Jan  9 17:09:04 EST 2017, 3280, 0.350, 7, 0.050, 365, 27, 1, 5, 36, 0.847, 1.023
Mon Jan  9 17:11:36 EST 2017, 8230, 0.850, 3, 0.550, 515, 72, 11, 30, 81, 127.973, 144.557
Mon Jan  9 17:11:46 EST 2017, 5755, 0.100, 1, 0.300, 590, 50, 15, 17, 13, 8.557, 9.310
Mon Jan  9 17:13:47 EST 2017, 805, 0.600, 5, 0.800, 440, 95, 6, 42, 58, 84.033, 107.640
Mon Jan  9 17:15:35 EST 2017, 1115, 0.070, 9, 0.960, 318, 75, 15, 28, 61, 90.887, 102.343
Mon Jan  9 17:15:38 EST 2017, 6065, 0.570, 4, 0.460, 468, 30, 5, 3, 16, 1.783, 1.810
Mon Jan  9 17:19:07 EST 2017, 8540, 0.320, 2, 0.710, 543, 98, 10, 41, 83, 188.167, 185.647
Mon Jan  9 17:20:00 EST 2017, 3590, 0.820, 6, 0.210, 393, 53, 19, 16, 38, 45.990, 50.867
Mon Jan  9 17:20:43 EST 2017, 4827, 0.440, 3, 0.840, 580, 41, 12, 9, 72, 38.110, 40.397
Mon Jan  9 17:21:02 EST 2017, 9777, 0.940, 8, 0.340, 430, 86, 3, 34, 27, 16.110, 17.990
Mon Jan  9 17:21:24 EST 2017, 7302, 0.190, 5, 0.590, 355, 19, 8, 22, 95, 17.713, 21.123
Mon Jan  9 17:23:07 EST 2017, 2352, 0.690, 1, 0.090, 505, 64, 17, 47, 50, 79.683, 90.513
Mon Jan  9 17:25:28 EST 2017, 1733, 0.260, 7, 0.270, 487, 58, 14, 19, 67, 108.577, 127.187
Mon Jan  9 17:25:31 EST 2017, 6683, 0.760, 3, 0.770, 337, 13, 4, 44, 22, 2.143, 1.980
Mon Jan  9 17:26:46 EST 2017, 9158, 0.010, 5, 0.020, 412, 81, 9, 6, 89, 61.637, 71.207
Mon Jan  9 17:28:14 EST 2017, 4208, 0.510, 9, 0.520, 562, 36, 18, 31, 44, 77.340, 79.847
Mon Jan  9 17:28:45 EST 2017, 2971, 0.130, 1, 0.400, 449, 47, 11, 37, 55, 28.093, 29.640
Mon Jan  9 17:28:49 EST 2017, 7921, 0.630, 6, 0.900, 599, 92, 2, 12, 10, 3.273, 3.180
Mon Jan  9 17:29:19 EST 2017, 5446, 0.380, 8, 0.150, 524, 25, 6, 25, 78, 28.310, 25.550
Mon Jan  9 17:29:41 EST 2017, 496, 0.880, 4, 0.650, 374, 70, 16, 0, 33, 20.130, 17.930
Mon Jan  9 17:31:23 EST 2017, 651, 0.180, 7, 0.040, 585, 34, 9, 44, 82, 93.477, 91.537
Mon Jan  9 17:32:30 EST 2017, 5601, 0.680, 2, 0.540, 435, 79, 19, 19, 37, 60.620, 63.840
Mon Jan  9 17:32:46 EST 2017, 8076, 0.430, 4, 0.290, 360, 12, 14, 32, 60, 14.467, 15.063
Mon Jan  9 17:32:50 EST 2017, 3126, 0.930, 9, 0.790, 510, 57, 4, 7, 15, 3.557, 3.470
Mon Jan  9 17:33:13 EST 2017, 4363, 0.300, 1, 0.160, 323, 68, 7, 13, 93, 22.170, 20.987
Mon Jan  9 17:34:06 EST 2017, 9313, 0.800, 6, 0.660, 473, 23, 16, 38, 48, 45.520, 49.397
Mon Jan  9 17:35:39 EST 2017, 6838, 0.050, 8, 0.410, 548, 91, 11, 1, 71, 80.400, 85.920
Mon Jan  9 17:35:43 EST 2017, 1888, 0.550, 3, 0.910, 398, 46, 2, 26, 26, 3.613, 3.740
Mon Jan  9 17:36:26 EST 2017, 2507, 0.490, 9, 0.730, 416, 51, 8, 4, 99, 37.060, 35.900
Mon Jan  9 17:40:47 EST 2017, 7457, 0.990, 5, 0.230, 566, 96, 17, 29, 54, 246.867, 246.327
Mon Jan  9 17:41:29 EST 2017, 9932, 0.240, 3, 0.980, 491, 29, 13, 16, 76, 39.733, 36.133
Mon Jan  9 17:41:46 EST 2017, 4982, 0.740, 7, 0.480, 341, 74, 3, 41, 31, 16.460, 14.450
Mon Jan  9 17:42:52 EST 2017, 3744, 0.120, 4, 0.600, 454, 62, 5, 35, 88, 59.987, 62.947
Mon Jan  9 17:43:01 EST 2017, 8694, 0.620, 8, 0.100, 304, 17, 15, 10, 43, 7.197, 7.177
Mon Jan  9 17:45:39 EST 2017, 6219, 0.370, 6, 0.850, 379, 85, 10, 48, 65, 141.527, 142.297
Mon Jan  9 17:45:43 EST 2017, 1269, 0.870, 2, 0.350, 529, 40, 1, 23, 20, 2.313, 2.220
Mon Jan  9 17:45:49 EST 2017, 960, 0.330, 5, 0.380, 520, 20, 19, 12, 12, 5.027, 5.520
Mon Jan  9 17:47:16 EST 2017, 5910, 0.830, 9, 0.880, 370, 65, 10, 37, 57, 75.923, 84.197
Mon Jan  9 17:47:31 EST 2017, 8385, 0.080, 7, 0.130, 445, 43, 5, 24, 34, 12.623, 13.997
Mon Jan  9 17:52:37 EST 2017, 3435, 0.580, 2, 0.630, 595, 88, 14, 49, 79, 277.180, 269.170
Mon Jan  9 17:54:07 EST 2017, 4672, 0.210, 8, 0.260, 407, 99, 17, 30, 23, 88.620, 74.430
Mon Jan  9 17:54:40 EST 2017, 9622, 0.710, 4, 0.760, 557, 54, 7, 5, 68, 29.613, 30.087
Mon Jan  9 17:54:55 EST 2017, 7147, 0.460, 1, 0.010, 482, 77, 3, 43, 45, 12.240, 13.093
Mon Jan  9 17:55:38 EST 2017, 2197, 0.960, 6, 0.510, 332, 32, 12, 18, 90, 37.403, 39.260
Mon Jan  9 17:55:59 EST 2017, 1579, 0.020, 2, 0.820, 351, 26, 18, 40, 29, 18.400, 19.477
Mon Jan  9 17:57:13 EST 2017, 6529, 0.520, 6, 0.320, 501, 71, 8, 15, 74, 68.817, 70.587
Mon Jan  9 17:57:44 EST 2017, 9004, 0.270, 9, 0.570, 576, 48, 4, 27, 51, 29.600, 27.740
Mon Jan  9 17:59:36 EST 2017, 4054, 0.770, 4, 0.070, 426, 93, 13, 2, 96, 93.630, 108.753
Mon Jan  9 18:00:28 EST 2017, 2816, 0.400, 5, 0.950, 538, 82, 16, 21, 17, 41.097, 47.510
Mon Jan  9 18:00:45 EST 2017, 7766, 0.900, 1, 0.450, 388, 37, 6, 46, 62, 15.197, 14.587
Mon Jan  9 18:00:47 EST 2017, 5291, 0.150, 3, 0.700, 313, 60, 1, 9, 40, 1.780, 1.640
Mon Jan  9 18:01:24 EST 2017, 341, 0.650, 7, 0.200, 463, 15, 11, 34, 85, 28.493, 32.197
Mon Jan  9 18:01:49 EST 2017, 264, 0.040, 3, 0.310, 433, 31, 7, 48, 45, 22.630, 22.350
Mon Jan  9 18:06:54 EST 2017, 5214, 0.540, 7, 0.810, 583, 76, 16, 23, 90, 277.070, 290.850
Mon Jan  9 18:07:34 EST 2017, 7689, 0.290, 5, 0.060, 508, 53, 11, 35, 22, 31.013, 31.587
Mon Jan  9 18:07:42 EST 2017, 2739, 0.790, 1, 0.560, 358, 98, 2, 10, 67, 6.713, 7.967
Mon Jan  9 18:08:32 EST 2017, 3976, 0.420, 8, 0.440, 470, 87, 9, 17, 33, 39.690, 44.150
Mon Jan  9 18:10:28 EST 2017, 8926, 0.920, 4, 0.940, 320, 42, 18, 42, 78, 107.950, 107.883
Mon Jan  9 18:10:33 EST 2017, 6451, 0.170, 2, 0.190, 395, 65, 14, 4, 11, 5.070, 4.773
Mon Jan  9 18:10:46 EST 2017, 1501, 0.670, 6, 0.690, 545, 20, 4, 29, 56, 11.700, 12.923
Mon Jan  9 18:10:48 EST 2017, 2120, 0.360, 1, 0.870, 564, 14, 5, 1, 39, 1.160, 0.990
Mon Jan  9 18:13:19 EST 2017, 7070, 0.860, 6, 0.370, 414, 59, 15, 26, 84, 134.537, 149.370
Mon Jan  9 18:13:26 EST 2017, 9545, 0.110, 8, 0.620, 339, 36, 10, 14, 17, 6.330, 6.350
Mon Jan  9 18:13:42 EST 2017, 4595, 0.610, 3, 0.120, 489, 81, 1, 39, 62, 15.060, 12.897
Mon Jan  9 18:14:52 EST 2017, 3358, 0.230, 7, 0.750, 302, 93, 8, 32, 50, 58.987, 60.260
Mon Jan  9 18:16:02 EST 2017, 8308, 0.730, 2, 0.250, 452, 48, 17, 7, 95, 64.383, 60.523
Mon Jan  9 18:17:22 EST 2017, 5833, 0.480, 4, 0.500, 527, 70, 12, 45, 28, 69.663, 71.210
Mon Jan  9 18:17:31 EST 2017, 883, 0.980, 9, 0.000, 377, 25, 3, 20, 73, 7.447, 7.387
Mon Jan  9 18:18:14 EST 2017, 1192, 0.450, 6, 0.220, 367, 45, 17, 6, 70, 36.873, 40.357
Mon Jan  9 18:18:32 EST 2017, 6142, 0.950, 1, 0.720, 517, 90, 7, 31, 25, 15.610, 16.513
Mon Jan  9 18:18:42 EST 2017, 8617, 0.200, 4, 0.470, 592, 22, 2, 18, 93, 8.490, 8.880
Mon Jan  9 18:20:46 EST 2017, 3667, 0.700, 8, 0.970, 442, 67, 12, 43, 48, 107.987, 112.403
Mon Jan  9 18:22:35 EST 2017, 4904, 0.080, 2, 0.090, 555, 56, 19, 25, 59, 98.987, 103.490
Mon Jan  9 18:22:35 EST 2017, 9854, 0.580, 7, 0.590, 405, 11, 9, 0, 14, 0.807, 0.683
Mon Jan  9 18:23:45 EST 2017, 7379, 0.330, 9, 0.340, 330, 79, 5, 37, 81, 61.630, 66.367
Mon Jan  9 18:24:07 EST 2017, 2429, 0.830, 5, 0.840, 480, 34, 14, 12, 36, 21.193, 20.777
Mon Jan  9 18:26:22 EST 2017, 1811, 0.140, 8, 0.530, 498, 39, 15, 40, 64, 117.827, 117.167
Mon Jan  9 18:26:32 EST 2017, 6761, 0.640, 3, 0.030, 348, 84, 6, 15, 19, 8.453, 9.583
Mon Jan  9 18:26:34 EST 2017, 9236, 0.390, 1, 0.780, 423, 17, 1, 28, 87, 1.557, 1.560
Mon Jan  9 18:27:10 EST 2017, 4286, 0.890, 5, 0.280, 573, 62, 11, 3, 42, 30.710, 31.227
Mon Jan  9 18:29:53 EST 2017, 3048, 0.260, 4, 0.660, 386, 73, 18, 21, 76, 142.940, 150.307
Mon Jan  9 18:30:22 EST 2017, 7998, 0.760, 9, 0.160, 536, 28, 8, 46, 31, 24.040, 27.100
Mon Jan  9 18:31:21 EST 2017, 5523, 0.010, 6, 0.910, 461, 96, 4, 9, 98, 53.857, 47.313
Mon Jan  9 18:32:06 EST 2017, 573, 0.510, 2, 0.410, 311, 51, 13, 34, 53, 39.300, 39.760
Mon Jan  9 18:32:36 EST 2017, 419, 0.280, 8, 0.770, 531, 63, 2, 16, 94, 25.897, 24.707
Mon Jan  9 18:33:06 EST 2017, 5369, 0.780, 4, 0.270, 381, 18, 12, 41, 49, 26.313, 18.690
Mon Jan  9 18:33:41 EST 2017, 7844, 0.030, 1, 0.520, 306, 86, 16, 3, 71, 31.000, 33.853
Mon Jan  9 18:33:58 EST 2017, 2894, 0.530, 6, 0.020, 456, 41, 7, 28, 26, 14.160, 15.613
Mon Jan  9 18:34:39 EST 2017, 4131, 0.150, 5, 0.890, 344, 52, 4, 47, 83, 39.860, 35.613
Mon Jan  9 18:36:39 EST 2017, 9081, 0.650, 9, 0.390, 494, 97, 14, 22, 38, 105.780, 104.903
Mon Jan  9 18:38:30 EST 2017, 6606, 0.400, 7, 0.640, 569, 29, 19, 35, 60, 99.697, 106.283
Mon Jan  9 18:38:37 EST 2017, 1656, 0.900, 3, 0.140, 419, 74, 9, 10, 15, 6.877, 6.893
Sat Jun 17 22:25:03 EDT 2017, 0.430, 1, 9, 0.660, 5, 3, 13, 375, 56, 8, 37, 90, 15.350, 14.797
Sat Jun 17 22:25:09 EDT 2017, 0.930, 6, 5, 0.160, 1, 8, 58, 525, 11, 17, 12, 45, 5.393, 4.807
Sat Jun 17 22:25:26 EDT 2017, 0.680, 3, 2, 0.910, 3, 1, 81, 300, 79, 13, 49, 22, 16.773, 14.207
Sat Jun 17 22:25:30 EDT 2017, 0.180, 8, 7, 0.410, 8, 6, 36, 450, 34, 3, 24, 67, 3.967, 3.740
Sat Jun 17 22:26:15 EDT 2017, 0.120, 2, 1, 0.230, 9, 5, 30, 319, 62, 11, 21, 62, 44.270, 43.013
Sat Jun 17 22:26:16 EDT 2017, 0.620, 6, 5, 0.730, 5, 1, 75, 469, 17, 2, 46, 17, 0.657, 0.597
Sat Jun 17 22:26:26 EDT 2017, 0.870, 4, 8, 0.480, 2, 7, 98, 394, 85, 7, 8, 39, 9.883, 9.220
Sat Jun 17 22:27:23 EDT 2017, 0.370, 8, 3, 0.980, 7, 3, 53, 544, 40, 16, 33, 84, 54.747, 55.980
Sat Jun 17 22:27:34 EDT 2017, 0.250, 3, 6, 0.100, 1, 4, 19, 506, 73, 9, 2, 28, 10.987, 10.347
Sat Jun 17 22:28:10 EDT 2017, 0.750, 7, 2, 0.600, 6, 8, 64, 356, 28, 19, 27, 73, 34.900, 30.620
Sat Jun 17 22:30:24 EDT 2017, 0.500, 1, 4, 0.350, 8, 2, 86, 581, 96, 14, 15, 95, 131.410, 130.437
Sat Jun 17 22:30:30 EDT 2017, 0.000, 5, 9, 0.850, 4, 6, 41, 431, 51, 4, 40, 50, 5.593, 5.427
Sat Jun 17 22:31:02 EDT 2017, 0.000, 3, 4, 0.150, 9, 4, 74, 427, 65, 13, 45, 54, 30.537, 28.770
Sat Jun 17 22:31:07 EDT 2017, 0.500, 7, 8, 0.650, 4, 9, 29, 577, 20, 4, 20, 99, 4.990, 4.783
Sat Jun 17 22:31:31 EDT 2017, 0.750, 1, 6, 0.400, 2, 2, 52, 352, 87, 8, 33, 76, 23.647, 23.133
Sat Jun 17 22:31:59 EDT 2017, 0.250, 5, 2, 0.900, 6, 7, 97, 502, 42, 18, 8, 31, 28.013, 24.620
Sat Jun 17 22:32:23 EDT 2017, 0.370, 2, 9, 0.020, 1, 6, 63, 539, 76, 6, 27, 87, 21.680, 22.110
Sat Jun 17 22:32:33 EDT 2017, 0.870, 6, 5, 0.520, 5, 1, 18, 389, 31, 16, 2, 42, 9.753, 9.383
Sat Jun 17 22:32:51 EDT 2017, 0.620, 4, 3, 0.270, 7, 8, 40, 464, 99, 11, 39, 20, 17.930, 17.283
Sat Jun 17 22:32:53 EDT 2017, 0.120, 8, 7, 0.770, 3, 3, 85, 314, 54, 1, 14, 65, 1.900, 1.807
Sat Jun 17 22:35:15 EDT 2017, 0.190, 1, 1, 0.580, 5, 3, 68, 483, 71, 14, 17, 70, 122.283, 114.247
Sat Jun 17 22:35:17 EDT 2017, 0.690, 6, 5, 0.080, 9, 7, 23, 333, 26, 5, 42, 25, 2.303, 2.163
Sat Jun 17 22:35:43 EDT 2017, 0.940, 3, 8, 0.830, 7, 1, 46, 558, 93, 10, 5, 48, 24.877, 23.787
Sat Jun 17 22:36:58 EDT 2017, 0.440, 8, 3, 0.330, 2, 5, 91, 408, 48, 19, 30, 93, 66.513, 69.637
Sat Jun 17 22:37:02 EDT 2017, 0.310, 4, 7, 0.710, 6, 6, 57, 371, 59, 7, 11, 14, 4.030, 3.830
Sat Jun 17 22:37:19 EDT 2017, 0.810, 9, 2, 0.210, 1, 2, 12, 521, 14, 17, 36, 59, 16.940, 14.227
Sat Jun 17 22:38:22 EDT 2017, 0.560, 2, 4, 0.960, 3, 8, 35, 446, 82, 12, 23, 82, 60.707, 56.803
Sat Jun 17 22:38:24 EDT 2017, 0.060, 7, 9, 0.460, 8, 4, 80, 596, 37, 2, 48, 37, 1.980, 1.870
Sat Jun 17 22:38:50 EDT 2017, 0.090, 2, 5, 0.300, 7, 2, 32, 511, 40, 15, 25, 68, 26.077, 25.280
Sat Jun 17 22:39:03 EDT 2017, 0.590, 7, 1, 0.800, 2, 6, 77, 361, 85, 5, 0, 23, 12.577, 11.300
Sat Jun 17 22:39:05 EDT 2017, 0.840, 5, 3, 0.050, 4, 4, 99, 586, 17, 1, 38, 45, 1.397, 1.250
Sat Jun 17 22:39:34 EDT 2017, 0.340, 9, 7, 0.550, 9, 9, 54, 436, 62, 10, 13, 90, 27.990, 27.507
Sat Jun 17 22:39:36 EDT 2017, 0.470, 4, 2, 0.430, 3, 8, 21, 324, 51, 3, 44, 11, 1.837, 1.650
Sat Jun 17 22:40:19 EDT 2017, 0.970, 8, 6, 0.930, 8, 3, 66, 474, 96, 13, 19, 56, 40.560, 40.460
Sat Jun 17 22:40:31 EDT 2017, 0.720, 1, 9, 0.180, 5, 5, 88, 399, 28, 17, 31, 79, 11.777, 11.607
Sat Jun 17 22:40:48 EDT 2017, 0.220, 6, 4, 0.680, 1, 1, 43, 549, 73, 8, 6, 34, 17.247, 16.137
Sat Jun 17 22:41:01 EDT 2017, 0.150, 4, 8, 0.990, 3, 1, 26, 380, 45, 16, 9, 51, 12.420, 11.977
Sat Jun 17 22:42:21 EDT 2017, 0.650, 9, 3, 0.490, 7, 6, 71, 530, 90, 7, 34, 96, 72.270, 72.663
Sat Jun 17 22:42:25 EDT 2017, 0.900, 2, 1, 0.740, 9, 4, 94, 305, 23, 2, 22, 73, 4.360, 3.843
Sat Jun 17 22:42:37 EDT 2017, 0.400, 6, 6, 0.240, 5, 8, 49, 455, 68, 11, 47, 28, 11.193, 10.643
Sat Jun 17 22:42:47 EDT 2017, 0.280, 1, 5, 0.870, 8, 9, 15, 568, 34, 4, 16, 84, 9.577, 8.840
Sat Jun 17 22:43:03 EDT 2017, 0.780, 5, 9, 0.370, 4, 5, 60, 418, 79, 14, 41, 39, 15.827, 15.257
Sat Jun 17 22:43:05 EDT 2017, 0.530, 3, 7, 0.620, 2, 7, 83, 493, 12, 18, 3, 17, 1.773, 1.583
Sat Jun 17 22:43:35 EDT 2017, 0.030, 8, 2, 0.120, 6, 2, 38, 343, 57, 9, 28, 62, 28.943, 25.370
Sat Jun 17 22:43:38 EDT 2017, 0.040, 1, 7, 0.690, 3, 8, 95, 525, 13, 13, 43, 41, 3.493, 3.253
Sat Jun 17 22:43:52 EDT 2017, 0.540, 5, 3, 0.190, 8, 3, 50, 375, 58, 3, 18, 86, 13.127, 12.733
Sat Jun 17 22:44:18 EDT 2017, 0.790, 3, 1, 0.940, 6, 6, 28, 450, 35, 8, 31, 63, 26.333, 24.260
Sat Jun 17 22:44:28 EDT 2017, 0.290, 7, 5, 0.440, 1, 1, 73, 300, 80, 18, 6, 18, 9.257, 8.810
Sat Jun 17 22:44:37 EDT 2017, 0.420, 4, 4, 0.570, 7, 2, 84, 413, 24, 6, 37, 97, 9.493, 8.860
Sat Jun 17 22:45:07 EDT 2017, 0.920, 9, 8, 0.070, 2, 7, 39, 563, 69, 15, 12, 52, 28.863, 28.457
Sat Jun 17 22:45:13 EDT 2017, 0.670, 2, 6, 0.820, 4, 5, 16, 338, 47, 10, 49, 30, 5.403, 4.933
Sat Jun 17 22:45:27 EDT 2017, 0.170, 6, 2, 0.320, 9, 9, 61, 488, 92, 1, 24, 75, 13.880, 11.940
Sat Jun 17 22:45:38 EDT 2017, 0.230, 3, 6, 0.010, 7, 9, 90, 357, 30, 14, 21, 58, 9.917, 9.260
Sat Jun 17 22:45:46 EDT 2017, 0.730, 8, 1, 0.510, 3, 4, 45, 507, 75, 5, 46, 13, 8.547, 7.587
Sat Jun 17 22:45:59 EDT 2017, 0.980, 1, 3, 0.260, 1, 6, 22, 432, 52, 9, 9, 35, 12.577, 11.673
Sat Jun 17 22:47:40 EDT 2017, 0.480, 6, 8, 0.760, 5, 2, 67, 582, 97, 19, 34, 80, 95.023, 86.033
Sat Jun 17 22:47:45 EDT 2017, 0.360, 2, 2, 0.130, 2, 1, 78, 469, 19, 7, 2, 24, 4.350, 3.763
Sat Jun 17 22:48:10 EDT 2017, 0.860, 7, 7, 0.630, 6, 5, 33, 319, 64, 16, 27, 69, 23.820, 23.517
Sat Jun 17 22:48:33 EDT 2017, 0.610, 5, 9, 0.380, 8, 3, 11, 544, 41, 12, 15, 92, 21.710, 21.567
Sat Jun 17 22:48:40 EDT 2017, 0.110, 9, 4, 0.880, 4, 7, 56, 394, 86, 2, 40, 47, 7.193, 6.417
Sat Jun 17 22:50:20 EDT 2017, 0.080, 5, 1, 0.850, 1, 5, 53, 329, 78, 16, 35, 55, 89.113, 83.483
Sat Jun 17 22:50:22 EDT 2017, 0.580, 9, 6, 0.350, 6, 1, 98, 479, 33, 6, 10, 10, 1.973, 1.863
Sat Jun 17 22:50:24 EDT 2017, 0.830, 3, 8, 0.600, 8, 8, 76, 404, 55, 2, 48, 32, 1.687, 1.620
Sat Jun 17 22:50:31 EDT 2017, 0.330, 7, 4, 0.100, 4, 3, 31, 554, 10, 11, 23, 77, 6.630, 5.890
Sat Jun 17 22:50:35 EDT 2017, 0.450, 1, 7, 0.970, 9, 4, 42, 516, 89, 4, 41, 21, 4.247, 3.910
Sat Jun 17 22:51:11 EDT 2017, 0.950, 6, 2, 0.470, 5, 9, 87, 366, 44, 13, 16, 66, 35.613, 32.080
Sat Jun 17 22:52:45 EDT 2017, 0.700, 4, 5, 0.720, 3, 2, 64, 591, 66, 18, 29, 89, 90.483, 87.850
Sat Jun 17 22:52:49 EDT 2017, 0.200, 8, 9, 0.220, 7, 7, 19, 441, 21, 9, 4, 44, 3.840, 3.840
Sat Jun 17 22:53:57 EDT 2017, 0.140, 2, 3, 0.410, 5, 7, 47, 572, 94, 17, 1, 38, 64.597, 64.900
Sat Jun 17 22:54:10 EDT 2017, 0.640, 7, 8, 0.910, 1, 3, 92, 422, 49, 7, 26, 83, 13.247, 12.837
Sat Jun 17 22:54:21 EDT 2017, 0.890, 4, 5, 0.160, 3, 9, 70, 497, 72, 3, 13, 61, 11.070, 10.447
Sat Jun 17 22:54:27 EDT 2017, 0.390, 9, 1, 0.660, 8, 5, 25, 347, 27, 12, 38, 16, 5.570, 4.953
Sat Jun 17 22:54:43 EDT 2017, 0.260, 3, 9, 0.290, 4, 4, 36, 385, 83, 5, 20, 94, 15.733, 15.417
Sat Jun 17 22:55:05 EDT 2017, 0.760, 8, 4, 0.790, 9, 8, 81, 535, 38, 15, 45, 49, 22.477, 20.900
Sat Jun 17 22:55:28 EDT 2017, 0.510, 1, 2, 0.040, 6, 1, 59, 310, 61, 19, 7, 27, 22.347, 19.530
Sat Jun 17 22:55:34 EDT 2017, 0.010, 5, 6, 0.540, 2, 6, 14, 460, 16, 10, 32, 72, 5.860, 5.377
Sat Jun 17 22:59:02 EDT 2017, 0.020, 2, 2, 0.900, 8, 7, 83, 561, 67, 19, 13, 94, 186.463, 186.280
Sat Jun 17 22:59:06 EDT 2017, 0.520, 6, 7, 0.400, 3, 2, 38, 411, 22, 9, 38, 49, 4.633, 4.327
Sat Jun 17 22:59:11 EDT 2017, 0.770, 4, 9, 0.650, 1, 9, 16, 486, 90, 4, 0, 26, 4.487, 4.373
Sat Jun 17 22:59:35 EDT 2017, 0.270, 9, 4, 0.150, 6, 4, 61, 336, 45, 14, 25, 71, 23.523, 22.493
Sat Jun 17 22:59:38 EDT 2017, 0.400, 3, 6, 0.780, 2, 3, 94, 448, 56, 2, 7, 37, 2.707, 2.487
Sat Jun 17 22:59:59 EDT 2017, 0.900, 7, 1, 0.280, 7, 8, 49, 598, 11, 12, 32, 82, 20.847, 18.697
Sat Jun 17 23:00:50 EDT 2017, 0.650, 1, 3, 0.530, 9, 1, 27, 373, 78, 16, 19, 60, 50.300, 49.783
Sat Jun 17 23:00:52 EDT 2017, 0.150, 5, 8, 0.030, 5, 6, 72, 523, 33, 7, 44, 15, 1.873, 1.797
Sat Jun 17 23:01:07 EDT 2017, 0.210, 5, 5, 0.340, 3, 6, 78, 354, 61, 17, 47, 32, 14.610, 13.953
Sat Jun 17 23:01:11 EDT 2017, 0.710, 9, 9, 0.840, 7, 2, 33, 504, 16, 8, 22, 77, 4.307, 3.990
Sat Jun 17 23:01:26 EDT 2017, 0.960, 2, 7, 0.090, 5, 8, 10, 429, 84, 3, 35, 99, 14.760, 14.203
Sat Jun 17 23:01:54 EDT 2017, 0.460, 7, 3, 0.590, 1, 4, 55, 579, 39, 13, 10, 54, 27.807, 26.870
Sat Jun 17 23:01:58 EDT 2017, 0.330, 1, 8, 0.470, 6, 5, 89, 467, 73, 1, 29, 65, 3.340, 3.307
Sat Jun 17 23:02:01 EDT 2017, 0.830, 6, 4, 0.970, 2, 9, 44, 317, 28, 10, 4, 20, 2.810, 2.477
Sat Jun 17 23:03:38 EDT 2017, 0.580, 4, 2, 0.220, 4, 3, 21, 542, 95, 15, 41, 43, 89.677, 81.603
Sat Jun 17 23:03:55 EDT 2017, 0.080, 8, 6, 0.720, 8, 7, 66, 392, 50, 6, 16, 88, 16.233, 15.817
Sat Jun 17 23:03:59 EDT 2017, 0.120, 4, 9, 0.500, 6, 9, 41, 307, 47, 12, 8, 29, 4.217, 3.993
Sat Jun 17 23:04:16 EDT 2017, 0.620, 8, 5, 0.000, 1, 5, 86, 457, 92, 3, 33, 74, 16.377, 15.620
Sat Jun 17 23:04:32 EDT 2017, 0.870, 2, 2, 0.750, 4, 7, 64, 382, 25, 7, 21, 96, 16.203, 14.217
Sat Jun 17 23:05:05 EDT 2017, 0.370, 6, 7, 0.250, 8, 2, 19, 532, 70, 17, 46, 51, 32.403, 32.317
Sat Jun 17 23:05:22 EDT 2017, 0.490, 3, 4, 0.620, 5, 1, 52, 495, 36, 10, 14, 63, 16.937, 15.747
Sat Jun 17 23:05:31 EDT 2017, 0.990, 7, 8, 0.120, 9, 6, 97, 345, 81, 19, 39, 18, 8.410, 7.917
Sat Jun 17 23:05:35 EDT 2017, 0.740, 5, 6, 0.870, 7, 4, 75, 570, 14, 14, 2, 40, 4.480, 4.090
Sat Jun 17 23:06:15 EDT 2017, 0.240, 9, 1, 0.370, 3, 8, 30, 420, 59, 5, 27, 85, 39.400, 37.397
Sat Jun 17 23:06:44 EDT 2017, 0.180, 1, 6, 0.190, 1, 7, 35, 589, 42, 11, 30, 91, 29.010, 28.287
Sat Jun 17 23:06:51 EDT 2017, 0.680, 6, 2, 0.690, 5, 3, 80, 439, 87, 1, 5, 46, 6.760, 5.833
Sat Jun 17 23:06:53 EDT 2017, 0.930, 3, 4, 0.440, 8, 5, 58, 514, 19, 6, 43, 23, 2.010, 1.797
Sat Jun 17 23:07:15 EDT 2017, 0.430, 8, 9, 0.940, 3, 1, 13, 364, 64, 16, 18, 68, 21.290, 21.250
Sat Jun 17 23:07:37 EDT 2017, 0.300, 4, 1, 0.060, 9, 2, 47, 401, 53, 9, 49, 35, 21.883, 19.907
Sat Jun 17 23:09:37 EDT 2017, 0.800, 9, 5, 0.560, 4, 6, 92, 551, 98, 18, 24, 80, 114.963, 114.597
Sat Jun 17 23:09:46 EDT 2017, 0.550, 2, 7, 0.310, 2, 4, 69, 326, 31, 13, 36, 57, 8.940, 8.580
Sat Jun 17 23:09:50 EDT 2017, 0.050, 7, 3, 0.810, 7, 9, 24, 476, 76, 4, 11, 12, 3.633, 3.257
Sat Jun 17 23:10:08 EDT 2017, 0.040, 4, 7, 0.480, 4, 1, 62, 434, 29, 19, 22, 81, 18.227, 17.853
Sat Jun 17 23:10:45 EDT 2017, 0.540, 8, 2, 0.980, 9, 5, 17, 584, 74, 9, 47, 36, 36.987, 32.107
Sat Jun 17 23:10:47 EDT 2017, 0.790, 2, 5, 0.230, 6, 3, 40, 359, 52, 5, 9, 13, 1.737, 1.617
Sat Jun 17 23:11:23 EDT 2017, 0.290, 6, 9, 0.730, 2, 8, 85, 509, 97, 14, 34, 58, 35.553, 35.823
Sat Jun 17 23:11:27 EDT 2017, 0.410, 1, 1, 0.360, 5, 9, 73, 546, 18, 2, 3, 47, 3.497, 3.147
Sat Jun 17 23:12:01 EDT 2017, 0.910, 5, 6, 0.860, 1, 4, 28, 396, 63, 12, 28, 92, 33.557, 32.580
Sat Jun 17 23:12:22 EDT 2017, 0.660, 3, 8, 0.110, 3, 6, 51, 471, 40, 17, 15, 70, 20.390, 20.153
Sat Jun 17 23:12:31 EDT 2017, 0.160, 7, 3, 0.610, 8, 2, 96, 321, 85, 7, 40, 25, 9.307, 8.667
Sat Jun 17 23:12:33 EDT 2017, 0.220, 2, 8, 0.790, 9, 3, 57, 453, 12, 18, 37, 19, 1.630, 1.513
Sat Jun 17 23:12:48 EDT 2017, 0.720, 7, 4, 0.290, 5, 7, 12, 303, 57, 8, 12, 64, 14.810, 13.853
Sat Jun 17 23:13:03 EDT 2017, 0.970, 5, 2, 0.540, 2, 5, 34, 528, 35, 3, 25, 87, 14.443, 12.397
Sat Jun 17 23:13:23 EDT 2017, 0.470, 9, 6, 0.040, 7, 9, 79, 378, 80, 13, 0, 42, 19.783, 19.110
Sat Jun 17 23:13:25 EDT 2017, 0.350, 3, 3, 0.920, 1, 8, 68, 340, 23, 1, 31, 75, 1.750, 1.653
Sat Jun 17 23:13:36 EDT 2017, 0.850, 8, 7, 0.420, 6, 4, 23, 490, 68, 11, 6, 30, 11.440, 10.733
Sat Jun 17 23:13:55 EDT 2017, 0.600, 1, 5, 0.670, 8, 6, 45, 415, 46, 15, 43, 53, 18.433, 18.017
Sat Jun 17 23:16:10 EDT 2017, 0.100, 6, 1, 0.170, 4, 1, 90, 565, 91, 6, 18, 98, 112.020, 127.287
Sat Jun 17 23:16:25 EDT 2017, 0.070, 1, 4, 0.080, 2, 3, 20, 500, 99, 11, 4, 16, 13.923, 12.777
Sat Jun 17 23:16:28 EDT 2017, 0.570, 6, 9, 0.580, 7, 8, 65, 350, 54, 2, 29, 61, 2.780, 2.657
Sat Jun 17 23:16:54 EDT 2017, 0.820, 4, 7, 0.330, 9, 1, 87, 575, 77, 6, 17, 84, 26.397, 25.993
Sat Jun 17 23:17:15 EDT 2017, 0.320, 8, 2, 0.830, 4, 6, 42, 425, 32, 16, 42, 39, 20.340, 17.583
Sat Jun 17 23:17:34 EDT 2017, 0.440, 5, 8, 0.200, 8, 7, 31, 312, 88, 9, 23, 73, 18.577, 18.620
Sat Jun 17 23:17:51 EDT 2017, 0.940, 9, 3, 0.700, 3, 2, 76, 462, 43, 18, 48, 28, 16.790, 15.960
Sat Jun 17 23:18:53 EDT 2017, 0.690, 3, 1, 0.450, 1, 9, 99, 387, 66, 14, 11, 50, 61.803, 62.050
Sat Jun 17 23:19:02 EDT 2017, 0.190, 7, 5, 0.950, 6, 5, 54, 537, 21, 4, 36, 95, 7.770, 7.353
Sat Jun 17 23:19:52 EDT 2017, 0.130, 3, 3, 0.640, 7, 4, 14, 406, 83, 10, 32, 78, 50.387, 50.193
Sat Jun 17 23:19:54 EDT 2017, 0.630, 8, 7, 0.140, 3, 8, 59, 556, 38, 1, 7, 33, 1.187, 1.100
Sat Jun 17 23:19:55 EDT 2017, 0.880, 1, 9, 0.890, 5, 2, 82, 331, 60, 5, 45, 11, 1.117, 1.000
Sat Jun 17 23:20:02 EDT 2017, 0.380, 5, 5, 0.390, 9, 6, 37, 481, 15, 15, 20, 56, 7.100, 6.563
Sat Jun 17 23:20:27 EDT 2017, 0.260, 2, 6, 0.510, 4, 5, 26, 593, 94, 8, 39, 44, 24.317, 23.063
Sat Jun 17 23:22:36 EDT 2017, 0.760, 6, 1, 0.010, 8, 1, 71, 443, 49, 17, 14, 89, 119.043, 118.887
Sat Jun 17 23:23:28 EDT 2017, 0.510, 4, 4, 0.760, 6, 7, 93, 518, 71, 12, 26, 67, 50.400, 48.947
Sat Jun 17 23:23:29 EDT 2017, 0.010, 9, 8, 0.260, 2, 3, 48, 368, 26, 3, 1, 22, 0.833, 0.923
Sat Jun 17 23:23:30 EDT 2017, 0.010, 1, 6, 0.840, 6, 1, 77, 320, 23, 5, 24, 33, 1.637, 1.423
Sat Jun 17 23:26:20 EDT 2017, 0.510, 6, 1, 0.340, 1, 6, 32, 470, 68, 14, 49, 78, 130.453, 140.277
Sat Jun 17 23:26:52 EDT 2017, 0.760, 3, 4, 0.590, 3, 4, 10, 395, 46, 19, 11, 55, 31.137, 29.460
Sat Jun 17 23:26:56 EDT 2017, 0.260, 8, 8, 0.090, 8, 8, 55, 545, 91, 9, 36, 10, 4.547, 4.083
Sat Jun 17 23:27:19 EDT 2017, 0.380, 5, 2, 0.960, 5, 9, 89, 508, 12, 17, 5, 89, 22.140, 19.993
Sat Jun 17 23:27:27 EDT 2017, 0.880, 9, 7, 0.460, 9, 5, 44, 358, 57, 7, 30, 44, 7.540, 7.397
Sat Jun 17 23:27:28 EDT 2017, 0.630, 2, 9, 0.710, 7, 7, 21, 583, 34, 2, 17, 22, 1.033, 1.050
Sat Jun 17 23:28:09 EDT 2017, 0.130, 7, 5, 0.210, 2, 3, 66, 433, 79, 12, 42, 67, 40.410, 38.797
Sat Jun 17 23:28:11 EDT 2017, 0.200, 3, 7, 0.400, 1, 2, 83, 564, 17, 4, 39, 61, 2.647, 2.610
Sat Jun 17 23:28:22 EDT 2017, 0.700, 7, 3, 0.900, 5, 7, 38, 414, 62, 13, 14, 16, 9.893, 8.937
Sat Jun 17 23:29:06 EDT 2017, 0.950, 1, 1, 0.150, 7, 4, 15, 489, 40, 18, 27, 38, 43.547, 40.527
Sat Jun 17 23:29:37 EDT 2017, 0.450, 5, 5, 0.650, 3, 9, 60, 339, 85, 8, 2, 83, 31.043, 29.313
Sat Jun 17 23:29:45 EDT 2017, 0.320, 2, 4, 0.280, 8, 8, 94, 377, 29, 15, 33, 27, 6.873, 6.317
Sat Jun 17 23:30:04 EDT 2017, 0.820, 6, 9, 0.780, 4, 3, 49, 527, 74, 6, 8, 72, 18.343, 17.930
Sat Jun 17 23:30:07 EDT 2017, 0.570, 4, 6, 0.030, 2, 5, 27, 302, 51, 1, 46, 95, 2.880, 2.760
Sat Jun 17 23:31:16 EDT 2017, 0.070, 9, 2, 0.530, 6, 1, 72, 452, 96, 11, 21, 50, 68.263, 62.063
Sat Jun 17 23:32:05 EDT 2017, 0.100, 4, 3, 0.740, 8, 3, 35, 536, 93, 7, 3, 64, 47.107, 45.747
Sat Jun 17 23:32:10 EDT 2017, 0.600, 9, 8, 0.240, 4, 7, 80, 386, 48, 16, 28, 19, 4.970, 4.590
Sat Jun 17 23:32:30 EDT 2017, 0.850, 2, 5, 0.990, 1, 1, 58, 461, 71, 11, 16, 41, 19.750, 18.940
Sat Jun 17 23:32:37 EDT 2017, 0.350, 7, 1, 0.490, 6, 5, 13, 311, 26, 2, 41, 86, 6.247, 5.407
Sat Jun 17 23:32:50 EDT 2017, 0.480, 1, 9, 0.620, 3, 6, 46, 423, 82, 14, 22, 30, 12.410, 12.187
Sat Jun 17 23:33:02 EDT 2017, 0.980, 5, 4, 0.120, 7, 2, 91, 573, 37, 4, 47, 75, 12.170, 11.860
Sat Jun 17 23:33:54 EDT 2017, 0.730, 3, 2, 0.870, 9, 8, 69, 348, 60, 9, 10, 97, 51.460, 47.377
Sat Jun 17 23:34:01 EDT 2017, 0.230, 8, 7, 0.370, 5, 4, 24, 498, 15, 18, 35, 52, 6.890, 6.760
Sat Jun 17 23:34:20 EDT 2017, 0.170, 3, 2, 0.060, 3, 5, 41, 367, 88, 5, 31, 36, 18.343, 15.753
Sat Jun 17 23:34:56 EDT 2017, 0.670, 7, 6, 0.560, 8, 9, 86, 517, 43, 15, 6, 81, 34.620, 32.807
Sat Jun 17 23:35:14 EDT 2017, 0.920, 5, 8, 0.310, 5, 2, 63, 442, 65, 10, 44, 58, 17.353, 16.787
Sat Jun 17 23:35:15 EDT 2017, 0.420, 9, 4, 0.810, 1, 7, 18, 592, 20, 1, 19, 13, 0.520, 0.387
Sat Jun 17 23:36:22 EDT 2017, 0.290, 4, 7, 0.180, 6, 6, 52, 480, 99, 12, 38, 92, 64.160, 61.887
Sat Jun 17 23:36:28 EDT 2017, 0.790, 8, 3, 0.680, 2, 1, 97, 330, 54, 3, 13, 47, 5.687, 5.153
Sat Jun 17 23:36:40 EDT 2017, 0.540, 2, 5, 0.430, 4, 8, 74, 555, 77, 8, 25, 24, 11.510, 10.593
Sat Jun 17 23:36:53 EDT 2017, 0.040, 6, 9, 0.930, 9, 3, 29, 405, 32, 17, 0, 69, 13.147, 12.923
Sat Jun 17 23:37:21 EDT 2017, 0.060, 3, 1, 0.260, 2, 7, 56, 522, 72, 4, 15, 45, 26.503, 23.787
Sat Jun 17 23:37:39 EDT 2017, 0.560, 8, 5, 0.760, 6, 3, 11, 372, 27, 14, 40, 90, 17.370, 16.720
Sat Jun 17 23:38:55 EDT 2017, 0.810, 1, 8, 0.010, 9, 9, 34, 597, 95, 19, 3, 68, 73.410, 74.480
Sat Jun 17 23:39:04 EDT 2017, 0.310, 6, 3, 0.510, 4, 5, 79, 447, 50, 9, 28, 23, 9.313, 8.740
Sat Jun 17 23:39:38 EDT 2017, 0.430, 2, 6, 0.380, 7, 4, 67, 334, 61, 16, 9, 79, 32.330, 31.000
Sat Jun 17 23:39:42 EDT 2017, 0.930, 7, 2, 0.880, 3, 8, 22, 484, 16, 7, 34, 34, 4.653, 3.920
Sat Jun 17 23:39:44 EDT 2017, 0.680, 4, 4, 0.130, 1, 2, 45, 409, 84, 2, 21, 12, 1.547, 1.450
Sat Jun 17 23:39:58 EDT 2017, 0.180, 9, 9, 0.630, 5, 6, 90, 559, 39, 12, 46, 57, 13.717, 13.240
Sat Jun 17 23:40:09 EDT 2017, 0.240, 1, 4, 0.950, 7, 6, 62, 391, 55, 3, 49, 74, 9.940, 8.980
Sat Jun 17 23:40:11 EDT 2017, 0.740, 5, 8, 0.450, 2, 1, 17, 541, 10, 13, 24, 29, 1.737, 1.570
Sat Jun 17 23:40:39 EDT 2017, 0.990, 3, 6, 0.700, 5, 8, 39, 316, 78, 18, 37, 51, 27.620, 26.100
Sat Jun 17 23:41:24 EDT 2017, 0.490, 7, 1, 0.200, 9, 3, 84, 466, 33, 8, 12, 96, 44.500, 40.757
Sat Jun 17 23:41:32 EDT 2017, 0.370, 4, 9, 0.820, 4, 4, 73, 578, 67, 15, 31, 17, 7.947, 7.353
Sat Jun 17 23:41:38 EDT 2017, 0.870, 8, 5, 0.320, 8, 9, 28, 428, 22, 6, 6, 62, 5.087, 4.610
Sat Jun 17 23:41:50 EDT 2017, 0.620, 2, 3, 0.570, 6, 2, 51, 503, 89, 1, 43, 85, 11.913, 10.877
Sat Jun 17 23:41:57 EDT 2017, 0.120, 6, 7, 0.070, 1, 7, 96, 353, 44, 10, 18, 40, 6.750, 6.483
Sat Jun 17 23:42:10 EDT 2017, 0.090, 2, 8, 0.170, 4, 9, 14, 419, 53, 7, 7, 76, 12.757, 12.590
Sat Jun 17 23:43:09 EDT 2017, 0.590, 6, 3, 0.670, 9, 4, 59, 569, 98, 17, 32, 31, 56.620, 55.110
Sat Jun 17 23:43:33 EDT 2017, 0.840, 4, 1, 0.420, 7, 6, 81, 344, 30, 12, 20, 54, 23.427, 21.123
Sat Jun 17 23:43:52 EDT 2017, 0.340, 9, 6, 0.920, 2, 2, 36, 494, 75, 3, 45, 99, 17.970, 17.587
Sat Jun 17 23:44:01 EDT 2017, 0.460, 3, 4, 0.040, 6, 1, 25, 531, 41, 15, 14, 20, 9.243, 8.350
Sat Jun 17 23:44:14 EDT 2017, 0.960, 8, 9, 0.540, 1, 5, 70, 381, 86, 5, 39, 65, 12.140, 11.247
Sat Jun 17 23:44:22 EDT 2017, 0.710, 1, 7, 0.290, 3, 3, 93, 456, 19, 10, 1, 88, 7.840, 7.280
Sat Jun 17 23:45:06 EDT 2017, 0.210, 5, 2, 0.790, 8, 8, 48, 306, 64, 19, 26, 43, 42.087, 38.997
Sat Jun 17 23:45:13 EDT 2017, 0.150, 5, 5, 0.600, 9, 8, 20, 475, 36, 6, 29, 48, 7.460, 6.827
Sat Jun 17 23:47:59 EDT 2017, 0.650, 9, 1, 0.100, 5, 4, 65, 325, 81, 16, 4, 93, 150.527, 157.093
Sat Jun 17 23:48:11 EDT 2017, 0.900, 3, 3, 0.850, 3, 6, 87, 550, 13, 11, 42, 71, 10.990, 10.237
Sat Jun 17 23:48:12 EDT 2017, 0.400, 7, 7, 0.350, 7, 1, 42, 400, 58, 1, 17, 26, 0.987, 0.917
Sat Jun 17 23:49:01 EDT 2017, 0.280, 1, 2, 0.730, 2, 2, 31, 362, 47, 13, 48, 82, 48.190, 44.123
Sat Jun 17 23:49:13 EDT 2017, 0.780, 6, 6, 0.230, 6, 7, 76, 512, 92, 4, 23, 37, 11.053, 11.153
Sat Jun 17 23:49:14 EDT 2017, 0.530, 4, 8, 0.980, 8, 5, 98, 437, 25, 9, 35, 15, 1.340, 1.337
Sat Jun 17 23:50:38 EDT 2017, 0.030, 8, 4, 0.480, 4, 9, 53, 587, 70, 18, 10, 60, 80.027, 77.873
Sat Jun 17 23:50:44 EDT 2017, 0.020, 5, 9, 0.100, 6, 7, 68, 491, 18, 8, 41, 83, 5.620, 5.180
Sat Jun 17 23:51:08 EDT 2017, 0.520, 9, 4, 0.600, 2, 3, 23, 341, 63, 18, 16, 38, 23.333, 21.767
Sat Jun 17 23:51:18 EDT 2017, 0.770, 2, 2, 0.350, 4, 5, 46, 566, 41, 13, 29, 15, 10.510, 8.893
Sat Jun 17 23:51:29 EDT 2017, 0.270, 7, 6, 0.850, 9, 1, 91, 416, 86, 3, 4, 60, 10.333, 9.713
Sat Jun 17 23:51:38 EDT 2017, 0.390, 1, 3, 0.220, 3, 2, 57, 304, 29, 11, 35, 49, 8.730, 8.060
Sat Jun 17 23:51:44 EDT 2017, 0.890, 6, 8, 0.720, 7, 6, 12, 454, 74, 1, 10, 94, 5.253, 5.240
Sat Jun 17 23:51:58 EDT 2017, 0.640, 3, 5, 0.470, 5, 4, 34, 379, 52, 6, 47, 71, 13.570, 12.340
Sat Jun 17 23:53:21 EDT 2017, 0.140, 8, 1, 0.970, 1, 9, 79, 529, 97, 15, 22, 26, 73.677, 72.347
Sat Jun 17 23:53:24 EDT 2017, 0.200, 2, 7, 0.660, 2, 9, 74, 398, 24, 9, 19, 10, 2.400, 2.283
Sat Jun 17 23:55:29 EDT 2017, 0.700, 6, 2, 0.160, 7, 5, 29, 548, 69, 19, 44, 55, 113.667, 113.467
Sat Jun 17 23:55:52 EDT 2017, 0.950, 4, 5, 0.910, 9, 7, 51, 323, 46, 14, 7, 77, 22.143, 22.260
Sat Jun 17 23:55:59 EDT 2017, 0.450, 8, 9, 0.410, 5, 2, 96, 473, 91, 5, 32, 32, 7.053, 6.707
Sat Jun 17 23:56:19 EDT 2017, 0.330, 3, 1, 0.530, 8, 1, 62, 585, 13, 12, 1, 66, 19.643, 17.363
Sat Jun 17 23:56:21 EDT 2017, 0.830, 7, 6, 0.030, 3, 6, 17, 435, 58, 2, 26, 21, 1.537, 1.400
Sat Jun 17 23:56:26 EDT 2017, 0.580, 1, 8, 0.780, 1, 3, 40, 510, 35, 7, 13, 43, 5.217, 4.730
Sat Jun 17 23:57:43 EDT 2017, 0.080, 5, 4, 0.280, 6, 8, 85, 360, 80, 16, 38, 88, 74.700, 70.903
Sat Jun 17 23:57:45 EDT 2017, 0.110, 1, 3, 0.440, 9, 6, 26, 445, 83, 2, 37, 12, 1.980, 1.810
Sat Jun 17 23:58:01 EDT 2017, 0.610, 5, 7, 0.940, 4, 2, 71, 595, 38, 11, 12, 57, 15.323, 14.837
Sat Jun 17 23:58:30 EDT 2017, 0.860, 3, 9, 0.190, 2, 8, 93, 370, 60, 16, 49, 80, 27.293, 27.973
Sat Jun 17 23:58:33 EDT 2017, 0.360, 8, 5, 0.690, 7, 4, 48, 520, 15, 6, 24, 35, 2.810, 2.203
Sun Jun 18 00:00:15 EDT 2017, 0.490, 4, 6, 0.310, 1, 5, 15, 557, 94, 18, 43, 69, 91.937, 90.823
Sun Jun 18 00:00:28 EDT 2017, 0.990, 9, 2, 0.810, 5, 9, 60, 407, 49, 9, 18, 24, 12.597, 10.720
Sun Jun 18 00:00:41 EDT 2017, 0.740, 2, 4, 0.060, 8, 3, 82, 482, 72, 4, 30, 46, 12.050, 11.363
Sun Jun 18 00:00:52 EDT 2017, 0.240, 7, 8, 0.560, 3, 7, 37, 332, 27, 14, 5, 91, 10.967, 10.990
Sun Jun 18 00:01:15 EDT 2017, 0.170, 4, 4, 0.750, 5, 7, 32, 463, 89, 3, 2, 86, 22.530, 22.127
Sun Jun 18 00:01:21 EDT 2017, 0.670, 8, 9, 0.250, 9, 2, 77, 313, 44, 12, 27, 41, 6.143, 5.630
Sun Jun 18 00:01:32 EDT 2017, 0.920, 1, 7, 0.500, 7, 9, 99, 538, 66, 17, 15, 18, 10.277, 9.567
Sun Jun 18 00:01:43 EDT 2017, 0.420, 6, 2, 0.000, 3, 4, 54, 388, 21, 8, 40, 63, 10.700, 9.157
Sun Jun 18 00:02:10 EDT 2017, 0.300, 3, 8, 0.880, 6, 3, 20, 351, 77, 19, 21, 52, 26.320, 25.587
Sun Jun 18 00:02:42 EDT 2017, 0.800, 7, 3, 0.380, 1, 8, 65, 501, 32, 10, 46, 97, 31.340, 30.043
Sun Jun 18 00:03:16 EDT 2017, 0.550, 5, 1, 0.630, 4, 1, 88, 426, 55, 5, 8, 74, 33.133, 30.333
Sun Jun 18 00:03:18 EDT 2017, 0.050, 9, 6, 0.130, 8, 5, 43, 576, 10, 15, 33, 29, 2.620, 2.407
Sun Jun 18 00:03:41 EDT 2017, 0.030, 2, 5, 0.550, 1, 4, 89, 318, 59, 8, 44, 95, 21.533, 20.993
Sun Jun 18 00:03:46 EDT 2017, 0.530, 7, 9, 0.050, 6, 8, 44, 468, 14, 18, 19, 50, 4.627, 4.447
Sun Jun 18 00:03:59 EDT 2017, 0.780, 5, 7, 0.800, 8, 2, 22, 393, 81, 13, 31, 28, 12.537, 12.140
Sun Jun 18 00:04:12 EDT 2017, 0.280, 9, 3, 0.300, 3, 6, 67, 543, 36, 4, 6, 73, 13.237, 11.887
Sun Jun 18 00:04:28 EDT 2017, 0.410, 4, 8, 0.670, 9, 5, 78, 505, 70, 11, 25, 39, 15.453, 14.513
Sun Jun 18 00:04:30 EDT 2017, 0.910, 8, 4, 0.170, 4, 1, 33, 355, 25, 1, 0, 84, 1.650, 1.517
Sun Jun 18 00:06:00 EDT 2017, 0.660, 1, 1, 0.920, 2, 7, 10, 580, 93, 6, 37, 62, 74.740, 79.030
Sun Jun 18 00:06:07 EDT 2017, 0.160, 6, 6, 0.420, 7, 3, 55, 430, 48, 16, 12, 17, 6.693, 6.217
Sun Jun 18 00:06:32 EDT 2017, 0.220, 4, 2, 0.240, 5, 3, 95, 599, 76, 10, 15, 22, 25.610, 22.060
Sun Jun 18 00:06:51 EDT 2017, 0.720, 9, 7, 0.740, 1, 8, 50, 449, 31, 19, 40, 67, 18.253, 18.107
Sun Jun 18 00:07:55 EDT 2017, 0.970, 2, 9, 0.490, 3, 1, 27, 524, 98, 14, 3, 90, 62.863, 60.003
Sun Jun 18 00:08:04 EDT 2017, 0.470, 6, 4, 0.990, 7, 6, 72, 374, 53, 5, 28, 45, 8.467, 7.610
Sun Jun 18 00:08:30 EDT 2017, 0.350, 1, 5, 0.110, 4, 7, 84, 412, 65, 12, 9, 56, 25.330, 24.107
Sun Jun 18 00:08:31 EDT 2017, 0.850, 5, 1, 0.610, 8, 2, 39, 562, 20, 3, 34, 11, 1.350, 1.100
Sun Jun 18 00:08:46 EDT 2017, 0.600, 3, 3, 0.360, 6, 9, 16, 337, 87, 7, 22, 33, 14.613, 13.960
Sun Jun 18 00:09:13 EDT 2017, 0.100, 8, 8, 0.860, 2, 4, 61, 487, 42, 17, 47, 78, 26.140, 25.043
Sun Jun 18 00:09:14 EDT 2017, 0.060, 3, 6, 0.890, 4, 3, 47, 552, 34, 1, 26, 25, 0.830, 0.810
Sun Jun 18 00:10:23 EDT 2017, 0.560, 8, 2, 0.390, 8, 7, 92, 402, 79, 10, 1, 70, 66.513, 58.987
Sun Jun 18 00:10:34 EDT 2017, 0.810, 1, 4, 0.640, 6, 5, 70, 477, 11, 15, 39, 93, 10.600, 9.923
Sun Jun 18 00:10:38 EDT 2017, 0.310, 6, 9, 0.140, 1, 9, 25, 327, 56, 5, 14, 48, 4.470, 4.443
Sun Jun 18 00:12:00 EDT 2017, 0.440, 2, 1, 0.770, 7, 8, 36, 440, 45, 17, 45, 59, 75.567, 66.457
Sun Jun 18 00:12:09 EDT 2017, 0.940, 7, 5, 0.270, 2, 4, 81, 590, 90, 8, 20, 14, 9.040, 8.550
Sun Jun 18 00:12:10 EDT 2017, 0.690, 4, 7, 0.520, 5, 6, 58, 365, 22, 3, 33, 36, 1.303, 1.133
Sun Jun 18 00:13:37 EDT 2017, 0.190, 9, 3, 0.020, 9, 1, 13, 515, 67, 13, 8, 81, 78.977, 78.783
Sun Jun 18 00:13:43 EDT 2017, 0.130, 2, 9, 0.330, 8, 1, 53, 346, 51, 2, 11, 98, 5.170, 4.790
Sun Jun 18 00:14:26 EDT 2017, 0.630, 6, 5, 0.830, 3, 5, 98, 496, 96, 11, 36, 53, 41.353, 39.867
Sun Jun 18 00:14:40 EDT 2017, 0.880, 4, 2, 0.080, 1, 3, 75, 421, 28, 16, 23, 31, 14.333, 11.947
Sun Jun 18 00:15:10 EDT 2017, 0.380, 8, 7, 0.580, 5, 8, 30, 571, 73, 7, 48, 76, 28.513, 27.683
Sun Jun 18 00:15:37 EDT 2017, 0.250, 5, 3, 0.450, 2, 9, 41, 459, 39, 19, 17, 42, 26.217, 25.317
Sun Jun 18 00:16:00 EDT 2017, 0.750, 9, 8, 0.950, 6, 4, 86, 309, 84, 9, 42, 87, 22.460, 22.150
Sun Jun 18 00:16:03 EDT 2017, 0.500, 3, 6, 0.200, 9, 6, 64, 534, 17, 4, 5, 64, 3.093, 2.873
Sun Jun 18 00:16:25 EDT 2017, 0.000, 7, 1, 0.700, 4, 2, 19, 384, 62, 14, 30, 19, 20.917, 18.867
Sun Jun 18 00:16:40 EDT 2017, 0.000, 3, 9, 0.430, 2, 5, 32, 364, 89, 10, 16, 46, 14.617, 13.950
Sun Jun 18 00:16:44 EDT 2017, 0.500, 7, 5, 0.930, 7, 1, 77, 514, 44, 1, 41, 91, 4.177, 3.950
Sun Jun 18 00:17:07 EDT 2017, 0.750, 5, 3, 0.180, 9, 8, 55, 439, 66, 5, 3, 69, 22.367, 21.090
Sun Jun 18 00:17:11 EDT 2017, 0.250, 9, 7, 0.680, 4, 3, 10, 589, 21, 15, 28, 24, 4.193, 3.717
Sun Jun 18 00:17:55 EDT 2017, 0.370, 4, 4, 0.300, 8, 4, 43, 477, 77, 8, 10, 80, 43.513, 41.437
Sun Jun 18 00:18:01 EDT 2017, 0.870, 8, 8, 0.800, 3, 9, 88, 327, 32, 17, 35, 35, 5.767, 5.473
Sun Jun 18 00:18:07 EDT 2017, 0.620, 2, 6, 0.050, 1, 2, 66, 552, 55, 12, 22, 13, 5.440, 4.713
Sun Jun 18 00:18:10 EDT 2017, 0.120, 6, 1, 0.550, 6, 6, 21, 402, 10, 3, 47, 58, 2.770, 2.337
Sun Jun 18 00:18:54 EDT 2017, 0.190, 4, 7, 0.860, 6, 7, 38, 533, 83, 11, 44, 74, 43.570, 43.043
Sun Jun 18 00:18:58 EDT 2017, 0.690, 9, 2, 0.360, 2, 3, 83, 383, 38, 2, 19, 29, 3.050, 2.983
Sun Jun 18 00:19:13 EDT 2017, 0.940, 2, 4, 0.610, 4, 9, 60, 458, 61, 6, 32, 52, 15.237, 14.593
Sun Jun 18 00:19:20 EDT 2017, 0.440, 7, 9, 0.110, 8, 5, 15, 308, 16, 16, 7, 97, 6.613, 6.363
Sun Jun 18 00:19:42 EDT 2017, 0.310, 1, 1, 0.990, 3, 4, 49, 420, 94, 9, 25, 18, 21.307, 19.427
Sun Jun 18 00:20:26 EDT 2017, 0.810, 6, 5, 0.490, 7, 8, 94, 570, 49, 18, 0, 63, 43.430, 42.767
Sun Jun 18 00:20:57 EDT 2017, 0.560, 3, 8, 0.740, 5, 1, 71, 345, 72, 14, 38, 86, 30.617, 29.443
Sun Jun 18 00:21:02 EDT 2017, 0.060, 8, 3, 0.240, 1, 6, 26, 495, 27, 4, 13, 41, 4.497, 4.033
Sun Jun 18 00:21:47 EDT 2017, 0.090, 3, 2, 0.020, 5, 8, 80, 580, 24, 18, 11, 72, 44.460, 40.623
Sun Jun 18 00:21:56 EDT 2017, 0.590, 8, 6, 0.520, 9, 3, 35, 430, 69, 8, 36, 27, 8.390, 7.487
Sun Jun 18 00:22:01 EDT 2017, 0.840, 1, 8, 0.270, 7, 6, 12, 505, 47, 4, 24, 49, 4.997, 4.617
Sun Jun 18 00:23:14 EDT 2017, 0.340, 5, 4, 0.770, 2, 1, 57, 355, 92, 13, 49, 94, 71.550, 67.260
Sun Jun 18 00:23:14 EDT 2017, 0.470, 2, 5, 0.140, 6, 2, 91, 392, 13, 1, 18, 15, 0.330, 0.233
Sun Jun 18 00:24:46 EDT 2017, 0.970, 6, 1, 0.640, 1, 7, 46, 542, 58, 11, 43, 60, 80.913, 75.990
Sun Jun 18 00:25:13 EDT 2017, 0.720, 4, 3, 0.390, 4, 4, 24, 317, 35, 15, 5, 83, 26.620, 26.597
Sun Jun 18 00:25:25 EDT 2017, 0.220, 9, 7, 0.890, 8, 9, 69, 467, 80, 6, 30, 38, 11.160, 10.320
Sun Jun 18 00:25:31 EDT 2017, 0.160, 1, 5, 0.710, 9, 8, 86, 336, 18, 19, 27, 44, 6.070, 5.670
Sun Jun 18 00:25:57 EDT 2017, 0.660, 6, 9, 0.210, 4, 4, 41, 486, 63, 9, 2, 89, 25.367, 25.407
Sun Jun 18 00:26:05 EDT 2017, 0.910, 4, 7, 0.960, 2, 6, 18, 411, 41, 5, 39, 66, 6.887, 6.380
Sun Jun 18 00:26:43 EDT 2017, 0.410, 8, 2, 0.460, 6, 2, 63, 561, 86, 14, 14, 21, 36.913, 31.850
Sun Jun 18 00:26:46 EDT 2017, 0.280, 5, 8, 0.580, 1, 1, 97, 524, 30, 2, 46, 77, 2.960, 2.820
Sun Jun 18 00:27:06 EDT 2017, 0.780, 9, 3, 0.080, 5, 5, 52, 374, 75, 12, 21, 32, 20.530, 20.200
Sun Jun 18 00:27:23 EDT 2017, 0.530, 2, 1, 0.830, 8, 3, 29, 599, 52, 17, 33, 10, 16.113, 14.053
Sun Jun 18 00:27:47 EDT 2017, 0.030, 7, 6, 0.330, 3, 7, 74, 449, 97, 7, 8, 55, 23.650, 22.553
Sun Jun 18 00:28:03 EDT 2017, 0.050, 5, 4, 0.970, 5, 2, 11, 481, 51, 11, 18, 36, 15.430, 14.493
Sun Jun 18 00:28:08 EDT 2017, 0.550, 9, 9, 0.470, 1, 7, 56, 331, 96, 1, 43, 81, 4.597, 4.357
Sun Jun 18 00:28:15 EDT 2017, 0.800, 3, 6, 0.720, 3, 4, 78, 556, 28, 6, 6, 59, 7.120, 6.567
Sun Jun 18 00:28:32 EDT 2017, 0.300, 7, 2, 0.220, 7, 9, 33, 406, 73, 16, 31, 14, 17.097, 15.130
Sun Jun 18 00:28:45 EDT 2017, 0.420, 1, 8, 0.850, 4, 8, 22, 369, 39, 9, 0, 93, 12.250, 12.150
Sun Jun 18 00:30:13 EDT 2017, 0.920, 6, 3, 0.350, 9, 3, 67, 519, 84, 18, 25, 48, 82.110, 82.130
Sun Jun 18 00:30:22 EDT 2017, 0.670, 4, 1, 0.600, 6, 5, 90, 444, 17, 13, 12, 25, 8.317, 7.413
Sun Jun 18 00:30:39 EDT 2017, 0.170, 8, 5, 0.100, 2, 1, 45, 594, 62, 4, 37, 70, 17.187, 16.267
Sun Jun 18 00:31:08 EDT 2017, 0.230, 2, 2, 0.290, 1, 2, 17, 425, 34, 12, 40, 65, 28.393, 25.353
Sun Jun 18 00:31:12 EDT 2017, 0.730, 7, 7, 0.790, 6, 6, 62, 575, 79, 3, 15, 20, 3.403, 3.137
Sun Jun 18 00:31:13 EDT 2017, 0.980, 4, 9, 0.040, 8, 4, 84, 350, 11, 7, 28, 42, 1.100, 0.990
Sun Jun 18 00:32:15 EDT 2017, 0.480, 9, 5, 0.540, 3, 8, 39, 500, 56, 17, 3, 87, 59.537, 59.103
Sun Jun 18 00:32:24 EDT 2017, 0.360, 3, 6, 0.410, 9, 9, 28, 538, 45, 10, 34, 31, 8.820, 8.007
Sun Jun 18 00:36:30 EDT 2017, 0.860, 8, 1, 0.910, 5, 5, 73, 388, 90, 19, 9, 76, 216.070, 206.677
Sun Jun 18 00:36:54 EDT 2017, 0.610, 1, 4, 0.160, 2, 7, 95, 463, 23, 15, 46, 98, 23.943, 23.210
Sun Jun 18 00:37:00 EDT 2017, 0.110, 5, 8, 0.660, 7, 3, 50, 313, 68, 5, 21, 53, 6.320, 6.043
Sun Jun 18 00:37:34 EDT 2017, 0.080, 1, 7, 0.570, 8, 5, 59, 378, 76, 17, 1, 62, 32.543, 31.077
Sun Jun 18 00:37:38 EDT 2017, 0.580, 5, 3, 0.070, 3, 9, 14, 528, 31, 8, 26, 17, 4.133, 3.627
Sun Jun 18 00:37:45 EDT 2017, 0.830, 3, 5, 0.820, 1, 2, 36, 303, 99, 3, 14, 39, 6.063, 5.653
Sun Jun 18 00:38:11 EDT 2017, 0.330, 7, 9, 0.320, 5, 7, 81, 453, 54, 13, 39, 84, 24.770, 25.480
Sun Jun 18 00:38:15 EDT 2017, 0.450, 4, 2, 0.690, 2, 6, 70, 566, 65, 1, 20, 28, 3.807, 3.240
Sun Jun 18 00:38:22 EDT 2017, 0.950, 9, 6, 0.190, 7, 1, 25, 416, 20, 10, 45, 73, 7.123, 6.787
Sun Jun 18 00:39:29 EDT 2017, 0.700, 2, 8, 0.940, 9, 8, 48, 491, 87, 15, 7, 96, 64.493, 62.267
Sun Jun 18 00:39:37 EDT 2017, 0.200, 6, 4, 0.440, 4, 4, 93, 341, 42, 6, 32, 51, 7.487, 6.970
Sun Jun 18 00:39:53 EDT 2017, 0.140, 3, 9, 0.130, 4, 3, 64, 510, 59, 19, 35, 34, 15.787, 15.413
Sun Jun 18 00:39:59 EDT 2017, 0.640, 8, 4, 0.630, 8, 7, 19, 360, 14, 9, 10, 79, 5.697, 5.257
Sun Jun 18 00:40:31 EDT 2017, 0.890, 1, 2, 0.380, 6, 1, 42, 585, 82, 4, 48, 56, 31.470, 28.043
Sun Jun 18 00:40:33 EDT 2017, 0.390, 6, 7, 0.880, 2, 5, 87, 435, 37, 14, 23, 11, 2.383, 2.160
Sun Jun 18 00:40:45 EDT 2017, 0.270, 2, 3, 0.000, 7, 6, 76, 322, 70, 2, 42, 90, 11.137, 10.813
Sun Jun 18 00:40:51 EDT 2017, 0.770, 7, 8, 0.500, 3, 2, 31, 472, 25, 12, 17, 45, 5.837, 5.477
Sun Jun 18 00:41:06 EDT 2017, 0.520, 5, 6, 0.250, 5, 9, 53, 397, 93, 16, 29, 22, 15.480, 14.357
Sun Jun 18 00:41:53 EDT 2017, 0.020, 9, 1, 0.750, 9, 4, 98, 547, 48, 7, 4, 67, 44.790, 42.127
Sun Jun 18 00:43:58 EDT 2017, 0.020, 4, 5, 0.620, 1, 4, 23, 456, 88, 17, 48, 98, 108.027, 106.143
Sun Jun 18 00:44:20 EDT 2017, 0.520, 8, 1, 0.120, 5, 8, 68, 306, 43, 8, 23, 53, 20.960, 19.673
Sun Jun 18 00:44:27 EDT 2017, 0.770, 1, 3, 0.870, 7, 1, 90, 531, 65, 3, 36, 30, 6.843, 6.350
Sun Jun 18 00:44:34 EDT 2017, 0.270, 6, 8, 0.370, 3, 6, 45, 381, 20, 12, 11, 75, 6.603, 6.333
Sun Jun 18 00:44:54 EDT 2017, 0.400, 3, 2, 0.500, 9, 7, 12, 343, 99, 5, 30, 41, 20.263, 17.670
Sun Jun 18 00:45:39 EDT 2017, 0.900, 7, 6, 0.000, 4, 2, 57, 493, 54, 15, 5, 86, 43.300, 43.237
Sun Jun 18 00:46:16 EDT 2017, 0.650, 5, 9, 0.750, 2, 9, 79, 418, 77, 19, 42, 64, 35.353, 36.173
Sun Jun 18 00:46:21 EDT 2017, 0.150, 9, 4, 0.250, 6, 5, 34, 568, 32, 10, 17, 19, 5.173, 4.580
Sun Jun 18 00:46:37 EDT 2017, 0.210, 1, 8, 0.060, 6, 4, 29, 437, 94, 16, 14, 25, 14.927, 14.123
Sun Jun 18 00:47:00 EDT 2017, 0.710, 5, 4, 0.560, 1, 9, 74, 587, 49, 6, 39, 70, 22.260, 20.177
Sun Jun 18 00:47:22 EDT 2017, 0.960, 3, 1, 0.310, 4, 2, 96, 362, 71, 2, 2, 92, 21.350, 19.780
Sun Jun 18 00:47:30 EDT 2017, 0.460, 8, 6, 0.810, 8, 6, 51, 512, 26, 11, 27, 47, 8.200, 7.400
Sun Jun 18 00:47:48 EDT 2017, 0.340, 4, 5, 0.180, 5, 5, 17, 549, 82, 4, 8, 58, 17.297, 17.107
Sun Jun 18 00:47:50 EDT 2017, 0.840, 9, 9, 0.680, 9, 1, 62, 399, 37, 13, 33, 13, 1.893, 1.773
Sun Jun 18 00:48:09 EDT 2017, 0.590, 2, 7, 0.430, 7, 8, 85, 474, 60, 18, 20, 36, 17.950, 17.933
Sun Jun 18 00:48:15 EDT 2017, 0.090, 6, 3, 0.930, 2, 3, 40, 324, 15, 9, 45, 81, 6.460, 5.900
Sun Jun 18 00:48:19 EDT 2017, 0.120, 2, 3, 0.780, 3, 1, 71, 409, 18, 14, 28, 22, 3.647, 3.260
Sun Jun 18 00:48:34 EDT 2017, 0.620, 6, 8, 0.280, 8, 6, 26, 559, 63, 5, 3, 67, 13.930, 13.100
Sun Jun 18 00:48:48 EDT 2017, 0.870, 4, 6, 0.530, 6, 3, 48, 334, 40, 9, 41, 89, 13.860, 12.887
Sun Jun 18 00:51:18 EDT 2017, 0.370, 8, 1, 0.030, 1, 8, 93, 484, 85, 19, 16, 44, 138.800, 144.323
Sun Jun 18 00:51:25 EDT 2017, 0.490, 3, 9, 0.900, 7, 9, 60, 596, 29, 7, 47, 55, 7.283, 6.763
Sun Jun 18 00:51:33 EDT 2017, 0.990, 7, 4, 0.400, 2, 4, 15, 446, 74, 16, 22, 10, 7.630, 6.683
Sun Jun 18 00:52:00 EDT 2017, 0.740, 1, 2, 0.650, 4, 7, 37, 521, 51, 12, 34, 33, 26.323, 22.493
Sun Jun 18 00:52:09 EDT 2017, 0.240, 5, 7, 0.150, 9, 2, 82, 371, 96, 2, 9, 78, 8.987, 8.543
Sun Jun 18 00:52:58 EDT 2017, 0.180, 4, 1, 0.460, 8, 3, 76, 503, 23, 13, 6, 95, 48.020, 46.253
Sun Jun 18 00:53:04 EDT 2017, 0.680, 9, 5, 0.960, 4, 7, 31, 353, 68, 3, 31, 50, 6.397, 6.067
Sun Jun 18 00:53:10 EDT 2017, 0.930, 2, 7, 0.210, 2, 5, 54, 578, 46, 8, 19, 27, 5.683, 5.327
Sun Jun 18 00:55:32 EDT 2017, 0.430, 7, 3, 0.710, 6, 9, 99, 428, 91, 18, 44, 72, 114.660, 128.463
Sun Jun 18 00:55:34 EDT 2017, 0.300, 1, 6, 0.340, 3, 8, 65, 315, 12, 6, 12, 39, 1.750, 1.710
Sun Jun 18 00:57:26 EDT 2017, 0.800, 6, 2, 0.840, 7, 4, 20, 465, 57, 15, 37, 84, 100.187, 92.123
Sun Jun 18 00:57:43 EDT 2017, 0.550, 3, 4, 0.090, 9, 6, 43, 390, 35, 11, 0, 61, 16.003, 15.523
Sun Jun 18 00:57:44 EDT 2017, 0.050, 8, 8, 0.590, 5, 2, 88, 540, 80, 1, 25, 16, 0.917, 0.837
Sun Jun 18 00:58:46 EDT 2017, 0.040, 2, 1, 0.200, 7, 9, 44, 348, 36, 16, 40, 88, 60.523, 60.627
Sun Jun 18 00:59:05 EDT 2017, 0.540, 6, 6, 0.700, 2, 5, 89, 498, 81, 7, 15, 43, 17.467, 17.433
Sun Jun 18 00:59:06 EDT 2017, 0.790, 4, 8, 0.450, 5, 7, 67, 423, 13, 2, 27, 20, 0.300, 0.270
Sun Jun 18 00:59:56 EDT 2017, 0.290, 8, 3, 0.950, 9, 2, 22, 573, 58, 11, 2, 65, 48.677, 47.573
Sun Jun 18 01:00:03 EDT 2017, 0.410, 5, 7, 0.070, 3, 1, 33, 460, 47, 4, 34, 54, 6.273, 5.837
Sun Jun 18 01:02:29 EDT 2017, 0.910, 9, 2, 0.570, 8, 6, 78, 310, 92, 14, 9, 99, 127.467, 144.143
Sun Jun 18 01:02:55 EDT 2017, 0.660, 3, 5, 0.320, 6, 3, 55, 535, 25, 19, 46, 77, 25.870, 24.980
Sun Jun 18 01:03:03 EDT 2017, 0.160, 7, 9, 0.820, 1, 8, 10, 385, 70, 9, 21, 32, 7.880, 7.500
Sun Jun 18 01:03:15 EDT 2017, 0.230, 3, 3, 0.510, 2, 7, 50, 554, 53, 15, 24, 15, 11.503, 10.557
Sun Jun 18 01:03:32 EDT 2017, 0.730, 8, 7, 0.010, 6, 3, 95, 404, 98, 5, 49, 60, 15.960, 16.160
Sun Jun 18 01:03:34 EDT 2017, 0.980, 1, 5, 0.760, 8, 5, 72, 479, 30, 1, 12, 82, 2.407, 2.077
Sun Jun 18 01:04:06 EDT 2017, 0.480, 5, 1, 0.260, 4, 1, 27, 329, 75, 10, 37, 37, 31.967, 30.217
Sun Jun 18 01:04:11 EDT 2017, 0.350, 2, 9, 0.640, 7, 2, 38, 442, 42, 3, 5, 71, 4.497, 4.137
Sun Jun 18 01:04:40 EDT 2017, 0.850, 7, 4, 0.140, 3, 6, 83, 592, 87, 13, 30, 26, 28.213, 26.120
Sun Jun 18 01:04:55 EDT 2017, 0.600, 4, 2, 0.890, 1, 4, 61, 367, 19, 17, 18, 48, 14.027, 12.317
Sun Jun 18 01:05:31 EDT 2017, 0.100, 9, 6, 0.390, 5, 9, 16, 517, 64, 8, 43, 93, 35.817, 34.890
Sun Jun 18 01:05:36 EDT 2017, 0.070, 4, 8, 0.360, 9, 7, 92, 582, 56, 14, 32, 12, 4.807, 4.433
Sun Jun 18 01:05:39 EDT 2017, 0.570, 9, 3, 0.860, 5, 2, 47, 432, 11, 5, 7, 57, 2.680, 2.410
Sun Jun 18 01:08:14 EDT 2017, 0.820, 2, 1, 0.110, 3, 9, 24, 507, 78, 10, 44, 79, 135.533, 131.980
Sun Jun 18 01:08:24 EDT 2017, 0.320, 6, 5, 0.610, 7, 4, 69, 357, 33, 19, 19, 34, 10.293, 9.520
Sun Jun 18 01:08:47 EDT 2017, 0.450, 1, 4, 0.480, 1, 3, 81, 395, 67, 7, 38, 68, 22.067, 20.307
Sun Jun 18 01:08:51 EDT 2017, 0.950, 5, 9, 0.980, 6, 8, 36, 545, 22, 17, 13, 23, 3.530, 3.177
Sun Jun 18 01:09:08 EDT 2017, 0.700, 3, 7, 0.230, 8, 1, 13, 320, 89, 12, 26, 46, 17.123, 16.167
Sun Jun 18 01:09:22 EDT 2017, 0.200, 7, 2, 0.730, 4, 5, 58, 470, 44, 2, 1, 91, 13.430, 11.517
Sun Jun 18 01:09:53 EDT 2017, 0.130, 2, 6, 0.920, 4, 6, 97, 301, 73, 13, 4, 85, 30.323, 30.207
Sun Jun 18 01:10:00 EDT 2017, 0.630, 7, 2, 0.420, 9, 1, 52, 451, 28, 4, 29, 40, 5.943, 4.947
Sun Jun 18 01:10:08 EDT 2017, 0.880, 5, 4, 0.670, 7, 8, 30, 376, 95, 8, 16, 17, 7.967, 7.227
Sun Jun 18 01:10:36 EDT 2017, 0.380, 9, 8, 0.170, 2, 4, 75, 526, 50, 18, 41, 62, 28.083, 26.917
Sun Jun 18 01:10:56 EDT 2017, 0.260, 4, 3, 0.790, 5, 5, 86, 488, 61, 6, 23, 51, 18.727, 17.480
Sun Jun 18 01:11:05 EDT 2017, 0.760, 8, 7, 0.290, 1, 9, 41, 338, 16, 16, 48, 96, 8.733, 8.090
Sun Jun 18 01:11:43 EDT 2017, 0.510, 1, 9, 0.540, 3, 3, 19, 563, 84, 11, 10, 74, 36.350, 36.077
Sun Jun 18 01:11:44 EDT 2017, 0.010, 6, 5, 0.040, 8, 7, 64, 413, 39, 1, 35, 29, 1.130, 1.000
Sun Jun 18 01:11:48 EDT 2017, 0.000, 4, 2, 0.620, 3, 8, 29, 387, 41, 2, 38, 40, 4.020, 3.390
Sun Jun 18 01:12:41 EDT 2017, 0.500, 9, 7, 0.120, 8, 4, 74, 537, 86, 11, 13, 85, 51.220, 50.780
Sun Jun 18 01:12:46 EDT 2017, 0.750, 2, 9, 0.870, 5, 6, 96, 312, 19, 16, 26, 63, 4.740, 4.440
Sun Jun 18 01:12:51 EDT 2017, 0.250, 7, 5, 0.370, 1, 2, 51, 462, 64, 7, 1, 18, 5.200, 4.583
Sun Jun 18 01:14:00 EDT 2017, 0.380, 1, 6, 0.740, 6, 1, 18, 574, 52, 19, 32, 97, 66.433, 65.873
Sun Jun 18 01:15:20 EDT 2017, 0.880, 5, 1, 0.240, 2, 5, 63, 424, 97, 9, 7, 52, 75.190, 72.987
Sun Jun 18 01:15:24 EDT 2017, 0.630, 3, 3, 0.990, 4, 3, 85, 499, 30, 4, 44, 29, 4.227, 3.877
Sun Jun 18 01:15:54 EDT 2017, 0.130, 8, 8, 0.490, 9, 7, 40, 349, 75, 14, 19, 74, 28.240, 27.670
Sun Jun 18 01:15:57 EDT 2017, 0.190, 3, 4, 0.180, 8, 8, 23, 518, 47, 1, 22, 57, 3.217, 2.953
Sun Jun 18 01:16:01 EDT 2017, 0.690, 7, 8, 0.680, 4, 3, 68, 368, 92, 10, 47, 12, 3.817, 3.493
Sun Jun 18 01:16:10 EDT 2017, 0.940, 5, 6, 0.430, 1, 6, 91, 593, 24, 15, 10, 35, 8.430, 7.697
Sun Jun 18 01:16:54 EDT 2017, 0.440, 9, 2, 0.930, 6, 1, 46, 443, 69, 6, 35, 80, 43.610, 38.833
Sun Jun 18 01:16:59 EDT 2017, 0.320, 4, 7, 0.050, 2, 2, 12, 330, 36, 17, 4, 23, 4.243, 3.933
Sun Jun 18 01:17:44 EDT 2017, 0.820, 8, 3, 0.550, 7, 7, 57, 480, 81, 8, 29, 68, 43.507, 43.880
Sun Jun 18 01:17:49 EDT 2017, 0.570, 1, 1, 0.300, 9, 5, 80, 405, 13, 3, 16, 91, 5.167, 4.463
Sun Jun 18 01:18:16 EDT 2017, 0.070, 6, 5, 0.800, 5, 9, 35, 555, 58, 13, 41, 46, 26.463, 25.250
Sun Jun 18 01:18:33 EDT 2017, 0.100, 1, 9, 0.960, 1, 7, 77, 471, 61, 10, 33, 60, 15.653, 15.890
Sun Jun 18 01:18:35 EDT 2017, 0.600, 6, 4, 0.460, 6, 3, 32, 321, 16, 19, 8, 15, 2.037, 1.823
Sun Jun 18 01:19:40 EDT 2017, 0.850, 3, 2, 0.710, 8, 9, 54, 546, 83, 14, 46, 38, 63.983, 56.803
Sun Jun 18 01:19:50 EDT 2017, 0.350, 8, 6, 0.210, 3, 5, 99, 396, 38, 5, 21, 83, 9.117, 8.367
Sun Jun 18 01:20:05 EDT 2017, 0.470, 5, 3, 0.840, 9, 4, 65, 358, 72, 12, 40, 26, 14.903, 14.080
Sun Jun 18 01:20:09 EDT 2017, 0.970, 9, 8, 0.340, 4, 8, 20, 508, 27, 3, 15, 71, 3.530, 3.193
Sun Jun 18 01:20:53 EDT 2017, 0.720, 2, 5, 0.590, 2, 1, 43, 433, 95, 7, 27, 94, 42.133, 41.507
Sun Jun 18 01:22:30 EDT 2017, 0.220, 7, 1, 0.090, 7, 6, 88, 583, 50, 17, 2, 49, 96.803, 96.820
Sun Jun 18 01:22:43 EDT 2017, 0.160, 3, 7, 0.270, 6, 5, 71, 415, 67, 8, 5, 43, 11.407, 10.783
Sun Jun 18 01:23:19 EDT 2017, 0.660, 7, 3, 0.770, 2, 1, 26, 565, 22, 18, 30, 88, 35.267, 35.760
Sun Jun 18 01:23:58 EDT 2017, 0.910, 1, 5, 0.020, 4, 8, 49, 340, 89, 13, 18, 66, 37.637, 36.737
Sun Jun 18 01:24:00 EDT 2017, 0.410, 5, 9, 0.520, 8, 3, 94, 490, 44, 4, 43, 21, 1.657, 1.543
Sun Jun 18 01:26:31 EDT 2017, 0.290, 2, 1, 0.400, 5, 4, 60, 527, 55, 11, 24, 99, 140.983, 141.333
Sun Jun 18 01:26:33 EDT 2017, 0.790, 6, 6, 0.900, 9, 9, 15, 377, 10, 1, 49, 54, 2.037, 2.047
Sun Jun 18 01:26:41 EDT 2017, 0.540, 4, 8, 0.150, 7, 2, 37, 452, 78, 6, 11, 32, 7.270, 7.027
Sun Jun 18 01:27:01 EDT 2017, 0.040, 8, 4, 0.650, 3, 7, 82, 302, 33, 16, 36, 77, 19.830, 19.170
Sun Jun 18 01:27:11 EDT 2017, 0.050, 2, 7, 0.040, 9, 3, 50, 569, 82, 3, 47, 50, 9.407, 9.343
Sun Jun 18 01:28:00 EDT 2017, 0.550, 7, 2, 0.540, 5, 7, 95, 419, 37, 12, 22, 95, 48.150, 44.880
Sun Jun 18 01:29:03 EDT 2017, 0.800, 4, 4, 0.290, 2, 1, 73, 494, 60, 17, 34, 73, 61.663, 58.510
Sun Jun 18 01:29:05 EDT 2017, 0.300, 9, 9, 0.790, 7, 5, 28, 344, 15, 8, 9, 28, 1.163, 1.087
Sun Jun 18 01:33:51 EDT 2017, 0.430, 3, 1, 0.160, 1, 6, 39, 382, 93, 19, 28, 84, 260.053, 280.463
Sun Jun 18 01:34:06 EDT 2017, 0.930, 8, 6, 0.660, 6, 2, 84, 532, 48, 10, 3, 39, 13.817, 12.680
Sun Jun 18 01:34:08 EDT 2017, 0.680, 1, 8, 0.410, 8, 9, 61, 307, 71, 5, 40, 16, 1.797, 1.703
Sun Jun 18 01:34:28 EDT 2017, 0.180, 6, 3, 0.910, 3, 4, 16, 457, 26, 15, 15, 61, 19.877, 18.713
Sun Jun 18 01:34:35 EDT 2017, 0.240, 5, 9, 0.730, 4, 5, 44, 326, 99, 2, 12, 67, 5.960, 5.703
Sun Jun 18 01:34:43 EDT 2017, 0.740, 9, 5, 0.230, 9, 9, 89, 476, 54, 11, 37, 22, 8.460, 7.700
Sun Jun 18 01:35:26 EDT 2017, 0.990, 3, 3, 0.980, 6, 2, 67, 401, 76, 16, 0, 45, 41.183, 41.403
Sun Jun 18 01:35:38 EDT 2017, 0.490, 7, 7, 0.480, 2, 7, 22, 551, 31, 6, 25, 90, 11.763, 10.487
Sun Jun 18 01:35:50 EDT 2017, 0.360, 2, 4, 0.600, 5, 6, 33, 513, 88, 18, 6, 11, 12.443, 11.407
Sun Jun 18 01:35:58 EDT 2017, 0.860, 6, 8, 0.100, 1, 1, 78, 363, 43, 9, 31, 56, 7.860, 7.297
Sun Jun 18 01:36:17 EDT 2017, 0.610, 4, 6, 0.850, 3, 8, 56, 588, 65, 4, 18, 78, 18.457, 17.593
Sun Jun 18 01:36:27 EDT 2017, 0.110, 8, 2, 0.350, 7, 4, 11, 438, 20, 14, 43, 33, 9.650, 8.170
Sun Jun 18 01:36:31 EDT 2017, 0.080, 4, 5, 0.380, 7, 2, 98, 372, 12, 9, 29, 70, 3.713, 3.297
Sun Jun 18 01:36:43 EDT 2017, 0.580, 8, 9, 0.880, 3, 6, 53, 522, 57, 19, 4, 25, 11.620, 11.130
Sun Jun 18 01:36:53 EDT 2017, 0.830, 1, 7, 0.130, 5, 4, 30, 447, 34, 14, 42, 47, 9.650, 9.010
Sun Jun 18 01:38:02 EDT 2017, 0.330, 6, 2, 0.630, 9, 8, 75, 597, 79, 5, 17, 92, 67.427, 59.493
Sun Jun 18 01:38:04 EDT 2017, 0.460, 2, 8, 0.260, 4, 9, 87, 485, 23, 12, 48, 14, 1.763, 1.493
Sun Jun 18 01:38:11 EDT 2017, 0.960, 7, 4, 0.760, 8, 5, 42, 335, 68, 2, 23, 59, 6.557, 5.847
Sun Jun 18 01:39:04 EDT 2017, 0.710, 5, 1, 0.010, 6, 7, 19, 560, 45, 7, 36, 81, 51.857, 49.697
Sun Jun 18 01:39:32 EDT 2017, 0.210, 9, 6, 0.510, 1, 3, 64, 410, 90, 17, 11, 36, 27.210, 25.280
Sun Jun 18 01:39:49 EDT 2017, 0.140, 1, 2, 0.820, 2, 2, 92, 541, 29, 8, 8, 53, 16.453, 14.107
Sun Jun 18 01:40:59 EDT 2017, 0.640, 5, 6, 0.320, 7, 7, 47, 391, 74, 18, 33, 98, 67.693, 65.270
Sun Jun 18 01:41:22 EDT 2017, 0.890, 3, 9, 0.570, 9, 4, 25, 466, 51, 13, 20, 76, 21.513, 21.123
Sun Jun 18 01:41:28 EDT 2017, 0.390, 7, 4, 0.070, 4, 9, 70, 316, 96, 3, 45, 31, 5.960, 5.530
Sun Jun 18 01:41:38 EDT 2017, 0.270, 4, 5, 0.950, 8, 8, 81, 429, 17, 11, 14, 87, 9.233, 8.640
Sun Jun 18 01:41:46 EDT 2017, 0.770, 9, 1, 0.450, 3, 3, 36, 579, 62, 1, 39, 42, 7.797, 7.143
Sun Jun 18 01:41:49 EDT 2017, 0.520, 2, 3, 0.700, 1, 6, 13, 354, 40, 6, 1, 19, 3.140, 2.647
Sun Jun 18 01:42:36 EDT 2017, 0.020, 6, 7, 0.200, 5, 1, 58, 504, 85, 15, 26, 64, 44.893, 45.533
Sun Jun 18 01:43:02 EDT 2017, 0.010, 1, 3, 0.310, 4, 3, 38, 590, 45, 6, 20, 79, 25.737, 24.323
Sun Jun 18 01:43:26 EDT 2017, 0.510, 5, 7, 0.810, 9, 7, 83, 440, 90, 16, 45, 34, 23.183, 22.597
Sun Jun 18 01:43:28 EDT 2017, 0.760, 3, 5, 0.060, 7, 5, 61, 515, 22, 11, 8, 12, 1.917, 1.620
Sun Jun 18 01:43:42 EDT 2017, 0.260, 8, 1, 0.560, 2, 9, 16, 365, 67, 2, 33, 57, 13.427, 11.937
Sun Jun 18 01:43:49 EDT 2017, 0.390, 4, 8, 0.440, 6, 8, 49, 403, 33, 13, 2, 45, 7.290, 6.720
Sun Jun 18 01:44:22 EDT 2017, 0.890, 9, 4, 0.940, 1, 4, 94, 553, 78, 4, 27, 90, 31.940, 30.507
Sun Jun 18 01:44:28 EDT 2017, 0.640, 2, 2, 0.190, 3, 6, 72, 328, 11, 9, 14, 68, 5.170, 4.270
Sun Jun 18 01:44:40 EDT 2017, 0.140, 7, 6, 0.690, 8, 2, 27, 478, 56, 18, 39, 23, 12.423, 11.430
Sun Jun 18 01:44:45 EDT 2017, 0.200, 4, 1, 0.870, 8, 1, 32, 309, 39, 7, 42, 17, 4.847, 4.197
Sun Jun 18 01:45:38 EDT 2017, 0.700, 8, 6, 0.370, 4, 5, 77, 459, 84, 17, 17, 62, 51.363, 51.437
Sun Jun 18 01:45:44 EDT 2017, 0.950, 2, 8, 0.620, 2, 3, 55, 384, 17, 12, 30, 85, 6.073, 5.687
Sun Jun 18 01:45:54 EDT 2017, 0.450, 6, 3, 0.120, 6, 8, 10, 534, 62, 3, 5, 40, 9.090, 8.717
Sun Jun 18 01:46:24 EDT 2017, 0.320, 3, 7, 0.750, 1, 9, 44, 497, 50, 15, 36, 73, 29.947, 28.657
Sun Jun 18 01:46:38 EDT 2017, 0.820, 7, 2, 0.250, 5, 4, 89, 347, 95, 5, 11, 28, 13.537, 11.183
Sun Jun 18 01:46:51 EDT 2017, 0.570, 5, 4, 0.500, 7, 7, 66, 572, 28, 10, 49, 51, 12.943, 11.807
Sun Jun 18 01:47:44 EDT 2017, 0.070, 9, 9, 0.000, 3, 2, 21, 422, 73, 19, 24, 96, 50.910, 50.833
Sun Jun 18 01:47:46 EDT 2017, 0.110, 5, 6, 0.220, 3, 4, 86, 337, 70, 3, 0, 20, 1.980, 1.843
Sun Jun 18 01:48:22 EDT 2017, 0.610, 9, 1, 0.720, 7, 9, 41, 487, 25, 13, 25, 65, 35.173, 33.550
Sun Jun 18 01:50:33 EDT 2017, 0.860, 2, 4, 0.470, 9, 2, 18, 412, 93, 18, 13, 87, 125.087, 108.213
Sun Jun 18 01:50:44 EDT 2017, 0.360, 7, 8, 0.970, 5, 6, 63, 562, 48, 8, 38, 42, 10.080, 9.560
Sun Jun 18 01:52:12 EDT 2017, 0.480, 1, 2, 0.090, 8, 5, 97, 450, 59, 15, 19, 76, 84.733, 82.590
Sun Jun 18 01:52:14 EDT 2017, 0.980, 6, 7, 0.590, 4, 1, 52, 300, 14, 6, 44, 31, 1.677, 1.570
Sun Jun 18 01:52:18 EDT 2017, 0.730, 3, 9, 0.340, 1, 7, 30, 525, 81, 1, 6, 54, 3.360, 3.320
Sun Jun 18 01:52:37 EDT 2017, 0.230, 8, 5, 0.840, 6, 3, 75, 375, 36, 10, 31, 99, 18.867, 18.740
Sun Jun 18 01:52:52 EDT 2017, 0.170, 2, 8, 0.530, 6, 3, 80, 544, 64, 4, 35, 82, 14.273, 13.633
Sun Jun 18 01:52:59 EDT 2017, 0.670, 6, 3, 0.030, 2, 8, 35, 394, 19, 14, 10, 37, 6.907, 6.300
Sun Jun 18 01:53:34 EDT 2017, 0.920, 4, 1, 0.780, 4, 1, 13, 469, 87, 19, 47, 14, 34.603, 32.700
Sun Jun 18 01:53:45 EDT 2017, 0.420, 9, 5, 0.280, 9, 6, 58, 319, 42, 9, 22, 59, 10.770, 10.410
Sun Jun 18 01:54:27 EDT 2017, 0.290, 3, 4, 0.660, 3, 7, 92, 431, 76, 16, 41, 48, 41.177, 39.773
Sun Jun 18 01:54:39 EDT 2017, 0.790, 7, 9, 0.160, 8, 2, 47, 581, 31, 7, 16, 93, 11.773, 11.717
Sun Jun 18 01:54:49 EDT 2017, 0.540, 1, 6, 0.910, 5, 9, 24, 356, 98, 2, 28, 71, 9.007, 8.717
Sun Jun 18 01:55:11 EDT 2017, 0.040, 5, 2, 0.410, 1, 5, 69, 506, 53, 12, 3, 26, 21.877, 18.347
Sun Jun 18 01:55:32 EDT 2017, 0.030, 3, 8, 0.770, 7, 6, 17, 398, 94, 5, 18, 89, 20.173, 20.067
Sun Jun 18 01:56:01 EDT 2017, 0.530, 8, 4, 0.270, 3, 1, 62, 548, 49, 15, 43, 44, 28.373, 26.747
Sun Jun 18 01:56:17 EDT 2017, 0.780, 1, 1, 0.520, 1, 8, 84, 323, 71, 10, 6, 21, 16.133, 14.617
Sun Jun 18 01:56:19 EDT 2017, 0.280, 5, 6, 0.020, 5, 4, 39, 473, 26, 1, 31, 66, 1.467, 1.367
Sun Jun 18 01:56:47 EDT 2017, 0.400, 2, 5, 0.890, 2, 5, 28, 586, 83, 13, 12, 33, 27.810, 26.280
Sun Jun 18 01:56:51 EDT 2017, 0.900, 6, 9, 0.390, 6, 9, 73, 436, 38, 3, 37, 78, 4.257, 4.033
Sun Jun 18 01:57:08 EDT 2017, 0.650, 4, 7, 0.640, 9, 2, 96, 511, 60, 8, 24, 55, 16.503, 14.927
Sun Jun 18 01:57:10 EDT 2017, 0.150, 9, 3, 0.140, 4, 7, 51, 361, 15, 17, 49, 10, 1.983, 1.770
