# 'Timestamp', '--gvt-delay 100 10000', '--imbalance% 0 100', '--delay 0 12', '--selfEvents% 0 100', '--simEndTime 300 600', '--rows 10 100', '--eventsPerAgent 1 20', '--granularity 0 50', '--cols 10 100', ladderQ_timing_secs, heap2tQ_timing_secs
Thu Dec 29 11:14:24 EST 2016, 3993, .48000000000000000000, 1, .19000000000000000000, 345, 29, 8, 42, 60, 6.750, 5.907
Thu Dec 29 11:15:40 EST 2016, 8943, .98000000000000000000, 7, .69000000000000000000, 495, 74, 17, 17, 15, 20.327, 13.677
Thu Dec 29 11:21:52 EST 2016, 6468, .23000000000000000000, 10, .44000000000000000000, 570, 52, 12, 29, 82, 0.000, 37.233
Thu Dec 29 11:22:32 EST 2016, 1518, .73000000000000000000, 4, .94000000000000000000, 420, 97, 3, 4, 37, 3.563, 3.537
Thu Dec 29 11:23:53 EST 2016, 2137, .30000000000000000000, 10, .62000000000000000000, 402, 91, 7, 26, 66, 25.317, 21.147
Thu Dec 29 11:30:10 EST 2016, 7087, .80000000000000000000, 4, .12000000000000000000, 552, 46, 16, 1, 21, 0.000, 10.037
Thu Dec 29 11:30:55 EST 2016, 9562, .05000000000000000000, 1, .87000000000000000000, 477, 69, 11, 39, 88, 18.270, 16.487
Thu Dec 29 11:31:36 EST 2016, 4612, .55000000000000000000, 7, .37000000000000000000, 327, 24, 2, 14, 43, 1.127, 1.370
Thu Dec 29 11:32:42 EST 2016, 3375, .17000000000000000000, 5, .50000000000000000000, 514, 13, 9, 7, 77, 3.650, 3.570
Thu Dec 29 11:33:37 EST 2016, 8325, .67000000000000000000, 11, --simEndTime, --rows, --eventsPerAgent, --granularity, --cols, , 0.043, 0.050
Thu Dec 29 11:39:59 EST 2016, 5850, .42000000000000000000, 8, .75000000000000000000, 439, 35, 14, 20, 99, 0.000, 22.520
Thu Dec 29 11:41:25 EST 2016, 900, .92000000000000000000, 2, .25000000000000000000, 589, 80, 4, 45, 54, 37.053, 27.567
Thu Dec 29 11:42:20 EST 2016, 1209, .39000000000000000000, 4, .47000000000000000000, 467, 55, 15, 31, 46, 33.637, 27.050
Thu Dec 29 11:42:51 EST 2016, 6159, .89000000000000000000, 10, .97000000000000000000, 317, 10, 6, 6, 91, 1.633, 1.440
Thu Dec 29 11:43:51 EST 2016, 8634, .14000000000000000000, 7, .22000000000000000000, 392, 77, 1, 43, 23, 1.623, 1.757
Thu Dec 29 11:45:02 EST 2016, 3684, .64000000000000000000, 1, .72000000000000000000, 542, 32, 11, 18, 68, 9.370, 8.263
Thu Dec 29 11:45:52 EST 2016, 4921, .01000000000000000000, 11, .34000000000000000000, 430, 43, 18, --cols, , 0.060, 0.060
Thu Dec 29 11:47:43 EST 2016, 9871, .51000000000000000000, 5, .84000000000000000000, 580, 88, 8, 25, 80, 50.000, 39.423
Thu Dec 29 11:47:53 EST 2016, 7396, .26000000000000000000, 2, .09000000000000000000, 505, 21, 4, 12, 12, 0.690, 0.687
Thu Dec 29 11:49:54 EST 2016, 2446, .76000000000000000000, 8, .59000000000000000000, 355, 66, 13, 37, 57, 59.157, 34.317
Thu Dec 29 11:50:55 EST 2016, 1828, .20000000000000000000, --selfEvents, --simEndTime, --rows, --eventsPerAgent, --granularity, --cols, , 0.047, 0.050
Thu Dec 29 11:52:30 EST 2016, 6778, .70000000000000000000, 6, .28000000000000000000, 486, 27, 7, 40, 85, 31.263, 20.037
Thu Dec 29 11:53:01 EST 2016, 9253, .45000000000000000000, 9, .53000000000000000000, 561, 94, 2, 3, 18, 1.533, 1.613
Thu Dec 29 11:59:38 EST 2016, 4303, .95000000000000000000, 3, .03000000000000000000, 411, 49, 12, 28, 63, 0.000, 56.780
Thu Dec 29 12:00:48 EST 2016, 3065, .33000000000000000000, 8, .90000000000000000000, 598, 38, 19, 46, 51, 41.720, 37.670
Thu Dec 29 12:06:50 EST 2016, 8015, .83000000000000000000, 2, .40000000000000000000, 448, 83, 10, 21, 96, 0.000, 67.527
Thu Dec 29 12:07:16 EST 2016, 5540, .08000000000000000000, 5, .65000000000000000000, 373, 15, 5, 34, 29, 1.293, 1.290
Thu Dec 29 12:13:53 EST 2016, 590, .58000000000000000000, 11, .15000000000000000000, 523, 60, 14, 9, 74, 0.000, 34.193
Thu Dec 29 12:14:18 EST 2016, 435, .34000000000000000000, 1, .51000000000000000000, 434, 53, 1, 41, 30, 0.867, 0.893
Thu Dec 29 12:20:45 EST 2016, 5385, .84000000000000000000, 7, .01000000000000000000, 584, 98, 10, 16, 75, 0.000, 71.290
Thu Dec 29 12:21:41 EST 2016, 7860, .09000000000000000000, 10, .76000000000000000000, 509, 31, 15, 29, 53, 13.793, 14.023
Thu Dec 29 12:28:08 EST 2016, 2910, .59000000000000000000, 4, .26000000000000000000, 359, 76, 6, 4, 98, 0.000, 14.883
Thu Dec 29 12:28:38 EST 2016, 4148, .22000000000000000000, 8, .64000000000000000000, 472, 65, 3, 22, 19, 2.843, 2.727
Thu Dec 29 12:30:04 EST 2016, 9098, .72000000000000000000, 2, .14000000000000000000, 322, 20, 13, 47, 64, 30.130, 17.667
Thu Dec 29 12:31:00 EST 2016, 6623, .47000000000000000000, 5, .89000000000000000000, 397, 87, 18, 10, 42, 23.980, 15.620
Thu Dec 29 12:33:56 EST 2016, 1673, .97000000000000000000, 11, .39000000000000000000, 547, 42, 8, 35, 87, 127.947, 46.867
Thu Dec 29 12:34:41 EST 2016, 2292, .03000000000000000000, 3, .20000000000000000000, 566, 36, 2, 7, 13, 0.700, 0.647
Thu Dec 29 12:36:32 EST 2016, 7242, .53000000000000000000, 9, .70000000000000000000, 416, 81, 12, 32, 58, 50.820, 38.097
Thu Dec 29 12:36:47 EST 2016, 9717, .28000000000000000000, 6, .45000000000000000000, 341, 14, 16, 19, 36, 4.123, 3.423
Thu Dec 29 12:37:43 EST 2016, 4767, .78000000000000000000, --selfEvents, --simEndTime, --rows, --eventsPerAgent, --granularity, --cols, , 0.057, 0.047
Thu Dec 29 12:38:48 EST 2016, 3529, .40000000000000000000, 10, .08000000000000000000, 303, 70, 4, 25, 25, 3.727, 3.450
Thu Dec 29 12:39:44 EST 2016, 8479, .90000000000000000000, 4, .58000000000000000000, 453, 25, 14, --cols, , 0.050, 0.060
Thu Dec 29 12:41:15 EST 2016, 6004, .15000000000000000000, 1, .33000000000000000000, 528, 93, 19, 38, 47, 28.557, 28.750
Thu Dec 29 12:42:10 EST 2016, 1054, .65000000000000000000, 7, .83000000000000000000, 378, 48, 9, 13, 92, 21.093, 14.377
Thu Dec 29 12:42:56 EST 2016, 745, .12000000000000000000, 9, .92000000000000000000, 369, 22, 11, 2, 95, 3.323, 2.683
Thu Dec 29 12:43:51 EST 2016, 5695, .62000000000000000000, 3, .42000000000000000000, 519, 67, 1, 27, 50, 2.880, 2.977
Thu Dec 29 12:44:52 EST 2016, 8170, .37000000000000000000, --selfEvents, --simEndTime, --rows, --eventsPerAgent, --granularity, --cols, , 0.057, 0.053
Thu Dec 29 12:47:13 EST 2016, 3220, .87000000000000000000, 6, .17000000000000000000, 444, 90, 16, 39, 28, 78.507, 46.270
Thu Dec 29 12:49:03 EST 2016, 4457, .25000000000000000000, 4, .80000000000000000000, 556, 79, 13, 33, 84, 67.483, 53.380
Thu Dec 29 12:49:59 EST 2016, 9407, .75000000000000000000, 10, .30000000000000000000, 406, 34, 4, 8, 39, 3.817, 3.093
Thu Dec 29 12:51:00 EST 2016, 6932, --delay, --selfEvents, --simEndTime, --rows, --eventsPerAgent, --granularity, --cols, , 0.057, 0.057
Thu Dec 29 12:52:00 EST 2016, 1982, .50000000000000000000, 1, .05000000000000000000, 481, 11, 18, 21, 16, 1.940, 2.240
Thu Dec 29 12:53:26 EST 2016, 1364, .44000000000000000000, 6, .36000000000000000000, 500, 17, 12, 49, 78, 26.893, 20.000
Thu Dec 29 12:54:01 EST 2016, 6314, .94000000000000000000, --selfEvents, --simEndTime, --rows, --eventsPerAgent, --granularity, --cols, , 0.053, 0.063
Thu Dec 29 12:55:12 EST 2016, 8789, .19000000000000000000, 3, .11000000000000000000, 425, 39, 7, 36, 56, 9.583, 8.927
Thu Dec 29 12:56:12 EST 2016, 3839, .69000000000000000000, 9, .61000000000000000000, 575, 84, 17, 11, 11, 10.803, 8.077
Thu Dec 29 13:02:49 EST 2016, 2601, .06000000000000000000, 2, .48000000000000000000, 387, 96, 15, 18, 89, 0.000, 30.143
Thu Dec 29 13:03:25 EST 2016, 7551, .56000000000000000000, 8, .98000000000000000000, 537, 51, 5, 43, 44, 11.947, 11.597
Thu Dec 29 13:09:31 EST 2016, 5076, .31000000000000000000, 11, .23000000000000000000, 462, 73, 10, 5, 67, 0.000, 15.920
Thu Dec 29 13:10:27 EST 2016, 126, .81000000000000000000, 5, .73000000000000000000, 312, 28, 19, 30, 22, 8.197, 6.627
Thu Dec 29 13:11:28 EST 2016, 136, .06000000000000000000, 9, .25000000000000000000, 514, 90, 2, 25, 81, 8.930, 9.693
Thu Dec 29 13:12:23 EST 2016, 5086, .56000000000000000000, 3, .75000000000000000000, 364, 45, 11, --cols, , 0.053, 0.057
Thu Dec 29 13:13:23 EST 2016, 7561, .31000000000000000000, --selfEvents, 439, 67, 16, 37, 58, 0.067, 0.070
Thu Dec 29 13:14:24 EST 2016, 2611, .81000000000000000000, 6, .50000000000000000000, 589, 22, 6, 12, 13, 2.003, 1.793
Thu Dec 29 13:15:25 EST 2016, 3848, .43000000000000000000, 4, .38000000000000000000, 401, 11, 4, 6, 92, 2.293, 2.047
Thu Dec 29 13:17:40 EST 2016, 8798, .93000000000000000000, 10, .88000000000000000000, 551, 56, 14, 31, 47, 76.560, 37.510
Thu Dec 29 13:23:47 EST 2016, 6323, .18000000000000000000, 7, .13000000000000000000, 476, 34, 18, 18, 70, 0.000, 21.120
Thu Dec 29 13:24:38 EST 2016, 1373, .68000000000000000000, 1, .63000000000000000000, 326, 79, 9, 43, 25, 6.270, 5.707
Thu Dec 29 13:25:38 EST 2016, 1992, .25000000000000000000, 7, .94000000000000000000, 345, 84, 1, 22, 98, 3.533, 3.817
Thu Dec 29 13:26:54 EST 2016, 6942, .75000000000000000000, 1, .44000000000000000000, 495, 39, 10, 47, 53, 18.860, 15.640
Thu Dec 29 13:27:34 EST 2016, 9417, --delay, --selfEvents, --simEndTime, --rows, --eventsPerAgent, --granularity, --cols, , 0.050, 0.050
Thu Dec 29 13:28:40 EST 2016, 4467, .50000000000000000000, 10, .19000000000000000000, 420, 17, 5, 34, 30, 2.780, 2.957
Thu Dec 29 13:29:40 EST 2016, 3230, .12000000000000000000, 2, .81000000000000000000, 532, 28, 3, 40, 87, 3.657, 4.050
Thu Dec 29 13:36:17 EST 2016, 8180, .62000000000000000000, 8, .31000000000000000000, 382, 73, 12, 15, 42, 0.000, 16.603
Thu Dec 29 13:37:18 EST 2016, 5705, .37000000000000000000, 11, .56000000000000000000, 307, 50, 17, 28, 64, 31.887, 23.187
Thu Dec 29 13:37:58 EST 2016, 755, .87000000000000000000, 5, .06000000000000000000, 457, 95, 8, 3, 19, 11.807, 7.980
Thu Dec 29 13:38:54 EST 2016, 1064, .40000000000000000000, 1, .16000000000000000000, 598, 76, 12, 17, 11, 4.620, 4.823
Thu Dec 29 13:39:54 EST 2016, 6014, .90000000000000000000, 7, .66000000000000000000, 448, 31, 2, 42, 56, 4.667, 4.590
Thu Dec 29 13:40:55 EST 2016, 8489, .15000000000000000000, 10, .41000000000000000000, 373, 98, 7, 4, 33, 4.663, 4.470
Thu Dec 29 13:43:11 EST 2016, 3539, .65000000000000000000, 4, .91000000000000000000, 523, 53, 17, 29, 78, 71.470, 47.420
Thu Dec 29 13:44:01 EST 2016, 4776, .03000000000000000000, 8, .03000000000000000000, 336, 42, 14, 48, 22, 7.443, 6.533
Thu Dec 29 13:45:12 EST 2016, 9726, .53000000000000000000, 2, .53000000000000000000, 486, 87, 5, 23, 67, 16.743, 14.727
Thu Dec 29 13:46:07 EST 2016, 7251, .28000000000000000000, 5, .28000000000000000000, 561, 19, 9, 36, 44, 9.210, 7.757
Thu Dec 29 14:36:12 EST 2016, 6633, .71000000000000000000, 9, .09000000000000000000, 579, 14, 1, 7, 72, 1.633, 1.540
Thu Dec 29 14:37:38 EST 2016, 9108, .46000000000000000000, 6, .84000000000000000000, 504, 81, 6, 45, 50, 24.733, 22.560
Thu Dec 29 14:38:13 EST 2016, 4158, .96000000000000000000, --selfEvents, --simEndTime, --rows, --eventsPerAgent, --granularity, --cols, , 0.053, 0.050
Thu Dec 29 14:39:14 EST 2016, 2920, .34000000000000000000, 11, .72000000000000000000, 467, 48, 13, 1, 16, 2.587, 1.977
Thu Dec 29 14:40:30 EST 2016, 7870, .84000000000000000000, 5, .22000000000000000000, 317, 93, 3, 26, 61, 14.517, 10.640
Thu Dec 29 14:41:15 EST 2016, 5395, .09000000000000000000, 2, .97000000000000000000, 392, 25, 8, 14, 39, 1.530, 1.377
Thu Dec 29 14:47:47 EST 2016, 445, .59000000000000000000, 8, .47000000000000000000, 542, 70, 18, 39, 84, 300.000, 115.740
Thu Dec 29 14:48:22 EST 2016, 600, .32000000000000000000, 4, .83000000000000000000, 303, 32, 7, 8, 43, 2.003, 1.880
Thu Dec 29 14:55:04 EST 2016, 5550, .82000000000000000000, 10, .33000000000000000000, 453, 77, 16, 33, 88, 300.000, 102.070
Thu Dec 29 14:55:30 EST 2016, 8025, .07000000000000000000, 7, .58000000000000000000, 528, 10, 11, 21, 20, 1.707, 1.840
Thu Dec 29 14:56:35 EST 2016, 3075, .57000000000000000000, 1, .08000000000000000000, 378, 55, 2, 46, 65, 3.353, 3.653
Thu Dec 29 14:57:51 EST 2016, 4312, .20000000000000000000, 11, .95000000000000000000, 565, 66, 9, 27, 54, 19.960, 18.457
Thu Dec 29 15:04:08 EST 2016, 9262, .70000000000000000000, 5, .45000000000000000000, 415, 21, 19, 2, 99, 300.000, 13.873
Thu Dec 29 15:04:58 EST 2016, 6787, .45000000000000000000, 2, .70000000000000000000, 340, 88, 14, 40, 32, 18.973, 16.010
Thu Dec 29 15:06:09 EST 2016, 1837, .95000000000000000000, 8, .20000000000000000000, 490, 43, 4, 15, 77, 19.570, 20.110
Thu Dec 29 15:06:39 EST 2016, 2456, .01000000000000000000, --selfEvents, --simEndTime, --rows, --eventsPerAgent, --granularity, --cols, , 0.067, 0.067
Thu Dec 29 15:08:40 EST 2016, 7406, .51000000000000000000, 6, .89000000000000000000, 322, 94, 15, 18, 94, 58.403, 38.373
Thu Dec 29 15:09:51 EST 2016, 9881, .26000000000000000000, 9, .14000000000000000000, 397, 27, 10, 30, 26, 4.993, 5.380
Thu Dec 29 15:10:51 EST 2016, 4931, .76000000000000000000, 3, .64000000000000000000, 547, 72, 1, 5, 71, 2.693, 3.150
Thu Dec 29 15:12:02 EST 2016, 3694, .39000000000000000000, 7, .27000000000000000000, 434, 60, 8, 24, 37, 13.117, 11.000
Thu Dec 29 15:13:13 EST 2016, 8644, .89000000000000000000, 1, .77000000000000000000, 584, 15, 17, 49, 82, 22.367, 16.210
Thu Dec 29 15:13:53 EST 2016, 6169, .14000000000000000000, 4, .02000000000000000000, 509, 83, 13, 11, 15, 5.837, 5.707
Thu Dec 29 15:14:54 EST 2016, 1219, .64000000000000000000, 10, .52000000000000000000, 359, 38, 3, 36, 60, 5.710, 5.410
Thu Dec 29 15:16:04 EST 2016, 909, .17000000000000000000, 6, .74000000000000000000, 387, 18, 17, 47, 63, 12.700, 11.920
Thu Dec 29 15:16:50 EST 2016, 5859, .67000000000000000000, --selfEvents, --simEndTime, --rows, --eventsPerAgent, --granularity, --cols, , 0.053, 0.050
Thu Dec 29 15:18:00 EST 2016, 8334, .42000000000000000000, 3, .99000000000000000000, 462, 41, 3, 35, 85, 6.097, 6.073
Thu Dec 29 15:24:32 EST 2016, 3384, .92000000000000000000, 9, .49000000000000000000, 312, 86, 12, 10, 40, 300.000, 15.700
Thu Dec 29 15:25:43 EST 2016, 4622, .29000000000000000000, 1, .61000000000000000000, 500, 97, 19, 16, 74, 39.033, 28.343
Thu Dec 29 15:26:18 EST 2016, 9572, .79000000000000000000, 7, .11000000000000000000, 350, 52, 10, 41, 29, 20.177, 14.917
Thu Dec 29 15:27:14 EST 2016, 7097, .04000000000000000000, 10, .86000000000000000000, 425, 74, 5, 4, 96, 7.980, 6.120
Thu Dec 29 15:28:45 EST 2016, 2147, .54000000000000000000, 4, .36000000000000000000, 575, 29, 14, 29, 51, 41.023, 23.993
Thu Dec 29 15:29:05 EST 2016, 1528, .48000000000000000000, 9, .05000000000000000000, 556, 24, 16, --cols, , 0.057, 0.050
Thu Dec 29 15:30:11 EST 2016, 6478, .98000000000000000000, 3, .55000000000000000000, 406, 69, 6, 25, 23, 7.640, 6.613
Thu Dec 29 15:31:06 EST 2016, 8953, .23000000000000000000, --selfEvents, --simEndTime, --rows, --eventsPerAgent, --granularity, --cols, , 0.060, 0.057
Thu Dec 29 15:33:07 EST 2016, 4003, .73000000000000000000, 6, .80000000000000000000, 481, 91, 11, 38, 46, 56.843, 43.313
Thu Dec 29 15:34:48 EST 2016, 2765, .10000000000000000000, 5, .17000000000000000000, 368, 80, 18, 32, 57, 38.620, 32.697
Thu Dec 29 15:35:13 EST 2016, 7715, .60000000000000000000, 11, .67000000000000000000, 518, 35, 9, 7, 12, 2.357, 1.997
Thu Dec 29 15:36:39 EST 2016, 5240, .35000000000000000000, 8, .42000000000000000000, 593, 57, 4, 44, 79, 24.363, 21.340
Thu Dec 29 15:37:14 EST 2016, 290, .85000000000000000000, 2, .92000000000000000000, 443, 12, 13, 19, 34, 2.490, 2.157
Thu Dec 29 15:40:15 EST 2016, 368, .46000000000000000000, 8, .56000000000000000000, 450, 30, 9, 9, 96, 94.027, 10.833
Thu Dec 29 15:47:02 EST 2016, 5318, .96000000000000000000, 2, .06000000000000000000, 300, 75, 19, 34, 51, 300.000, 58.407
Thu Dec 29 15:47:48 EST 2016, 7793, .21000000000000000000, 5, .81000000000000000000, 375, 53, 14, 22, 73, 21.703, 19.110
Thu Dec 29 15:48:48 EST 2016, 2843, .71000000000000000000, 11, .31000000000000000000, 525, 98, 5, 47, 28, 22.507, 20.070
Thu Dec 29 15:49:34 EST 2016, 4080, .08000000000000000000, 1, .68000000000000000000, 413, 86, 7, 28, 84, 10.370, 10.260
Thu Dec 29 15:56:01 EST 2016, 9030, .58000000000000000000, 7, .18000000000000000000, 563, 41, 16, 3, 39, 300.000, 11.600
Thu Dec 29 15:57:16 EST 2016, 6555, .33000000000000000000, 10, .93000000000000000000, 488, 64, 12, 41, 62, 41.217, 36.400
Thu Dec 29 15:57:37 EST 2016, 1605, .83000000000000000000, 4, .43000000000000000000, 338, 19, 2, 16, 17, 0.633, 0.653
Thu Dec 29 15:58:37 EST 2016, 2224, .14000000000000000000, 10, .24000000000000000000, 319, 13, 8, 38, 79, 4.893, 4.683
Thu Dec 29 15:59:58 EST 2016, 7174, .64000000000000000000, 4, .74000000000000000000, 469, 58, 18, 13, 34, 20.217, 14.093
Thu Dec 29 16:00:49 EST 2016, 9649, .39000000000000000000, 1, .49000000000000000000, 544, 36, 13, 25, 56, 11.660, 10.703
Thu Dec 29 16:01:39 EST 2016, 4699, .89000000000000000000, 7, .99000000000000000000, 394, 81, 3, --cols, , 0.057, 0.053
Thu Dec 29 16:06:15 EST 2016, 3462, .27000000000000000000, 3, .12000000000000000000, 582, 92, 6, 19, 90, 101.107, 36.763
Thu Dec 29 16:07:36 EST 2016, 8412, .77000000000000000000, 9, .62000000000000000000, 432, 47, 15, 44, 45, 54.177, 33.187
Thu Dec 29 16:13:18 EST 2016, 5937, .02000000000000000000, 6, .37000000000000000000, 357, 69, 10, 6, 68, 300.000, 7.767
Thu Dec 29 16:13:53 EST 2016, 987, .52000000000000000000, --selfEvents, --simEndTime, --rows, --eventsPerAgent, --granularity, --cols, , 0.057, 0.057
Thu Dec 29 16:15:09 EST 2016, 1296, .05000000000000000000, 5, .90000000000000000000, 535, 44, 19, 45, 31, 18.317, 17.107
Thu Dec 29 16:21:41 EST 2016, 6246, .55000000000000000000, 11, .40000000000000000000, 385, 89, 10, 20, 76, 300.000, 36.963
Thu Dec 29 16:22:01 EST 2016, 8721, .30000000000000000000, 8, .65000000000000000000, 310, 22, 5, 33, 53, 3.300, 3.103
Thu Dec 29 16:28:18 EST 2016, 3771, .80000000000000000000, 2, .15000000000000000000, 460, 67, 15, 8, 98, 300.000, 84.023
Thu Dec 29 16:29:14 EST 2016, 5008, .42000000000000000000, 9, .77000000000000000000, 347, 55, 17, 14, 20, 6.810, 5.520
Thu Dec 29 16:30:14 EST 2016, 9958, .92000000000000000000, 3, .27000000000000000000, 497, 10, 7, 39, 65, 8.720, 8.790
Thu Dec 29 16:31:10 EST 2016, 7483, .17000000000000000000, --selfEvents, --simEndTime, --rows, --eventsPerAgent, --granularity, --cols, , 0.053, 0.050
Thu Dec 29 16:37:32 EST 2016, 2533, .67000000000000000000, 6, .02000000000000000000, 422, 33, 12, 27, 87, 148.303, 33.517
Thu Dec 29 16:38:22 EST 2016, 1915, .36000000000000000000, 2, .34000000000000000000, 404, 38, 18, 5, 14, 3.683, 2.913
Thu Dec 29 16:40:28 EST 2016, 6865, .86000000000000000000, 8, .84000000000000000000, 554, 83, 9, 30, 59, 69.280, 43.460
Thu Dec 29 16:41:19 EST 2016, 9340, .11000000000000000000, 11, .09000000000000000000, 479, 16, 4, 17, 37, 1.600, 1.747
Thu Dec 29 16:43:19 EST 2016, 4390, .61000000000000000000, 5, .59000000000000000000, 329, 61, 13, 42, 82, 60.643, 42.330
Thu Dec 29 16:44:45 EST 2016, 3152, .24000000000000000000, 7, .46000000000000000000, 516, 72, 16, 36, 25, 23.733, 20.603
Thu Dec 29 16:45:26 EST 2016, 8102, .74000000000000000000, 1, .96000000000000000000, 366, 27, 6, 11, 70, 1.980, 1.970
Thu Dec 29 16:46:31 EST 2016, 5627, .49000000000000000000, 4, .21000000000000000000, 441, 95, 2, 48, 48, 9.153, 9.220
Thu Dec 29 16:53:08 EST 2016, 677, .99000000000000000000, 10, .71000000000000000000, 591, 50, 11, 23, 93, 249.510, 58.360
Thu Dec 29 16:53:39 EST 2016, 522, .19000000000000000000, 2, .10000000000000000000, 361, 65, 4, 31, 44, 4.513, 4.583
Thu Dec 29 17:00:00 EST 2016, 5472, .69000000000000000000, 8, .60000000000000000000, 511, 20, 14, 6, 89, 300.000, 12.250
Thu Dec 29 17:01:26 EST 2016, 7947, .44000000000000000000, 11, .35000000000000000000, 586, 88, 18, 43, 21, 45.493, 35.927
Thu Dec 29 17:02:07 EST 2016, 2997, .94000000000000000000, 5, .85000000000000000000, 436, 43, 9, 18, 66, 27.647, 15.880
Thu Dec 29 17:02:42 EST 2016, 4235, .32000000000000000000, 6, .23000000000000000000, 549, 54, 2, 12, 32, 2.220, 2.307
Thu Dec 29 17:03:43 EST 2016, 9185, .82000000000000000000, --selfEvents, --simEndTime, --rows, --eventsPerAgent, --granularity, --cols, , 0.053, 0.050
Thu Dec 29 17:04:48 EST 2016, 6710, .07000000000000000000, 3, .48000000000000000000, 324, 31, 16, 24, 10, 1.857, 1.850
Thu Dec 29 17:06:19 EST 2016, 1760, .57000000000000000000, 9, .98000000000000000000, 474, 76, 7, 49, 55, 31.207, 29.510
Thu Dec 29 17:06:49 EST 2016, 2379, .38000000000000000000, 5, .67000000000000000000, 493, 71, 3, 21, 38, 4.923, 4.670
Thu Dec 29 17:08:55 EST 2016, 7329, .88000000000000000000, 11, .17000000000000000000, 343, 26, 13, 46, 83, 61.677, 32.073
Thu Dec 29 17:09:56 EST 2016, 9804, .13000000000000000000, 8, .92000000000000000000, 418, 93, 17, 9, 15, 5.317, 4.373
Thu Dec 29 17:11:16 EST 2016, 4854, .63000000000000000000, 2, .42000000000000000000, 568, 48, 8, 34, 60, 28.313, 24.723
Thu Dec 29 17:11:52 EST 2016, 3616, --delay, --selfEvents, --simEndTime, --rows, --eventsPerAgent, --granularity, --cols, , 0.060, 0.050
Thu Dec 29 17:18:39 EST 2016, 8566, .50000000000000000000, 4, .04000000000000000000, 530, 82, 10, 15, 94, 300.000, 63.633
Thu Dec 29 17:18:59 EST 2016, 6091, .25000000000000000000, 1, .79000000000000000000, 455, 15, 15, 27, 27, 1.650, 1.740
Thu Dec 29 17:25:16 EST 2016, 1141, .75000000000000000000, 7, .29000000000000000000, 305, 60, 5, 2, 72, 108.093, 6.560
Thu Dec 29 17:31:48 EST 2016, 832, .28000000000000000000, 11, .45000000000000000000, 446, 79, 14, 13, 69, 300.000, 28.377
Thu Dec 29 17:32:13 EST 2016, 5782, .78000000000000000000, 5, .95000000000000000000, 596, 34, 5, 38, 24, 5.103, 4.580
Thu Dec 29 17:38:50 EST 2016, 8257, .03000000000000000000, 2, .20000000000000000000, 521, 57, 10, 1, 91, 300.000, 8.640
Thu Dec 29 17:39:26 EST 2016, 3307, .53000000000000000000, 8, .70000000000000000000, 371, 12, 19, 26, 46, 8.263, 6.047
Thu Dec 29 17:40:31 EST 2016, 4544, .16000000000000000000, 3, .32000000000000000000, 483, 23, 12, 45, 58, 11.443, 12.423
Thu Dec 29 17:41:22 EST 2016, 9494, .66000000000000000000, 9, .82000000000000000000, 333, 68, 2, 20, 13, 1.150, 1.127
Thu Dec 29 17:48:04 EST 2016, 7019, .41000000000000000000, 6, .07000000000000000000, 408, 46, 7, 32, 80, 168.050, 20.490
Thu Dec 29 17:48:24 EST 2016, 2069, .91000000000000000000, --selfEvents, --simEndTime, --rows, --eventsPerAgent, --granularity, --cols, , 0.050, 0.060
Thu Dec 29 17:50:25 EST 2016, 1451, .10000000000000000000, 7, .76000000000000000000, 577, 96, 13, 35, 63, 54.910, 50.160
Thu Dec 29 17:51:31 EST 2016, 6401, .60000000000000000000, 1, .26000000000000000000, 427, 51, 4, 10, 18, 1.157, 1.153
Thu Dec 29 17:53:11 EST 2016, 8876, .35000000000000000000, 4, .51000000000000000000, 352, 74, 8, 48, 86, 39.493, 31.687
Thu Dec 29 17:54:17 EST 2016, 3926, .85000000000000000000, 10, .01000000000000000000, 502, 29, 18, 23, 41, 42.787, 23.333
Thu Dec 29 17:54:32 EST 2016, 2688, .47000000000000000000, --selfEvents, --simEndTime, --rows, --eventsPerAgent, --granularity, --cols, , 0.057, 0.057
Thu Dec 29 17:55:38 EST 2016, 7638, .97000000000000000000, 6, .38000000000000000000, 465, 62, 1, 29, 30, 2.083, 2.320
Thu Dec 29 17:56:49 EST 2016, 5163, .22000000000000000000, 9, .63000000000000000000, 540, 40, 6, 16, 97, 13.123, 12.277
Thu Dec 29 17:59:29 EST 2016, 213, .72000000000000000000, 3, .13000000000000000000, 390, 85, 15, 41, 52, 102.850, 77.047
Thu Dec 29 18:00:40 EST 2016, 252, .26000000000000000000, --selfEvents, --simEndTime, --rows, --eventsPerAgent, --granularity, --cols, , 0.057, 0.053
Thu Dec 29 18:07:17 EST 2016, 5202, .76000000000000000000, 6, .18000000000000000000, 377, 15, 18, 24, 94, 300.000, 22.377
Thu Dec 29 18:08:58 EST 2016, 7677, .01000000000000000000, 9, .93000000000000000000, 302, 82, 13, 37, 26, 12.490, 10.470
Thu Dec 29 18:09:53 EST 2016, 2727, .51000000000000000000, 3, .43000000000000000000, 452, 37, 3, 12, 71, 4.130, 3.773
Thu Dec 29 18:10:54 EST 2016, 3964, .14000000000000000000, 8, .56000000000000000000, 339, 49, 6, 18, 38, 3.800, 3.533
Thu Dec 29 18:17:36 EST 2016, 8914, .64000000000000000000, 2, .06000000000000000000, 489, 94, 15, 43, 83, 300.000, 154.353
Thu Dec 29 18:19:02 EST 2016, 6439, .39000000000000000000, 5, .81000000000000000000, 564, 26, 11, 5, 15, 1.877, 1.630
Thu Dec 29 18:20:07 EST 2016, 1489, .89000000000000000000, 11, .31000000000000000000, 414, 71, 1, 30, 60, 5.353, 5.490
Thu Dec 29 18:21:03 EST 2016, 2108, .08000000000000000000, 4, --simEndTime, --rows, --eventsPerAgent, --granularity, --cols, , 0.060, 0.063
Thu Dec 29 18:27:50 EST 2016, 7058, .58000000000000000000, 10, .50000000000000000000, 545, 32, 19, 27, 77, 216.977, 42.063
Thu Dec 29 18:29:15 EST 2016, 9533, .33000000000000000000, 7, .25000000000000000000, 470, 99, 14, 15, 10, 9.710, 7.773
Thu Dec 29 18:30:16 EST 2016, 4583, .83000000000000000000, 1, .75000000000000000000, 320, 54, 5, 40, 55, 5.330, 5.060
Thu Dec 29 18:31:31 EST 2016, 3346, .45000000000000000000, 11, .12000000000000000000, 508, 43, 7, 33, 43, 16.207, 13.017
Thu Dec 29 18:37:58 EST 2016, 8296, .95000000000000000000, 5, .62000000000000000000, 358, 88, 16, 8, 88, 300.000, 49.737
Thu Dec 29 18:38:24 EST 2016, 5821, .20000000000000000000, 2, .37000000000000000000, 433, 21, 12, 46, 21, 4.197, 3.817
Thu Dec 29 18:39:29 EST 2016, 871, .70000000000000000000, 8, .87000000000000000000, 583, 66, 2, 21, 66, 8.887, 8.493
Thu Dec 29 18:43:36 EST 2016, 1180, .23000000000000000000, 9, .84000000000000000000, 461, 85, 18, 7, 74, 91.143, 30.870
Thu Dec 29 18:44:36 EST 2016, 6130, .73000000000000000000, 3, .34000000000000000000, 311, 40, 9, 32, 29, 8.173, 8.993
Thu Dec 29 18:45:27 EST 2016, 8605, .48000000000000000000, --selfEvents, --simEndTime, --rows, --eventsPerAgent, --granularity, --cols, , 0.050, 0.053
Thu Dec 29 18:47:07 EST 2016, 3655, .98000000000000000000, 6, .09000000000000000000, 536, 18, 13, 44, 52, 38.767, 25.277
Thu Dec 29 18:47:43 EST 2016, 4892, .36000000000000000000, 5, .97000000000000000000, 423, 29, 16, 26, 63, 14.460, 12.257
Thu Dec 29 18:48:34 EST 2016, 9842, .86000000000000000000, 11, .47000000000000000000, 573, 74, 6, 1, 18, 5.990, 3.783
Thu Dec 29 18:49:39 EST 2016, 7367, .11000000000000000000, 8, .72000000000000000000, 498, 51, 2, 38, 85, 6.117, 6.377
Thu Dec 29 18:56:06 EST 2016, 2417, .61000000000000000000, 2, .22000000000000000000, 348, 96, 11, 13, 40, 151.063, 17.240
Thu Dec 29 18:59:02 EST 2016, 1799, .42000000000000000000, 6, .40000000000000000000, 330, 91, 19, 41, 57, 103.783, 60.617
Thu Dec 29 18:59:43 EST 2016, 6749, .92000000000000000000, --selfEvents, --simEndTime, --rows, --eventsPerAgent, --granularity, --cols, , 0.053, 0.060
Thu Dec 29 19:01:13 EST 2016, 9224, .17000000000000000000, 3, .15000000000000000000, 555, 68, 5, 29, 80, 17.753, 23.253
Thu Dec 29 19:01:49 EST 2016, 4274, .67000000000000000000, 9, .65000000000000000000, 405, 23, 15, 4, 35, 6.950, 4.490
Thu Dec 29 19:02:49 EST 2016, 3036, .05000000000000000000, 1, .28000000000000000000, 592, 12, 17, 23, 69, 4.333, 4.207
Thu Dec 29 19:03:55 EST 2016, 7986, .55000000000000000000, 7, .78000000000000000000, 442, 57, 8, 48, 24, 11.607, 10.583
Thu Dec 29 19:04:55 EST 2016, 5511, .30000000000000000000, 10, .03000000000000000000, 367, 35, 3, 10, 91, 5.497, 7.017
Thu Dec 29 19:07:56 EST 2016, 561, .80000000000000000000, 4, .53000000000000000000, 517, 80, 12, 35, 46, 68.900, 50.220
Thu Dec 29 19:08:52 EST 2016, 716, --delay, --selfEvents, --simEndTime, --rows, --eventsPerAgent, --granularity, --cols, , 0.053, 0.053
Thu Dec 29 19:09:52 EST 2016, 5666, .50000000000000000000, --selfEvents, --simEndTime, --rows, --eventsPerAgent, --granularity, --cols, , 0.050, 0.057
Thu Dec 29 19:16:34 EST 2016, 8141, .25000000000000000000, 3, .39000000000000000000, 513, 47, 17, 3, 67, 300.000, 14.093
Thu Dec 29 19:18:10 EST 2016, 3191, .75000000000000000000, 9, .89000000000000000000, 363, 92, 8, 28, 22, 10.683, 9.450
Thu Dec 29 19:19:05 EST 2016, 4428, .37000000000000000000, 2, .01000000000000000000, 475, 81, 1, 47, 78, 5.017, 5.493
Thu Dec 29 19:20:11 EST 2016, 9378, .87000000000000000000, 8, .51000000000000000000, 325, 36, 10, 22, 33, 10.390, 7.797
Thu Dec 29 19:26:33 EST 2016, 6903, .12000000000000000000, 11, .26000000000000000000, 400, 59, 15, 34, 56, 119.570, 32.350
Thu Dec 29 19:28:08 EST 2016, 1953, .62000000000000000000, 5, .76000000000000000000, 550, 14, 5, 9, 11, 0.593, 0.560
Thu Dec 29 19:29:19 EST 2016, 2572, .31000000000000000000, 9, .58000000000000000000, 569, 19, 4, 31, 84, 6.623, 6.103
Thu Dec 29 19:35:36 EST 2016, 7522, .81000000000000000000, 3, .08000000000000000000, 419, 64, 14, 6, 39, 300.000, 24.180
Thu Dec 29 19:36:21 EST 2016, 9997, .06000000000000000000, --selfEvents, --simEndTime, --rows, --eventsPerAgent, --granularity, --cols, , 0.060, 0.053
Thu Dec 29 19:37:32 EST 2016, 5047, .56000000000000000000, 6, .33000000000000000000, 494, 87, 9, 19, 17, 10.663, 9.160
Thu Dec 29 19:38:22 EST 2016, 3810, .19000000000000000000, 4, .70000000000000000000, 306, 98, 2, --cols, , 0.050, 0.050
Thu Dec 29 19:40:08 EST 2016, 8760, .69000000000000000000, 10, .20000000000000000000, 456, 53, 11, 25, 50, 43.380, 23.763
Thu Dec 29 19:42:09 EST 2016, 6285, .44000000000000000000, 7, .95000000000000000000, 531, 75, 16, 12, 73, 43.297, 31.973
Thu Dec 29 19:43:30 EST 2016, 1335, .94000000000000000000, 1, .45000000000000000000, 381, 30, 7, 37, 28, 3.410, 3.397
Thu Dec 29 19:44:45 EST 2016, 1025, .47000000000000000000, 3, .29000000000000000000, 372, 50, 13, 26, 25, 13.367, 12.173
Thu Dec 29 19:46:16 EST 2016, 5975, .97000000000000000000, 9, .79000000000000000000, 522, 95, 4, 1, 70, 32.673, 13.330
Thu Dec 29 19:47:47 EST 2016, 8450, .22000000000000000000, 6, .04000000000000000000, 597, 28, 8, 39, 47, 14.003, 11.070
Thu Dec 29 19:48:32 EST 2016, 3500, .72000000000000000000, --selfEvents, --simEndTime, --rows, --eventsPerAgent, --granularity, --cols, , 0.047, 0.053
Thu Dec 29 19:49:38 EST 2016, 4738, .09000000000000000000, 10, .42000000000000000000, 559, 61, 11, 8, 14, 3.187, 3.323
Thu Dec 29 19:50:38 EST 2016, 9688, .59000000000000000000, 4, .92000000000000000000, 409, 16, 1, 33, 59, 0.887, 1.060
Thu Dec 29 19:51:39 EST 2016, 7213, .34000000000000000000, 1, .17000000000000000000, 334, 84, 6, 20, 36, 3.900, 3.957
Thu Dec 29 19:57:50 EST 2016, 2263, .84000000000000000000, 7, .67000000000000000000, 484, 39, 16, 45, 81, 257.343, 63.447
Thu Dec 29 19:58:46 EST 2016, 1644, .16000000000000000000, 1, .98000000000000000000, 503, 33, 14, 23, 19, 1.790, 2.010
Thu Dec 29 20:00:12 EST 2016, 6594, .66000000000000000000, 7, .48000000000000000000, 353, 78, 5, 48, 64, 26.973, 22.797
Thu Dec 29 20:00:47 EST 2016, 9069, .41000000000000000000, 10, .73000000000000000000, 428, 11, 10, 11, 42, 3.097, 2.513
Thu Dec 29 20:07:29 EST 2016, 4119, .91000000000000000000, 4, .23000000000000000000, 578, 56, 19, 36, 87, 300.000, 168.750
Thu Dec 29 20:08:15 EST 2016, 2881, .28000000000000000000, 8, .86000000000000000000, 391, 67, 12, 42, 31, 16.380, 17.393
Thu Dec 29 20:08:55 EST 2016, 7831, .78000000000000000000, 2, .36000000000000000000, 541, 22, 3, 17, 76, 4.537, 4.070
Thu Dec 29 20:10:11 EST 2016, 5356, .03000000000000000000, 5, .61000000000000000000, 466, 89, 7, 30, 53, 15.440, 15.190
Thu Dec 29 20:16:38 EST 2016, 406, .53000000000000000000, 11, .11000000000000000000, 316, 44, 17, 5, 98, 300.000, 26.190
Thu Dec 29 20:18:03 EST 2016, 329, .13000000000000000000, 5, .49000000000000000000, 590, 38, 1, 15, 37, 1.160, 1.223
Thu Dec 29 20:20:09 EST 2016, 5279, .63000000000000000000, 11, .99000000000000000000, 440, 83, 10, 40, 82, 61.323, 55.997
Thu Dec 29 20:21:05 EST 2016, 7754, .38000000000000000000, 8, .24000000000000000000, 365, 16, 15, 3, 14, 1.410, 1.247
Thu Dec 29 20:22:25 EST 2016, 2804, .88000000000000000000, 2, .74000000000000000000, 515, 61, 5, 28, 59, 16.710, 16.040
Thu Dec 29 20:24:16 EST 2016, 4042, .26000000000000000000, 10, .36000000000000000000, 327, 72, 3, 46, 48, 9.093, 7.943
Thu Dec 29 20:25:42 EST 2016, 8992, .76000000000000000000, 4, .86000000000000000000, 477, 27, 12, 21, 93, 30.260, 17.443
Thu Dec 29 20:26:32 EST 2016, 6517, .01000000000000000000, 1, .11000000000000000000, 552, 94, 17, 34, 26, 14.617, 17.180
Thu Dec 29 20:27:43 EST 2016, 1567, .51000000000000000000, 7, .61000000000000000000, 402, 49, 8, 9, 71, 19.180, 10.393
Thu Dec 29 20:28:13 EST 2016, 2185, .44000000000000000000, 2, .80000000000000000000, 421, 44, 2, 37, 54, 2.617, 2.637
Thu Dec 29 20:34:45 EST 2016, 7135, .94000000000000000000, 8, .30000000000000000000, 571, 89, 11, 12, 99, 300.000, 85.040
Thu Dec 29 20:35:36 EST 2016, 9610, .19000000000000000000, 11, .55000000000000000000, 496, 21, 16, 49, 31, 10.733, 11.397
Thu Dec 29 20:43:03 EST 2016, 4660, .69000000000000000000, 5, .05000000000000000000, 346, 66, 7, 24, 76, 148.197, 29.890
Thu Dec 29 20:44:29 EST 2016, 3423, .07000000000000000000, 6, .93000000000000000000, 459, 55, 4, 6, 43, 2.140, 2.087
Thu Dec 29 20:45:30 EST 2016, 8373, .57000000000000000000, --selfEvents, --simEndTime, --rows, --eventsPerAgent, --granularity, --cols, , 0.053, 0.043
Thu Dec 29 20:46:40 EST 2016, 5898, .32000000000000000000, 3, .68000000000000000000, 384, 78, 18, 18, 20, 9.717, 8.200
Thu Dec 29 20:48:21 EST 2016, 948, .82000000000000000000, 9, .18000000000000000000, 534, 33, 9, 43, 65, 47.850, 31.663
Thu Dec 29 20:48:41 EST 2016, 1257, .35000000000000000000, 7, .08000000000000000000, 524, 13, 11, 29, 57, 10.510, 8.167
Thu Dec 29 20:49:32 EST 2016, 6207, .85000000000000000000, 1, .58000000000000000000, 374, 58, 1, 4, 12, 0.243, 0.187
Thu Dec 29 20:50:42 EST 2016, 8682, .10000000000000000000, 4, .33000000000000000000, 449, 35, 6, 42, 79, 10.143, 10.663
Thu Dec 29 20:52:13 EST 2016, 3732, .60000000000000000000, 10, .83000000000000000000, 599, 80, 15, 17, 34, 35.860, 24.730
Thu Dec 29 20:52:39 EST 2016, 4970, .23000000000000000000, --selfEvents, --simEndTime, --rows, --eventsPerAgent, --granularity, --cols, , 0.047, 0.047
Thu Dec 29 20:53:44 EST 2016, 9920, .73000000000000000000, 6, .71000000000000000000, 562, 47, 4, 35, 23, 5.080, 4.923
Thu Dec 29 21:00:16 EST 2016, 7445, .48000000000000000000, 9, .46000000000000000000, 487, 69, 8, 23, 90, 300.000, 34.753
Thu Dec 29 21:01:01 EST 2016, 2495, .98000000000000000000, 3, .96000000000000000000, 337, 24, 18, 48, 45, 15.447, 14.227
Thu Dec 29 21:01:57 EST 2016, 1876, .04000000000000000000, 11, .65000000000000000000, 356, 30, 12, 20, 74, 9.040, 7.813
Thu Dec 29 21:02:53 EST 2016, 6826, .54000000000000000000, 5, .15000000000000000000, 506, 75, 2, 45, 29, 5.397, 5.483
Thu Dec 29 21:03:58 EST 2016, 9301, .29000000000000000000, 2, .90000000000000000000, 581, 52, 7, 7, 96, 9.620, 8.533
Thu Dec 29 21:07:09 EST 2016, 4351, .79000000000000000000, 8, .40000000000000000000, 431, 97, 17, 32, 51, 141.477, 72.083
Thu Dec 29 21:09:25 EST 2016, 3113, .41000000000000000000, 4, .52000000000000000000, 543, 86, 14, 39, 62, 91.980, 70.863
Thu Dec 29 21:09:56 EST 2016, 8063, .91000000000000000000, 10, .02000000000000000000, 393, 41, 5, 14, 17, 2.787, 3.047
Thu Dec 29 21:11:11 EST 2016, 5588, .16000000000000000000, 7, .77000000000000000000, 318, 63, 9, 26, 85, 16.950, 15.260
Thu Dec 29 21:12:22 EST 2016, 638, .66000000000000000000, 1, .27000000000000000000, 468, 18, 19, 1, 40, 21.913, 4.433
Thu Dec 29 21:13:38 EST 2016, 484, .40000000000000000000, 10, .91000000000000000000, 379, 96, 6, 44, 86, 36.840, 35.037
Thu Dec 29 21:19:39 EST 2016, 5434, .90000000000000000000, 4, .41000000000000000000, 529, 51, 15, 19, 41, 300.000, 32.523
Thu Dec 29 21:21:15 EST 2016, 7909, .15000000000000000000, 1, .66000000000000000000, 454, 73, 10, 31, 64, 11.733, 10.600
Thu Dec 29 21:22:06 EST 2016, 2959, .65000000000000000000, 7, .16000000000000000000, 304, 28, 1, 6, 19, 0.403, 0.353
Thu Dec 29 21:23:11 EST 2016, 4196, .02000000000000000000, 3, .79000000000000000000, 491, 17, 8, 13, 97, 3.453, 3.610
Thu Dec 29 21:28:53 EST 2016, 9146, .52000000000000000000, 9, .29000000000000000000, 341, 62, 18, 38, 52, 164.010, 37.523
Thu Dec 29 21:29:13 EST 2016, 6671, .27000000000000000000, 6, .54000000000000000000, 416, 40, 13, --cols, , 0.050, 0.047
Thu Dec 29 21:30:14 EST 2016, 1721, .77000000000000000000, --selfEvents, --simEndTime, --rows, --eventsPerAgent, --granularity, --cols, , 0.043, 0.053
Thu Dec 29 21:37:02 EST 2016, 2340, .21000000000000000000, 8, .35000000000000000000, 548, 79, 7, 3, 92, 300.000, 17.113
Thu Dec 29 21:37:37 EST 2016, 7290, .71000000000000000000, 2, .85000000000000000000, 398, 34, 16, 28, 47, 13.310, 10.627
Thu Dec 29 21:44:04 EST 2016, 9765, .46000000000000000000, 5, .10000000000000000000, 323, 56, 12, 16, 69, 300.000, 19.810
Thu Dec 29 21:44:29 EST 2016, 4815, .96000000000000000000, 11, .60000000000000000000, 473, 11, 2, 41, 24, 1.203, 0.957
Thu Dec 29 21:45:29 EST 2016, 3578, .34000000000000000000, --selfEvents, --simEndTime, --rows, --eventsPerAgent, --granularity, --cols, , 0.050, 0.053
Thu Dec 29 21:47:00 EST 2016, 8528, .84000000000000000000, 6, .97000000000000000000, 510, 68, 19, 10, 36, 25.857, 16.700
Thu Dec 29 21:48:30 EST 2016, 6053, .09000000000000000000, 9, .22000000000000000000, 585, 45, 14, 47, 58, 42.093, 33.320
Thu Dec 29 21:49:36 EST 2016, 1103, .59000000000000000000, 3, .72000000000000000000, 435, 90, 4, 22, 13, 2.313, 2.250
Thu Dec 29 21:50:36 EST 2016, 793, .12000000000000000000, 2, .51000000000000000000, 313, 70, 16, 11, 16, 2.523, 2.523
Thu Dec 29 21:51:51 EST 2016, 5743, .62000000000000000000, 8, .01000000000000000000, 463, 25, 6, 36, 61, 14.477, 10.947
Thu Dec 29 21:52:42 EST 2016, 8218, .37000000000000000000, 11, .76000000000000000000, 538, 93, 1, 24, 38, 2.843, 3.037
Thu Dec 29 21:59:18 EST 2016, 3268, .87000000000000000000, 5, .26000000000000000000, 388, 48, 11, 49, 83, 300.000, 56.257
Thu Dec 29 22:00:04 EST 2016, 4506, .49000000000000000000, 7, .63000000000000000000, 576, 37, 18, 30, 27, 20.877, 16.163
Thu Dec 29 22:06:21 EST 2016, 9456, .99000000000000000000, 1, .13000000000000000000, 426, 82, 9, 5, 72, 300.000, 64.233
Thu Dec 29 22:06:57 EST 2016, 6981, .24000000000000000000, 4, .88000000000000000000, 351, 14, 4, 42, 50, 2.327, 2.157
Thu Dec 29 22:13:33 EST 2016, 2031, .74000000000000000000, 10, .38000000000000000000, 501, 59, 13, 17, 95, 300.000, 51.763
Thu Dec 29 22:14:24 EST 2016, 1412, .30000000000000000000, 4, .19000000000000000000, 482, 65, 17, 39, 21, 22.217, 19.277
Thu Dec 29 22:15:09 EST 2016, 6362, .80000000000000000000, 10, .69000000000000000000, 332, 20, 7, 14, 66, 6.897, 4.453
Thu Dec 29 22:16:10 EST 2016, 8837, .05000000000000000000, 7, .44000000000000000000, 407, 87, 3, 27, 44, 5.720, 5.203
Thu Dec 29 22:17:11 EST 2016, 3887, .55000000000000000000, 1, .94000000000000000000, 557, 42, 12, 2, 89, 6.923, 5.707
Thu Dec 29 22:18:11 EST 2016, 2649, .18000000000000000000, 9, .07000000000000000000, 445, 54, 19, 21, 10, 5.290, 4.880
Thu Dec 29 22:20:37 EST 2016, 7599, .68000000000000000000, 3, .57000000000000000000, 595, 99, 10, 46, 55, 89.123, 74.130
Thu Dec 29 22:21:07 EST 2016, 5124, .43000000000000000000, --selfEvents, --simEndTime, --rows, --eventsPerAgent, --granularity, --cols, , 0.053, 0.053
Thu Dec 29 22:27:34 EST 2016, 174, .93000000000000000000, 6, .82000000000000000000, 370, 76, 15, 33, 78, 300.000, 70.873
Thu Dec 29 22:29:05 EST 2016, 155, .43000000000000000000, 4, .03000000000000000000, 416, 20, 18, 42, 74, 48.690, 26.207
Thu Dec 29 22:29:40 EST 2016, 5105, .93000000000000000000, 10, .53000000000000000000, 566, 65, 8, 17, 29, 24.093, 14.250
Thu Dec 29 22:30:26 EST 2016, 7580, .18000000000000000000, 7, .28000000000000000000, 491, 43, 3, 30, 97, 9.630, 10.290
Thu Dec 29 22:31:26 EST 2016, 2630, .68000000000000000000, 1, .78000000000000000000, 341, 88, 13, 5, 52, 9.527, 6.887
Thu Dec 29 22:37:53 EST 2016, 3868, .06000000000000000000, 9, .16000000000000000000, 453, 99, 15, 24, 63, 300.000, 38.820
Thu Dec 29 22:38:29 EST 2016, 8818, .56000000000000000000, 3, .66000000000000000000, 303, 54, 6, 49, 18, 3.927, 3.783
Thu Dec 29 22:39:24 EST 2016, 6343, .31000000000000000000, --selfEvents, --simEndTime, --rows, --eventsPerAgent, --granularity, --cols, , 0.050, 0.050
Thu Dec 29 22:40:45 EST 2016, 1393, .81000000000000000000, 6, .91000000000000000000, 528, 31, 11, 36, 40, 15.037, 13.137
Thu Dec 29 22:41:40 EST 2016, 2011, .24000000000000000000, 2, .72000000000000000000, 585, 26, 19, 8, 57, 9.423, 7.270
Thu Dec 29 22:42:36 EST 2016, 6961, .74000000000000000000, 8, .22000000000000000000, 435, 71, 9, 33, 12, 8.197, 7.483
Thu Dec 29 22:43:36 EST 2016, 9436, .49000000000000000000, 11, .97000000000000000000, 360, 48, 5, 20, 80, 8.027, 7.470
Thu Dec 29 22:46:22 EST 2016, 4486, .99000000000000000000, 5, .47000000000000000000, 510, 93, 14, 45, 35, 110.723, 71.567
Thu Dec 29 22:51:59 EST 2016, 3249, .37000000000000000000, 6, .59000000000000000000, 322, 82, 16, 27, 68, 216.700, 36.257
Thu Dec 29 22:52:39 EST 2016, 8199, .87000000000000000000, --selfEvents, --simEndTime, --rows, --eventsPerAgent, --granularity, --cols, , 0.050, 0.053
Thu Dec 29 22:53:50 EST 2016, 5724, .12000000000000000000, 3, .84000000000000000000, 547, 59, 2, 39, 91, 6.810, 7.113
Thu Dec 29 22:54:50 EST 2016, 774, .62000000000000000000, 9, .34000000000000000000, 397, 14, 12, 14, 46, 5.970, 4.850
Thu Dec 29 22:55:45 EST 2016, 1083, .09000000000000000000, 8, .37000000000000000000, 350, 34, 9, --cols, , 0.053, 0.043
Thu Dec 29 22:58:16 EST 2016, 6033, .59000000000000000000, 2, .87000000000000000000, 500, 79, 18, 25, 99, 88.633, 60.103
Thu Dec 29 22:58:51 EST 2016, 8508, .34000000000000000000, 5, .12000000000000000000, 575, 12, 14, 13, 32, 5.897, 3.943
Thu Dec 29 23:00:12 EST 2016, 3558, .84000000000000000000, 11, .62000000000000000000, 425, 57, 4, 38, 77, 24.937, 19.073
Thu Dec 29 23:00:57 EST 2016, 4796, .46000000000000000000, 1, .25000000000000000000, 538, 68, 6, 31, 43, 8.973, 9.670
Thu Dec 29 23:04:33 EST 2016, 9746, .96000000000000000000, 7, .75000000000000000000, 388, 23, 16, 6, 88, 141.123, 13.697
Thu Dec 29 23:04:54 EST 2016, 7271, .21000000000000000000, 10, --simEndTime, --rows, --eventsPerAgent, --granularity, --cols, , 0.060, 0.057
Thu Dec 29 23:05:59 EST 2016, 2321, .71000000000000000000, 4, .50000000000000000000, 463, 45, 2, 19, 66, 4.383, 4.253
Thu Dec 29 23:07:14 EST 2016, 1702, .27000000000000000000, 10, .81000000000000000000, 519, 51, 10, 47, 37, 19.003, 17.567
Thu Dec 29 23:13:21 EST 2016, 6652, .77000000000000000000, 4, .31000000000000000000, 369, 96, 19, 22, 82, 300.000, 96.343
Thu Dec 29 23:14:06 EST 2016, 9127, .02000000000000000000, 1, .56000000000000000000, 444, 28, 15, 35, 15, 1.543, 1.587
Thu Dec 29 23:20:48 EST 2016, 4177, .52000000000000000000, 7, .06000000000000000000, 594, 73, 5, 10, 60, 262.353, 15.383
Thu Dec 29 23:21:23 EST 2016, 2939, .15000000000000000000, 3, .94000000000000000000, 407, 62, 8, 16, 49, 8.243, 7.403
Thu Dec 29 23:23:34 EST 2016, 7889, .65000000000000000000, 9, .44000000000000000000, 557, 17, 17, 41, 94, 78.943, 36.900
Thu Dec 29 23:24:24 EST 2016, 5414, .40000000000000000000, 6, .69000000000000000000, 482, 85, 12, 3, 26, 8.863, 6.227
Thu Dec 29 23:25:15 EST 2016, 464, .90000000000000000000, --selfEvents, --simEndTime, --rows, --eventsPerAgent, --granularity, --cols, , 0.047, 0.047
Thu Dec 29 23:26:30 EST 2016, 619, .17000000000000000000, 11, .61000000000000000000, 552, 75, 13, 23, 22, 13.030, 11.423
Thu Dec 29 23:27:26 EST 2016, 5569, .67000000000000000000, 5, .11000000000000000000, 402, 30, 3, 48, 67, 7.867, 7.253
Thu Dec 29 23:28:26 EST 2016, 8044, .42000000000000000000, 2, .86000000000000000000, 327, 97, 8, 10, 45, 6.927, 5.737
Thu Dec 29 23:34:52 EST 2016, 3094, .92000000000000000000, 8, .36000000000000000000, 477, 52, 17, 35, 90, 300.000, 99.297
Thu Dec 29 23:35:28 EST 2016, 4332, .29000000000000000000, 4, .73000000000000000000, 364, 41, 10, 42, 11, 2.667, 2.543
Thu Dec 29 23:36:33 EST 2016, 9282, .79000000000000000000, 10, .23000000000000000000, 514, 86, 1, 17, 56, 5.410, 5.420
Thu Dec 29 23:37:29 EST 2016, 6807, .04000000000000000000, 7, .98000000000000000000, 589, 19, 6, 29, 33, 2.283, 2.167
Thu Dec 29 23:44:05 EST 2016, 1857, .54000000000000000000, 1, .48000000000000000000, 439, 64, 15, 4, 78, 300.000, 14.353
Thu Dec 29 23:44:51 EST 2016, 2475, .48000000000000000000, 8, .17000000000000000000, 383, 58, 14, 26, 16, 10.217, 7.920
Thu Dec 29 23:45:36 EST 2016, 7425, .98000000000000000000, 2, .67000000000000000000, 533, 13, 4, 1, 61, 1.477, 1.433
Thu Dec 29 23:47:02 EST 2016, 9900, .23000000000000000000, 5, .42000000000000000000, 458, 80, 9, 38, 39, 23.543, 19.807
Thu Dec 29 23:48:07 EST 2016, 4950, .73000000000000000000, 11, .92000000000000000000, 308, 35, 19, 13, 84, 27.907, 15.313
Thu Dec 29 23:48:43 EST 2016, 3713, .10000000000000000000, --selfEvents, --simEndTime, --rows, --eventsPerAgent, --granularity, --cols, , 0.050, 0.060
Thu Dec 29 23:49:53 EST 2016, 8663, .60000000000000000000, 6, .55000000000000000000, 346, 92, 2, 32, 73, 10.180, 9.633
Thu Dec 29 23:50:48 EST 2016, 6188, .35000000000000000000, 9, .30000000000000000000, 421, 24, 7, 20, 50, 6.153, 5.163
Thu Dec 29 23:56:19 EST 2016, 1238, .85000000000000000000, 3, .80000000000000000000, 571, 69, 16, 45, 95, 247.427, 124.460
Thu Dec 29 23:57:00 EST 2016, 929, .32000000000000000000, 1, .95000000000000000000, 486, 89, 4, 34, 92, 11.120, 11.070
Fri Dec 30 00:03:31 EST 2016, 5879, .82000000000000000000, 7, .45000000000000000000, 336, 44, 13, 9, 47, 300.000, 9.960
Fri Dec 30 00:04:52 EST 2016, 8354, .07000000000000000000, 10, .70000000000000000000, 411, 66, 18, 46, 70, 57.863, 48.227
Fri Dec 30 00:05:07 EST 2016, 3404, .57000000000000000000, 4, .20000000000000000000, 561, 21, 8, 21, 25, 10.227, 6.067
Fri Dec 30 00:05:58 EST 2016, 4641, .20000000000000000000, 6, .83000000000000000000, 449, 10, 1, 2, 81, 0.310, 0.410
Fri Dec 30 00:06:59 EST 2016, 9591, .70000000000000000000, --selfEvents, --simEndTime, --rows, --eventsPerAgent, --granularity, --cols, , 0.050, 0.040
Fri Dec 30 00:09:55 EST 2016, 7116, .45000000000000000000, 3, .58000000000000000000, 524, 33, 16, 15, 59, 103.227, 15.773
Fri Dec 30 00:10:15 EST 2016, 2166, .95000000000000000000, 9, .08000000000000000000, 374, 78, 6, 40, 14, 8.730, 9.523
Fri Dec 30 00:11:16 EST 2016, 1547, .01000000000000000000, 5, .26000000000000000000, 317, 83, 5, 18, 87, 10.807, 10.460
Fri Dec 30 00:12:31 EST 2016, 6497, .51000000000000000000, 11, .76000000000000000000, 467, 38, 14, 43, 42, 25.190, 20.267
Fri Dec 30 00:18:48 EST 2016, 8972, .26000000000000000000, 8, .01000000000000000000, 542, 61, 19, 6, 64, 300.000, 33.160
Fri Dec 30 00:19:14 EST 2016, 4022, .76000000000000000000, 2, .51000000000000000000, 392, 16, 10, 31, 19, 2.483, 2.310
Fri Dec 30 00:20:24 EST 2016, 2785, .38000000000000000000, 10, .39000000000000000000, 580, 27, 3, 49, 98, 12.883, 11.737
Fri Dec 30 00:22:00 EST 2016, 7735, .88000000000000000000, 4, .89000000000000000000, 430, 72, 12, 24, 53, 44.527, 26.143
Fri Dec 30 00:22:35 EST 2016, 5260, .13000000000000000000, 1, .14000000000000000000, 355, 50, 17, 37, 75, 16.383, 14.953
Fri Dec 30 00:23:31 EST 2016, 310, .63000000000000000000, 7, .64000000000000000000, 505, 95, 7, 12, 30, 13.160, 10.350
Fri Dec 30 00:24:17 EST 2016, 387, .03000000000000000000, --selfEvents, --simEndTime, --rows, --eventsPerAgent, --granularity, --cols, , 0.050, 0.040
Fri Dec 30 00:25:17 EST 2016, 5337, .53000000000000000000, 6, .27000000000000000000, 549, 33, 1, 45, 13, 0.637, 0.900
Fri Dec 30 00:26:28 EST 2016, 7812, .28000000000000000000, 9, .52000000000000000000, 474, 56, 5, 8, 80, 9.440, 8.827
Fri Dec 30 00:27:33 EST 2016, 2862, .78000000000000000000, 3, .02000000000000000000, 324, 11, 15, 33, 35, 10.753, 7.317
Fri Dec 30 00:28:39 EST 2016, 4100, .41000000000000000000, 8, .90000000000000000000, 512, 22, 12, 39, 69, 16.823, 15.123
Fri Dec 30 00:29:24 EST 2016, 9050, .91000000000000000000, 2, .40000000000000000000, 362, 67, 3, 14, 24, 2.247, 2.230
Fri Dec 30 00:30:40 EST 2016, 6575, .16000000000000000000, 5, .65000000000000000000, 437, 45, 8, 26, 92, 15.810, 14.913
Fri Dec 30 00:36:57 EST 2016, 1625, .66000000000000000000, 11, .15000000000000000000, 587, 90, 17, 1, 47, 300.000, 26.557
Fri Dec 30 00:38:38 EST 2016, 2243, .34000000000000000000, 3, .46000000000000000000, 531, 95, 11, 29, 75, 64.443, 55.487
Fri Dec 30 00:39:38 EST 2016, 7193, .84000000000000000000, 9, .96000000000000000000, 381, 50, 2, 4, 30, 1.503, 1.510
Fri Dec 30 00:41:04 EST 2016, 9668, .09000000000000000000, 6, .21000000000000000000, 306, 73, 7, 42, 97, 24.913, 21.930
Fri Dec 30 00:41:39 EST 2016, 4718, .59000000000000000000, --selfEvents, --simEndTime, --rows, --eventsPerAgent, --granularity, --cols, , 0.063, 0.060
Fri Dec 30 00:42:50 EST 2016, 3481, .22000000000000000000, 10, .34000000000000000000, 343, 17, 14, 11, 63, 7.877, 5.193
Fri Dec 30 00:43:46 EST 2016, 8431, .72000000000000000000, 4, .84000000000000000000, 493, 62, 4, 36, 18, 4.090, 4.017
Fri Dec 30 00:46:52 EST 2016, 5956, .47000000000000000000, 1, .09000000000000000000, 568, 39, 9, 23, 86, 57.527, 21.363
Fri Dec 30 00:53:29 EST 2016, 1006, .97000000000000000000, 7, .59000000000000000000, 418, 84, 18, 48, 41, 300.000, 79.647
Fri Dec 30 00:53:49 EST 2016, 1315, .44000000000000000000, 9, .68000000000000000000, 334, 64, 1, 34, 33, 1.577, 1.617
Fri Dec 30 01:00:36 EST 2016, 6265, .94000000000000000000, 3, .18000000000000000000, 484, 19, 11, 9, 78, 300.000, 29.123
Fri Dec 30 01:00:57 EST 2016, 8740, .19000000000000000000, --selfEvents, --simEndTime, --rows, --eventsPerAgent, --granularity, --cols, , 0.053, 0.057
Fri Dec 30 01:02:12 EST 2016, 3790, .69000000000000000000, 6, .43000000000000000000, 409, 42, 6, 22, 55, 12.917, 9.717
Fri Dec 30 01:03:03 EST 2016, 5028, .06000000000000000000, 4, .55000000000000000000, 596, 53, 4, 3, 44, 2.537, 2.840
Fri Dec 30 01:09:45 EST 2016, 9978, .56000000000000000000, 10, .05000000000000000000, 446, 98, 13, 28, 89, 300.000, 86.530
Fri Dec 30 01:10:10 EST 2016, 7503, .31000000000000000000, 7, .80000000000000000000, 371, 31, 18, 15, 21, 5.440, 4.643
Fri Dec 30 01:11:51 EST 2016, 2553, .81000000000000000000, 1, .30000000000000000000, 521, 76, 8, 40, 66, 40.483, 39.163
Fri Dec 30 01:12:11 EST 2016, 1934, .13000000000000000000, 7, .12000000000000000000, 465, 70, 2, 12, 49, 3.197, 3.403
Fri Dec 30 01:13:22 EST 2016, 6884, .63000000000000000000, 1, .62000000000000000000, 315, 25, 12, 37, 94, 10.830, 8.543
Fri Dec 30 01:14:08 EST 2016, 9359, .38000000000000000000, 4, .37000000000000000000, 390, 92, 17, --cols, , 0.053, 0.043
Fri Dec 30 01:15:43 EST 2016, 4409, .88000000000000000000, 10, .87000000000000000000, 540, 47, 7, 25, 72, 33.757, 22.353
Fri Dec 30 01:16:14 EST 2016, 3171, .25000000000000000000, 2, .24000000000000000000, 428, 36, 5, 44, 38, 4.323, 4.203
Fri Dec 30 01:20:55 EST 2016, 8121, .75000000000000000000, 8, .74000000000000000000, 578, 81, 14, 19, 83, 203.967, 73.637
Fri Dec 30 01:21:16 EST 2016, 5646, --delay, --selfEvents, --simEndTime, --rows, --eventsPerAgent, --granularity, --cols, , 0.047, 0.050
Fri Dec 30 01:22:26 EST 2016, 696, .50000000000000000000, 5, .99000000000000000000, 353, 59, 10, 6, 61, 7.900, 6.300
Fri Dec 30 01:23:37 EST 2016, 542, .30000000000000000000, 6, .32000000000000000000, 564, 46, 15, 38, 20, 15.357, 13.383
Fri Dec 30 01:24:22 EST 2016, 5492, .80000000000000000000, --selfEvents, --simEndTime, --rows, --eventsPerAgent, --granularity, --cols, , 0.050, 0.050
Fri Dec 30 01:25:23 EST 2016, 7967, .05000000000000000000, 3, .07000000000000000000, 339, 24, 1, 26, 42, 0.657, 0.593
Fri Dec 30 01:32:05 EST 2016, 3017, .55000000000000000000, 9, .57000000000000000000, 489, 69, 10, 1, 87, 300.000, 18.077
Fri Dec 30 01:32:41 EST 2016, 4254, .17000000000000000000, 2, .44000000000000000000, 301, 57, 18, 19, 31, 6.627, 7.580
Fri Dec 30 01:33:41 EST 2016, 9204, .67000000000000000000, 8, .94000000000000000000, 451, 12, 8, 44, 76, 7.793, 7.180
Fri Dec 30 01:35:42 EST 2016, 6729, .42000000000000000000, 11, .19000000000000000000, 526, 80, 3, 7, 54, 8.427, 7.600
Fri Dec 30 01:42:19 EST 2016, 1779, .92000000000000000000, 5, .69000000000000000000, 376, 35, 13, 32, 99, 300.000, 36.520
Fri Dec 30 01:43:44 EST 2016, 2398, .11000000000000000000, 10, .88000000000000000000, 432, 40, 16, 10, 26, 4.743, 4.127
Fri Dec 30 01:45:45 EST 2016, 7348, .61000000000000000000, 4, .38000000000000000000, 582, 85, 7, 35, 71, 63.790, 50.997
Fri Dec 30 01:46:46 EST 2016, 9823, .36000000000000000000, 1, .63000000000000000000, 507, 18, 2, 22, 48, 0.707, 0.847
Fri Dec 30 01:53:33 EST 2016, 4873, .86000000000000000000, 7, .13000000000000000000, 357, 63, 12, 47, 93, 300.000, 75.917
Fri Dec 30 01:55:08 EST 2016, 3636, .49000000000000000000, 5, .76000000000000000000, 470, 74, 19, 29, 14, 14.443, 12.427
Fri Dec 30 01:56:39 EST 2016, 8586, .99000000000000000000, 11, .26000000000000000000, 320, 29, 9, 4, 59, 38.793, 7.663
Fri Dec 30 01:57:05 EST 2016, 6111, .24000000000000000000, 8, .51000000000000000000, 395, 97, 4, 41, 37, 10.183, 9.647
Fri Dec 30 02:03:38 EST 2016, 1161, .74000000000000000000, 2, .01000000000000000000, 545, 52, 14, 16, 82, 300.000, 101.317
Fri Dec 30 02:04:13 EST 2016, 851, .20000000000000000000, 3, .23000000000000000000, 498, 32, 6, 5, 85, 5.623, 5.917
Fri Dec 30 02:05:49 EST 2016, 5801, .70000000000000000000, 9, .73000000000000000000, 348, 77, 16, 30, 40, 41.010, 28.417
Fri Dec 30 02:11:51 EST 2016, 8276, .45000000000000000000, 6, .48000000000000000000, 423, 54, 11, 18, 62, 273.930, 18.953
Fri Dec 30 02:12:11 EST 2016, 3326, .95000000000000000000, --selfEvents, --simEndTime, --rows, --eventsPerAgent, --granularity, --cols, , 0.057, 0.057
Fri Dec 30 02:18:48 EST 2016, 4564, .33000000000000000000, 11, .10000000000000000000, 385, 88, 9, 36, 96, 300.000, 51.547
Fri Dec 30 02:24:40 EST 2016, 9514, .83000000000000000000, 5, .60000000000000000000, 535, 43, 18, 11, 51, 300.000, 24.143
Fri Dec 30 02:26:01 EST 2016, 7039, .08000000000000000000, 2, .35000000000000000000, 460, 66, 13, 49, 73, 33.453, 31.523
Fri Dec 30 02:26:31 EST 2016, 2089, .58000000000000000000, 8, .85000000000000000000, 310, 21, 4, 24, 28, 1.437, 1.203
Fri Dec 30 02:27:27 EST 2016, 1470, .39000000000000000000, --selfEvents, --simEndTime, --rows, --eventsPerAgent, --granularity, --cols, , 0.050, 0.043
Fri Dec 30 02:34:04 EST 2016, 6420, .89000000000000000000, 6, .04000000000000000000, 517, 60, 17, 21, 45, 300.000, 46.920
Fri Dec 30 02:34:59 EST 2016, 8895, .14000000000000000000, 9, .79000000000000000000, 592, 38, 12, 33, 68, 24.237, 22.110
Fri Dec 30 02:35:40 EST 2016, 3945, .64000000000000000000, 3, .29000000000000000000, 442, 83, 3, 8, 23, 2.547, 2.493
Fri Dec 30 02:37:46 EST 2016, 2707, .02000000000000000000, 7, .66000000000000000000, 554, 94, 10, 15, 79, 56.610, 26.603
Fri Dec 30 02:38:56 EST 2016, 7657, .52000000000000000000, 1, .16000000000000000000, 404, 49, 19, 40, 34, 18.390, 15.787
Fri Dec 30 02:39:47 EST 2016, 5182, .27000000000000000000, 4, .91000000000000000000, 329, 71, 15, 2, 56, 8.387, 5.677
Fri Dec 30 02:40:42 EST 2016, 232, .77000000000000000000, 10, .41000000000000000000, 479, 26, 5, 27, 11, 1.507, 1.587
Fri Dec 30 02:41:43 EST 2016, 194, .22000000000000000000, 8, .96000000000000000000, 323, 51, 11, 32, 14, 3.073, 2.957
Fri Dec 30 02:42:49 EST 2016, 5144, .72000000000000000000, 2, .46000000000000000000, 473, 96, 2, 7, 59, 4.767, 4.913
Fri Dec 30 02:43:54 EST 2016, 7619, .47000000000000000000, 5, .71000000000000000000, 548, 29, 6, 44, 36, 7.280, 6.623
Fri Dec 30 02:50:31 EST 2016, 2669, .97000000000000000000, 11, .21000000000000000000, 398, 74, 16, 19, 81, 300.000, 76.817
Fri Dec 30 02:50:52 EST 2016, 3906, .35000000000000000000, --selfEvents, --simEndTime, --rows, --eventsPerAgent, --granularity, --cols, , 0.060, 0.063
Fri Dec 30 02:51:57 EST 2016, 8856, .85000000000000000000, 6, .34000000000000000000, 436, 18, 4, 26, 70, 6.400, 5.940
Fri Dec 30 02:53:03 EST 2016, 6381, .10000000000000000000, 9, .59000000000000000000, 361, 85, 9, 13, 48, 10.157, 9.173
Fri Dec 30 02:59:20 EST 2016, 1431, .60000000000000000000, 3, .09000000000000000000, 511, 40, 18, 38, 93, 300.000, 103.750
Fri Dec 30 03:00:10 EST 2016, 2050, .41000000000000000000, 11, .28000000000000000000, 455, 34, 10, 16, 31, 7.363, 5.993
Fri Dec 30 03:01:06 EST 2016, 7000, .91000000000000000000, 5, .78000000000000000000, 305, 79, 1, 41, 76, 5.563, 5.593
Fri Dec 30 03:02:07 EST 2016, 9475, .16000000000000000000, 2, .03000000000000000000, 380, 12, 5, 4, 53, 1.157, 1.200
Fri Dec 30 03:08:43 EST 2016, 4525, .66000000000000000000, 8, .53000000000000000000, 530, 57, 15, 29, 98, 300.000, 80.477
Fri Dec 30 03:09:24 EST 2016, 3288, .04000000000000000000, 4, .40000000000000000000, 417, 68, 12, 48, 20, 9.290, 9.703
Fri Dec 30 03:10:19 EST 2016, 8238, .54000000000000000000, 10, .90000000000000000000, 567, 23, 3, 23, 65, 4.123, 3.537
Fri Dec 30 03:11:45 EST 2016, 5763, .29000000000000000000, 7, .15000000000000000000, 492, 91, 8, 35, 42, 30.387, 25.097
Fri Dec 30 03:12:46 EST 2016, 813, .79000000000000000000, 1, .65000000000000000000, 342, 46, 17, 10, 87, 27.673, 12.043
Fri Dec 30 03:13:21 EST 2016, 1122, .26000000000000000000, 5, .56000000000000000000, 408, 26, 2, 24, 79, 2.270, 2.410
Fri Dec 30 03:15:32 EST 2016, 6072, .76000000000000000000, 11, .06000000000000000000, 558, 71, 12, 49, 34, 70.190, 45.633
Fri Dec 30 03:16:38 EST 2016, 8547, .01000000000000000000, 8, .81000000000000000000, 483, 49, 17, 12, 56, 14.153, 11.513
Fri Dec 30 03:17:28 EST 2016, 3597, .51000000000000000000, 2, .31000000000000000000, 333, 94, 7, 37, 11, 3.623, 4.013
Fri Dec 30 03:18:59 EST 2016, 4834, .13000000000000000000, 9, .68000000000000000000, 520, 82, 5, 43, 90, 32.970, 30.633
Fri Dec 30 03:20:09 EST 2016, 9784, .63000000000000000000, 3, .18000000000000000000, 370, 37, 14, 18, 45, 34.717, 15.040
Fri Dec 30 03:20:25 EST 2016, 7309, .38000000000000000000, --selfEvents, --simEndTime, --rows, --eventsPerAgent, --granularity, --cols, , 0.050, 0.050
Fri Dec 30 03:21:30 EST 2016, 2359, .88000000000000000000, 6, .43000000000000000000, 595, 15, 9, 5, 22, 3.063, 3.373
Fri Dec 30 03:22:26 EST 2016, 1741, .07000000000000000000, 1, .12000000000000000000, 539, 20, 1, 27, 95, 0.837, 0.883
Fri Dec 30 03:29:03 EST 2016, 6691, .57000000000000000000, 7, .62000000000000000000, 389, 65, 11, 2, 50, 300.000, 7.917
Fri Dec 30 03:32:30 EST 2016, 9166, .32000000000000000000, 10, .37000000000000000000, 314, 43, 15, 40, 73, 81.353, 26.170
Fri Dec 30 03:32:45 EST 2016, 4216, .82000000000000000000, 4, .87000000000000000000, 464, 88, 6, 15, 28, 8.280, 7.420
Fri Dec 30 03:33:41 EST 2016, 2978, .44000000000000000000, 6, --simEndTime, --rows, --eventsPerAgent, --granularity, --cols, , 0.053, 0.050
Fri Dec 30 03:34:41 EST 2016, 7928, .94000000000000000000, --selfEvents, --simEndTime, --rows, --eventsPerAgent, --granularity, --cols, , 0.057, 0.057
Fri Dec 30 03:41:18 EST 2016, 5453, .19000000000000000000, 3, .25000000000000000000, 576, 77, 18, 21, 62, 300.000, 44.590
Fri Dec 30 03:41:54 EST 2016, 503, .69000000000000000000, 9, .75000000000000000000, 426, 32, 8, 46, 17, 4.817, 4.643
Fri Dec 30 03:48:36 EST 2016, 658, .49000000000000000000, 2, .42000000000000000000, 487, 84, 16, 2, 63, 300.000, 26.617
Fri Dec 30 03:49:01 EST 2016, 5608, .99000000000000000000, 8, .92000000000000000000, 337, 39, 7, 27, 18, 3.250, 2.993
Fri Dec 30 03:50:02 EST 2016, 8083, .24000000000000000000, 11, .17000000000000000000, 412, 61, 2, 14, 86, 5.860, 5.597
Fri Dec 30 03:51:12 EST 2016, 3133, .74000000000000000000, 5, .67000000000000000000, 562, 16, 12, 39, 41, 12.363, 10.680
Fri Dec 30 03:54:03 EST 2016, 4370, .11000000000000000000, 7, .29000000000000000000, 375, 27, 19, 33, 74, 84.950, 18.170
Fri Dec 30 03:55:09 EST 2016, 9320, .61000000000000000000, 1, .79000000000000000000, 525, 72, 9, 8, 29, 4.197, 3.620
Fri Dec 30 03:56:25 EST 2016, 6845, .36000000000000000000, 4, .04000000000000000000, 450, 50, 4, 45, 97, 22.250, 18.533
Fri Dec 30 04:02:52 EST 2016, 1895, .86000000000000000000, 10, .54000000000000000000, 300, 95, 14, 20, 52, 238.577, 30.957
Fri Dec 30 04:04:07 EST 2016, 2514, .18000000000000000000, 4, .85000000000000000000, 356, 89, 15, 48, 69, 53.220, 47.020
Fri Dec 30 04:04:17 EST 2016, 7464, .68000000000000000000, 10, .35000000000000000000, 506, 44, 6, 23, 24, 6.707, 5.867
Fri Dec 30 04:05:23 EST 2016, 9939, .43000000000000000000, 7, .60000000000000000000, 581, 67, 1, 36, 91, 7.200, 7.450
Fri Dec 30 04:06:29 EST 2016, 4989, .93000000000000000000, 1, .10000000000000000000, 431, 22, 10, 11, 46, 8.827, 12.137
Fri Dec 30 04:07:19 EST 2016, 3752, .30000000000000000000, 9, .98000000000000000000, 544, 11, 17, 17, 58, 4.767, 4.480
Fri Dec 30 04:08:20 EST 2016, 8702, .80000000000000000000, 3, .48000000000000000000, 394, 56, 8, 42, 13, 5.433, 5.177
Fri Dec 30 04:09:15 EST 2016, 6227, .05000000000000000000, --selfEvents, --simEndTime, --rows, --eventsPerAgent, --granularity, --cols, , 0.050, 0.053
Fri Dec 30 04:11:01 EST 2016, 1277, .55000000000000000000, 6, .23000000000000000000, 469, 78, 13, 30, 35, 42.597, 30.747
Fri Dec 30 04:11:32 EST 2016, 967, .02000000000000000000, 11, .01000000000000000000, 572, 58, 7, 41, 38, 12.900, 12.480
Fri Dec 30 04:12:47 EST 2016, 5917, .52000000000000000000, 5, .51000000000000000000, 422, 13, 17, 16, 83, 21.827, 10.500
Fri Dec 30 04:13:28 EST 2016, 8392, .27000000000000000000, 2, .26000000000000000000, 347, 81, 12, 28, 15, 5.433, 5.163
Fri Dec 30 04:14:28 EST 2016, 3442, .77000000000000000000, 8, .76000000000000000000, 497, 36, 3, 3, 60, 3.617, 2.857
Fri Dec 30 04:15:39 EST 2016, 4680, .40000000000000000000, 3, .14000000000000000000, 309, 47, 10, 22, 49, 11.947, 9.960
Fri Dec 30 04:22:06 EST 2016, 9630, .90000000000000000000, 9, .64000000000000000000, 459, 92, 19, 47, 94, 300.000, 199.777
Fri Dec 30 04:22:36 EST 2016, 7155, .15000000000000000000, 6, .39000000000000000000, 534, 25, 14, 9, 27, 3.787, 3.577
Fri Dec 30 04:23:32 EST 2016, 2205, .65000000000000000000, --selfEvents, --simEndTime, --rows, --eventsPerAgent, --granularity, --cols, , 0.050, 0.057
Fri Dec 30 04:24:37 EST 2016, 1586, .33000000000000000000, 8, .70000000000000000000, 440, 75, 6, 6, 43, 5.967, 5.173
Fri Dec 30 04:31:19 EST 2016, 6536, .83000000000000000000, 2, .20000000000000000000, 590, 30, 16, 31, 88, 300.000, 101.017
Fri Dec 30 04:31:55 EST 2016, 9011, .08000000000000000000, 5, .95000000000000000000, 515, 98, 11, 19, 21, 9.760, 7.393
Fri Dec 30 04:32:45 EST 2016, 4061, .58000000000000000000, 11, .45000000000000000000, 365, 53, 1, 44, 66, 3.397, 3.570
Fri Dec 30 04:33:46 EST 2016, 2823, .21000000000000000000, 1, .57000000000000000000, 478, 41, 9, 25, 32, 3.357, 2.937
Fri Dec 30 04:34:47 EST 2016, 7773, .71000000000000000000, 7, .07000000000000000000, 328, 86, 18, --cols, , 0.060, 0.050
Fri Dec 30 04:35:47 EST 2016, 5298, .46000000000000000000, 10, .82000000000000000000, 403, 19, 13, 37, 10, 2.080, 1.887
Fri Dec 30 04:37:08 EST 2016, 348, .96000000000000000000, 4, .32000000000000000000, 553, 64, 4, 12, 55, 19.033, 14.497
Fri Dec 30 04:42:50 EST 2016, 271, .36000000000000000000, 10, .21000000000000000000, 340, 69, 19, 3, 27, 193.430, 6.970
Fri Dec 30 04:44:15 EST 2016, 5221, .86000000000000000000, 4, .71000000000000000000, 490, 24, 9, 28, 72, 20.817, 14.017
Fri Dec 30 04:45:06 EST 2016, 7696, .11000000000000000000, 1, .46000000000000000000, 565, 91, 5, 16, 50, 5.943, 6.400
Fri Dec 30 04:46:52 EST 2016, 2746, .61000000000000000000, 7, .96000000000000000000, 415, 46, 14, 41, 95, 55.800, 46.317
Fri Dec 30 04:47:12 EST 2016, 3984, .23000000000000000000, 5, .08000000000000000000, 527, 35, 16, 35, 16, 10.610, 7.663
Fri Dec 30 04:48:23 EST 2016, 8934, .73000000000000000000, 11, .58000000000000000000, 377, 80, 7, 10, 61, 21.603, 13.710
Fri Dec 30 04:49:03 EST 2016, 6459, .48000000000000000000, 8, .33000000000000000000, 302, 13, 2, 47, 39, 1.240, 1.197
Fri Dec 30 04:51:04 EST 2016, 1509, .98000000000000000000, 2, .83000000000000000000, 452, 58, 12, 22, 84, 60.357, 30.720
Fri Dec 30 04:52:14 EST 2016, 2127, .04000000000000000000, 6, .52000000000000000000, 508, 63, 18, 44, 10, 7.760, 7.247
Fri Dec 30 04:53:05 EST 2016, 7077, .54000000000000000000, --selfEvents, --simEndTime, --rows, --eventsPerAgent, --granularity, --cols, , 0.043, 0.043
Fri Dec 30 04:54:11 EST 2016, 9552, .29000000000000000000, 3, .77000000000000000000, 433, 86, 3, 32, 33, 4.267, 4.323
Fri Dec 30 05:00:53 EST 2016, 4602, .79000000000000000000, 9, .27000000000000000000, 583, 41, 13, 7, 78, 300.000, 29.290
Fri Dec 30 05:01:18 EST 2016, 3365, .42000000000000000000, 1, .64000000000000000000, 396, 52, 15, 13, 22, 3.167, 2.833
Fri Dec 30 05:07:45 EST 2016, 8315, .92000000000000000000, 7, .14000000000000000000, 546, 97, 6, 38, 67, 300.000, 64.433
Fri Dec 30 05:08:20 EST 2016, 5840, .17000000000000000000, 10, .89000000000000000000, 471, 30, 1, --cols, , 0.050, 0.047
Fri Dec 30 05:14:48 EST 2016, 890, .67000000000000000000, 4, .39000000000000000000, 321, 75, 10, 25, 89, 300.000, 36.070
Fri Dec 30 05:15:28 EST 2016, 1199, .14000000000000000000, --selfEvents, --simEndTime, --rows, --eventsPerAgent, --granularity, --cols, , 0.047, 0.053
Fri Dec 30 05:17:14 EST 2016, 6149, .64000000000000000000, 6, .86000000000000000000, 574, 49, 19, 14, 53, 42.200, 25.320
Fri Dec 30 05:22:51 EST 2016, 8624, .39000000000000000000, 9, .11000000000000000000, 499, 72, 15, 27, 75, 300.000, 58.977
Fri Dec 30 05:23:36 EST 2016, 3674, .89000000000000000000, 3, .61000000000000000000, 349, 27, 5, 2, 30, 1.643, 1.380
Fri Dec 30 05:24:47 EST 2016, 4912, .26000000000000000000, 7, .49000000000000000000, 462, 15, 8, 21, 86, 8.197, 6.460
Fri Dec 30 05:25:52 EST 2016, 9862, .76000000000000000000, 1, .99000000000000000000, 312, 60, 17, 46, 41, 13.183, 12.243
Fri Dec 30 05:32:24 EST 2016, 7387, .01000000000000000000, 4, .24000000000000000000, 387, 38, 12, 8, 64, 300.000, 5.707
Fri Dec 30 05:32:50 EST 2016, 2437, .51000000000000000000, 10, .74000000000000000000, 537, 83, 3, 33, 19, 4.687, 4.373
Fri Dec 30 05:34:11 EST 2016, 1818, .45000000000000000000, 3, .92000000000000000000, 593, 77, 9, 11, 81, 25.870, 20.047
Fri Dec 30 05:35:21 EST 2016, 6768, .95000000000000000000, 9, .42000000000000000000, 443, 32, 18, 36, 36, 34.700, 24.313
Fri Dec 30 05:36:07 EST 2016, 9243, .20000000000000000000, 6, .67000000000000000000, 368, 55, 13, 24, 58, 18.137, 15.743
Fri Dec 30 05:36:47 EST 2016, 4293, .70000000000000000000, --selfEvents, --simEndTime, --rows, --eventsPerAgent, --granularity, --cols, , 0.047, 0.057
Fri Dec 30 05:37:53 EST 2016, 3055, .08000000000000000000, 11, .80000000000000000000, 330, 21, 6, 30, 92, 4.690, 4.267
Fri Dec 30 05:44:30 EST 2016, 8005, .58000000000000000000, 5, .30000000000000000000, 480, 66, 16, 5, 47, 300.000, 20.210
Fri Dec 30 05:45:25 EST 2016, 5530, .33000000000000000000, 2, .55000000000000000000, 555, 44, 11, 43, 69, 29.197, 25.487
Fri Dec 30 05:46:06 EST 2016, 580, .83000000000000000000, 8, .05000000000000000000, 405, 89, 2, 18, 24, 3.507, 4.653
Fri Dec 30 05:47:06 EST 2016, 426, .09000000000000000000, 3, .63000000000000000000, 476, 14, 14, 35, 68, 6.860, 6.617
Fri Dec 30 05:48:02 EST 2016, 5376, .59000000000000000000, 9, .13000000000000000000, 326, 59, 4, 10, 23, 2.497, 2.350
Fri Dec 30 05:49:23 EST 2016, 7851, .34000000000000000000, 6, .88000000000000000000, 401, 37, 9, 48, 91, 23.017, 21.330
Fri Dec 30 05:50:03 EST 2016, 2901, .84000000000000000000, --selfEvents, --simEndTime, --rows, --eventsPerAgent, --granularity, --cols, , 0.053, 0.047
Fri Dec 30 05:56:50 EST 2016, 4138, .47000000000000000000, 10, .50000000000000000000, 438, 93, 11, 4, 57, 300.000, 16.750
Fri Dec 30 05:57:10 EST 2016, 9088, .97000000000000000000, 4, --simEndTime, --rows, --eventsPerAgent, --granularity, --cols, , 0.067, 0.067
Fri Dec 30 05:58:21 EST 2016, 6613, .22000000000000000000, 1, .75000000000000000000, 513, 70, 7, 17, 79, 7.813, 7.827
Fri Dec 30 05:59:27 EST 2016, 1663, .72000000000000000000, 7, .25000000000000000000, 363, 25, 16, 42, 34, 17.127, 12.890
Fri Dec 30 06:00:12 EST 2016, 2282, .28000000000000000000, --selfEvents, --simEndTime, --rows, --eventsPerAgent, --granularity, --cols, , 0.053, 0.057
Fri Dec 30 06:01:18 EST 2016, 7232, .78000000000000000000, 6, .57000000000000000000, 457, 76, 3, 39, 17, 4.287, 4.300
Fri Dec 30 06:07:40 EST 2016, 9707, .03000000000000000000, 9, .32000000000000000000, 532, 53, 8, 1, 85, 300.000, 7.220
Fri Dec 30 06:09:00 EST 2016, 4757, .53000000000000000000, 3, .82000000000000000000, 382, 98, 17, 26, 40, 36.060, 27.053
Fri Dec 30 06:10:31 EST 2016, 3520, .15000000000000000000, 8, .19000000000000000000, 569, 87, 10, 45, 74, 68.693, 61.687
Fri Dec 30 06:11:27 EST 2016, 8470, .65000000000000000000, 2, .69000000000000000000, 419, 42, 1, 20, 29, 0.713, 0.687
Fri Dec 30 06:12:47 EST 2016, 5995, .40000000000000000000, 5, .44000000000000000000, 344, 65, 5, 32, 96, 21.317, 17.750
Fri Dec 30 06:13:38 EST 2016, 1045, .90000000000000000000, 11, .94000000000000000000, 494, 20, 15, 7, 51, 8.927, 5.977
Fri Dec 30 06:14:33 EST 2016, 735, .37000000000000000000, 7, .78000000000000000000, 560, 39, 5, 18, 48, 5.730, 5.463
Fri Dec 30 06:21:10 EST 2016, 5685, .87000000000000000000, 1, .28000000000000000000, 410, 84, 14, 43, 93, 300.000, 85.253
Fri Dec 30 06:21:36 EST 2016, 8160, .12000000000000000000, 4, .53000000000000000000, 335, 17, 19, 6, 26, 1.873, 1.670
Fri Dec 30 06:27:48 EST 2016, 3210, .62000000000000000000, 10, .03000000000000000000, 485, 62, 10, 31, 71, 150.837, 43.803
Fri Dec 30 06:28:43 EST 2016, 4448, --delay, --selfEvents, --simEndTime, --rows, --eventsPerAgent, --granularity, --cols, , 0.050, 0.057
Fri Dec 30 06:35:10 EST 2016, 9398, .50000000000000000000, 8, .41000000000000000000, 523, 28, 12, 12, 82, 310.913, 15.710
Fri Dec 30 06:36:06 EST 2016, 6923, .25000000000000000000, 11, .66000000000000000000, 598, 96, 17, 25, 15, 18.647, 15.767
Fri Dec 30 06:36:51 EST 2016, 1973, .75000000000000000000, 5, .16000000000000000000, 448, 51, 7, --cols, , 0.043, 0.043
Fri Dec 30 06:37:57 EST 2016, 1354, .18000000000000000000, 9, .47000000000000000000, 391, 45, 4, 28, 43, 4.170, 4.017
Fri Dec 30 06:39:28 EST 2016, 6304, .68000000000000000000, 3, .97000000000000000000, 541, 90, 13, 3, 88, 33.130, 22.077
Fri Dec 30 06:39:53 EST 2016, 8779, .43000000000000000000, --selfEvents, --simEndTime, --rows, --eventsPerAgent, --granularity, --cols, , 0.057, 0.053
Fri Dec 30 06:46:35 EST 2016, 3829, .93000000000000000000, 6, .72000000000000000000, 316, 67, 8, 15, 65, 300.000, 15.663
Fri Dec 30 06:47:01 EST 2016, 2591, .31000000000000000000, 5, .35000000000000000000, 504, 56, 1, 9, 54, 1.760, 1.950
Fri Dec 30 06:48:16 EST 2016, 7541, .81000000000000000000, 11, .85000000000000000000, 354, 11, 11, 34, 99, 11.973, 9.033
Fri Dec 30 06:49:27 EST 2016, 5066, .06000000000000000000, 8, .10000000000000000000, 429, 79, 16, 21, 31, 20.817, 19.463
Fri Dec 30 06:50:28 EST 2016, 116, .56000000000000000000, 2, .60000000000000000000, 579, 34, 6, 46, 76, 18.127, 15.443
Fri Dec 30 06:51:08 EST 2016, 112, .18000000000000000000, 3, .75000000000000000000, 542, 25, 9, 11, 18, 1.363, 1.417
Fri Dec 30 06:57:30 EST 2016, 5062, .68000000000000000000, 9, .25000000000000000000, 392, 70, 18, 36, 63, 294.297, 63.980
Fri Dec 30 06:58:40 EST 2016, 7537, .43000000000000000000, 6, .50000000000000000000, 317, 48, 14, 23, 41, 19.803, 11.460
Fri Dec 30 06:59:16 EST 2016, 2587, .93000000000000000000, --selfEvents, 467, 93, 4, 48, 86, 0.047, 0.050
Fri Dec 30 07:00:21 EST 2016, 3824, .31000000000000000000, 11, .87000000000000000000, 355, 82, 6, 29, 30, 6.950, 6.293
Fri Dec 30 07:07:03 EST 2016, 8774, .81000000000000000000, 5, .37000000000000000000, 505, 37, 16, 4, 75, 300.000, 22.783
Fri Dec 30 07:07:44 EST 2016, 6299, .06000000000000000000, 2, .62000000000000000000, 580, 59, 11, 42, 52, 18.513, 17.307
Fri Dec 30 07:08:29 EST 2016, 1349, .56000000000000000000, 8, .12000000000000000000, 430, 14, 2, 17, 97, 2.620, 2.893
Fri Dec 30 07:09:25 EST 2016, 1968, .37000000000000000000, 1, .44000000000000000000, 411, 20, 8, 39, 24, 1.660, 1.473
Fri Dec 30 07:12:01 EST 2016, 6918, .87000000000000000000, 7, .94000000000000000000, 561, 65, 17, 14, 69, 94.573, 40.040
Fri Dec 30 07:12:42 EST 2016, 9393, .12000000000000000000, 10, .19000000000000000000, 486, 42, 12, 26, 46, 13.930, 13.380
Fri Dec 30 07:13:37 EST 2016, 4443, .62000000000000000000, 4, .69000000000000000000, 336, 87, 3, 1, 91, 6.810, 5.947
Fri Dec 30 07:14:33 EST 2016, 3205, --delay, --selfEvents, --simEndTime, --rows, --eventsPerAgent, --granularity, --cols, , 0.053, 0.053
