# 'Timestamp', '--imbalance% 0 100', '--moveIntervalMean 120 160', '--callIntervalMean 20 30', '--callDurationMean 2 10', '--maxChannels 8 30', '--simEndTime 300 600', '--portables 1 20', '--rows 10 50', '--granularity 0 30', '--cols 10 50', 2tLadderQ_timing_secs, 3tHeap_timing_secs
Mon Jul  3 15:37:21 EDT 2017, 0.100, 123, 22, 6, 22, 557, 2, 48, 26, 42, 1.350, 1.257
Mon Jul  3 15:42:33 EDT 2017, 0.600, 143, 27, 2, 11, 407, 11, 28, 11, 22, 1.440, 1.460
Mon Jul  3 15:47:40 EDT 2017, 0.850, 133, 25, 8, 16, 482, 16, 38, 19, 12, 1.530, 1.563
Mon Jul  3 15:52:37 EDT 2017, 0.350, 153, 20, 4, 27, 332, 6, 18, 4, 32, 1.273, 1.277
Mon Jul  3 15:57:38 EDT 2017, 0.480, 138, 29, 7, 13, 370, 4, 23, 22, 17, 1.267, 1.257
Mon Jul  3 16:02:15 EDT 2017, 0.980, 158, 24, 3, 24, 520, 13, 43, 7, 37, 3.127, 2.150
Mon Jul  3 16:07:21 EDT 2017, 0.730, 128, 21, 9, 19, 445, 18, 13, 15, 47, 1.730, 1.663
Mon Jul  3 16:12:33 EDT 2017, 0.230, 148, 26, 5, 8, 595, 9, 33, 0, 27, 1.560, 1.557
Mon Jul  3 16:17:29 EDT 2017, 0.170, 130, 21, 3, 12, 576, 3, 10, 24, 44, 1.270, 1.283
Mon Jul  3 16:22:46 EDT 2017, 0.670, 150, 26, 7, 23, 426, 12, 30, 9, 24, 1.530, 1.540
Mon Jul  3 16:27:42 EDT 2017, 0.920, 120, 28, 5, 29, 501, 17, 20, 17, 14, 1.467, 1.557
Mon Jul  3 16:32:14 EDT 2017, 0.420, 140, 23, 9, 18, 351, 8, 40, 2, 34, 1.557, 1.453
Mon Jul  3 16:37:30 EDT 2017, 0.290, 125, 27, 2, 26, 314, 5, 35, 28, 19, 1.277, 1.253
Mon Jul  3 16:42:27 EDT 2017, 0.790, 145, 22, 6, 15, 464, 15, 15, 13, 39, 1.787, 1.557
Mon Jul  3 16:47:33 EDT 2017, 0.540, 135, 24, 4, 9, 389, 19, 45, 21, 49, 4.760, 2.543
Mon Jul  3 16:52:45 EDT 2017, 0.040, 155, 29, 8, 20, 539, 10, 25, 6, 29, 1.363, 1.343
Mon Jul  3 16:57:52 EDT 2017, 0.030, 126, 20, 5, 15, 337, 15, 30, 22, 36, 1.570, 1.667
Mon Jul  3 17:02:13 EDT 2017, 0.530, 146, 25, 9, 26, 487, 5, 10, 7, 16, 1.277, 1.277
Mon Jul  3 17:07:19 EDT 2017, 0.780, 136, 28, 3, 21, 412, 1, 40, 29, 26, 1.300, 1.297
Mon Jul  3 17:12:36 EDT 2017, 0.280, 156, 23, 7, 10, 562, 10, 20, 14, 46, 1.550, 1.517
Mon Jul  3 17:17:28 EDT 2017, 0.400, 131, 26, 4, 23, 525, 17, 15, 18, 21, 1.483, 1.557
Mon Jul  3 17:22:44 EDT 2017, 0.900, 151, 21, 8, 12, 375, 8, 35, 3, 41, 1.757, 1.530
Mon Jul  3 17:27:51 EDT 2017, 0.650, 121, 24, 2, 18, 450, 3, 25, 26, 31, 1.260, 1.220
Mon Jul  3 17:32:22 EDT 2017, 0.150, 141, 29, 6, 29, 300, 13, 45, 11, 11, 1.240, 1.257
Mon Jul  3 17:37:29 EDT 2017, 0.210, 138, 23, 8, 25, 318, 16, 27, 16, 39, 1.560, 1.570
Mon Jul  3 18:42:26 EDT 2017, 0.710, 158, 28, 4, 14, 468, 7, 47, 1, 19, 1.177, 1.433
Mon Jul  3 18:47:32 EDT 2017, 0.960, 128, 26, 6, 8, 393, 2, 17, 24, 29, 1.270, 1.290
Mon Jul  3 18:52:34 EDT 2017, 0.460, 148, 21, 2, 19, 543, 11, 37, 9, 49, 2.740, 2.063
Mon Jul  3 18:57:41 EDT 2017, 0.340, 123, 29, 9, 11, 581, 19, 42, 20, 24, 2.147, 1.863
Mon Jul  3 19:02:17 EDT 2017, 0.840, 143, 24, 5, 22, 431, 9, 22, 5, 44, 1.550, 1.577
Mon Jul  3 19:07:19 EDT 2017, 0.590, 133, 22, 7, 28, 506, 4, 32, 28, 34, 1.470, 1.460
Mon Jul  3 19:12:26 EDT 2017, 0.090, 153, 27, 3, 17, 356, 14, 12, 13, 14, 1.260, 1.293
Mon Jul  3 19:17:32 EDT 2017, 0.060, 132, 28, 2, 9, 440, 6, 23, 14, 40, 1.267, 1.283
Mon Jul  3 19:22:34 EDT 2017, 0.560, 152, 23, 6, 20, 590, 16, 43, 29, 20, 2.153, 1.873
Mon Jul  3 19:27:41 EDT 2017, 0.810, 122, 20, 4, 25, 365, 11, 13, 6, 10, 1.247, 1.280
Mon Jul  3 19:32:17 EDT 2017, 0.310, 142, 25, 8, 14, 515, 1, 33, 21, 30, 1.257, 1.260
Mon Jul  3 19:37:19 EDT 2017, 0.430, 127, 24, 3, 28, 478, 8, 48, 10, 15, 1.283, 1.480
Mon Jul  3 19:39:25 EDT 2017, 0.930, 147, 29, 7, 17, 328, 18, 28, 25, 35, 2.080, 1.773
Mon Jul  3 19:40:26 EDT 2017, 0.680, 137, 27, 5, 12, 553, 13, 38, 2, 45, 3.087, 2.170
Mon Jul  3 19:41:36 EDT 2017, 0.180, 157, 22, 9, 23, 403, 4, 18, 17, 25, 1.253, 1.243
Mon Jul  3 19:42:27 EDT 2017, 0.120, 120, 25, 7, 19, 384, 7, 36, 8, 42, 1.477, 1.470
Mon Jul  3 19:43:37 EDT 2017, 0.620, 140, 20, 3, 8, 534, 17, 16, 23, 22, 1.567, 1.557
Mon Jul  3 19:48:34 EDT 2017, 0.870, 130, 22, 9, 13, 309, 12, 46, 0, 12, 1.457, 1.473
Mon Jul  3 20:52:47 EDT 2017, 0.370, 150, 27, 5, 24, 459, 2, 26, 15, 32, 1.223, 1.260
Mon Jul  3 20:55:53 EDT 2017, 0.250, 135, 21, 6, 16, 497, 10, 11, 12, 17, 1.267, 1.237
Mon Jul  3 21:00:19 EDT 2017, 0.750, 155, 26, 2, 27, 347, 19, 31, 27, 37, 2.383, 1.820
Mon Jul  3 21:05:21 EDT 2017, 0.500, 125, 29, 8, 21, 572, 14, 21, 4, 47, 1.973, 1.780
Mon Jul  3 22:10:29 EDT 2017, 0.000, 145, 24, 4, 10, 422, 5, 41, 19, 27, 1.250, 1.247
Mon Jul  3 22:15:31 EDT 2017, 0.000, 132, 25, 5, 15, 473, 13, 46, 10, 22, 1.600, 1.600
Mon Jul  3 22:20:37 EDT 2017, 0.500, 152, 20, 9, 26, 323, 3, 26, 25, 42, 1.253, 1.280
Mon Jul  3 22:25:44 EDT 2017, 0.750, 122, 23, 3, 20, 548, 8, 36, 2, 32, 1.773, 1.640
Mon Jul  3 22:30:25 EDT 2017, 0.250, 142, 28, 7, 9, 398, 18, 16, 17, 12, 1.257, 1.263
Mon Jul  3 22:35:22 EDT 2017, 0.370, 127, 22, 4, 23, 436, 11, 21, 13, 37, 1.570, 1.567
Mon Jul  3 22:40:28 EDT 2017, 0.870, 147, 27, 8, 12, 586, 1, 41, 28, 17, 1.253, 1.250
Mon Jul  3 22:45:45 EDT 2017, 0.620, 137, 29, 2, 17, 361, 6, 11, 6, 27, 1.280, 1.263
Mon Jul  3 22:50:47 EDT 2017, 0.120, 157, 24, 6, 28, 511, 15, 31, 21, 47, 2.043, 1.837
Mon Jul  3 22:55:54 EDT 2017, 0.180, 120, 27, 8, 24, 492, 14, 14, 12, 24, 1.277, 1.243
Mon Jul  3 23:00:25 EDT 2017, 0.680, 140, 22, 4, 13, 342, 5, 34, 27, 44, 1.537, 1.557
Tue Jul  4 00:03:56 EDT 2017, 0.930, 130, 20, 6, 8, 567, 9, 24, 4, 34, 1.873, 1.573
Tue Jul  4 00:08:38 EDT 2017, 0.430, 150, 25, 2, 19, 417, 19, 44, 19, 14, 1.567, 1.540
Tue Jul  4 00:13:35 EDT 2017, 0.310, 135, 24, 9, 11, 379, 12, 39, 8, 39, 1.880, 1.530
Tue Jul  4 00:18:47 EDT 2017, 0.810, 155, 29, 5, 22, 529, 2, 19, 23, 19, 1.187, 1.260
Tue Jul  4 01:23:55 EDT 2017, 0.560, 125, 26, 7, 27, 304, 7, 49, 0, 29, 1.557, 1.337
Tue Jul  4 01:28:51 EDT 2017, 0.060, 145, 21, 3, 16, 454, 17, 29, 15, 49, 2.257, 1.913
Tue Jul  4 01:33:23 EDT 2017, 0.090, 126, 22, 2, 10, 539, 4, 18, 18, 16, 1.363, 1.357
Tue Jul  4 01:38:29 EDT 2017, 0.590, 146, 27, 6, 21, 389, 14, 38, 3, 36, 2.093, 1.767
Tue Jul  4 01:43:36 EDT 2017, 0.840, 136, 25, 4, 26, 464, 18, 28, 26, 46, 3.350, 2.157
Tue Jul  4 01:48:43 EDT 2017, 0.340, 156, 20, 8, 15, 314, 9, 48, 11, 26, 1.560, 1.447
Tue Jul  4 01:53:45 EDT 2017, 0.460, 131, 28, 3, 29, 351, 2, 33, 22, 41, 1.273, 1.260
Tue Jul  4 02:59:29 EDT 2017, 0.960, 151, 23, 7, 18, 501, 11, 13, 7, 21, 3600.000, 3600.000
Tue Jul  4 03:03:26 EDT 2017, 0.710, 121, 21, 5, 13, 426, 16, 43, 29, 11, 1.580, 1.557
Tue Jul  4 04:07:40 EDT 2017, 0.210, 141, 26, 9, 24, 576, 6, 23, 14, 31, 1.270, 1.290
Tue Jul  4 04:12:37 EDT 2017, 0.150, 138, 20, 7, 19, 595, 5, 40, 20, 18, 1.277, 1.253
Tue Jul  4 04:17:48 EDT 2017, 0.650, 158, 25, 3, 8, 445, 15, 20, 5, 38, 1.877, 1.553
Tue Jul  4 04:22:55 EDT 2017, 0.900, 128, 28, 9, 14, 520, 19, 30, 27, 48, 4.043, 2.223
Tue Jul  4 04:28:07 EDT 2017, 0.400, 148, 23, 5, 25, 370, 10, 10, 12, 28, 1.290, 1.223
Tue Jul  4 04:32:39 EDT 2017, 0.280, 123, 26, 6, 17, 333, 3, 25, 16, 43, 1.287, 1.230
Tue Jul  4 04:37:35 EDT 2017, 0.780, 143, 21, 2, 28, 483, 12, 45, 1, 23, 1.970, 1.660
Tue Jul  4 04:42:42 EDT 2017, 0.530, 133, 24, 8, 22, 408, 17, 15, 24, 13, 1.297, 1.250
Tue Jul  4 05:47:49 EDT 2017, 0.030, 153, 29, 4, 11, 558, 8, 35, 9, 33, 1.517, 1.457
Tue Jul  4 05:53:01 EDT 2017, 0.040, 123, 20, 9, 27, 356, 17, 20, 22, 20, 1.277, 1.267
Tue Jul  4 05:57:58 EDT 2017, 0.540, 143, 25, 5, 16, 506, 8, 40, 7, 40, 1.820, 1.767
Tue Jul  4 06:02:39 EDT 2017, 0.790, 133, 27, 7, 11, 431, 3, 10, 15, 30, 1.283, 1.280
Tue Jul  4 06:07:46 EDT 2017, 0.290, 153, 22, 3, 22, 581, 13, 30, 0, 10, 1.263, 1.287
Tue Jul  4 06:12:42 EDT 2017, 0.420, 138, 26, 8, 8, 543, 15, 45, 26, 35, 2.443, 1.867
Tue Jul  4 06:17:59 EDT 2017, 0.920, 158, 21, 4, 19, 393, 6, 25, 11, 15, 1.250, 1.267
Tue Jul  4 06:23:01 EDT 2017, 0.670, 128, 23, 6, 25, 468, 1, 35, 19, 25, 1.273, 1.263
Tue Jul  4 06:28:02 EDT 2017, 0.170, 148, 28, 2, 14, 318, 10, 15, 4, 45, 1.277, 1.357
Tue Jul  4 06:32:44 EDT 2017, 0.230, 130, 23, 4, 18, 300, 19, 37, 28, 22, 1.553, 1.553
Tue Jul  4 06:37:36 EDT 2017, 0.730, 150, 28, 8, 29, 450, 9, 17, 13, 42, 1.387, 1.483
Tue Jul  4 07:41:44 EDT 2017, 0.980, 120, 25, 2, 23, 375, 4, 47, 20, 32, 1.433, 1.500
Tue Jul  4 07:46:46 EDT 2017, 0.480, 140, 20, 6, 12, 525, 14, 27, 5, 12, 1.363, 1.260
Tue Jul  4 07:51:53 EDT 2017, 0.360, 125, 29, 5, 21, 562, 16, 12, 24, 37, 1.657, 1.557
Tue Jul  4 07:57:10 EDT 2017, 0.860, 145, 24, 9, 10, 412, 7, 32, 9, 17, 1.253, 1.257
Tue Jul  4 08:01:41 EDT 2017, 0.610, 135, 22, 3, 15, 487, 2, 22, 17, 27, 1.267, 1.273
Tue Jul  4 08:06:48 EDT 2017, 0.110, 155, 27, 7, 26, 337, 11, 42, 2, 47, 1.837, 1.670
Tue Jul  4 08:11:45 EDT 2017, 0.070, 136, 28, 6, 23, 422, 9, 33, 1, 16, 1.277, 1.293
Tue Jul  4 08:16:57 EDT 2017, 0.570, 156, 23, 2, 12, 572, 18, 13, 16, 36, 1.757, 1.663
Tue Jul  4 08:21:53 EDT 2017, 0.820, 126, 21, 8, 17, 347, 13, 43, 8, 46, 3.050, 2.067
Tue Jul  4 08:27:00 EDT 2017, 0.320, 146, 26, 4, 28, 497, 4, 23, 23, 26, 1.240, 1.253
Tue Jul  4 08:31:42 EDT 2017, 0.450, 121, 24, 7, 14, 459, 6, 18, 5, 41, 1.233, 1.290
Tue Jul  4 08:36:38 EDT 2017, 0.950, 141, 29, 3, 25, 309, 16, 38, 20, 21, 1.923, 1.577
Tue Jul  4 09:41:16 EDT 2017, 0.700, 131, 27, 9, 20, 534, 11, 28, 12, 11, 1.270, 1.330
Tue Jul  4 09:46:27 EDT 2017, 0.200, 151, 22, 5, 9, 384, 1, 48, 27, 31, 1.247, 1.283
Tue Jul  4 09:51:24 EDT 2017, 0.140, 129, 25, 3, 13, 403, 10, 26, 6, 19, 1.297, 1.363
Tue Jul  4 09:56:31 EDT 2017, 0.640, 149, 20, 7, 24, 553, 19, 46, 21, 39, 4.867, 2.467
Tue Jul  4 10:01:08 EDT 2017, 0.890, 139, 23, 5, 29, 328, 14, 16, 14, 49, 1.833, 1.560
Tue Jul  4 10:06:19 EDT 2017, 0.390, 159, 28, 9, 18, 478, 5, 36, 29, 29, 1.257, 1.367
Tue Jul  4 10:11:26 EDT 2017, 0.260, 134, 21, 2, 27, 515, 7, 41, 3, 44, 1.850, 1.857
Tue Jul  4 10:16:33 EDT 2017, 0.760, 154, 26, 6, 16, 365, 17, 21, 18, 24, 1.543, 1.547
Tue Jul  4 10:21:35 EDT 2017, 0.510, 124, 29, 4, 10, 590, 12, 31, 10, 14, 1.257, 1.343
Tue Jul  4 10:26:41 EDT 2017, 0.010, 144, 24, 8, 21, 440, 3, 11, 25, 34, 1.237, 1.257
Tue Jul  4 10:31:18 EDT 2017, 0.020, 128, 29, 7, 16, 386, 15, 24, 12, 12, 1.207, 1.277
Tue Jul  4 10:36:09 EDT 2017, 0.520, 148, 24, 3, 27, 536, 5, 44, 27, 32, 1.553, 1.563
Tue Jul  4 11:41:17 EDT 2017, 0.770, 138, 21, 9, 22, 311, 1, 14, 4, 42, 1.170, 1.270
Tue Jul  4 11:46:24 EDT 2017, 0.270, 158, 26, 5, 11, 461, 10, 34, 19, 22, 1.260, 1.270
Tue Jul  4 11:51:31 EDT 2017, 0.390, 133, 22, 6, 19, 499, 17, 49, 8, 47, 4.760, 2.497
Tue Jul  4 11:56:38 EDT 2017, 0.890, 153, 27, 2, 8, 349, 8, 29, 23, 27, 1.450, 1.333
Tue Jul  4 12:01:10 EDT 2017, 0.640, 123, 25, 8, 13, 574, 3, 39, 1, 17, 1.250, 1.247
Tue Jul  4 13:04:43 EDT 2017, 0.140, 143, 20, 4, 24, 424, 13, 19, 16, 37, 1.537, 1.550
Tue Jul  4 13:10:00 EDT 2017, 0.210, 135, 27, 2, 29, 443, 16, 37, 10, 10, 1.233, 1.237
Tue Jul  4 13:15:02 EDT 2017, 0.710, 155, 22, 6, 18, 593, 7, 17, 25, 30, 1.247, 1.240
Tue Jul  4 13:19:58 EDT 2017, 0.960, 125, 24, 4, 12, 368, 2, 47, 2, 40, 1.253, 1.350
Tue Jul  4 13:25:15 EDT 2017, 0.460, 145, 29, 8, 23, 518, 11, 27, 17, 20, 1.243, 1.350
Tue Jul  4 13:30:17 EDT 2017, 0.330, 120, 21, 3, 9, 480, 18, 12, 14, 45, 1.697, 1.507
Tue Jul  4 13:35:18 EDT 2017, 0.830, 140, 26, 7, 20, 330, 9, 32, 29, 25, 1.450, 1.357
Tue Jul  4 14:40:16 EDT 2017, 0.580, 130, 28, 5, 26, 555, 4, 22, 6, 15, 1.250, 1.230
Tue Jul  4 14:45:23 EDT 2017, 0.080, 150, 23, 9, 15, 405, 14, 42, 21, 35, 1.743, 1.540
Tue Jul  4 14:50:30 EDT 2017, 0.110, 132, 22, 8, 11, 321, 6, 30, 18, 28, 1.237, 1.243
Tue Jul  4 14:55:32 EDT 2017, 0.610, 152, 27, 4, 22, 471, 15, 10, 3, 48, 1.557, 1.537
Tue Jul  4 15:00:08 EDT 2017, 0.860, 122, 29, 6, 28, 396, 11, 40, 26, 38, 2.130, 1.720
Tue Jul  4 15:05:15 EDT 2017, 0.360, 142, 24, 2, 17, 546, 1, 20, 11, 18, 1.257, 1.237
Tue Jul  4 15:10:17 EDT 2017, 0.490, 127, 25, 9, 25, 583, 8, 15, 15, 33, 1.253, 1.450
Tue Jul  4 16:15:55 EDT 2017, 0.990, 147, 20, 5, 14, 433, 18, 35, 0, 13, 3600.000, 3600.000
Tue Jul  4 16:20:32 EDT 2017, 0.740, 137, 23, 7, 9, 508, 13, 25, 22, 23, 1.550, 1.543
Tue Jul  4 16:25:33 EDT 2017, 0.240, 157, 28, 3, 20, 358, 4, 45, 7, 43, 1.260, 1.363
Tue Jul  4 16:30:10 EDT 2017, 0.180, 124, 23, 5, 24, 340, 7, 28, 16, 26, 1.213, 1.220
Tue Jul  4 16:35:17 EDT 2017, 0.680, 144, 28, 9, 13, 490, 17, 48, 1, 46, 4.440, 2.337
Tue Jul  4 16:40:19 EDT 2017, 0.930, 134, 26, 3, 18, 415, 12, 18, 24, 36, 1.653, 1.577
Tue Jul  4 16:45:25 EDT 2017, 0.430, 154, 21, 7, 29, 565, 2, 38, 9, 16, 1.233, 1.273
Tue Jul  4 16:50:32 EDT 2017, 0.300, 139, 27, 4, 16, 527, 10, 43, 20, 31, 1.663, 1.667
Tue Jul  4 16:55:34 EDT 2017, 0.800, 159, 22, 8, 27, 377, 19, 23, 5, 11, 1.243, 1.273
Tue Jul  4 17:00:11 EDT 2017, 0.550, 129, 20, 2, 21, 452, 14, 33, 28, 21, 1.627, 1.533
Tue Jul  4 17:05:17 EDT 2017, 0.050, 149, 25, 6, 10, 302, 5, 13, 13, 41, 1.300, 1.297
Tue Jul  4 17:11:19 EDT 2017, 0.030, 137, 24, 3, 26, 579, 10, 47, 29, 14, 1.363, 1.463
Tue Jul  4 17:15:26 EDT 2017, 0.530, 157, 29, 7, 15, 429, 1, 27, 14, 34, 1.250, 1.267
Tue Jul  4 17:20:33 EDT 2017, 0.780, 127, 27, 5, 9, 504, 6, 37, 22, 44, 1.830, 1.640
Tue Jul  4 17:25:34 EDT 2017, 0.280, 147, 22, 9, 20, 354, 15, 17, 7, 24, 1.250, 1.247
Tue Jul  4 17:30:11 EDT 2017, 0.410, 122, 28, 2, 12, 316, 13, 22, 25, 49, 1.773, 1.507
Tue Jul  4 17:35:13 EDT 2017, 0.910, 142, 23, 6, 23, 466, 3, 42, 10, 29, 1.247, 1.240
Tue Jul  4 17:40:19 EDT 2017, 0.660, 132, 20, 4, 28, 391, 8, 12, 18, 19, 1.250, 1.257
Tue Jul  4 17:45:26 EDT 2017, 0.160, 152, 25, 8, 17, 541, 18, 32, 3, 39, 2.127, 1.837
Tue Jul  4 17:50:28 EDT 2017, 0.220, 125, 21, 6, 13, 560, 12, 10, 24, 12, 1.237, 1.227
Tue Jul  4 17:54:44 EDT 2017, 0.720, 145, 26, 2, 24, 410, 2, 30, 9, 32, 1.240, 1.240
Tue Jul  4 17:59:51 EDT 2017, 0.970, 135, 29, 8, 19, 485, 7, 20, 16, 42, 1.563, 1.560
Tue Jul  4 18:04:13 EDT 2017, 0.470, 155, 24, 4, 8, 335, 16, 40, 1, 22, 1.547, 1.557
Tue Jul  4 18:09:20 EDT 2017, 0.350, 130, 25, 7, 21, 372, 14, 35, 27, 47, 2.150, 1.747
Tue Jul  4 18:14:27 EDT 2017, 0.850, 150, 20, 3, 10, 522, 4, 15, 12, 27, 1.260, 1.250
Tue Jul  4 18:19:29 EDT 2017, 0.600, 120, 22, 9, 16, 447, 9, 45, 20, 17, 1.340, 1.370
Tue Jul  4 18:34:48 EDT 2017, 0.100, 140, 27, 5, 27, 597, 19, 25, 5, 37, 1.827, 1.733
Tue Jul  4 18:39:20 EDT 2017, 0.070, 121, 26, 4, 21, 513, 2, 16, 6, 28, 1.240, 1.260
Tue Jul  4 18:44:27 EDT 2017, 0.570, 141, 21, 8, 10, 363, 11, 36, 21, 48, 2.153, 1.627
Tue Jul  4 18:49:28 EDT 2017, 0.820, 131, 24, 2, 15, 588, 16, 26, 13, 38, 2.640, 2.133
Tue Jul  4 18:54:35 EDT 2017, 0.320, 151, 29, 6, 26, 438, 6, 46, 28, 18, 1.247, 1.260
Tue Jul  4 18:59:37 EDT 2017, 0.440, 136, 20, 5, 18, 401, 4, 31, 2, 33, 1.297, 1.293
Tue Jul  4 20:04:40 EDT 2017, 0.940, 156, 25, 9, 29, 551, 13, 11, 17, 13, 3600.000, 3600.000
Tue Jul  4 20:08:57 EDT 2017, 0.690, 126, 28, 3, 23, 326, 18, 41, 9, 23, 1.833, 1.537
Tue Jul  4 20:13:54 EDT 2017, 0.190, 146, 23, 7, 12, 476, 9, 21, 24, 43, 1.417, 1.553
Tue Jul  4 20:19:01 EDT 2017, 0.130, 134, 29, 9, 8, 457, 3, 44, 0, 25, 1.270, 1.280
Tue Jul  4 20:24:17 EDT 2017, 0.630, 154, 24, 5, 19, 307, 12, 24, 15, 45, 1.563, 1.533
Tue Jul  4 20:29:14 EDT 2017, 0.880, 124, 22, 7, 25, 532, 17, 34, 8, 35, 3.547, 2.157
Tue Jul  4 20:44:18 EDT 2017, 0.380, 144, 27, 3, 14, 382, 7, 14, 23, 15, 1.230, 1.250
Tue Jul  4 21:48:25 EDT 2017, 0.250, 129, 23, 8, 28, 419, 5, 29, 4, 30, 1.227, 1.207
Tue Jul  4 21:52:27 EDT 2017, 0.750, 149, 28, 4, 17, 569, 15, 49, 19, 10, 1.577, 1.577
Tue Jul  4 22:56:35 EDT 2017, 0.500, 139, 26, 6, 11, 344, 19, 19, 11, 20, 1.327, 1.200
Tue Jul  4 23:01:12 EDT 2017, 0.000, 159, 21, 2, 22, 494, 10, 39, 26, 40, 1.787, 1.813
Tue Jul  4 23:06:19 EDT 2017, 0.010, 120, 23, 6, 11, 599, 16, 32, 27, 44, 2.133, 2.060
Tue Jul  4 23:11:20 EDT 2017, 0.510, 140, 28, 2, 22, 449, 6, 12, 12, 24, 1.263, 1.270
Wed Jul  5 00:14:57 EDT 2017, 0.760, 130, 25, 8, 27, 524, 2, 42, 20, 14, 1.240, 1.267
Wed Jul  5 00:20:00 EDT 2017, 0.260, 150, 20, 4, 16, 374, 11, 22, 5, 34, 1.350, 1.450
Wed Jul  5 00:25:07 EDT 2017, 0.380, 135, 29, 7, 24, 336, 18, 17, 24, 19, 1.257, 1.260
Wed Jul  5 00:30:04 EDT 2017, 0.880, 155, 24, 3, 13, 486, 9, 37, 9, 39, 2.127, 1.800
Wed Jul  5 00:35:11 EDT 2017, 0.630, 125, 21, 9, 8, 411, 4, 27, 16, 49, 1.260, 1.393
Wed Jul  5 01:39:13 EDT 2017, 0.130, 145, 26, 5, 19, 561, 14, 47, 1, 29, 1.807, 1.707
Wed Jul  5 01:43:25 EDT 2017, 0.190, 133, 20, 3, 23, 542, 15, 25, 25, 41, 1.833, 1.853
Wed Jul  5 01:48:27 EDT 2017, 0.690, 153, 25, 7, 12, 392, 5, 45, 10, 21, 1.277, 1.267
Wed Jul  5 02:54:11 EDT 2017, 0.940, 123, 27, 5, 18, 467, 1, 15, 18, 11, 3600.000, 3600.000
Wed Jul  5 02:58:48 EDT 2017, 0.440, 143, 22, 9, 29, 317, 10, 35, 3, 31, 1.453, 1.377
Wed Jul  5 03:03:15 EDT 2017, 0.320, 128, 26, 2, 15, 355, 17, 40, 29, 16, 1.573, 1.383
Wed Jul  5 03:08:32 EDT 2017, 0.820, 148, 21, 6, 26, 505, 8, 20, 14, 36, 1.593, 1.577
Wed Jul  5 04:13:21 EDT 2017, 0.570, 138, 23, 4, 20, 430, 3, 30, 22, 46, 1.237, 1.257
Wed Jul  5 04:18:23 EDT 2017, 0.070, 158, 28, 8, 9, 580, 12, 10, 7, 26, 1.283, 1.257
Wed Jul  5 04:23:30 EDT 2017, 0.100, 139, 25, 9, 17, 495, 7, 21, 4, 38, 1.263, 1.243
Wed Jul  5 04:28:47 EDT 2017, 0.600, 159, 20, 5, 28, 345, 17, 41, 19, 18, 1.653, 1.573
Wed Jul  5 04:33:19 EDT 2017, 0.850, 129, 22, 7, 22, 570, 12, 11, 11, 28, 1.567, 1.573
Wed Jul  5 05:37:23 EDT 2017, 0.350, 149, 27, 3, 11, 420, 2, 31, 26, 48, 1.253, 1.227
Wed Jul  5 05:42:20 EDT 2017, 0.480, 124, 21, 8, 20, 383, 9, 46, 0, 23, 1.560, 1.547
Wed Jul  5 05:47:27 EDT 2017, 0.980, 144, 26, 4, 9, 533, 19, 26, 15, 43, 3.250, 2.140
Wed Jul  5 05:52:33 EDT 2017, 0.730, 134, 29, 6, 14, 308, 14, 36, 8, 33, 1.743, 1.530
Wed Jul  5 05:57:45 EDT 2017, 0.230, 154, 24, 2, 25, 458, 5, 16, 23, 13, 1.260, 1.240
Wed Jul  5 06:02:12 EDT 2017, 0.160, 127, 28, 4, 29, 477, 6, 38, 2, 35, 1.297, 1.493
Wed Jul  5 06:07:28 EDT 2017, 0.660, 147, 23, 8, 18, 327, 15, 18, 17, 15, 1.253, 1.247
Wed Jul  5 06:12:25 EDT 2017, 0.910, 137, 20, 2, 13, 552, 11, 48, 10, 25, 2.560, 1.950
Wed Jul  5 06:17:37 EDT 2017, 0.410, 157, 25, 6, 24, 402, 1, 28, 25, 45, 1.260, 1.243
Wed Jul  5 06:22:44 EDT 2017, 0.290, 132, 24, 5, 10, 439, 8, 13, 6, 20, 1.237, 1.227
Wed Jul  5 06:27:40 EDT 2017, 0.790, 152, 29, 9, 21, 589, 18, 33, 21, 40, 3.067, 2.063
Wed Jul  5 06:32:22 EDT 2017, 0.540, 122, 27, 3, 26, 364, 13, 23, 13, 30, 1.547, 1.523
Wed Jul  5 06:37:28 EDT 2017, 0.040, 142, 22, 7, 15, 514, 4, 43, 28, 10, 1.237, 1.247
Wed Jul  5 06:42:25 EDT 2017, 0.050, 130, 27, 2, 20, 406, 12, 19, 14, 42, 1.360, 1.327
Wed Jul  5 06:47:37 EDT 2017, 0.550, 150, 22, 6, 9, 556, 2, 39, 29, 22, 1.247, 1.247
Wed Jul  5 07:52:45 EDT 2017, 0.800, 120, 20, 4, 14, 331, 7, 29, 6, 12, 1.237, 1.247
Wed Jul  5 07:57:42 EDT 2017, 0.300, 140, 25, 8, 25, 481, 16, 49, 21, 32, 2.343, 1.843
Wed Jul  5 08:02:23 EDT 2017, 0.430, 125, 24, 3, 17, 519, 14, 34, 10, 17, 1.537, 1.523
Wed Jul  5 08:07:20 EDT 2017, 0.930, 145, 29, 7, 28, 369, 4, 14, 25, 37, 1.250, 1.253
Wed Jul  5 08:12:27 EDT 2017, 0.680, 135, 26, 5, 23, 594, 9, 44, 3, 47, 2.733, 2.133
Wed Jul  5 09:16:30 EDT 2017, 0.180, 155, 21, 9, 12, 444, 19, 24, 18, 27, 1.533, 1.537
Wed Jul  5 09:20:02 EDT 2017, 0.240, 122, 26, 7, 8, 425, 10, 42, 8, 40, 1.863, 1.540
Wed Jul  5 09:25:18 EDT 2017, 0.740, 142, 21, 3, 19, 575, 1, 22, 23, 20, 1.233, 1.267
Wed Jul  5 10:38:20 EDT 2017, 0.990, 132, 23, 9, 24, 350, 6, 32, 1, 10, 3600.000, 3600.000
Wed Jul  5 10:42:52 EDT 2017, 0.490, 152, 28, 5, 13, 500, 15, 12, 16, 30, 1.327, 1.423
Wed Jul  5 10:47:53 EDT 2017, 0.370, 137, 22, 6, 27, 463, 13, 27, 12, 15, 1.243, 1.250
Wed Jul  5 10:53:00 EDT 2017, 0.870, 157, 27, 2, 16, 313, 3, 47, 27, 35, 1.387, 1.250
Wed Jul  5 10:58:07 EDT 2017, 0.620, 127, 29, 8, 10, 538, 8, 17, 4, 45, 1.437, 1.447
Wed Jul  5 11:03:08 EDT 2017, 0.120, 147, 24, 4, 21, 388, 17, 37, 19, 25, 1.640, 1.543
Wed Jul  5 12:07:42 EDT 2017, 0.090, 128, 20, 5, 26, 303, 3, 45, 20, 38, 1.223, 1.213
Wed Jul  5 12:11:28 EDT 2017, 0.590, 148, 25, 9, 15, 453, 12, 25, 5, 18, 1.243, 1.237
Wed Jul  5 12:16:25 EDT 2017, 0.840, 138, 28, 3, 10, 378, 17, 35, 28, 28, 2.190, 1.747
Wed Jul  5 12:21:27 EDT 2017, 0.340, 158, 23, 7, 21, 528, 7, 15, 13, 48, 1.330, 1.357
Wed Jul  5 12:26:34 EDT 2017, 0.460, 133, 27, 4, 12, 566, 5, 20, 17, 23, 1.227, 1.253
Wed Jul  5 12:31:10 EDT 2017, 0.960, 153, 22, 8, 23, 416, 15, 40, 2, 43, 3.227, 2.143
Wed Jul  5 12:36:22 EDT 2017, 0.710, 123, 24, 2, 29, 491, 19, 10, 24, 33, 1.560, 1.567
Wed Jul  5 12:41:18 EDT 2017, 0.210, 143, 29, 6, 18, 341, 10, 30, 9, 13, 1.260, 1.253
Wed Jul  5 12:46:25 EDT 2017, 0.150, 136, 22, 8, 14, 359, 1, 13, 15, 36, 1.223, 1.240
Wed Jul  5 12:51:37 EDT 2017, 0.650, 156, 27, 4, 25, 509, 11, 33, 0, 16, 1.350, 1.443
Wed Jul  5 12:56:34 EDT 2017, 0.900, 126, 25, 6, 19, 434, 16, 23, 22, 26, 1.743, 1.537
Wed Jul  5 13:01:21 EDT 2017, 0.400, 146, 20, 2, 8, 584, 6, 43, 7, 46, 1.930, 1.730
Wed Jul  5 13:06:12 EDT 2017, 0.270, 121, 28, 9, 22, 547, 4, 38, 18, 21, 1.227, 1.247
Wed Jul  5 13:11:19 EDT 2017, 0.770, 141, 23, 5, 11, 397, 13, 18, 3, 41, 1.633, 1.570
Wed Jul  5 13:16:26 EDT 2017, 0.520, 131, 21, 7, 16, 472, 18, 48, 26, 31, 3.253, 1.937
Wed Jul  5 13:21:38 EDT 2017, 0.020, 151, 26, 3, 27, 322, 9, 28, 11, 11, 1.260, 1.227
Wed Jul  5 13:26:35 EDT 2017, 0.020, 135, 21, 4, 9, 338, 14, 15, 24, 30, 1.240, 1.430
Wed Jul  5 13:31:22 EDT 2017, 0.520, 155, 26, 8, 20, 488, 5, 35, 9, 10, 1.217, 1.250
Wed Jul  5 13:36:13 EDT 2017, 0.770, 125, 28, 2, 26, 413, 9, 25, 17, 20, 1.243, 1.240
Wed Jul  5 13:41:20 EDT 2017, 0.270, 145, 23, 6, 15, 563, 19, 45, 2, 40, 3.353, 2.147
Wed Jul  5 13:46:27 EDT 2017, 0.390, 120, 25, 5, 28, 526, 12, 30, 28, 25, 1.540, 1.537
Wed Jul  5 13:51:38 EDT 2017, 0.890, 140, 20, 9, 17, 376, 2, 10, 13, 45, 1.247, 1.227
Wed Jul  5 13:56:35 EDT 2017, 0.640, 130, 22, 3, 12, 451, 7, 40, 21, 35, 1.660, 1.853
Wed Jul  5 14:01:12 EDT 2017, 0.140, 150, 27, 7, 23, 301, 16, 20, 6, 15, 1.243, 1.247
Wed Jul  5 14:06:19 EDT 2017, 0.200, 128, 24, 9, 19, 320, 13, 42, 26, 32, 1.550, 1.550
Wed Jul  5 14:11:31 EDT 2017, 0.700, 148, 29, 5, 8, 470, 3, 22, 11, 12, 1.263, 1.250
Wed Jul  5 14:16:34 EDT 2017, 0.950, 138, 26, 7, 13, 395, 8, 32, 19, 22, 1.233, 1.347
Wed Jul  5 14:21:41 EDT 2017, 0.450, 158, 21, 3, 24, 545, 18, 12, 4, 42, 1.663, 1.550
Wed Jul  5 15:25:40 EDT 2017, 0.330, 133, 28, 8, 16, 582, 11, 27, 22, 27, 1.550, 1.433
Wed Jul  5 15:30:17 EDT 2017, 0.830, 153, 23, 4, 27, 432, 1, 47, 7, 47, 1.243, 1.203
Wed Jul  5 15:35:19 EDT 2017, 0.580, 123, 20, 6, 21, 507, 6, 17, 15, 37, 1.230, 1.233
Wed Jul  5 15:40:26 EDT 2017, 0.080, 143, 25, 2, 10, 357, 15, 37, 0, 17, 1.227, 1.453
Wed Jul  5 15:45:38 EDT 2017, 0.110, 124, 29, 3, 15, 442, 5, 49, 3, 46, 1.537, 1.567
Wed Jul  5 15:50:45 EDT 2017, 0.610, 144, 24, 7, 26, 592, 15, 29, 18, 26, 1.840, 1.763
Wed Jul  5 15:55:42 EDT 2017, 0.860, 134, 22, 5, 21, 367, 19, 39, 10, 16, 1.860, 1.537
Wed Jul  5 16:00:13 EDT 2017, 0.360, 154, 27, 9, 10, 517, 10, 19, 25, 36, 1.230, 1.283
Wed Jul  5 16:05:30 EDT 2017, 0.480, 139, 23, 2, 24, 479, 3, 24, 7, 11, 1.247, 1.227
Wed Jul  5 16:10:27 EDT 2017, 0.980, 159, 28, 6, 13, 329, 12, 44, 22, 31, 1.827, 1.733
Wed Jul  5 16:15:28 EDT 2017, 0.730, 129, 26, 4, 18, 554, 17, 14, 14, 41, 1.850, 1.667
Wed Jul  5 16:20:45 EDT 2017, 0.230, 149, 21, 8, 29, 404, 8, 34, 29, 21, 1.253, 1.233
Wed Jul  5 16:25:42 EDT 2017, 0.170, 131, 26, 6, 25, 385, 4, 11, 5, 49, 1.250, 1.243
Wed Jul  5 16:30:13 EDT 2017, 0.670, 151, 21, 2, 14, 535, 13, 31, 20, 29, 2.010, 1.800
Wed Jul  5 16:35:20 EDT 2017, 0.920, 121, 24, 8, 8, 310, 18, 21, 12, 19, 1.457, 1.357
Wed Jul  5 16:40:27 EDT 2017, 0.420, 141, 29, 4, 19, 460, 9, 41, 27, 39, 1.723, 1.537
Wed Jul  5 16:45:29 EDT 2017, 0.300, 126, 20, 7, 11, 498, 2, 36, 1, 14, 1.220, 1.243
Wed Jul  5 16:50:41 EDT 2017, 0.800, 146, 25, 3, 22, 348, 11, 16, 16, 34, 3.247, 3.363
Wed Jul  5 16:55:42 EDT 2017, 0.550, 136, 27, 9, 28, 573, 16, 46, 8, 44, 4.153, 2.470
Wed Jul  5 17:00:19 EDT 2017, 0.050, 156, 22, 5, 17, 423, 6, 26, 23, 24, 1.217, 1.190
Wed Jul  5 17:05:21 EDT 2017, 0.030, 126, 27, 8, 22, 456, 19, 32, 8, 32, 1.863, 1.570
Wed Jul  5 17:10:33 EDT 2017, 0.530, 146, 22, 4, 11, 306, 9, 12, 23, 12, 1.243, 1.270
Wed Jul  5 17:15:30 EDT 2017, 0.780, 136, 24, 6, 16, 531, 4, 42, 0, 22, 1.263, 1.267
Wed Jul  5 17:20:37 EDT 2017, 0.280, 156, 29, 2, 27, 381, 14, 22, 15, 42, 1.570, 1.567
Wed Jul  5 17:25:49 EDT 2017, 0.410, 131, 21, 9, 14, 418, 16, 17, 12, 27, 1.563, 1.557
Wed Jul  5 17:30:16 EDT 2017, 0.910, 151, 26, 5, 25, 568, 7, 37, 27, 47, 2.137, 1.803
Wed Jul  5 17:35:27 EDT 2017, 0.660, 121, 28, 7, 19, 343, 2, 27, 4, 37, 1.277, 1.263
Wed Jul  5 17:40:34 EDT 2017, 0.160, 141, 23, 3, 8, 493, 11, 47, 19, 17, 1.327, 1.453
Wed Jul  5 17:45:31 EDT 2017, 0.220, 138, 29, 5, 12, 512, 17, 29, 14, 34, 1.757, 1.553
Wed Jul  5 17:50:42 EDT 2017, 0.720, 158, 24, 9, 23, 362, 8, 49, 29, 14, 1.243, 1.257
Wed Jul  5 18:56:01 EDT 2017, 0.970, 128, 21, 3, 29, 587, 3, 19, 6, 24, 3600.000, 3600.000
Wed Jul  5 19:00:07 EDT 2017, 0.470, 148, 26, 7, 18, 437, 13, 39, 21, 44, 2.207, 1.807
Wed Jul  5 19:05:14 EDT 2017, 0.340, 123, 23, 4, 26, 399, 15, 44, 10, 29, 2.160, 1.863
Wed Jul  5 19:10:26 EDT 2017, 0.840, 143, 28, 8, 15, 549, 5, 24, 25, 49, 1.560, 1.553
Wed Jul  5 19:15:22 EDT 2017, 0.590, 133, 25, 2, 9, 324, 1, 34, 2, 39, 1.273, 1.230
Wed Jul  5 19:20:34 EDT 2017, 0.090, 153, 20, 6, 20, 474, 10, 14, 17, 19, 1.267, 1.273
Wed Jul  5 19:25:31 EDT 2017, 0.060, 134, 23, 7, 28, 559, 10, 23, 16, 45, 1.553, 1.563
Wed Jul  5 20:30:09 EDT 2017, 0.560, 154, 28, 3, 17, 409, 19, 43, 1, 25, 2.113, 1.723
Wed Jul  5 20:35:10 EDT 2017, 0.810, 124, 26, 9, 12, 484, 14, 13, 24, 15, 1.273, 1.237
Wed Jul  5 20:40:17 EDT 2017, 0.310, 144, 21, 5, 23, 334, 5, 33, 9, 35, 1.300, 1.297
Wed Jul  5 20:45:24 EDT 2017, 0.440, 129, 27, 6, 9, 371, 7, 48, 20, 10, 1.300, 1.283
Wed Jul  5 20:50:26 EDT 2017, 0.940, 149, 22, 2, 20, 521, 17, 28, 5, 30, 2.487, 1.873
Wed Jul  5 20:55:33 EDT 2017, 0.690, 139, 20, 8, 25, 446, 12, 38, 28, 40, 2.447, 1.843
Wed Jul  5 21:00:09 EDT 2017, 0.190, 159, 25, 4, 14, 596, 2, 18, 13, 20, 1.217, 1.257
Wed Jul  5 21:05:11 EDT 2017, 0.120, 122, 22, 2, 18, 577, 8, 36, 22, 48, 1.977, 1.773
Wed Jul  5 21:10:18 EDT 2017, 0.620, 142, 27, 6, 29, 427, 18, 16, 7, 28, 1.573, 1.573
Wed Jul  5 21:15:30 EDT 2017, 0.870, 132, 29, 4, 24, 502, 13, 46, 29, 18, 1.873, 1.630
Wed Jul  5 22:20:08 EDT 2017, 0.370, 152, 24, 8, 13, 352, 4, 26, 14, 38, 1.237, 1.247
Wed Jul  5 22:25:14 EDT 2017, 0.250, 137, 25, 3, 21, 315, 6, 11, 18, 13, 1.253, 1.270
Wed Jul  5 22:30:07 EDT 2017, 0.750, 157, 20, 7, 10, 465, 16, 31, 3, 33, 2.103, 1.690
Wed Jul  5 22:35:18 EDT 2017, 0.500, 127, 23, 5, 16, 390, 11, 21, 26, 43, 1.563, 1.563
Wed Jul  5 22:40:15 EDT 2017, 0.000, 147, 28, 9, 27, 540, 1, 41, 11, 23, 1.273, 1.263
Wed Jul  5 22:45:27 EDT 2017, 0.000, 127, 22, 3, 19, 428, 6, 38, 4, 25, 1.380, 1.347
Wed Jul  5 22:50:33 EDT 2017, 0.500, 147, 27, 7, 8, 578, 16, 18, 19, 45, 1.863, 1.857
Wed Jul  5 22:55:30 EDT 2017, 0.750, 137, 29, 5, 14, 353, 11, 48, 12, 35, 2.170, 1.740
Wed Jul  5 23:00:07 EDT 2017, 0.250, 157, 24, 9, 25, 503, 2, 28, 27, 15, 1.220, 1.220
Wed Jul  5 23:05:19 EDT 2017, 0.380, 132, 26, 2, 16, 466, 9, 13, 1, 30, 1.263, 1.263
Wed Jul  5 23:10:16 EDT 2017, 0.880, 152, 21, 6, 27, 316, 18, 33, 16, 10, 1.347, 1.263
Thu Jul  6 01:13:27 EDT 2017, 0.630, 122, 23, 4, 22, 541, 14, 23, 8, 20, 1.527, 1.510
Thu Jul  6 01:18:39 EDT 2017, 0.130, 142, 28, 8, 11, 391, 4, 43, 23, 40, 1.253, 1.257
Thu Jul  6 01:23:36 EDT 2017, 0.190, 139, 24, 6, 9, 409, 5, 21, 3, 28, 1.283, 1.277
Thu Jul  6 01:28:43 EDT 2017, 0.690, 159, 29, 2, 20, 559, 15, 41, 18, 48, 3.667, 2.363
Thu Jul  6 01:33:19 EDT 2017, 0.940, 129, 26, 8, 26, 334, 10, 11, 10, 38, 1.380, 1.373
Thu Jul  6 01:38:21 EDT 2017, 0.440, 149, 21, 4, 15, 484, 1, 31, 25, 18, 1.300, 1.240
Thu Jul  6 02:43:31 EDT 2017, 0.310, 124, 28, 7, 29, 522, 8, 46, 6, 33, 1.553, 1.547
Thu Jul  6 02:48:43 EDT 2017, 0.810, 144, 23, 3, 18, 372, 17, 26, 21, 13, 1.267, 1.257
Thu Jul  6 02:53:39 EDT 2017, 0.560, 134, 20, 9, 12, 597, 12, 36, 14, 23, 1.877, 1.673
Thu Jul  6 02:58:41 EDT 2017, 0.060, 154, 25, 5, 23, 447, 3, 16, 29, 43, 1.283, 1.260
Thu Jul  6 03:03:28 EDT 2017, 0.100, 133, 29, 4, 25, 362, 17, 27, 26, 12, 1.287, 1.283
Thu Jul  6 04:07:57 EDT 2017, 0.600, 153, 24, 8, 14, 512, 7, 47, 11, 32, 1.633, 1.550
Thu Jul  6 04:12:58 EDT 2017, 0.850, 123, 21, 2, 9, 437, 2, 17, 19, 42, 1.467, 1.273
Thu Jul  6 04:18:15 EDT 2017, 0.350, 143, 26, 6, 20, 587, 12, 37, 4, 22, 1.567, 1.520
Thu Jul  6 04:23:12 EDT 2017, 0.470, 128, 22, 5, 11, 550, 19, 42, 22, 47, 5.080, 2.560
Thu Jul  6 04:28:14 EDT 2017, 0.970, 148, 27, 9, 22, 400, 9, 22, 7, 27, 1.267, 1.253
Thu Jul  6 04:33:11 EDT 2017, 0.720, 138, 25, 3, 28, 475, 5, 32, 15, 17, 1.307, 1.273
Thu Jul  6 04:38:13 EDT 2017, 0.220, 158, 20, 7, 17, 325, 14, 12, 0, 37, 1.280, 1.260
Thu Jul  6 04:43:20 EDT 2017, 0.160, 121, 27, 9, 16, 306, 15, 34, 24, 14, 1.290, 1.283
Thu Jul  6 04:48:26 EDT 2017, 0.660, 141, 22, 5, 27, 456, 6, 14, 9, 34, 1.293, 1.250
Thu Jul  6 04:53:28 EDT 2017, 0.910, 131, 24, 7, 21, 381, 1, 44, 17, 44, 1.263, 1.247
Thu Jul  6 04:58:35 EDT 2017, 0.410, 151, 29, 3, 10, 531, 11, 24, 2, 24, 1.363, 1.470
Thu Jul  6 05:03:08 EDT 2017, 0.280, 136, 20, 8, 24, 569, 18, 19, 28, 49, 2.303, 2.000
Thu Jul  6 05:08:15 EDT 2017, 0.780, 156, 25, 4, 13, 419, 8, 39, 13, 29, 1.570, 1.527
Thu Jul  6 05:13:22 EDT 2017, 0.530, 126, 28, 6, 18, 494, 3, 29, 20, 19, 1.273, 1.273
Thu Jul  6 05:18:34 EDT 2017, 0.030, 146, 23, 2, 29, 344, 13, 49, 5, 39, 1.867, 1.637
Thu Jul  6 05:23:41 EDT 2017, 0.050, 136, 26, 7, 12, 536, 2, 14, 22, 26, 1.277, 1.240
Thu Jul  6 05:28:38 EDT 2017, 0.550, 156, 21, 3, 23, 386, 12, 34, 7, 46, 2.170, 1.867
Thu Jul  6 05:33:10 EDT 2017, 0.800, 126, 23, 9, 28, 461, 16, 24, 29, 36, 2.190, 1.860
Thu Jul  6 05:38:26 EDT 2017, 0.300, 146, 28, 5, 17, 311, 7, 44, 14, 16, 1.270, 1.247
Thu Jul  6 05:43:29 EDT 2017, 0.420, 121, 20, 6, 26, 348, 4, 39, 18, 31, 1.270, 1.277
Thu Jul  6 05:48:26 EDT 2017, 0.920, 141, 25, 2, 15, 498, 14, 19, 3, 11, 1.263, 1.257
Thu Jul  6 07:53:32 EDT 2017, 0.670, 131, 27, 8, 9, 423, 19, 49, 26, 21, 2.100, 1.700
Thu Jul  6 07:58:38 EDT 2017, 0.170, 151, 22, 4, 20, 573, 9, 29, 11, 41, 1.560, 1.560
Thu Jul  6 08:03:15 EDT 2017, 0.240, 129, 29, 2, 21, 592, 1, 46, 16, 29, 1.270, 1.250
Thu Jul  6 08:08:22 EDT 2017, 0.740, 149, 24, 6, 10, 442, 10, 26, 1, 49, 1.840, 1.740
Thu Jul  6 08:28:18 EDT 2017, 0.990, 139, 21, 4, 16, 517, 15, 36, 24, 39, 0.000, 0.000
Thu Jul  6 08:32:24 EDT 2017, 0.490, 159, 26, 8, 27, 367, 6, 16, 9, 19, 1.267, 1.230
Thu Jul  6 08:37:26 EDT 2017, 0.360, 134, 23, 3, 13, 330, 3, 21, 20, 34, 1.313, 1.260
Thu Jul  6 08:42:23 EDT 2017, 0.860, 154, 28, 7, 24, 480, 13, 41, 5, 14, 1.470, 1.557
Thu Jul  6 08:47:35 EDT 2017, 0.610, 124, 25, 5, 19, 405, 17, 11, 27, 24, 1.357, 1.337
Thu Jul  6 08:52:42 EDT 2017, 0.110, 144, 20, 9, 8, 555, 8, 31, 12, 44, 1.557, 1.540
Thu Jul  6 08:57:48 EDT 2017, 0.080, 123, 24, 8, 18, 470, 12, 40, 13, 10, 1.260, 1.243
Thu Jul  6 09:24:36 EDT 2017, 0.580, 143, 29, 4, 29, 320, 3, 20, 28, 30, 1.247, 1.270
Thu Jul  6 09:29:43 EDT 2017, 0.830, 133, 27, 6, 23, 545, 7, 30, 6, 40, 1.750, 1.847
Thu Jul  6 09:34:15 EDT 2017, 0.330, 153, 22, 2, 12, 395, 17, 10, 21, 20, 1.340, 1.323
Thu Jul  6 09:39:21 EDT 2017, 0.450, 138, 28, 9, 21, 433, 14, 25, 10, 45, 1.857, 1.560
Thu Jul  6 09:44:23 EDT 2017, 0.950, 158, 23, 5, 10, 583, 5, 45, 25, 25, 1.547, 1.527
Thu Jul  6 09:49:30 EDT 2017, 0.700, 128, 21, 7, 15, 358, 10, 15, 2, 15, 1.280, 1.270
Thu Jul  6 09:54:37 EDT 2017, 0.200, 148, 26, 3, 26, 508, 19, 35, 17, 35, 2.143, 1.827
Thu Jul  6 09:59:38 EDT 2017, 0.140, 130, 21, 5, 28, 489, 11, 18, 8, 12, 1.240, 1.210
Thu Jul  6 10:05:15 EDT 2017, 0.640, 150, 26, 9, 17, 339, 1, 38, 23, 32, 1.180, 1.300
Thu Jul  6 10:10:22 EDT 2017, 0.890, 120, 29, 3, 11, 564, 6, 28, 0, 42, 1.610, 1.560
Thu Jul  6 10:15:24 EDT 2017, 0.390, 140, 24, 7, 22, 414, 16, 48, 15, 22, 1.840, 1.527
Thu Jul  6 11:17:27 EDT 2017, 0.270, 125, 25, 4, 8, 376, 13, 33, 11, 47, 1.827, 1.643
Thu Jul  6 11:22:44 EDT 2017, 0.770, 145, 20, 8, 19, 526, 4, 13, 26, 27, 1.230, 1.217
Thu Jul  6 11:27:46 EDT 2017, 0.520, 135, 22, 2, 25, 301, 9, 43, 4, 17, 1.233, 1.207
Thu Jul  6 11:32:23 EDT 2017, 0.020, 155, 27, 6, 14, 451, 18, 23, 19, 37, 1.523, 1.540
Thu Jul  6 11:37:20 EDT 2017, 0.030, 131, 23, 9, 23, 510, 5, 10, 2, 19, 1.247, 1.223
Thu Jul  6 11:42:21 EDT 2017, 0.530, 151, 28, 5, 12, 360, 14, 30, 17, 39, 1.827, 1.543
Thu Jul  6 11:47:33 EDT 2017, 0.780, 121, 25, 7, 17, 585, 19, 20, 9, 49, 3.037, 2.117
Thu Jul  6 11:52:45 EDT 2017, 0.280, 141, 20, 3, 28, 435, 9, 40, 24, 29, 1.530, 1.527
Thu Jul  6 11:57:42 EDT 2017, 0.400, 126, 29, 8, 14, 398, 2, 35, 6, 44, 1.253, 1.237
Thu Jul  6 12:02:14 EDT 2017, 0.900, 146, 24, 4, 25, 548, 12, 15, 21, 24, 1.323, 1.220
Thu Jul  6 12:26:46 EDT 2017, 0.650, 136, 21, 6, 20, 323, 16, 45, 13, 14, 1.553, 1.557
Thu Jul  6 12:31:13 EDT 2017, 0.150, 156, 26, 2, 9, 473, 7, 25, 28, 34, 1.233, 1.210
Thu Jul  6 12:36:30 EDT 2017, 0.210, 124, 21, 4, 10, 454, 3, 48, 4, 16, 1.243, 1.243
Thu Jul  6 12:41:26 EDT 2017, 0.710, 144, 26, 8, 21, 304, 13, 28, 19, 36, 1.513, 1.557
Thu Jul  6 12:46:34 EDT 2017, 0.960, 134, 28, 2, 27, 529, 18, 38, 11, 46, 5.343, 2.443
Thu Jul  6 12:51:36 EDT 2017, 0.460, 154, 23, 6, 16, 379, 8, 18, 26, 26, 1.253, 1.237
Thu Jul  6 13:56:39 EDT 2017, 0.340, 139, 27, 5, 24, 416, 1, 23, 0, 41, 1.230, 1.217
Thu Jul  6 14:01:16 EDT 2017, 0.840, 159, 22, 9, 13, 566, 10, 43, 15, 21, 1.520, 1.577
Thu Jul  6 14:06:18 EDT 2017, 0.590, 129, 24, 3, 8, 341, 15, 13, 8, 11, 1.273, 1.287
Thu Jul  6 14:11:25 EDT 2017, 0.090, 149, 29, 7, 19, 491, 6, 33, 23, 31, 1.230, 1.237
Thu Jul  6 14:16:32 EDT 2017, 0.120, 127, 25, 6, 29, 576, 15, 44, 25, 23, 1.847, 1.557
Thu Jul  6 15:20:47 EDT 2017, 0.620, 147, 20, 2, 18, 426, 5, 24, 10, 43, 1.317, 1.403
Thu Jul  6 15:25:44 EDT 2017, 0.870, 137, 23, 8, 12, 501, 10, 34, 18, 33, 1.923, 1.727
Thu Jul  6 15:30:25 EDT 2017, 0.370, 157, 28, 4, 23, 351, 19, 14, 3, 13, 1.210, 1.183
Thu Jul  6 15:35:22 EDT 2017, 0.490, 132, 22, 7, 10, 313, 12, 29, 29, 38, 1.553, 1.547
Thu Jul  6 15:57:34 EDT 2017, 0.990, 152, 27, 3, 21, 463, 3, 49, 14, 18, 0.000, 0.000
Thu Jul  6 16:01:15 EDT 2017, 0.740, 122, 29, 9, 26, 388, 7, 19, 22, 28, 1.230, 1.240
Thu Jul  6 16:06:27 EDT 2017, 0.240, 142, 24, 5, 15, 538, 17, 39, 7, 48, 3.347, 2.163
Thu Jul  6 16:11:39 EDT 2017, 0.180, 135, 27, 3, 16, 557, 13, 17, 27, 20, 1.263, 1.230
Thu Jul  6 16:16:42 EDT 2017, 0.680, 155, 22, 7, 27, 407, 4, 37, 12, 40, 1.347, 1.223
Thu Jul  6 16:21:39 EDT 2017, 0.930, 125, 20, 5, 22, 482, 9, 27, 20, 30, 1.753, 1.543
Thu Jul  6 16:26:41 EDT 2017, 0.430, 145, 25, 9, 11, 332, 18, 47, 5, 10, 1.333, 1.313
Thu Jul  6 16:31:28 EDT 2017, 0.310, 120, 23, 2, 19, 369, 11, 32, 23, 35, 1.560, 1.540
Thu Jul  6 16:36:24 EDT 2017, 0.810, 140, 28, 6, 8, 519, 2, 12, 8, 15, 1.153, 1.230
Thu Jul  6 16:41:36 EDT 2017, 0.560, 130, 26, 4, 14, 444, 6, 42, 16, 25, 1.253, 1.227
Thu Jul  6 16:46:33 EDT 2017, 0.060, 150, 21, 8, 25, 594, 16, 22, 1, 45, 1.843, 1.573
Thu Jul  6 16:51:40 EDT 2017, 0.040, 122, 28, 5, 8, 327, 9, 36, 15, 18, 1.243, 1.237
Thu Jul  6 16:56:52 EDT 2017, 0.540, 142, 23, 9, 19, 477, 18, 16, 0, 38, 1.550, 1.543
Thu Jul  6 17:01:24 EDT 2017, 0.790, 132, 20, 3, 24, 402, 14, 46, 22, 48, 4.303, 2.487
Thu Jul  6 17:06:25 EDT 2017, 0.290, 152, 25, 7, 13, 552, 4, 26, 7, 28, 1.283, 1.280
Thu Jul  6 17:11:37 EDT 2017, 0.420, 137, 24, 4, 27, 590, 7, 11, 18, 43, 1.267, 1.270
Thu Jul  6 17:16:44 EDT 2017, 0.920, 157, 29, 8, 16, 440, 16, 31, 3, 23, 1.753, 1.560
Thu Jul  6 17:21:41 EDT 2017, 0.670, 127, 26, 2, 11, 515, 11, 21, 26, 13, 1.243, 1.227
Thu Jul  6 17:26:43 EDT 2017, 0.170, 147, 21, 6, 22, 365, 2, 41, 11, 33, 1.250, 1.230
Thu Jul  6 17:31:19 EDT 2017, 0.230, 134, 25, 8, 20, 346, 8, 23, 20, 16, 1.253, 1.230
Thu Jul  6 17:36:26 EDT 2017, 0.730, 154, 20, 4, 9, 496, 17, 43, 5, 36, 3.547, 2.147
Thu Jul  6 18:02:39 EDT 2017, 0.980, 124, 22, 6, 15, 421, 13, 13, 28, 46, 0.000, 0.000
Thu Jul  6 18:07:31 EDT 2017, 0.480, 144, 27, 2, 26, 571, 3, 33, 13, 26, 1.240, 1.243
Thu Jul  6 18:26:41 EDT 2017, 0.350, 129, 21, 9, 17, 534, 5, 48, 16, 41, 1.517, 1.553
Thu Jul  6 18:31:18 EDT 2017, 0.850, 149, 26, 5, 28, 384, 15, 28, 1, 21, 1.517, 1.413
Thu Jul  6 18:36:25 EDT 2017, 0.600, 139, 28, 7, 23, 459, 10, 38, 24, 11, 1.247, 1.260
Thu Jul  6 18:41:26 EDT 2017, 0.100, 159, 23, 3, 12, 309, 1, 18, 9, 31, 1.230, 1.253
Thu Jul  6 18:46:43 EDT 2017, 0.070, 138, 20, 2, 14, 393, 19, 27, 8, 24, 1.550, 1.543
Thu Jul  6 18:51:40 EDT 2017, 0.570, 158, 25, 6, 25, 543, 10, 47, 23, 44, 2.553, 2.037
Thu Jul  6 18:56:42 EDT 2017, 0.820, 128, 27, 4, 20, 318, 5, 17, 0, 34, 1.250, 1.260
Thu Jul  6 19:01:19 EDT 2017, 0.320, 148, 22, 8, 9, 468, 14, 37, 15, 14, 1.187, 1.243
Thu Jul  6 19:06:26 EDT 2017, 0.450, 123, 26, 3, 22, 505, 17, 42, 12, 39, 3.230, 2.033
Thu Jul  6 19:11:27 EDT 2017, 0.950, 143, 21, 7, 11, 355, 7, 22, 27, 19, 1.233, 1.247
Thu Jul  6 19:16:34 EDT 2017, 0.700, 133, 24, 5, 17, 580, 2, 32, 4, 29, 1.203, 1.223
Thu Jul  6 19:21:36 EDT 2017, 0.200, 153, 29, 9, 28, 430, 12, 12, 19, 49, 1.240, 1.243
Thu Jul  6 19:26:43 EDT 2017, 0.130, 125, 23, 7, 26, 449, 18, 30, 14, 22, 1.737, 1.547
Thu Jul  6 19:31:20 EDT 2017, 0.630, 145, 28, 3, 15, 599, 8, 10, 29, 42, 1.213, 1.327
Thu Jul  6 19:36:22 EDT 2017, 0.880, 135, 25, 9, 10, 374, 4, 40, 6, 32, 1.237, 1.360
Thu Jul  6 20:41:01 EDT 2017, 0.380, 155, 20, 5, 21, 524, 13, 20, 21, 12, 1.230, 1.237
Thu Jul  6 21:45:03 EDT 2017, 0.260, 130, 29, 6, 13, 487, 16, 15, 10, 37, 1.503, 1.530
Thu Jul  6 21:48:19 EDT 2017, 0.760, 150, 24, 2, 24, 337, 6, 35, 25, 17, 1.220, 1.243
Thu Jul  6 21:53:21 EDT 2017, 0.510, 120, 22, 8, 29, 562, 1, 25, 2, 27, 1.227, 1.250
Thu Jul  6 21:58:18 EDT 2017, 0.010, 140, 27, 4, 18, 412, 11, 45, 17, 47, 1.820, 1.833
Thu Jul  6 22:03:09 EDT 2017, 0.010, 139, 29, 8, 28, 307, 3, 41, 17, 48, 1.270, 1.267
Thu Jul  6 22:08:17 EDT 2017, 0.510, 159, 24, 4, 17, 457, 13, 21, 2, 28, 1.217, 1.260
Thu Jul  6 22:13:28 EDT 2017, 0.760, 129, 22, 6, 12, 382, 18, 31, 24, 18, 1.547, 1.553
Thu Jul  6 22:18:25 EDT 2017, 0.260, 149, 27, 2, 23, 532, 8, 11, 9, 38, 1.270, 1.250
Thu Jul  6 22:23:27 EDT 2017, 0.380, 124, 23, 9, 9, 570, 1, 26, 20, 13, 1.257, 1.167
Thu Jul  6 22:28:34 EDT 2017, 0.880, 144, 28, 5, 20, 420, 11, 46, 5, 33, 2.130, 1.840
Thu Jul  6 23:09:15 EDT 2017, 0.630, 134, 25, 7, 25, 495, 15, 16, 28, 43, 1.730, 1.510
Thu Jul  6 23:14:32 EDT 2017, 0.130, 154, 20, 3, 14, 345, 6, 36, 13, 23, 1.263, 1.247
Thu Jul  6 23:19:33 EDT 2017, 0.190, 126, 26, 5, 16, 364, 5, 19, 18, 46, 1.240, 1.233
Thu Jul  6 23:24:30 EDT 2017, 0.690, 146, 21, 9, 27, 514, 14, 39, 3, 26, 2.147, 1.840
Thu Jul  6 23:29:37 EDT 2017, 0.940, 136, 24, 3, 21, 439, 19, 29, 26, 16, 1.863, 1.553
Thu Jul  6 23:34:14 EDT 2017, 0.440, 156, 29, 7, 10, 589, 9, 49, 11, 36, 1.973, 1.793
Thu Jul  6 23:39:26 EDT 2017, 0.320, 131, 20, 4, 19, 551, 2, 34, 15, 11, 1.230, 1.233
Thu Jul  6 23:44:28 EDT 2017, 0.820, 151, 25, 8, 8, 401, 12, 14, 0, 31, 1.227, 1.350
Thu Jul  6 23:49:30 EDT 2017, 0.570, 121, 27, 2, 13, 476, 16, 44, 22, 41, 3.743, 2.137
Thu Jul  6 23:54:31 EDT 2017, 0.070, 141, 22, 6, 24, 326, 7, 24, 7, 21, 1.227, 1.250
Thu Jul  6 23:59:38 EDT 2017, 0.100, 120, 21, 7, 23, 410, 14, 12, 10, 34, 1.230, 1.257
Fri Jul  7 00:48:43 EDT 2017, 0.600, 140, 26, 3, 12, 560, 4, 32, 25, 14, 1.253, 1.243
Fri Jul  7 00:53:35 EDT 2017, 0.850, 130, 29, 9, 18, 335, 9, 22, 2, 24, 1.243, 1.230
Fri Jul  7 00:58:42 EDT 2017, 0.350, 150, 24, 5, 29, 485, 18, 42, 17, 44, 3.047, 2.143
Fri Jul  7 01:03:19 EDT 2017, 0.470, 135, 25, 6, 15, 523, 11, 37, 14, 29, 1.837, 1.553
Fri Jul  7 01:08:26 EDT 2017, 0.970, 155, 20, 2, 26, 373, 2, 17, 29, 49, 1.263, 1.280
Fri Jul  7 01:13:33 EDT 2017, 0.720, 125, 23, 8, 21, 598, 6, 47, 6, 39, 1.863, 1.817
Fri Jul  7 01:18:35 EDT 2017, 0.220, 145, 28, 4, 10, 448, 16, 27, 21, 19, 1.230, 1.223
Fri Jul  7 01:23:37 EDT 2017, 0.160, 132, 24, 2, 11, 429, 15, 45, 12, 32, 2.150, 1.747
Fri Jul  7 01:28:44 EDT 2017, 0.660, 152, 29, 6, 22, 579, 5, 25, 27, 12, 1.260, 1.243
Fri Jul  7 01:33:26 EDT 2017, 0.910, 122, 27, 4, 28, 354, 10, 35, 4, 22, 1.553, 1.530
Fri Jul  7 02:38:24 EDT 2017, 0.410, 142, 22, 8, 17, 504, 19, 15, 19, 42, 1.837, 1.530
Fri Jul  7 02:43:27 EDT 2017, 0.290, 127, 28, 3, 25, 467, 12, 20, 8, 27, 1.267, 1.243
Fri Jul  7 02:48:33 EDT 2017, 0.790, 147, 23, 7, 14, 317, 3, 40, 23, 47, 1.193, 1.220
Fri Jul  7 02:53:40 EDT 2017, 0.540, 137, 21, 5, 8, 542, 8, 10, 1, 37, 1.227, 1.220
Fri Jul  7 02:58:42 EDT 2017, 0.040, 157, 26, 9, 19, 392, 17, 30, 16, 17, 1.223, 1.247
Fri Jul  7 03:03:19 EDT 2017, 0.050, 129, 24, 4, 13, 490, 8, 26, 0, 49, 1.557, 1.543
Fri Jul  7 04:06:57 EDT 2017, 0.550, 149, 29, 8, 24, 340, 17, 46, 15, 29, 2.150, 1.690
Fri Jul  7 04:11:59 EDT 2017, 0.800, 139, 26, 2, 19, 565, 13, 16, 8, 19, 1.240, 1.427
Fri Jul  7 04:17:11 EDT 2017, 0.300, 159, 21, 6, 8, 415, 3, 36, 23, 39, 1.263, 1.273
Fri Jul  7 04:22:18 EDT 2017, 0.430, 134, 27, 5, 22, 378, 5, 41, 4, 14, 1.250, 1.267
Fri Jul  7 04:27:21 EDT 2017, 0.930, 154, 22, 9, 11, 528, 15, 21, 19, 34, 1.823, 1.773
Fri Jul  7 04:32:07 EDT 2017, 0.680, 124, 20, 3, 16, 303, 10, 31, 11, 44, 1.830, 1.533
Fri Jul  7 04:37:14 EDT 2017, 0.180, 144, 25, 7, 27, 453, 1, 11, 26, 24, 1.243, 1.160
Fri Jul  7 04:42:21 EDT 2017, 0.240, 137, 22, 9, 26, 471, 9, 33, 6, 46, 1.533, 1.520
Fri Jul  7 04:47:23 EDT 2017, 0.740, 157, 27, 5, 15, 321, 19, 13, 21, 26, 1.230, 1.227
Fri Jul  7 05:52:53 EDT 2017, 0.990, 127, 29, 7, 9, 546, 14, 43, 13, 16, 3600.000, 3600.000
Fri Jul  7 05:57:04 EDT 2017, 0.490, 147, 24, 3, 20, 396, 4, 23, 28, 36, 1.227, 1.243
Fri Jul  7 06:02:06 EDT 2017, 0.360, 122, 26, 8, 12, 434, 7, 18, 2, 11, 1.400, 1.350
Fri Jul  7 06:07:13 EDT 2017, 0.860, 142, 21, 4, 23, 584, 16, 38, 17, 31, 3.147, 2.140
Fri Jul  7 06:12:20 EDT 2017, 0.610, 132, 23, 6, 29, 359, 11, 28, 9, 41, 1.760, 1.503
Fri Jul  7 06:17:22 EDT 2017, 0.110, 152, 28, 2, 18, 509, 2, 48, 24, 21, 1.267, 1.223
Fri Jul  7 06:22:30 EDT 2017, 0.080, 131, 27, 3, 9, 593, 18, 39, 24, 32, 2.370, 1.837
Fri Jul  7 06:47:32 EDT 2017, 0.580, 151, 22, 7, 20, 443, 8, 19, 9, 12, 1.230, 1.240
Fri Jul  7 06:52:39 EDT 2017, 0.830, 121, 24, 5, 25, 518, 4, 49, 16, 22, 1.240, 1.220
Fri Jul  7 06:57:42 EDT 2017, 0.330, 141, 29, 9, 14, 368, 13, 29, 1, 42, 1.553, 1.513
Fri Jul  7 07:02:08 EDT 2017, 0.460, 126, 20, 2, 28, 331, 16, 14, 27, 27, 1.350, 1.203
Fri Jul  7 07:07:25 EDT 2017, 0.960, 146, 25, 6, 17, 481, 6, 34, 12, 47, 1.707, 1.613
Fri Jul  7 07:12:27 EDT 2017, 0.710, 136, 28, 4, 11, 406, 1, 24, 20, 37, 1.227, 1.203
Fri Jul  7 07:17:34 EDT 2017, 0.210, 156, 23, 8, 22, 556, 11, 44, 5, 17, 1.440, 1.507
Fri Jul  7 07:22:36 EDT 2017, 0.150, 123, 28, 6, 21, 537, 19, 22, 29, 30, 1.567, 1.513
Fri Jul  7 07:27:37 EDT 2017, 0.650, 143, 23, 2, 10, 387, 10, 42, 14, 10, 1.247, 1.230
Fri Jul  7 07:32:09 EDT 2017, 0.900, 133, 21, 8, 15, 462, 5, 12, 22, 20, 1.247, 1.240
Fri Jul  7 07:37:11 EDT 2017, 0.400, 153, 26, 4, 26, 312, 14, 32, 7, 40, 1.747, 1.503
Fri Jul  7 07:42:18 EDT 2017, 0.270, 138, 22, 7, 18, 350, 17, 47, 25, 25, 1.860, 1.510
Fri Jul  7 07:58:34 EDT 2017, 0.770, 158, 27, 3, 29, 500, 7, 27, 10, 45, 1.537, 1.530
Fri Jul  7 08:03:10 EDT 2017, 0.520, 128, 25, 9, 24, 425, 3, 37, 18, 35, 1.253, 1.220
Fri Jul  7 08:08:22 EDT 2017, 0.020, 148, 20, 5, 13, 575, 12, 17, 3, 15, 1.250, 1.223
Fri Jul  7 08:13:19 EDT 2017, 0.010, 124, 25, 2, 25, 553, 5, 28, 20, 36, 1.250, 1.220
Fri Jul  7 08:18:27 EDT 2017, 0.510, 144, 20, 6, 14, 403, 15, 48, 5, 16, 1.623, 1.540
Fri Jul  7 08:23:34 EDT 2017, 0.760, 134, 22, 4, 8, 478, 10, 18, 28, 26, 1.257, 1.233
Fri Jul  7 08:28:41 EDT 2017, 0.260, 154, 27, 8, 19, 328, 1, 38, 13, 46, 1.260, 1.220
