# 'Timestamp', '--gvt-delay 100 10000', '--imbalance% 0 100', '--recvr-range 1 10000', '--delay 1 10', '--selfEvents% 0 100', '--simEndTime 300 600', '--rows 10 100', '--eventsPerAgent 1 20', '--granularity 0 50', '--cols 10 100', heap_timing_secs, binomHeap_timing_secs
Sun Apr 30 09:07:11 EDT 2017, 100, 0.000, 1, 1, 0.000, 300, 10, 1, 0, 10, 2.227, 2.233
Sun Apr 30 09:08:11 EDT 2017, 5050, 0.500, 5000, 5, 0.500, 450, 55, 10, 25, 55, 48.713, 59.017
Sun Apr 30 09:08:44 EDT 2017, 7525, 0.250, 7500, 3, 0.750, 375, 77, 5, 12, 77, 23.727, 31.937
Sun Apr 30 09:09:29 EDT 2017, 2575, 0.750, 2500, 7, 0.250, 525, 32, 15, 37, 32, 37.640, 44.483
Sun Apr 30 09:09:50 EDT 2017, 3812, 0.370, 6250, 2, 0.870, 562, 21, 12, 6, 88, 15.123, 20.217
Sun Apr 30 09:10:08 EDT 2017, 8762, 0.870, 1250, 6, 0.370, 412, 66, 3, 31, 43, 14.473, 17.633
Sun Apr 30 09:11:03 EDT 2017, 6287, 0.120, 3750, 4, 0.120, 487, 88, 17, 18, 21, 42.320, 54.940
Sun Apr 30 09:11:51 EDT 2017, 1337, 0.620, 8750, 8, 0.620, 337, 43, 8, 43, 66, 40.883, 46.937
Sun Apr 30 09:11:55 EDT 2017, 1956, 0.310, 3125, 7, 0.560, 356, 15, 18, 9, 15, 2.547, 3.410
Sun Apr 30 09:12:58 EDT 2017, 6906, 0.810, 8125, 2, 0.060, 506, 60, 9, 34, 60, 49.993, 62.017
Sun Apr 30 09:16:22 EDT 2017, 9381, 0.060, 5625, 9, 0.310, 431, 83, 14, 21, 83, 160.210, 199.757
Sun Apr 30 09:16:40 EDT 2017, 4431, 0.560, 625, 4, 0.810, 581, 38, 4, 46, 38, 16.297, 18.073
Sun Apr 30 09:17:00 EDT 2017, 3193, 0.180, 9375, 6, 0.430, 543, 26, 6, 3, 94, 12.287, 19.130
Sun Apr 30 09:17:43 EDT 2017, 8143, 0.680, 4375, 1, 0.930, 393, 71, 16, 28, 49, 37.360, 42.347
Sun Apr 30 09:17:51 EDT 2017, 5668, 0.430, 1875, 8, 0.680, 468, 94, 2, 15, 26, 6.597, 8.140
Sun Apr 30 09:18:53 EDT 2017, 718, 0.930, 6875, 3, 0.180, 318, 49, 11, 40, 71, 50.680, 61.233
Sun Apr 30 09:20:31 EDT 2017, 1028, 0.460, 8437, 4, 0.280, 403, 57, 17, 39, 46, 82.260, 96.610
Sun Apr 30 09:20:44 EDT 2017, 5978, 0.960, 3438, 9, 0.780, 553, 12, 7, 14, 91, 10.150, 12.553
Sun Apr 30 09:21:13 EDT 2017, 8453, 0.210, 938, 2, 0.530, 328, 35, 12, 26, 69, 23.660, 28.813
Sun Apr 30 09:21:17 EDT 2017, 3503, 0.710, 5937, 6, 0.030, 478, 80, 2, 1, 24, 2.857, 4.347
Sun Apr 30 09:22:52 EDT 2017, 4740, 0.090, 4688, 3, 0.650, 515, 69, 9, 45, 57, 83.003, 94.287
Sun Apr 30 09:23:00 EDT 2017, 9690, 0.590, 9687, 8, 0.150, 365, 24, 19, 20, 12, 5.993, 7.690
Sun Apr 30 09:23:11 EDT 2017, 7215, 0.340, 7187, 1, 0.400, 590, 46, 5, 32, 35, 8.527, 10.267
Sun Apr 30 09:24:56 EDT 2017, 2265, 0.840, 2188, 5, 0.900, 440, 91, 14, 7, 80, 96.023, 103.293
Sun Apr 30 09:25:23 EDT 2017, 1646, 0.150, 5312, 8, 0.840, 421, 63, 3, 48, 52, 24.213, 26.677
Sun Apr 30 09:26:11 EDT 2017, 6596, 0.650, 313, 4, 0.340, 571, 18, 13, 23, 97, 38.510, 47.543
Sun Apr 30 09:26:57 EDT 2017, 9071, 0.400, 2813, 6, 0.090, 346, 40, 8, 35, 74, 37.413, 45.337
Sun Apr 30 09:27:28 EDT 2017, 4121, 0.900, 7812, 1, 0.590, 496, 85, 18, 10, 29, 21.960, 30.797
Sun Apr 30 09:29:58 EDT 2017, 2884, 0.280, 1563, 9, 0.210, 459, 74, 11, 42, 63, 129.810, 147.457
Sun Apr 30 09:29:59 EDT 2017, 7834, 0.780, 6562, 5, 0.710, 309, 29, 1, 17, 18, 0.610, 0.680
Sun Apr 30 09:31:06 EDT 2017, 5359, 0.030, 9062, 7, 0.960, 534, 52, 15, 29, 40, 64.107, 66.993
Sun Apr 30 09:31:47 EDT 2017, 409, 0.530, 4063, 2, 0.460, 384, 97, 6, 4, 85, 27.107, 39.900
Sun Apr 30 09:32:00 EDT 2017, 564, 0.260, 6094, 6, 0.700, 492, 33, 13, 28, 14, 10.037, 12.140
Sun Apr 30 09:32:09 EDT 2017, 5514, 0.760, 1094, 1, 0.200, 342, 78, 4, 3, 59, 5.377, 8.203
Sun Apr 30 09:37:08 EDT 2017, 7989, 0.010, 3594, 8, 0.450, 567, 56, 18, 41, 81, 259.807, 297.217
Sun Apr 30 09:37:11 EDT 2017, 3039, 0.510, 8593, 3, 0.950, 417, 11, 9, 16, 36, 2.893, 3.410
Sun Apr 30 09:37:20 EDT 2017, 4276, 0.140, 2344, 7, 0.320, 379, 45, 1, 35, 92, 7.840, 9.143
Sun Apr 30 09:38:11 EDT 2017, 9226, 0.640, 7344, 2, 0.820, 529, 90, 11, 10, 47, 39.803, 50.337
Sun Apr 30 09:38:35 EDT 2017, 6751, 0.390, 9843, 9, 0.570, 304, 67, 6, 47, 25, 17.080, 20.793
Sun Apr 30 09:39:21 EDT 2017, 1801, 0.890, 4844, 5, 0.070, 454, 22, 16, 22, 70, 35.567, 45.137
Sun Apr 30 09:39:29 EDT 2017, 2420, 0.070, 7968, 2, 0.140, 473, 39, 7, 32, 19, 6.577, 7.940
Sun Apr 30 09:40:56 EDT 2017, 7370, 0.570, 2969, 6, 0.640, 323, 84, 17, 7, 64, 69.460, 84.650
Sun Apr 30 09:41:46 EDT 2017, 9845, 0.320, 469, 4, 0.890, 548, 62, 3, 44, 87, 43.357, 48.740
Sun Apr 30 09:41:58 EDT 2017, 4895, 0.820, 5469, 9, 0.390, 398, 17, 12, 19, 42, 9.757, 12.537
Sun Apr 30 09:43:20 EDT 2017, 3657, 0.450, 4219, 1, 0.760, 435, 50, 19, 25, 98, 66.540, 81.597
Sun Apr 30 09:44:37 EDT 2017, 8607, 0.950, 9218, 5, 0.260, 585, 95, 10, 0, 53, 49.767, 72.997
Sun Apr 30 09:45:33 EDT 2017, 6132, 0.200, 6719, 3, 0.010, 360, 73, 14, 38, 31, 44.927, 55.007
Sun Apr 30 09:45:51 EDT 2017, 1182, 0.700, 1719, 7, 0.510, 510, 28, 5, 13, 76, 13.223, 17.617
Sun Apr 30 09:46:53 EDT 2017, 873, 0.230, 2656, 9, 0.980, 595, 81, 9, 17, 45, 55.703, 61.133
Sun Apr 30 09:49:34 EDT 2017, 5823, 0.730, 7656, 5, 0.480, 445, 36, 19, 42, 90, 141.507, 158.453
Sun Apr 30 09:49:39 EDT 2017, 8298, 0.480, 5156, 7, 0.230, 520, 14, 4, 5, 67, 3.160, 4.753
Sun Apr 30 09:50:03 EDT 2017, 3348, 0.980, 157, 3, 0.730, 370, 59, 14, 30, 22, 20.870, 24.393
Sun Apr 30 09:52:28 EDT 2017, 4585, 0.350, 8906, 8, 0.100, 332, 92, 16, 24, 56, 116.443, 143.737
Sun Apr 30 09:52:38 EDT 2017, 9535, 0.850, 3906, 4, 0.600, 482, 47, 7, 49, 11, 8.783, 10.037
Sun Apr 30 09:52:48 EDT 2017, 7060, 0.100, 1407, 6, 0.850, 407, 25, 11, 11, 33, 7.133, 9.237
Sun Apr 30 09:53:04 EDT 2017, 2110, 0.600, 6406, 1, 0.350, 557, 70, 2, 36, 78, 13.637, 15.997
Sun Apr 30 09:54:24 EDT 2017, 1492, 0.420, 782, 3, 0.420, 539, 87, 10, 21, 50, 64.153, 78.413
Sun Apr 30 09:54:35 EDT 2017, 6442, 0.920, 5781, 8, 0.920, 389, 42, 1, 46, 95, 9.360, 10.273
Sun Apr 30 09:54:47 EDT 2017, 8917, 0.170, 8281, 1, 0.670, 464, 19, 15, 8, 73, 8.203, 11.833
Sun Apr 30 09:55:04 EDT 2017, 3967, 0.670, 3281, 5, 0.170, 314, 64, 6, 33, 28, 13.640, 16.743
Sun Apr 30 09:55:26 EDT 2017, 2729, 0.040, 7031, 4, 0.540, 351, 98, 3, 14, 62, 16.797, 22.127
Sun Apr 30 09:56:01 EDT 2017, 7679, 0.540, 2032, 9, 0.040, 501, 53, 13, 39, 17, 28.293, 34.230
Sun Apr 30 09:56:07 EDT 2017, 5204, 0.290, 4531, 2, 0.290, 426, 31, 8, 2, 39, 4.053, 6.227
Sun Apr 30 10:00:41 EDT 2017, 254, 0.790, 9531, 7, 0.790, 576, 76, 17, 27, 84, 245.340, 271.800
Sun Apr 30 10:01:32 EDT 2017, 332, 0.390, 4453, 8, 0.210, 560, 45, 14, 12, 43, 37.080, 50.573
Sun Apr 30 10:02:33 EDT 2017, 5282, 0.890, 9453, 3, 0.710, 410, 90, 4, 37, 88, 53.380, 61.253
Sun Apr 30 10:04:54 EDT 2017, 7757, 0.140, 6953, 5, 0.960, 485, 68, 18, 24, 65, 138.063, 140.183
Sun Apr 30 10:04:58 EDT 2017, 2807, 0.640, 1953, 1, 0.460, 335, 23, 9, 49, 20, 3.430, 3.870
Sun Apr 30 10:05:03 EDT 2017, 4044, 0.020, 8203, 9, 0.830, 372, 34, 2, 5, 76, 3.860, 4.850
Sun Apr 30 10:06:08 EDT 2017, 8994, 0.520, 3203, 4, 0.330, 522, 79, 11, 30, 31, 53.187, 64.277
Sun Apr 30 10:06:46 EDT 2017, 6519, 0.270, 704, 7, 0.080, 447, 57, 7, 18, 54, 29.267, 37.407
Sun Apr 30 10:07:31 EDT 2017, 1569, 0.770, 5703, 2, 0.580, 597, 12, 16, 43, 99, 37.693, 44.217
Sun Apr 30 10:07:43 EDT 2017, 2188, 0.210, 1328, 5, 0.640, 578, 51, 5, 2, 37, 7.267, 11.217
Sun Apr 30 10:12:28 EDT 2017, 7138, 0.710, 6328, 9, 0.140, 428, 96, 15, 27, 82, 229.510, 277.263
Sun Apr 30 10:12:35 EDT 2017, 9613, 0.460, 8828, 3, 0.390, 503, 73, 1, 15, 59, 5.830, 7.203
Sun Apr 30 10:12:42 EDT 2017, 4663, 0.960, 3828, 7, 0.890, 353, 28, 10, 40, 14, 6.350, 6.947
Sun Apr 30 10:13:26 EDT 2017, 3425, 0.330, 5078, 4, 0.270, 316, 40, 17, 8, 71, 32.147, 43.013
Sun Apr 30 10:14:05 EDT 2017, 8375, 0.830, 79, 8, 0.770, 466, 85, 8, 33, 26, 34.183, 39.167
Sun Apr 30 10:14:50 EDT 2017, 5900, 0.080, 2578, 2, 0.520, 391, 62, 13, 21, 48, 35.910, 43.790
Sun Apr 30 10:15:06 EDT 2017, 950, 0.580, 7578, 6, 0.020, 541, 17, 3, 46, 93, 13.927, 15.833
Sun Apr 30 10:16:08 EDT 2017, 1260, 0.110, 6640, 6, 0.490, 457, 93, 8, 48, 28, 53.127, 61.393
Sun Apr 30 10:16:56 EDT 2017, 6210, 0.610, 1641, 2, 0.990, 307, 48, 18, 23, 73, 43.913, 47.347
Sun Apr 30 10:17:24 EDT 2017, 8685, 0.360, 4141, 9, 0.740, 532, 26, 4, 35, 96, 24.140, 27.790
Sun Apr 30 10:18:23 EDT 2017, 3735, 0.860, 9140, 4, 0.240, 382, 71, 13, 10, 51, 42.860, 56.997
Sun Apr 30 10:22:34 EDT 2017, 4972, 0.490, 391, 5, 0.610, 419, 82, 15, 41, 85, 224.810, 245.737
Sun Apr 30 10:22:42 EDT 2017, 9922, 0.990, 5391, 1, 0.110, 569, 37, 6, 16, 40, 6.060, 8.133
Sun Apr 30 10:22:47 EDT 2017, 7447, 0.240, 7890, 7, 0.360, 344, 14, 11, 29, 17, 3.577, 4.230
Sun Apr 30 10:22:52 EDT 2017, 2497, 0.740, 2891, 3, 0.860, 494, 59, 1, 4, 62, 3.203, 4.433
Sun Apr 30 10:23:24 EDT 2017, 1878, 0.300, 9765, 1, 0.920, 513, 99, 12, 38, 23, 28.333, 32.040
Sun Apr 30 10:23:34 EDT 2017, 6828, 0.800, 4766, 6, 0.420, 363, 54, 2, 13, 68, 7.393, 9.580
Sun Apr 30 10:25:41 EDT 2017, 9303, 0.050, 2266, 4, 0.170, 588, 31, 17, 26, 90, 100.220, 123.960
Sun Apr 30 10:26:04 EDT 2017, 4353, 0.550, 7265, 8, 0.670, 438, 76, 7, 1, 45, 15.203, 22.840
Sun Apr 30 10:27:07 EDT 2017, 3116, 0.170, 3516, 2, 0.050, 400, 88, 5, 44, 79, 53.360, 62.160
Sun Apr 30 10:27:49 EDT 2017, 8066, 0.670, 8515, 7, 0.550, 550, 43, 14, 19, 34, 33.413, 42.273
Sun Apr 30 10:27:53 EDT 2017, 5591, 0.420, 6016, 5, 0.800, 325, 20, 10, 32, 12, 2.987, 3.380
Sun Apr 30 10:29:41 EDT 2017, 641, 0.920, 1016, 9, 0.300, 475, 65, 19, 7, 57, 71.240, 104.530
Sun Apr 30 10:29:46 EDT 2017, 486, 0.130, 9296, 4, 0.500, 442, 21, 3, 33, 38, 3.977, 4.700
Sun Apr 30 10:32:20 EDT 2017, 5436, 0.630, 4297, 8, 0.000, 592, 66, 12, 8, 83, 107.260, 150.923
Sun Apr 30 10:33:00 EDT 2017, 7911, 0.380, 1797, 1, 0.250, 367, 89, 7, 45, 61, 33.783, 39.710
Sun Apr 30 10:33:21 EDT 2017, 2961, 0.880, 6797, 6, 0.750, 517, 44, 17, 20, 16, 17.343, 20.890
Sun Apr 30 10:33:43 EDT 2017, 4199, 0.250, 3047, 5, 0.380, 480, 10, 15, 26, 72, 17.093, 21.317
Sun Apr 30 10:33:47 EDT 2017, 9149, 0.750, 8047, 9, 0.880, 330, 55, 5, 1, 27, 2.917, 4.517
Sun Apr 30 10:37:05 EDT 2017, 6674, 0.000, 5547, 3, 0.630, 555, 78, 19, 39, 50, 172.590, 195.293
Sun Apr 30 10:37:52 EDT 2017, 1724, 0.500, 547, 7, 0.130, 405, 33, 10, 14, 95, 33.543, 46.387
Sun Apr 30 10:38:23 EDT 2017, 2342, 0.440, 7422, 9, 0.070, 386, 27, 18, 30, 33, 25.063, 30.367
Sun Apr 30 10:39:32 EDT 2017, 7292, 0.940, 2422, 4, 0.570, 536, 72, 9, 5, 78, 56.213, 67.653
Sun Apr 30 10:41:36 EDT 2017, 9767, 0.190, 4922, 6, 0.820, 311, 95, 13, 42, 55, 109.500, 122.750
Sun Apr 30 10:41:38 EDT 2017, 4817, 0.690, 9921, 2, 0.320, 461, 50, 4, 17, 10, 1.927, 2.367
Sun Apr 30 10:41:54 EDT 2017, 3580, 0.070, 1172, 8, 0.940, 499, 16, 6, 36, 66, 14.047, 15.437
Sun Apr 30 10:42:12 EDT 2017, 8530, 0.570, 6172, 3, 0.440, 349, 61, 16, 11, 21, 13.323, 17.883
Sun Apr 30 10:42:40 EDT 2017, 6055, 0.320, 8672, 5, 0.190, 574, 83, 2, 48, 44, 23.800, 27.520
Sun Apr 30 10:43:11 EDT 2017, 1105, 0.820, 3672, 1, 0.690, 424, 38, 11, 23, 89, 23.910, 29.973
Sun Apr 30 10:43:38 EDT 2017, 796, 0.350, 2110, 2, 0.780, 339, 69, 15, 19, 30, 21.407, 26.317
Sun Apr 30 10:44:11 EDT 2017, 5746, 0.850, 7109, 7, 0.280, 489, 24, 6, 44, 75, 28.017, 32.320
Sun Apr 30 10:45:11 EDT 2017, 8221, 0.100, 9609, 5, 0.030, 414, 47, 10, 6, 97, 42.480, 58.303
Sun Apr 30 10:45:27 EDT 2017, 3271, 0.600, 4609, 9, 0.530, 564, 92, 1, 31, 52, 13.010, 15.463
Sun Apr 30 10:46:04 EDT 2017, 4508, 0.220, 5859, 1, 0.160, 527, 58, 8, 12, 86, 25.827, 35.060
Sun Apr 30 10:46:23 EDT 2017, 9458, 0.720, 860, 6, 0.660, 377, 13, 18, 37, 41, 15.620, 18.213
Sun Apr 30 10:46:24 EDT 2017, 6983, 0.470, 3360, 3, 0.910, 452, 36, 3, 0, 19, 0.910, 1.290
Sun Apr 30 10:48:06 EDT 2017, 2033, 0.970, 8359, 8, 0.410, 302, 81, 13, 25, 64, 81.797, 97.537
Sun Apr 30 10:48:17 EDT 2017, 1414, 0.030, 3984, 5, 0.350, 321, 75, 5, 16, 24, 7.687, 10.473
Sun Apr 30 10:48:51 EDT 2017, 6364, 0.530, 8984, 1, 0.850, 471, 30, 14, 41, 69, 28.617, 33.153
Sun Apr 30 10:49:34 EDT 2017, 8839, 0.280, 6484, 7, 0.600, 396, 52, 9, 3, 92, 31.237, 42.707
Sun Apr 30 10:53:00 EDT 2017, 3889, 0.780, 1485, 3, 0.100, 546, 97, 19, 28, 47, 160.377, 201.283
Sun Apr 30 10:55:28 EDT 2017, 2652, 0.410, 7734, 6, 0.720, 583, 64, 12, 22, 81, 128.793, 146.127
Sun Apr 30 10:55:32 EDT 2017, 7602, 0.910, 2735, 2, 0.220, 433, 19, 2, 47, 36, 2.467, 2.983
Sun Apr 30 10:55:43 EDT 2017, 5127, 0.160, 235, 8, 0.470, 508, 41, 16, 9, 13, 8.093, 11.300
Sun Apr 30 10:56:38 EDT 2017, 177, 0.660, 5234, 4, 0.970, 358, 86, 7, 34, 58, 50.087, 53.810
Sun Apr 30 10:57:55 EDT 2017, 216, 0.330, 7851, 9, 0.460, 425, 51, 10, 36, 61, 62.010, 76.473
Sun Apr 30 10:58:32 EDT 2017, 5166, 0.830, 2852, 4, 0.960, 575, 96, 19, 11, 16, 33.033, 37.027
Sun Apr 30 10:59:05 EDT 2017, 7641, 0.080, 352, 7, 0.710, 350, 74, 5, 49, 39, 29.080, 32.400
Sun Apr 30 11:00:01 EDT 2017, 2691, 0.580, 5352, 2, 0.210, 500, 29, 15, 24, 84, 44.143, 56.070
Sun Apr 30 11:01:18 EDT 2017, 3928, 0.200, 4102, 8, 0.580, 462, 40, 17, 30, 50, 65.190, 76.010
Sun Apr 30 11:02:08 EDT 2017, 8878, 0.700, 9101, 3, 0.080, 312, 85, 7, 5, 95, 34.527, 48.263
Sun Apr 30 11:05:13 EDT 2017, 6403, 0.450, 6601, 6, 0.330, 537, 63, 12, 42, 72, 160.703, 180.853
Sun Apr 30 11:05:15 EDT 2017, 1453, 0.950, 1602, 1, 0.830, 387, 18, 3, 17, 27, 1.070, 1.587
Sun Apr 30 11:05:55 EDT 2017, 2072, 0.010, 5976, 3, 0.900, 406, 46, 11, 27, 56, 35.047, 38.947
Sun Apr 30 11:05:56 EDT 2017, 7022, 0.510, 977, 7, 0.400, 556, 91, 1, 2, 11, 0.843, 1.427
Sun Apr 30 11:06:27 EDT 2017, 9497, 0.260, 3477, 1, 0.150, 331, 68, 16, 39, 33, 25.913, 30.347
Sun Apr 30 11:06:43 EDT 2017, 4547, 0.760, 8476, 5, 0.650, 481, 23, 6, 14, 78, 12.333, 15.740
Sun Apr 30 11:06:58 EDT 2017, 3309, 0.390, 2227, 4, 0.020, 519, 34, 4, 33, 44, 11.807, 14.447
Sun Apr 30 11:08:57 EDT 2017, 8259, 0.890, 7226, 8, 0.520, 369, 79, 13, 8, 89, 91.963, 115.870
Sun Apr 30 11:10:25 EDT 2017, 5784, 0.140, 9726, 2, 0.770, 594, 57, 9, 45, 67, 76.230, 86.970
Sun Apr 30 11:10:33 EDT 2017, 834, 0.640, 4727, 6, 0.270, 444, 12, 18, 20, 22, 5.867, 7.613
Sun Apr 30 11:14:01 EDT 2017, 1144, 0.170, 664, 6, 0.240, 359, 99, 13, 22, 98, 170.010, 204.830
Sun Apr 30 11:14:13 EDT 2017, 6094, 0.670, 5664, 1, 0.740, 509, 54, 3, 47, 53, 10.843, 12.227
Sun Apr 30 11:14:28 EDT 2017, 8569, 0.420, 8164, 8, 0.990, 434, 32, 17, 9, 30, 12.723, 14.123
Sun Apr 30 11:16:42 EDT 2017, 3619, 0.920, 3164, 4, 0.490, 584, 77, 8, 34, 75, 113.797, 131.203
Sun Apr 30 11:16:45 EDT 2017, 4856, 0.300, 6914, 7, 0.870, 547, 88, 1, 16, 19, 2.720, 3.310
Sun Apr 30 11:17:39 EDT 2017, 9806, 0.800, 1914, 3, 0.370, 397, 43, 10, 41, 64, 44.963, 53.673
Sun Apr 30 11:17:52 EDT 2017, 7331, 0.050, 4414, 9, 0.120, 472, 20, 6, 3, 86, 7.843, 12.123
Sun Apr 30 11:18:51 EDT 2017, 2381, 0.550, 9414, 5, 0.620, 322, 65, 15, 28, 41, 47.417, 58.400
Sun Apr 30 11:19:39 EDT 2017, 1762, 0.480, 2539, 2, 0.680, 303, 94, 7, 13, 92, 37.120, 45.467
Sun Apr 30 11:21:18 EDT 2017, 6712, 0.980, 7539, 6, 0.180, 453, 49, 16, 38, 47, 80.737, 97.517
Sun Apr 30 11:21:19 EDT 2017, 9187, 0.230, 5039, 4, 0.430, 378, 26, 2, 0, 25, 0.710, 1.037
Sun Apr 30 11:23:24 EDT 2017, 4237, 0.730, 40, 9, 0.930, 528, 71, 12, 25, 70, 111.707, 122.203
Sun Apr 30 11:23:45 EDT 2017, 3000, 0.110, 8789, 1, 0.300, 566, 82, 19, 19, 13, 14.370, 19.143
Sun Apr 30 11:24:30 EDT 2017, 7950, 0.610, 3789, 5, 0.800, 416, 37, 9, 44, 58, 39.973, 44.120
Sun Apr 30 11:24:48 EDT 2017, 5475, 0.360, 1289, 3, 0.550, 491, 15, 14, 6, 81, 11.923, 17.370
Sun Apr 30 11:25:04 EDT 2017, 525, 0.860, 6289, 8, 0.050, 341, 60, 4, 31, 36, 12.470, 15.153
Sun Apr 30 11:25:40 EDT 2017, 680, 0.060, 3320, 4, 0.760, 542, 27, 16, 9, 65, 27.260, 35.710
Sun Apr 30 11:26:01 EDT 2017, 5630, 0.560, 8320, 9, 0.260, 392, 72, 7, 34, 20, 17.503, 20.807
Sun Apr 30 11:27:10 EDT 2017, 8105, 0.310, 5820, 2, 0.010, 467, 95, 11, 21, 43, 52.353, 68.560
Sun Apr 30 11:27:28 EDT 2017, 3155, 0.810, 821, 6, 0.510, 317, 50, 2, 46, 88, 16.667, 18.103
Sun Apr 30 11:27:34 EDT 2017, 4392, 0.440, 9570, 3, 0.130, 355, 16, 9, 2, 54, 3.073, 4.980
Sun Apr 30 11:32:06 EDT 2017, 9342, 0.940, 4570, 7, 0.630, 505, 61, 18, 27, 99, 233.883, 267.540
Sun Apr 30 11:32:24 EDT 2017, 6867, 0.190, 2071, 1, 0.880, 430, 84, 4, 15, 77, 14.630, 18.163
Sun Apr 30 11:33:19 EDT 2017, 1917, 0.690, 7070, 5, 0.380, 580, 39, 14, 40, 32, 45.727, 54.847
Sun Apr 30 11:33:26 EDT 2017, 2536, 0.250, 196, 8, 0.320, 598, 22, 3, 6, 60, 4.080, 6.163
Sun Apr 30 11:33:46 EDT 2017, 7486, 0.750, 5195, 3, 0.820, 448, 67, 12, 31, 15, 17.377, 19.773
Sun Apr 30 11:34:38 EDT 2017, 9961, 0.000, 7695, 6, 0.570, 523, 89, 8, 18, 37, 41.997, 52.073
Sun Apr 30 11:35:43 EDT 2017, 5011, 0.500, 2696, 1, 0.070, 373, 44, 17, 43, 82, 55.893, 61.920
Sun Apr 30 11:35:48 EDT 2017, 3773, 0.120, 6445, 9, 0.690, 336, 11, 10, 12, 49, 3.943, 5.140
Sun Apr 30 11:36:05 EDT 2017, 8723, 0.620, 1446, 5, 0.190, 486, 56, 1, 37, 94, 13.393, 15.633
Sun Apr 30 11:38:54 EDT 2017, 6248, 0.370, 3945, 7, 0.440, 411, 78, 15, 24, 71, 137.670, 165.083
Sun Apr 30 11:39:05 EDT 2017, 1298, 0.870, 8945, 2, 0.940, 561, 33, 5, 49, 26, 9.527, 10.450
Sun Apr 30 11:39:16 EDT 2017, 989, 0.410, 5508, 1, 0.540, 476, 75, 1, 45, 96, 9.333, 10.507
Sun Apr 30 11:39:37 EDT 2017, 5939, 0.910, 508, 5, 0.040, 326, 30, 11, 20, 51, 15.700, 20.967
Sun Apr 30 11:39:58 EDT 2017, 8414, 0.160, 3008, 3, 0.290, 551, 53, 6, 32, 29, 17.180, 20.887
Sun Apr 30 11:42:03 EDT 2017, 3464, 0.660, 8008, 8, 0.790, 401, 98, 15, 7, 74, 102.153, 120.760
Sun Apr 30 11:42:27 EDT 2017, 4701, 0.030, 1758, 2, 0.410, 439, 64, 13, 38, 18, 20.390, 23.993
Sun Apr 30 11:42:35 EDT 2017, 9651, 0.530, 6758, 7, 0.910, 589, 19, 4, 13, 63, 6.233, 7.530
Sun Apr 30 11:44:23 EDT 2017, 7176, 0.280, 9257, 4, 0.660, 364, 41, 18, 26, 85, 81.830, 98.043
Sun Apr 30 11:45:01 EDT 2017, 2226, 0.780, 4258, 9, 0.160, 514, 86, 8, 1, 40, 21.943, 37.110
Sun Apr 30 11:51:54 EDT 2017, 1608, 0.220, 8632, 7, 0.100, 495, 70, 19, 41, 91, 336.747, 398.817
Sun Apr 30 11:52:05 EDT 2017, 6558, 0.720, 3633, 3, 0.600, 345, 25, 9, 16, 46, 7.653, 10.137
Sun Apr 30 11:52:42 EDT 2017, 9033, 0.470, 1133, 9, 0.850, 570, 47, 14, 29, 23, 32.780, 36.983
Sun Apr 30 11:53:20 EDT 2017, 4083, 0.970, 6133, 5, 0.350, 420, 92, 5, 4, 68, 25.297, 37.203
Sun Apr 30 11:53:30 EDT 2017, 2845, 0.340, 4883, 6, 0.980, 383, 58, 7, 48, 12, 9.890, 10.440
Sun Apr 30 11:53:49 EDT 2017, 7795, 0.840, 9882, 2, 0.480, 533, 13, 17, 23, 57, 14.270, 18.067
Sun Apr 30 11:53:59 EDT 2017, 5320, 0.090, 7383, 8, 0.230, 308, 36, 2, 35, 79, 8.460, 10.180
Sun Apr 30 11:54:38 EDT 2017, 370, 0.590, 2383, 4, 0.730, 458, 81, 12, 10, 34, 30.290, 37.980
Sun Apr 30 11:55:16 EDT 2017, 293, 0.190, 7304, 3, 0.250, 512, 15, 16, 25, 82, 28.150, 36.353
Sun Apr 30 11:55:25 EDT 2017, 5243, 0.690, 2305, 7, 0.750, 362, 60, 6, 0, 37, 5.600, 8.670
Sun Apr 30 11:56:04 EDT 2017, 7718, 0.440, 4805, 5, 0.500, 587, 83, 11, 38, 14, 33.133, 38.370
Sun Apr 30 11:56:11 EDT 2017, 2768, 0.940, 9804, 9, 0.000, 437, 38, 2, 13, 59, 5.250, 6.900
Sun Apr 30 11:56:19 EDT 2017, 4005, 0.320, 1055, 2, 0.620, 399, 27, 9, 32, 25, 6.347, 7.703
Sun Apr 30 11:59:17 EDT 2017, 8955, 0.820, 6055, 6, 0.120, 549, 72, 18, 7, 70, 125.547, 176.410
Sun Apr 30 12:00:29 EDT 2017, 6480, 0.070, 8554, 4, 0.370, 324, 94, 4, 44, 93, 62.127, 69.167
Sun Apr 30 12:01:19 EDT 2017, 1530, 0.570, 3555, 8, 0.870, 474, 49, 13, 19, 48, 43.347, 48.640
Sun Apr 30 12:01:28 EDT 2017, 2149, 0.380, 9179, 6, 0.810, 455, 10, 5, 35, 87, 8.170, 9.467
Sun Apr 30 12:01:44 EDT 2017, 7099, 0.880, 4180, 1, 0.310, 305, 55, 15, 10, 42, 10.753, 15.400
Sun Apr 30 12:02:38 EDT 2017, 9574, 0.130, 1680, 8, 0.060, 530, 77, 10, 47, 20, 46.333, 53.507
Sun Apr 30 12:03:29 EDT 2017, 4624, 0.630, 6680, 3, 0.560, 380, 32, 19, 22, 65, 41.590, 51.060
Sun Apr 30 12:03:45 EDT 2017, 3387, 0.010, 2930, 7, 0.190, 418, 21, 12, 29, 31, 12.213, 15.047
Sun Apr 30 12:04:01 EDT 2017, 8337, 0.510, 7929, 2, 0.690, 568, 66, 3, 4, 76, 11.590, 16.073
# Sun Apr 30 12:09:03 EDT 2017, 5862, 0.260, 5430, 9, 0.940, 343, 89, 17, 41, 98, 292.330, 286.053
Sun Apr 30 12:09:33 EDT 2017, 912, 0.760, 430, 4, 0.440, 493, 44, 8, 16, 53, 22.063, 29.717
Sun Apr 30 12:09:52 EDT 2017, 1221, 0.290, 3867, 4, 0.030, 577, 63, 2, 15, 68, 13.637, 17.967
Sun Apr 30 12:10:04 EDT 2017, 6171, 0.790, 8867, 8, 0.530, 427, 18, 12, 40, 23, 10.057, 11.563
Sun Apr 30 12:10:11 EDT 2017, 8646, 0.040, 6367, 1, 0.780, 502, 41, 7, 2, 45, 4.390, 6.743
Sun Apr 30 12:13:49 EDT 2017, 3696, 0.540, 1368, 6, 0.280, 352, 86, 16, 27, 90, 183.000, 214.340
Sun Apr 30 12:14:28 EDT 2017, 4933, 0.160, 7617, 5, 0.910, 315, 75, 14, 21, 34, 33.867, 38.267
Sun Apr 30 12:15:05 EDT 2017, 9883, 0.660, 2617, 9, 0.410, 465, 30, 5, 46, 79, 30.797, 35.980
Sun Apr 30 12:15:48 EDT 2017, 7408, 0.410, 118, 2, 0.160, 390, 52, 19, 8, 56, 30.813, 43.043
Sun Apr 30 12:16:14 EDT 2017, 2458, 0.910, 5117, 7, 0.660, 540, 97, 9, 33, 11, 20.973, 25.050
Sun Apr 30 12:19:27 EDT 2017, 1840, 0.100, 1992, 9, 0.590, 558, 58, 18, 24, 73, 159.747, 189.200
Sun Apr 30 12:19:35 EDT 2017, 6790, 0.600, 6992, 4, 0.090, 408, 13, 8, 49, 28, 6.490, 7.497
Sun Apr 30 12:20:12 EDT 2017, 9265, 0.350, 9492, 6, 0.340, 483, 35, 13, 11, 51, 25.163, 35.947
Sun Apr 30 12:20:41 EDT 2017, 4315, 0.850, 4492, 2, 0.840, 333, 80, 3, 36, 96, 25.650, 29.213
Sun Apr 30 12:21:05 EDT 2017, 3077, 0.480, 5742, 7, 0.470, 371, 69, 6, 18, 39, 18.737, 22.913
Sun Apr 30 12:22:16 EDT 2017, 8027, 0.980, 743, 3, 0.970, 521, 24, 15, 43, 84, 66.397, 70.360
Sun Apr 30 12:22:19 EDT 2017, 5552, 0.230, 3242, 5, 0.720, 446, 46, 1, 5, 62, 2.430, 3.240
Sun Apr 30 12:22:40 EDT 2017, 602, 0.730, 8242, 1, 0.220, 596, 91, 11, 30, 17, 17.067, 20.827
Sun Apr 30 12:22:54 EDT 2017, 448, 0.460, 1524, 7, 0.950, 319, 39, 8, 3, 77, 11.290, 13.710
Sun Apr 30 12:24:06 EDT 2017, 5398, 0.960, 6523, 2, 0.450, 469, 84, 17, 28, 32, 58.070, 70.670
Sun Apr 30 12:24:09 EDT 2017, 7873, 0.210, 9023, 9, 0.200, 394, 62, 3, 15, 10, 2.143, 2.703
Sun Apr 30 12:24:41 EDT 2017, 2923, 0.710, 4024, 4, 0.700, 544, 17, 13, 40, 55, 27.500, 32.163
Sun Apr 30 12:25:07 EDT 2017, 4160, 0.080, 5273, 5, 0.080, 582, 51, 15, 9, 21, 18.103, 25.817
Sun Apr 30 12:25:40 EDT 2017, 9110, 0.580, 274, 1, 0.580, 432, 96, 5, 34, 66, 26.987, 32.110
Sun Apr 30 12:27:55 EDT 2017, 6635, 0.330, 2774, 8, 0.830, 507, 73, 10, 22, 89, 122.443, 133.543
Sun Apr 30 12:27:58 EDT 2017, 1685, 0.830, 7773, 3, 0.330, 357, 28, 1, 47, 44, 2.113, 2.450
Sun Apr 30 12:28:12 EDT 2017, 2304, 0.150, 4648, 1, 0.390, 338, 34, 11, 6, 83, 10.263, 14.017
Sun Apr 30 12:28:26 EDT 2017, 7254, 0.650, 9648, 6, 0.890, 488, 79, 2, 31, 38, 12.173, 13.693
Sun Apr 30 12:28:44 EDT 2017, 9729, 0.400, 7148, 4, 0.640, 413, 56, 16, 18, 15, 13.637, 17.440
Sun Apr 30 12:29:00 EDT 2017, 4779, 0.900, 2149, 8, 0.140, 563, 11, 7, 43, 60, 13.160, 15.387
Sun Apr 30 12:29:04 EDT 2017, 3541, 0.270, 8398, 3, 0.510, 526, 45, 4, 0, 27, 2.473, 4.153
Sun Apr 30 12:32:05 EDT 2017, 8491, 0.770, 3399, 7, 0.010, 376, 90, 14, 25, 72, 145.643, 177.307
Sun Apr 30 12:33:37 EDT 2017, 6016, 0.020, 899, 5, 0.260, 451, 68, 9, 12, 94, 70.140, 88.463
Sun Apr 30 12:34:11 EDT 2017, 1066, 0.520, 5898, 9, 0.760, 301, 23, 19, 37, 49, 29.690, 33.383
Sun Apr 30 12:37:23 EDT 2017, 757, 0.050, 9960, 7, 0.730, 385, 87, 14, 42, 69, 178.883, 191.203
Sun Apr 30 12:37:32 EDT 2017, 5707, 0.550, 4961, 3, 0.230, 535, 42, 5, 17, 24, 6.397, 8.273
Sun Apr 30 12:37:56 EDT 2017, 8182, 0.300, 2461, 5, 0.480, 310, 20, 19, 29, 46, 19.603, 23.667
Sun Apr 30 12:38:28 EDT 2017, 3232, 0.800, 7461, 1, 0.980, 460, 65, 10, 4, 91, 22.793, 31.493
Sun Apr 30 12:39:03 EDT 2017, 4469, 0.430, 3711, 8, 0.360, 498, 98, 3, 48, 35, 30.373, 35.003
Sun Apr 30 12:40:06 EDT 2017, 9419, 0.930, 8711, 4, 0.860, 348, 53, 12, 23, 80, 56.940, 62.853
Sun Apr 30 12:40:44 EDT 2017, 6944, 0.180, 6211, 6, 0.610, 573, 31, 7, 36, 58, 31.910, 37.233
Sun Apr 30 12:41:00 EDT 2017, 1994, 0.680, 1211, 2, 0.110, 423, 76, 17, 11, 13, 10.570, 15.183
Sun Apr 30 12:42:44 EDT 2017, 1376, 0.370, 6836, 5, 0.170, 441, 82, 6, 45, 75, 89.243, 104.023
Sun Apr 30 12:43:23 EDT 2017, 6326, 0.870, 1836, 9, 0.670, 591, 37, 16, 20, 30, 31.970, 38.137
Sun Apr 30 12:43:24 EDT 2017, 8801, 0.120, 4336, 2, 0.920, 366, 14, 1, 33, 52, 1.087, 1.187
Sun Apr 30 12:45:14 EDT 2017, 3851, 0.620, 9336, 7, 0.420, 516, 59, 11, 8, 97, 79.007, 108.763
Sun Apr 30 12:47:42 EDT 2017, 2613, 0.240, 586, 3, 0.800, 479, 93, 18, 39, 41, 131.880, 145.540
Sun Apr 30 12:48:24 EDT 2017, 7563, 0.740, 5586, 8, 0.300, 329, 48, 8, 14, 86, 32.150, 41.710
Sun Apr 30 12:48:47 EDT 2017, 5088, 0.490, 8086, 1, 0.050, 554, 25, 13, 26, 63, 17.913, 22.533
Sun Apr 30 12:48:51 EDT 2017, 138, 0.990, 3086, 6, 0.550, 404, 70, 4, 1, 18, 2.280, 3.753
Sun Apr 30 12:49:23 EDT 2017, 158, 0.490, 6543, 3, 0.830, 592, 97, 7, 24, 24, 26.687, 31.127
Sun Apr 30 12:52:32 EDT 2017, 5108, 0.990, 1543, 8, 0.330, 442, 52, 17, 49, 69, 163.327, 186.030
Sun Apr 30 12:52:39 EDT 2017, 7583, 0.240, 4043, 1, 0.080, 517, 29, 3, 11, 92, 5.423, 6.483
Sun Apr 30 12:53:59 EDT 2017, 2633, 0.740, 9043, 5, 0.580, 367, 74, 12, 36, 47, 68.480, 79.527
Sun Apr 30 12:56:42 EDT 2017, 3870, 0.120, 293, 4, 0.200, 329, 85, 19, 18, 81, 124.933, 162.160
Sun Apr 30 12:57:22 EDT 2017, 8820, 0.620, 5293, 9, 0.700, 479, 40, 10, 43, 36, 35.460, 39.927
Sun Apr 30 12:57:24 EDT 2017, 6345, 0.370, 7793, 2, 0.950, 404, 18, 14, 5, 13, 1.137, 1.783
Sun Apr 30 12:58:15 EDT 2017, 1395, 0.870, 2793, 6, 0.450, 554, 63, 5, 30, 58, 41.190, 49.603
Sun Apr 30 12:59:26 EDT 2017, 2014, 0.180, 9668, 9, 0.270, 536, 91, 13, 14, 30, 52.280, 70.363
Sun Apr 30 12:59:55 EDT 2017, 6964, 0.680, 4668, 5, 0.770, 386, 46, 4, 39, 75, 25.137, 28.187
Sun Apr 30 13:00:41 EDT 2017, 9439, 0.430, 2168, 7, 0.520, 461, 23, 18, 2, 98, 29.743, 45.080
Sun Apr 30 13:01:12 EDT 2017, 4489, 0.930, 7168, 2, 0.020, 311, 68, 8, 27, 53, 25.107, 30.103
Sun Apr 30 13:01:23 EDT 2017, 3251, 0.310, 3418, 8, 0.640, 348, 80, 1, 21, 86, 9.370, 11.437
Sun Apr 30 13:02:08 EDT 2017, 8201, 0.810, 8418, 4, 0.140, 498, 35, 11, 46, 41, 37.967, 44.757
Sun Apr 30 13:02:10 EDT 2017, 5726, 0.060, 5918, 6, 0.390, 423, 12, 6, 8, 19, 1.257, 1.690
Sun Apr 30 13:03:22 EDT 2017, 776, 0.560, 918, 1, 0.890, 573, 57, 16, 33, 64, 60.010, 71.100
Sun Apr 30 13:03:53 EDT 2017, 1086, 0.020, 4980, 2, 0.610, 489, 54, 10, 35, 33, 25.533, 30.163
Sun Apr 30 13:04:03 EDT 2017, 6036, 0.520, 9980, 6, 0.110, 339, 99, 1, 10, 78, 7.713, 10.190
Sun Apr 30 13:07:57 EDT 2017, 8511, 0.270, 7480, 4, 0.360, 564, 77, 15, 47, 55, 195.947, 231.090
Sun Apr 30 13:08:00 EDT 2017, 3561, 0.770, 2481, 8, 0.860, 414, 32, 6, 22, 10, 2.600, 3.010
Sun Apr 30 13:08:08 EDT 2017, 4798, 0.400, 8730, 1, 0.490, 376, 43, 3, 29, 67, 5.807, 6.990
Sun Apr 30 13:08:29 EDT 2017, 9748, 0.900, 3731, 5, 0.990, 526, 88, 13, 4, 22, 18.270, 20.917
Sun Apr 30 13:09:02 EDT 2017, 7273, 0.150, 1231, 3, 0.740, 301, 66, 8, 41, 44, 28.690, 32.340
Sun Apr 30 13:09:57 EDT 2017, 2323, 0.650, 6230, 7, 0.240, 451, 21, 17, 16, 89, 39.990, 54.147
Sun Apr 30 13:10:34 EDT 2017, 1704, 0.340, 1856, 6, 0.050, 470, 49, 9, 25, 39, 28.080, 36.147
Sun Apr 30 13:11:35 EDT 2017, 6654, 0.840, 6855, 1, 0.550, 320, 94, 19, 0, 84, 39.460, 59.173
Sun Apr 30 13:12:27 EDT 2017, 9129, 0.090, 9355, 8, 0.800, 545, 71, 4, 38, 61, 46.387, 51.607
Sun Apr 30 13:12:33 EDT 2017, 4179, 0.590, 4356, 3, 0.300, 395, 26, 14, 13, 16, 4.247, 5.850
Sun Apr 30 13:13:55 EDT 2017, 2942, 0.210, 5605, 7, 0.920, 433, 37, 16, 32, 72, 77.450, 81.600
Sun Apr 30 13:14:13 EDT 2017, 7892, 0.710, 606, 2, 0.420, 583, 82, 7, 7, 27, 11.583, 16.980
Sun Apr 30 13:15:31 EDT 2017, 5417, 0.460, 3106, 9, 0.170, 358, 60, 11, 44, 50, 66.620, 77.193
Sun Apr 30 13:15:37 EDT 2017, 467, 0.960, 8105, 4, 0.670, 508, 15, 2, 19, 95, 3.940, 4.837
Sun Apr 30 13:16:59 EDT 2017, 622, 0.230, 2324, 8, 0.380, 409, 73, 19, 45, 23, 71.363, 81.433
Sun Apr 30 13:17:29 EDT 2017, 5572, 0.730, 7324, 4, 0.880, 559, 28, 9, 20, 68, 25.740, 29.850
Sun Apr 30 13:19:16 EDT 2017, 8047, 0.480, 9824, 6, 0.630, 334, 50, 14, 32, 91, 95.107, 106.970
Sun Apr 30 13:19:41 EDT 2017, 3097, 0.980, 4824, 2, 0.130, 484, 95, 5, 7, 46, 16.207, 24.010
Sun Apr 30 13:21:30 EDT 2017, 4334, 0.350, 6074, 9, 0.500, 522, 61, 7, 39, 79, 93.063, 108.413
Sun Apr 30 13:21:41 EDT 2017, 9284, 0.850, 1075, 5, 0.000, 372, 16, 16, 14, 34, 7.290, 10.183
Sun Apr 30 13:21:43 EDT 2017, 6809, 0.100, 3574, 7, 0.250, 597, 39, 2, 26, 12, 2.157, 2.547
Sun Apr 30 13:22:32 EDT 2017, 1859, 0.600, 8574, 3, 0.750, 447, 84, 12, 1, 57, 34.887, 47.173
Sun Apr 30 13:22:36 EDT 2017, 2478, 0.410, 4199, 4, 0.940, 428, 67, 1, 42, 29, 4.037, 4.600
Sun Apr 30 13:23:15 EDT 2017, 7428, 0.910, 9199, 9, 0.440, 578, 22, 11, 17, 74, 29.833, 38.560
Sun Apr 30 13:23:48 EDT 2017, 9903, 0.160, 6699, 2, 0.190, 353, 44, 6, 29, 96, 25.153, 31.450
Sun Apr 30 13:25:19 EDT 2017, 4953, 0.660, 1700, 7, 0.690, 503, 89, 15, 4, 51, 68.627, 88.770
Sun Apr 30 13:28:04 EDT 2017, 3715, 0.040, 7949, 3, 0.060, 465, 56, 13, 48, 85, 141.097, 160.620
Sun Apr 30 13:28:06 EDT 2017, 8665, 0.540, 2949, 8, 0.560, 315, 11, 3, 23, 40, 2.107, 2.277
Sun Apr 30 13:28:18 EDT 2017, 6190, 0.290, 450, 1, 0.810, 540, 33, 18, 36, 17, 9.667, 11.710
Sun Apr 30 13:29:10 EDT 2017, 1240, 0.790, 5449, 5, 0.310, 390, 78, 8, 11, 62, 37.263, 51.110
Sun Apr 30 13:29:14 EDT 2017, 931, 0.260, 8886, 7, 0.160, 306, 30, 4, 6, 37, 2.367, 3.647
Sun Apr 30 13:31:34 EDT 2017, 5881, 0.760, 3887, 2, 0.660, 456, 75, 14, 31, 82, 119.657, 138.860
Sun Apr 30 13:32:42 EDT 2017, 8356, 0.010, 1387, 9, 0.910, 381, 98, 9, 18, 60, 67.747, 68.047
Sun Apr 30 13:33:25 EDT 2017, 3406, 0.510, 6387, 5, 0.410, 531, 53, 18, 43, 15, 36.867, 42.813
Sun Apr 30 13:33:40 EDT 2017, 4643, 0.130, 2637, 6, 0.780, 568, 19, 11, 0, 71, 8.980, 14.487
Sun Apr 30 13:33:43 EDT 2017, 9593, 0.630, 7636, 1, 0.280, 418, 64, 2, 25, 26, 2.333, 2.843
Sun Apr 30 13:35:56 EDT 2017, 7118, 0.380, 5137, 8, 0.030, 493, 87, 16, 12, 48, 97.903, 131.837
Sun Apr 30 13:36:32 EDT 2017, 2168, 0.880, 137, 3, 0.530, 343, 42, 6, 37, 93, 30.740, 35.653
Sun Apr 30 13:36:39 EDT 2017, 1550, 0.070, 7012, 1, 0.720, 362, 25, 17, 3, 43, 4.193, 6.667
Sun Apr 30 13:38:44 EDT 2017, 6500, 0.570, 2012, 5, 0.220, 512, 70, 8, 28, 88, 100.240, 123.630
Sun Apr 30 13:40:28 EDT 2017, 8975, 0.320, 4512, 3, 0.470, 437, 92, 12, 15, 65, 79.497, 102.290
Sun Apr 30 13:40:37 EDT 2017, 4025, 0.820, 9511, 7, 0.970, 587, 47, 3, 40, 20, 8.087, 8.750
Sun Apr 30 13:40:49 EDT 2017, 2787, 0.450, 762, 2, 0.340, 550, 14, 10, 9, 76, 8.030, 11.277
Sun Apr 30 13:41:57 EDT 2017, 7737, 0.950, 5762, 6, 0.840, 400, 59, 19, 34, 31, 58.663, 66.897
Sun Apr 30 13:42:37 EDT 2017, 5262, 0.200, 8261, 4, 0.590, 475, 81, 5, 21, 54, 31.133, 39.510
Sun Apr 30 13:44:36 EDT 2017, 312, 0.700, 3262, 9, 0.090, 325, 36, 15, 46, 99, 100.083, 117.350
Sun Apr 30 13:45:27 EDT 2017, 390, 0.090, 8340, 5, 0.880, 346, 61, 18, 12, 50, 44.273, 50.323
Sun Apr 30 13:45:41 EDT 2017, 5340, 0.590, 3340, 1, 0.380, 496, 16, 8, 37, 95, 11.660, 14.050
Sun Apr 30 13:46:18 EDT 2017, 7815, 0.340, 840, 7, 0.130, 421, 38, 13, 0, 73, 22.023, 35.637
Sun Apr 30 13:46:37 EDT 2017, 2865, 0.840, 5840, 3, 0.630, 571, 83, 4, 25, 28, 15.263, 18.750
Sun Apr 30 13:47:38 EDT 2017, 4102, 0.470, 4590, 6, 0.010, 533, 72, 6, 19, 62, 47.240, 59.733
Sun Apr 30 13:47:49 EDT 2017, 9052, 0.970, 9589, 2, 0.510, 383, 27, 15, 44, 17, 8.930, 10.360
Sun Apr 30 13:47:51 EDT 2017, 6577, 0.220, 7090, 9, 0.760, 458, 49, 1, 6, 39, 1.700, 2.357
Sun Apr 30 13:50:07 EDT 2017, 1627, 0.720, 2090, 4, 0.260, 308, 94, 11, 31, 84, 108.800, 130.963
Sun Apr 30 13:50:12 EDT 2017, 2246, 0.280, 5215, 2, 0.450, 327, 55, 2, 22, 45, 4.040, 4.847
Sun Apr 30 13:50:41 EDT 2017, 7196, 0.780, 215, 7, 0.950, 477, 10, 12, 47, 90, 27.030, 29.330
Sun Apr 30 13:50:59 EDT 2017, 9671, 0.030, 2715, 5, 0.700, 402, 33, 7, 9, 67, 12.293, 17.277
Sun Apr 30 13:52:27 EDT 2017, 4721, 0.530, 7715, 9, 0.200, 552, 78, 17, 34, 22, 73.023, 87.613
Sun Apr 30 13:53:18 EDT 2017, 3483, 0.160, 1465, 1, 0.570, 590, 66, 14, 16, 56, 38.643, 49.530
Sun Apr 30 13:53:21 EDT 2017, 8433, 0.660, 6465, 6, 0.070, 440, 21, 5, 41, 11, 2.490, 2.903
Sun Apr 30 13:53:57 EDT 2017, 5958, 0.410, 8964, 4, 0.320, 515, 44, 19, 3, 34, 22.093, 35.050
Sun Apr 30 13:55:58 EDT 2017, 1008, 0.910, 3965, 8, 0.820, 365, 89, 10, 28, 79, 105.087, 120.757
Sun Apr 30 13:56:01 EDT 2017, 1318, 0.380, 528, 9, 0.660, 449, 18, 4, 27, 20, 2.510, 3.050
Sun Apr 30 13:57:30 EDT 2017, 6268, 0.880, 5527, 4, 0.160, 599, 63, 14, 2, 65, 59.687, 85.817
Sun Apr 30 14:00:10 EDT 2017, 8743, 0.130, 8027, 7, 0.410, 374, 86, 9, 39, 87, 139.250, 159.283
Sun Apr 30 14:00:44 EDT 2017, 3793, 0.630, 3028, 2, 0.910, 524, 41, 18, 14, 42, 27.297, 32.993
Sun Apr 30 14:02:09 EDT 2017, 5030, 0.000, 6777, 8, 0.290, 486, 30, 11, 33, 98, 69.717, 84.947
Sun Apr 30 14:02:16 EDT 2017, 9980, 0.500, 1778, 3, 0.790, 336, 75, 2, 8, 53, 5.063, 6.870
Sun Apr 30 14:05:39 EDT 2017, 7505, 0.250, 4277, 6, 0.540, 561, 97, 16, 45, 31, 149.820, 181.517
Sun Apr 30 14:06:01 EDT 2017, 2555, 0.750, 9277, 1, 0.040, 411, 52, 7, 20, 76, 18.367, 21.750
Sun Apr 30 14:06:06 EDT 2017, 1936, 0.190, 3652, 4, 0.230, 393, 13, 15, 36, 14, 4.170, 4.923
Sun Apr 30 14:06:37 EDT 2017, 6886, 0.690, 8652, 8, 0.730, 543, 58, 5, 11, 59, 23.440, 29.037
Sun Apr 30 14:08:01 EDT 2017, 9361, 0.440, 6152, 2, 0.980, 318, 80, 10, 48, 81, 78.990, 84.007
Sun Apr 30 14:08:04 EDT 2017, 4411, 0.940, 1153, 6, 0.480, 468, 35, 1, 23, 36, 2.147, 2.513
Sun Apr 30 14:08:42 EDT 2017, 3174, 0.310, 9902, 5, 0.850, 505, 24, 8, 30, 93, 33.730, 38.247
Sun Apr 30 14:09:43 EDT 2017, 8124, 0.810, 4902, 9, 0.350, 355, 69, 17, 5, 48, 43.007, 59.463
Sun Apr 30 14:10:03 EDT 2017, 5649, 0.060, 2403, 3, 0.100, 580, 92, 3, 42, 25, 16.857, 19.813
Sun Apr 30 14:11:05 EDT 2017, 699, 0.560, 7402, 7, 0.600, 430, 47, 12, 17, 70, 50.453, 61.527
Sun Apr 30 14:11:37 EDT 2017, 544, 0.360, 2871, 1, 0.340, 454, 85, 6, 41, 52, 27.243, 32.233
Sun Apr 30 14:12:34 EDT 2017, 5494, 0.860, 7871, 6, 0.840, 304, 40, 15, 16, 97, 51.573, 56.470
Sun Apr 30 14:12:37 EDT 2017, 7969, 0.110, 5371, 3, 0.590, 529, 17, 1, 29, 74, 2.280, 2.610
Sun Apr 30 14:12:55 EDT 2017, 3019, 0.610, 372, 8, 0.090, 379, 62, 10, 4, 29, 10.927, 17.220
Sun Apr 30 14:16:18 EDT 2017, 4257, 0.240, 9121, 2, 0.710, 416, 96, 18, 48, 63, 183.540, 201.903
Sun Apr 30 14:16:36 EDT 2017, 9207, 0.740, 4121, 7, 0.210, 566, 51, 8, 23, 18, 13.563, 17.030
Sun Apr 30 14:17:01 EDT 2017, 6732, 0.490, 1621, 5, 0.460, 341, 28, 13, 35, 41, 21.163, 24.793
Sun Apr 30 14:17:29 EDT 2017, 1782, 0.990, 6621, 9, 0.960, 491, 73, 3, 10, 86, 22.283, 27.570
Sun Apr 30 14:20:02 EDT 2017, 2400, 0.050, 996, 6, 0.770, 510, 79, 14, 45, 46, 139.550, 151.697
Sun Apr 30 14:20:15 EDT 2017, 7350, 0.550, 5996, 2, 0.270, 360, 34, 4, 20, 91, 9.880, 12.513
Sun Apr 30 14:20:59 EDT 2017, 9825, 0.300, 8496, 8, 0.020, 585, 11, 19, 32, 69, 36.003, 43.087
Sun Apr 30 14:21:11 EDT 2017, 4875, 0.800, 3496, 4, 0.520, 435, 56, 9, 7, 24, 8.460, 12.073
Sun Apr 30 14:21:35 EDT 2017, 3638, 0.420, 7246, 5, 0.150, 397, 90, 2, 38, 57, 20.327, 23.723
Sun Apr 30 14:21:40 EDT 2017, 8588, 0.920, 2246, 1, 0.650, 547, 45, 12, 13, 12, 3.320, 4.817
Sun Apr 30 14:21:48 EDT 2017, 6113, 0.170, 4746, 7, 0.900, 322, 23, 7, 26, 35, 6.020, 7.287
Sun Apr 30 14:23:26 EDT 2017, 1163, 0.670, 9746, 3, 0.400, 472, 68, 16, 1, 80, 58.043, 94.507
Sun Apr 30 14:23:36 EDT 2017, 854, 0.140, 5684, 5, 0.120, 557, 42, 12, 5, 15, 6.073, 9.527
Sun Apr 30 14:24:08 EDT 2017, 5804, 0.640, 684, 9, 0.620, 407, 87, 3, 30, 60, 27.250, 31.917
Sun Apr 30 14:26:24 EDT 2017, 8279, 0.390, 3184, 3, 0.870, 482, 65, 17, 18, 83, 117.567, 133.157
Sun Apr 30 14:26:35 EDT 2017, 3329, 0.890, 8183, 7, 0.370, 332, 20, 7, 43, 38, 8.850, 10.533
Sun Apr 30 14:27:01 EDT 2017, 4566, 0.270, 1934, 4, 0.990, 369, 54, 5, 12, 94, 22.337, 24.753
Sun Apr 30 14:30:52 EDT 2017, 9516, 0.770, 6933, 8, 0.490, 519, 99, 15, 37, 49, 198.777, 226.100
Sun Apr 30 14:31:10 EDT 2017, 7041, 0.020, 9433, 1, 0.240, 444, 76, 10, 24, 27, 13.787, 17.110
Sun Apr 30 14:34:00 EDT 2017, 2091, 0.520, 4434, 6, 0.740, 594, 31, 19, 49, 72, 150.420, 155.797
Sun Apr 30 14:34:05 EDT 2017, 1472, 0.450, 7558, 8, 0.560, 575, 37, 9, 9, 10, 3.450, 4.820
Sun Apr 30 14:36:54 EDT 2017, 6422, 0.950, 2559, 3, 0.060, 425, 82, 18, 34, 55, 137.520, 166.027
Sun Apr 30 14:37:31 EDT 2017, 8897, 0.200, 59, 5, 0.310, 500, 59, 4, 21, 77, 29.047, 36.227
Sun Apr 30 14:37:36 EDT 2017, 3947, 0.700, 5059, 1, 0.810, 350, 14, 13, 46, 32, 4.487, 5.307
Sun Apr 30 14:38:35 EDT 2017, 2710, 0.080, 3809, 9, 0.430, 313, 48, 16, 2, 88, 39.140, 57.463
Sun Apr 30 14:39:18 EDT 2017, 7660, 0.580, 8808, 4, 0.930, 463, 93, 6, 27, 43, 37.910, 43.037
Sun Apr 30 14:39:38 EDT 2017, 5185, 0.330, 6308, 6, 0.680, 388, 70, 11, 15, 21, 15.703, 19.637
Sun Apr 30 14:39:45 EDT 2017, 235, 0.830, 1309, 2, 0.180, 538, 25, 2, 40, 66, 6.103, 7.160
Sun Apr 30 14:40:19 EDT 2017, 196, 0.160, 4316, 7, 0.630, 471, 55, 3, 38, 75, 28.817, 33.487
Sun Apr 30 14:40:23 EDT 2017, 5146, 0.660, 9316, 3, 0.130, 321, 10, 13, 13, 30, 2.410, 3.327
Sun Apr 30 14:40:56 EDT 2017, 7621, 0.410, 6816, 9, 0.380, 546, 32, 8, 26, 52, 26.720, 32.697
Sun Apr 30 14:42:39 EDT 2017, 2671, 0.910, 1817, 5, 0.880, 396, 77, 18, 1, 97, 91.953, 101.017
Sun Apr 30 14:43:53 EDT 2017, 3909, 0.290, 8066, 6, 0.250, 434, 66, 10, 45, 41, 63.890, 73.380
Sun Apr 30 14:43:55 EDT 2017, 8859, 0.790, 3067, 1, 0.750, 584, 21, 1, 20, 86, 1.720, 2.040
Sun Apr 30 14:45:11 EDT 2017, 6384, 0.040, 567, 8, 0.500, 359, 43, 15, 32, 63, 62.953, 74.557
Sun Apr 30 14:45:24 EDT 2017, 1434, 0.540, 5566, 4, 0.000, 509, 88, 6, 7, 18, 8.213, 12.163
Sun Apr 30 14:47:01 EDT 2017, 2052, 0.470, 2442, 1, 0.190, 490, 60, 16, 48, 69, 81.290, 95.133
Sun Apr 30 14:47:04 EDT 2017, 7002, 0.970, 7441, 5, 0.690, 340, 15, 7, 23, 24, 2.623, 3.137
Sun Apr 30 14:47:51 EDT 2017, 9477, 0.220, 9941, 3, 0.940, 565, 38, 12, 35, 47, 42.023, 46.647
Sun Apr 30 14:48:15 EDT 2017, 4527, 0.720, 4941, 8, 0.440, 415, 83, 2, 10, 92, 17.407, 23.470
Sun Apr 30 14:48:48 EDT 2017, 3290, 0.100, 6191, 2, 0.820, 377, 72, 9, 42, 35, 29.123, 32.803
Sun Apr 30 14:50:11 EDT 2017, 8240, 0.600, 1192, 6, 0.320, 527, 27, 19, 17, 80, 64.477, 81.857
Sun Apr 30 14:50:30 EDT 2017, 5765, 0.350, 3692, 4, 0.070, 302, 49, 5, 29, 58, 15.770, 19.550
Sun Apr 30 14:50:49 EDT 2017, 815, 0.850, 8691, 9, 0.570, 452, 94, 14, 4, 13, 11.883, 17.883
Sun Apr 30 14:51:06 EDT 2017, 1124, 0.320, 7129, 8, 0.910, 537, 12, 19, 3, 83, 13.577, 17.487
Sun Apr 30 14:51:39 EDT 2017, 6074, 0.820, 2129, 3, 0.410, 387, 57, 10, 28, 38, 26.290, 32.363
Sun Apr 30 14:52:11 EDT 2017, 8549, 0.070, 4629, 6, 0.160, 462, 80, 15, 15, 16, 23.480, 31.553
Sun Apr 30 14:52:20 EDT 2017, 3599, 0.570, 9628, 1, 0.660, 312, 35, 5, 40, 61, 7.153, 8.417
Sun Apr 30 14:52:26 EDT 2017, 4837, 0.190, 879, 9, 0.040, 349, 24, 8, 9, 27, 3.447, 5.450
Sun Apr 30 14:56:01 EDT 2017, 9787, 0.690, 5879, 4, 0.540, 499, 69, 17, 34, 72, 187.370, 214.187
Sun Apr 30 14:56:47 EDT 2017, 7312, 0.440, 8379, 7, 0.790, 424, 91, 3, 21, 94, 38.837, 45.917
Sun Apr 30 14:57:55 EDT 2017, 2362, 0.940, 3379, 2, 0.290, 574, 46, 12, 46, 49, 57.810, 65.980
Sun Apr 30 14:58:00 EDT 2017, 1743, 0.000, 9004, 4, 0.470, 593, 18, 2, 12, 78, 3.597, 4.850
Sun Apr 30 14:58:50 EDT 2017, 6693, 0.500, 4004, 8, 0.970, 443, 63, 11, 37, 33, 46.103, 49.660
Sun Apr 30 14:58:57 EDT 2017, 9168, 0.250, 1504, 2, 0.720, 518, 86, 6, 24, 10, 5.843, 7.023
Sun Apr 30 15:00:27 EDT 2017, 4218, 0.750, 6504, 6, 0.220, 368, 41, 16, 49, 55, 77.203, 88.620
Sun Apr 30 15:00:32 EDT 2017, 2981, 0.380, 2754, 3, 0.600, 331, 29, 13, 6, 21, 3.457, 5.033
Sun Apr 30 15:01:24 EDT 2017, 7931, 0.880, 7754, 7, 0.100, 481, 74, 4, 31, 66, 41.807, 50.427
Sun Apr 30 15:03:30 EDT 2017, 5456, 0.130, 5254, 1, 0.350, 406, 97, 18, 18, 89, 94.360, 122.813
Sun Apr 30 15:04:31 EDT 2017, 506, 0.630, 254, 5, 0.850, 556, 52, 9, 43, 44, 55.383, 60.113
Sun Apr 30 15:05:36 EDT 2017, 660, 0.430, 9472, 2, 0.080, 363, 79, 11, 16, 73, 48.323, 64.040
Sun Apr 30 15:05:39 EDT 2017, 5610, 0.930, 4473, 7, 0.580, 513, 34, 1, 41, 28, 2.640, 2.957
Sun Apr 30 15:05:46 EDT 2017, 8085, 0.180, 1973, 4, 0.830, 438, 11, 16, 3, 51, 4.197, 6.270
Sun Apr 30 15:07:25 EDT 2017, 3135, 0.680, 6972, 9, 0.330, 588, 56, 6, 28, 96, 84.197, 97.503
Sun Apr 30 15:07:40 EDT 2017, 4373, 0.050, 3223, 1, 0.960, 551, 90, 4, 22, 40, 12.423, 14.400
Sun Apr 30 15:09:48 EDT 2017, 9323, 0.550, 8222, 5, 0.460, 401, 45, 13, 47, 85, 112.467, 127.530
Sun Apr 30 15:10:02 EDT 2017, 6848, 0.300, 5723, 3, 0.210, 476, 22, 8, 10, 62, 9.060, 13.063
Sun Apr 30 15:10:36 EDT 2017, 1898, 0.800, 723, 8, 0.710, 326, 67, 18, 35, 17, 28.997, 33.883
Sun Apr 30 15:11:48 EDT 2017, 2516, 0.240, 6348, 6, 0.520, 307, 84, 10, 19, 68, 58.740, 71.047
Sun Apr 30 15:12:20 EDT 2017, 7466, 0.740, 1348, 2, 0.020, 457, 39, 19, 44, 23, 27.797, 32.323
Sun Apr 30 15:12:24 EDT 2017, 9941, 0.490, 3848, 8, 0.270, 382, 17, 5, 6, 45, 2.670, 3.923
Sun Apr 30 15:15:43 EDT 2017, 4991, 0.990, 8847, 4, 0.770, 532, 62, 14, 31, 90, 175.000, 184.353
Sun Apr 30 15:17:29 EDT 2017, 3754, 0.360, 98, 7, 0.400, 570, 95, 17, 13, 34, 78.707, 103.610
Sun Apr 30 15:18:20 EDT 2017, 8704, 0.860, 5098, 3, 0.900, 420, 50, 7, 38, 79, 44.790, 50.950
Sun Apr 30 15:18:39 EDT 2017, 6229, 0.110, 7597, 9, 0.650, 495, 28, 12, 0, 56, 11.760, 18.047
Sun Apr 30 15:18:42 EDT 2017, 1279, 0.610, 2598, 5, 0.150, 345, 73, 2, 25, 11, 2.440, 2.670
Sun Apr 30 15:19:21 EDT 2017, 970, 0.080, 1660, 3, 0.360, 429, 36, 7, 30, 87, 30.570, 38.250
Sun Apr 30 15:20:31 EDT 2017, 5920, 0.580, 6660, 7, 0.860, 579, 81, 16, 5, 42, 57.740, 68.967
Sun Apr 30 15:20:34 EDT 2017, 8395, 0.330, 9160, 1, 0.610, 354, 59, 2, 42, 20, 2.930, 3.177
Sun Apr 30 15:20:52 EDT 2017, 3445, 0.830, 4160, 5, 0.110, 504, 14, 11, 17, 65, 12.707, 17.303
Sun Apr 30 15:21:50 EDT 2017, 4682, 0.460, 5410, 4, 0.740, 466, 48, 18, 36, 31, 49.593, 57.250
Sun Apr 30 15:23:01 EDT 2017, 9632, 0.960, 411, 9, 0.240, 316, 93, 9, 11, 76, 52.497, 70.157
Sun Apr 30 15:27:13 EDT 2017, 7157, 0.210, 2910, 2, 0.490, 541, 70, 14, 49, 99, 217.647, 250.007
Sun Apr 30 15:27:22 EDT 2017, 2207, 0.710, 7910, 6, 0.990, 391, 25, 4, 24, 54, 7.347, 8.577
Sun Apr 30 15:28:53 EDT 2017, 1588, 0.270, 4785, 9, 0.800, 410, 42, 13, 33, 82, 82.070, 89.447
Sun Apr 30 15:29:09 EDT 2017, 6538, 0.770, 9785, 5, 0.300, 560, 87, 3, 8, 37, 11.487, 15.807
Sun Apr 30 15:29:42 EDT 2017, 9013, 0.020, 7285, 7, 0.050, 335, 65, 17, 45, 14, 27.570, 32.727
Sun Apr 30 15:29:54 EDT 2017, 4063, 0.520, 2285, 2, 0.550, 485, 20, 8, 20, 59, 8.853, 11.723
Sun Apr 30 15:29:58 EDT 2017, 2826, 0.150, 8535, 8, 0.180, 523, 53, 1, 27, 25, 2.803, 3.327
Sun Apr 30 15:30:57 EDT 2017, 7776, 0.650, 3535, 4, 0.680, 373, 98, 10, 2, 70, 44.450, 58.307
Sun Apr 30 15:32:50 EDT 2017, 5301, 0.400, 1036, 6, 0.930, 598, 76, 5, 39, 93, 104.463, 110.720
Sun Apr 30 15:33:06 EDT 2017, 351, 0.900, 6035, 1, 0.430, 448, 31, 15, 14, 48, 11.243, 14.997
Sun Apr 30 15:37:11 EDT 2017, 274, 0.290, 1114, 5, 0.580, 389, 91, 12, 48, 91, 216.727, 240.890
Sun Apr 30 15:37:21 EDT 2017, 5224, 0.790, 6113, 9, 0.080, 539, 46, 2, 23, 46, 8.220, 10.290
Sun Apr 30 15:37:30 EDT 2017, 7699, 0.040, 8613, 2, 0.330, 314, 23, 16, 36, 23, 7.710, 9.150
Sun Apr 30 15:38:14 EDT 2017, 2749, 0.540, 3613, 7, 0.830, 464, 68, 7, 11, 68, 35.707, 43.100
Sun Apr 30 15:38:24 EDT 2017, 3986, 0.170, 7363, 4, 0.450, 502, 79, 4, 42, 12, 8.573, 9.917
Sun Apr 30 15:38:53 EDT 2017, 8936, 0.670, 2364, 8, 0.950, 352, 34, 14, 17, 57, 26.107, 28.577
Sun Apr 30 15:39:03 EDT 2017, 6461, 0.420, 4863, 1, 0.700, 577, 12, 9, 29, 80, 7.997, 9.673
Sun Apr 30 15:39:47 EDT 2017, 1511, 0.920, 9863, 6, 0.200, 427, 57, 19, 4, 35, 29.480, 43.217
Sun Apr 30 15:43:24 EDT 2017, 2130, 0.110, 2988, 8, 0.010, 445, 96, 8, 39, 97, 179.813, 215.920
Sun Apr 30 15:44:45 EDT 2017, 7080, 0.610, 7988, 3, 0.510, 595, 51, 17, 14, 52, 61.053, 78.200
Sun Apr 30 15:44:49 EDT 2017, 9555, 0.360, 5488, 5, 0.760, 370, 29, 3, 26, 29, 3.573, 4.303
Sun Apr 30 15:45:34 EDT 2017, 4605, 0.860, 489, 1, 0.260, 520, 74, 13, 1, 74, 28.530, 43.360
Sun Apr 30 15:46:39 EDT 2017, 3367, 0.480, 9238, 9, 0.890, 483, 85, 15, 45, 18, 58.177, 63.993
Sun Apr 30 15:46:57 EDT 2017, 8317, 0.980, 4238, 4, 0.390, 333, 40, 6, 20, 63, 14.403, 18.057
Sun Apr 30 15:47:38 EDT 2017, 5842, 0.230, 1739, 6, 0.140, 558, 17, 10, 33, 85, 34.157, 40.690
Sun Apr 30 15:47:40 EDT 2017, 892, 0.730, 6738, 2, 0.640, 408, 62, 1, 8, 40, 1.737, 2.287
Sun Apr 30 15:47:52 EDT 2017, 1202, 0.200, 7676, 2, 0.860, 324, 48, 6, 9, 60, 8.197, 10.810
Sun Apr 30 15:48:46 EDT 2017, 6152, 0.700, 2676, 6, 0.360, 474, 93, 16, 34, 15, 44.737, 54.147
Sun Apr 30 15:48:51 EDT 2017, 8627, 0.450, 176, 4, 0.110, 399, 71, 1, 22, 37, 3.557, 4.473
Sun Apr 30 15:50:12 EDT 2017, 3677, 0.950, 5176, 8, 0.610, 549, 26, 11, 47, 82, 72.490, 80.593
Sun Apr 30 15:50:55 EDT 2017, 4914, 0.330, 3926, 3, 0.230, 586, 37, 18, 3, 49, 26.427, 41.060
Sun Apr 30 15:53:22 EDT 2017, 9864, 0.830, 8925, 7, 0.730, 436, 82, 9, 28, 94, 129.760, 146.583
Sun Apr 30 15:54:39 EDT 2017, 7389, 0.080, 6426, 5, 0.980, 511, 60, 13, 15, 71, 74.797, 76.300
Sun Apr 30 15:54:42 EDT 2017, 2439, 0.580, 1426, 9, 0.480, 361, 15, 4, 40, 26, 2.837, 3.210
Sun Apr 30 15:55:25 EDT 2017, 1820, 0.390, 5801, 7, 0.290, 342, 54, 14, 0, 66, 27.840, 42.350
Sun Apr 30 15:55:40 EDT 2017, 6770, 0.890, 801, 2, 0.790, 492, 99, 5, 25, 21, 12.170, 14.903
Sun Apr 30 15:57:12 EDT 2017, 9245, 0.140, 3301, 9, 0.540, 417, 76, 19, 12, 43, 71.943, 89.860
Sun Apr 30 15:58:33 EDT 2017, 4295, 0.640, 8300, 4, 0.040, 567, 31, 10, 37, 88, 66.207, 79.633
Sun Apr 30 15:58:42 EDT 2017, 3058, 0.010, 2051, 6, 0.670, 530, 43, 3, 6, 54, 6.827, 9.510
Sun Apr 30 16:00:22 EDT 2017, 8008, 0.510, 7051, 1, 0.170, 380, 88, 12, 31, 99, 80.910, 96.853
Sun Apr 30 16:01:30 EDT 2017, 5533, 0.260, 9550, 8, 0.420, 455, 65, 7, 19, 77, 54.137, 67.430
Sun Apr 30 16:01:45 EDT 2017, 583, 0.760, 4551, 3, 0.920, 305, 20, 17, 44, 32, 13.463, 14.817
Sun Apr 30 16:03:05 EDT 2017, 428, 0.030, 5020, 8, 0.120, 572, 67, 5, 21, 92, 63.720, 78.307
Sun Apr 30 16:03:37 EDT 2017, 5378, 0.530, 20, 4, 0.620, 422, 22, 14, 46, 47, 28.963, 32.167
Sun Apr 30 16:03:49 EDT 2017, 7853, 0.280, 2520, 6, 0.870, 497, 44, 9, 8, 25, 8.620, 11.270
Sun Apr 30 16:06:27 EDT 2017, 2903, 0.780, 7519, 2, 0.370, 347, 89, 19, 33, 70, 134.833, 154.127
Sun Apr 30 16:06:35 EDT 2017, 4141, 0.400, 1270, 7, 0.750, 309, 55, 12, 15, 14, 6.977, 8.577
Sun Apr 30 16:06:38 EDT 2017, 9091, 0.900, 6269, 3, 0.250, 459, 10, 2, 40, 59, 2.267, 2.473
Sun Apr 30 16:07:25 EDT 2017, 6616, 0.150, 8769, 5, 0.000, 384, 33, 17, 2, 81, 30.603, 46.437
Sun Apr 30 16:07:47 EDT 2017, 1666, 0.650, 3770, 1, 0.500, 534, 78, 7, 27, 36, 17.377, 21.560
Sun Apr 30 16:11:02 EDT 2017, 2284, 0.340, 8144, 3, 0.680, 553, 72, 15, 18, 98, 163.873, 193.740
Sun Apr 30 16:11:24 EDT 2017, 7234, 0.840, 3145, 8, 0.180, 403, 27, 6, 43, 53, 19.490, 21.223
Sun Apr 30 16:11:33 EDT 2017, 9709, 0.090, 645, 1, 0.430, 478, 50, 11, 5, 30, 5.873, 8.910
Sun Apr 30 16:11:46 EDT 2017, 4759, 0.590, 5644, 6, 0.930, 328, 95, 1, 30, 75, 10.817, 12.640
Sun Apr 30 16:12:00 EDT 2017, 3522, 0.220, 4395, 5, 0.310, 366, 61, 8, 24, 19, 10.767, 13.487
Sun Apr 30 16:12:59 EDT 2017, 8472, 0.720, 9394, 9, 0.810, 516, 16, 18, 49, 64, 54.110, 58.503
Sun Apr 30 16:13:13 EDT 2017, 5997, 0.470, 6894, 2, 0.560, 441, 39, 4, 12, 87, 10.293, 13.597
Sun Apr 30 16:15:48 EDT 2017, 1047, 0.970, 1895, 7, 0.060, 591, 84, 13, 37, 42, 129.293, 153.400
Sun Apr 30 16:16:43 EDT 2017, 738, 0.430, 3457, 5, 0.400, 506, 24, 17, 32, 56, 45.420, 54.947
Sun Apr 30 16:16:45 EDT 2017, 5688, 0.930, 8457, 1, 0.900, 356, 69, 8, 7, 11, 1.797, 2.453
Sun Apr 30 16:18:56 EDT 2017, 8163, 0.180, 5957, 8, 0.650, 581, 92, 12, 44, 33, 117.123, 129.847
Sun Apr 30 16:19:13 EDT 2017, 3213, 0.680, 957, 3, 0.150, 431, 47, 3, 19, 78, 12.840, 16.450
