# 'Timestamp', '--gvt-delay 100 10000', '--imbalance% 0 100', '--delay 1 10', '--selfEvents% 0 100', '--simEndTime 300 600', '--rows 10 100', '--eventsPerAgent 1 20', '--granularity 0 50', '--cols 10 100', 2tLadderQ_timing_secs, fibHeap_timing_secs
Mon Jan  9 14:28:33 EST 2017, 2275, 0.090, 5, 0.450, 400, 69, 1, 32, 77, 9.893, 11.393
Mon Jan  9 14:28:36 EST 2017, 7225, 0.590, 1, 0.950, 550, 24, 10, 7, 32, 3.220, 2.887
Mon Jan  9 14:31:12 EST 2017, 9700, 0.340, 3, 0.200, 475, 91, 15, 44, 55, 154.170, 143.130
Mon Jan  9 14:31:15 EST 2017, 4750, 0.840, 8, 0.700, 325, 46, 6, 19, 10, 2.470, 2.423
Mon Jan  9 14:31:21 EST 2017, 3512, 0.470, 2, 0.330, 512, 35, 3, 0, 88, 4.730, 5.857
Mon Jan  9 14:32:16 EST 2017, 8462, 0.970, 7, 0.830, 362, 80, 13, 25, 43, 54.970, 49.980
Mon Jan  9 14:32:32 EST 2017, 5987, 0.220, 9, 0.080, 437, 13, 18, 13, 66, 15.107, 13.577
Mon Jan  9 14:32:55 EST 2017, 1037, 0.720, 4, 0.580, 587, 58, 8, 38, 21, 22.657, 22.087
Mon Jan  9 14:33:14 EST 2017, 728, 0.190, 1, 0.670, 466, 77, 12, 27, 29, 18.747, 18.293
Mon Jan  9 14:33:17 EST 2017, 5678, 0.690, 5, 0.170, 316, 32, 3, 2, 74, 3.313, 3.483
Mon Jan  9 14:33:55 EST 2017, 8153, 0.440, 7, 0.920, 391, 55, 7, 39, 52, 36.217, 34.710
Mon Jan  9 14:34:13 EST 2017, 3203, 0.940, 3, 0.420, 541, 10, 17, 14, 97, 17.940, 15.843
Mon Jan  9 14:34:18 EST 2017, 4440, 0.310, 6, 0.550, 428, 21, 15, 8, 18, 4.197, 3.570
Mon Jan  9 14:34:53 EST 2017, 9390, 0.810, 2, 0.050, 578, 66, 5, 33, 63, 34.697, 35.357
Mon Jan  9 14:35:17 EST 2017, 6915, 0.060, 4, 0.800, 503, 44, 10, 21, 41, 23.730, 22.123
Mon Jan  9 14:40:08 EST 2017, 1965, 0.560, 9, 0.300, 353, 89, 19, 46, 86, 288.887, 272.313
Mon Jan  9 14:40:19 EST 2017, 1347, 0.370, 3, 0.110, 334, 94, 11, 24, 12, 11.037, 10.240
Mon Jan  9 14:40:29 EST 2017, 6297, 0.870, 8, 0.610, 484, 49, 1, 49, 57, 8.813, 9.093
Mon Jan  9 14:40:47 EST 2017, 8772, 0.120, 6, 0.360, 559, 72, 6, 11, 35, 18.270, 16.727
Mon Jan  9 14:41:13 EST 2017, 3822, 0.620, 1, 0.860, 409, 27, 16, 36, 80, 25.647, 24.480
Mon Jan  9 14:41:27 EST 2017, 2584, 0.000, 9, 0.230, 597, 15, 13, 43, 24, 13.903, 13.110
Mon Jan  9 14:41:48 EST 2017, 7534, 0.500, 5, 0.730, 447, 60, 4, 18, 69, 20.707, 19.697
Mon Jan  9 14:42:03 EST 2017, 5059, 0.250, 2, 0.480, 372, 38, 9, 30, 46, 14.887, 14.373
Mon Jan  9 14:44:08 EST 2017, 109, 0.750, 7, 0.980, 522, 83, 18, 5, 91, 117.783, 87.300
Mon Jan  9 14:45:58 EST 2017, 114, 0.370, 8, 0.650, 483, 74, 17, 41, 38, 109.330, 105.450
Mon Jan  9 14:46:10 EST 2017, 5064, 0.870, 3, 0.150, 333, 29, 7, 16, 83, 12.173, 11.523
Mon Jan  9 14:46:13 EST 2017, 7539, 0.120, 1, 0.900, 408, 97, 2, 28, 15, 2.073, 2.223
Mon Jan  9 14:46:44 EST 2017, 2589, 0.620, 6, 0.400, 558, 52, 12, 3, 60, 31.150, 23.637
Mon Jan  9 14:47:35 EST 2017, 3827, 0.000, 5, 0.520, 446, 41, 19, 22, 49, 50.117, 44.910
Mon Jan  9 14:51:47 EST 2017, 8777, 0.500, 9, 0.020, 596, 86, 9, 47, 94, 247.993, 236.920
Mon Jan  9 14:51:50 EST 2017, 6302, 0.250, 7, 0.770, 521, 18, 5, 10, 26, 2.417, 2.263
Mon Jan  9 14:52:58 EST 2017, 1352, 0.750, 2, 0.270, 371, 63, 14, 35, 71, 66.413, 64.133
Mon Jan  9 14:53:24 EST 2017, 1970, 0.180, 5, 0.090, 314, 58, 15, 7, 54, 25.293, 21.817
Mon Jan  9 14:53:31 EST 2017, 6920, 0.680, 1, 0.590, 464, 13, 6, 32, 99, 6.637, 6.257
Mon Jan  9 14:53:36 EST 2017, 9395, 0.430, 3, 0.340, 539, 80, 1, 19, 32, 3.853, 4.353
Mon Jan  9 14:54:35 EST 2017, 4445, 0.930, 7, 0.840, 389, 35, 11, 44, 77, 58.467, 55.297
Mon Jan  9 14:55:22 EST 2017, 3208, 0.310, 2, 0.210, 577, 46, 18, 25, 43, 46.527, 42.983
Mon Jan  9 14:56:02 EST 2017, 8158, 0.810, 6, 0.710, 427, 91, 8, 0, 88, 38.270, 29.197
Mon Jan  9 14:56:05 EST 2017, 5683, 0.060, 8, 0.460, 352, 24, 3, 38, 21, 2.477, 2.713
Mon Jan  9 14:57:09 EST 2017, 733, 0.560, 4, 0.960, 502, 69, 13, 13, 66, 63.217, 52.333
Mon Jan  9 14:57:24 EST 2017, 1042, 0.090, 1, 0.810, 549, 89, 8, 2, 57, 14.537, 15.263
Mon Jan  9 14:57:36 EST 2017, 5992, 0.590, 5, 0.310, 399, 44, 17, 27, 12, 11.490, 10.870
Mon Jan  9 14:58:30 EST 2017, 8467, 0.340, 8, 0.560, 324, 66, 12, 14, 80, 53.603, 45.130
Mon Jan  9 14:58:34 EST 2017, 3517, 0.840, 3, 0.060, 474, 21, 3, 39, 35, 4.067, 4.173
Mon Jan  9 14:58:44 EST 2017, 4755, 0.470, 6, 0.930, 361, 10, 10, 33, 69, 9.610, 9.037
Mon Jan  9 14:59:00 EST 2017, 9705, 0.970, 2, 0.430, 511, 55, 19, 8, 24, 15.417, 13.120
Mon Jan  9 15:01:02 EST 2017, 7230, 0.220, 4, 0.680, 586, 32, 15, 46, 91, 121.630, 114.433
Mon Jan  9 15:01:27 EST 2017, 2280, 0.720, 9, 0.180, 436, 77, 5, 21, 46, 24.633, 24.293
Mon Jan  9 15:02:40 EST 2017, 1661, 0.280, 4, 0.490, 380, 83, 6, 49, 74, 70.747, 70.800
Mon Jan  9 15:03:08 EST 2017, 6611, 0.780, 8, 0.990, 530, 38, 16, 24, 29, 28.410, 26.547
Mon Jan  9 15:05:19 EST 2017, 9086, 0.030, 6, 0.240, 455, 60, 11, 36, 97, 127.420, 122.277
Mon Jan  9 15:05:20 EST 2017, 4136, 0.530, 1, 0.740, 305, 15, 2, 11, 52, 0.637, 0.630
Mon Jan  9 15:05:41 EST 2017, 2898, 0.150, 9, 0.370, 492, 27, 9, 18, 63, 20.797, 19.103
Mon Jan  9 15:06:18 EST 2017, 7848, 0.650, 5, 0.870, 342, 72, 18, 43, 18, 36.167, 34.850
Mon Jan  9 15:06:55 EST 2017, 5373, 0.400, 3, 0.120, 417, 49, 14, 5, 85, 35.903, 27.223
Mon Jan  9 15:07:30 EST 2017, 423, 0.900, 7, 0.620, 567, 94, 4, 30, 40, 33.413, 34.400
Mon Jan  9 15:07:47 EST 2017, 578, 0.140, 3, 0.200, 347, 20, 11, 23, 87, 16.770, 16.293
Mon Jan  9 15:08:04 EST 2017, 5528, 0.640, 8, 0.700, 497, 65, 2, 48, 42, 15.800, 16.360
Mon Jan  9 15:08:27 EST 2017, 8003, 0.390, 6, 0.450, 572, 42, 7, 11, 64, 22.820, 21.193
Mon Jan  9 15:08:49 EST 2017, 3053, 0.890, 1, 0.950, 422, 87, 16, 36, 19, 21.240, 20.247
Mon Jan  9 15:15:53 EST 2017, 4291, 0.260, 9, 0.070, 535, 98, 14, 42, 98, 376.277, 372.120
Mon Jan  9 15:16:04 EST 2017, 9241, 0.760, 4, 0.570, 385, 53, 4, 17, 53, 11.070, 10.810
Mon Jan  9 15:16:47 EST 2017, 6766, 0.010, 2, 0.320, 310, 76, 9, 29, 76, 42.387, 40.973
Mon Jan  9 15:16:58 EST 2017, 1816, 0.510, 7, 0.820, 460, 31, 19, 4, 31, 10.897, 8.667
Mon Jan  9 15:17:29 EST 2017, 2434, 0.450, 2, 0.510, 516, 25, 10, 26, 92, 28.183, 28.090
Mon Jan  9 15:17:33 EST 2017, 7384, 0.950, 6, 0.010, 366, 70, 1, 1, 47, 2.470, 3.060
Mon Jan  9 15:18:16 EST 2017, 9859, 0.200, 8, 0.760, 441, 48, 6, 39, 70, 42.597, 40.697
Mon Jan  9 15:19:01 EST 2017, 4909, 0.700, 4, 0.260, 591, 93, 15, 14, 25, 45.017, 39.177
Mon Jan  9 15:20:15 EST 2017, 3672, 0.070, 7, 0.630, 403, 82, 13, 7, 81, 71.847, 54.010
Mon Jan  9 15:20:23 EST 2017, 8622, 0.570, 3, 0.130, 553, 37, 3, 32, 36, 7.630, 7.640
Mon Jan  9 15:21:00 EST 2017, 6147, 0.320, 5, 0.880, 478, 59, 8, 20, 59, 37.397, 34.010
Mon Jan  9 15:21:06 EST 2017, 1197, 0.820, 9, 0.380, 328, 14, 17, 45, 14, 5.697, 5.317
Mon Jan  9 15:21:09 EST 2017, 887, 0.360, 6, 0.350, 413, 34, 3, 31, 16, 2.773, 2.773
Mon Jan  9 15:21:35 EST 2017, 5837, 0.860, 1, 0.850, 563, 79, 12, 6, 61, 25.387, 22.940
Mon Jan  9 15:21:50 EST 2017, 8312, 0.110, 4, 0.100, 488, 11, 17, 43, 39, 15.640, 15.003
Mon Jan  9 15:22:22 EST 2017, 3362, 0.610, 8, 0.600, 338, 56, 7, 18, 84, 31.487, 29.867
Mon Jan  9 15:22:26 EST 2017, 4600, 0.230, 2, 0.480, 450, 67, 5, 0, 28, 3.663, 3.503
Mon Jan  9 15:22:48 EST 2017, 9550, 0.730, 7, 0.980, 300, 22, 14, 25, 73, 21.263, 20.040
Mon Jan  9 15:24:08 EST 2017, 7075, 0.480, 9, 0.230, 375, 90, 19, 12, 50, 78.513, 62.140
Mon Jan  9 15:25:45 EST 2017, 2125, 0.980, 5, 0.730, 525, 45, 10, 37, 95, 95.030, 90.080
Mon Jan  9 15:25:47 EST 2017, 1506, 0.040, 7, 0.920, 581, 51, 1, 15, 22, 1.967, 2.107
Mon Jan  9 15:27:46 EST 2017, 6456, 0.540, 3, 0.420, 431, 96, 11, 40, 67, 117.783, 115.933
Mon Jan  9 15:27:50 EST 2017, 8931, 0.290, 1, 0.670, 356, 28, 16, 3, 45, 4.210, 3.797
Mon Jan  9 15:29:07 EST 2017, 3981, 0.790, 5, 0.170, 506, 73, 6, 28, 90, 74.070, 73.617
Mon Jan  9 15:29:11 EST 2017, 2744, 0.420, 4, 0.790, 319, 62, 4, 46, 11, 4.167, 4.163
Mon Jan  9 15:29:29 EST 2017, 7694, 0.920, 9, 0.290, 469, 17, 13, 21, 56, 17.530, 16.160
Mon Jan  9 15:31:23 EST 2017, 5219, 0.170, 6, 0.540, 544, 84, 18, 34, 33, 113.780, 103.507
Mon Jan  9 15:31:36 EST 2017, 269, 0.670, 2, 0.040, 394, 39, 8, 9, 78, 12.700, 12.967
Mon Jan  9 15:32:20 EST 2017, 346, 0.020, 6, 0.410, 499, 46, 14, 19, 50, 43.423, 40.020
Mon Jan  9 15:33:04 EST 2017, 5296, 0.520, 2, 0.910, 349, 91, 4, 44, 95, 43.727, 43.427
Mon Jan  9 15:33:08 EST 2017, 7771, 0.270, 4, 0.160, 424, 23, 9, 7, 27, 3.483, 3.097
Mon Jan  9 15:36:43 EST 2017, 2821, 0.770, 8, 0.660, 574, 68, 18, 32, 72, 207.763, 187.513
Mon Jan  9 15:37:02 EST 2017, 4059, 0.390, 1, 0.280, 387, 57, 11, 38, 38, 18.103, 17.840
Mon Jan  9 15:37:04 EST 2017, 9009, 0.890, 5, 0.780, 537, 12, 2, 13, 83, 2.433, 2.587
Mon Jan  9 15:37:19 EST 2017, 6534, 0.140, 7, 0.030, 462, 79, 7, 26, 16, 14.050, 13.263
Mon Jan  9 15:37:30 EST 2017, 1584, 0.640, 3, 0.530, 312, 34, 16, 1, 61, 10.663, 7.663
Mon Jan  9 15:37:51 EST 2017, 2202, 0.330, 9, 0.850, 368, 40, 12, 29, 33, 21.003, 19.720
Mon Jan  9 15:38:11 EST 2017, 7152, 0.830, 4, 0.350, 518, 85, 3, 4, 78, 17.437, 19.567
Mon Jan  9 15:38:14 EST 2017, 9627, 0.080, 2, 0.600, 593, 18, 8, 41, 10, 2.803, 2.673
Mon Jan  9 15:39:26 EST 2017, 4677, 0.580, 7, 0.100, 443, 63, 17, 16, 55, 68.927, 61.023
Mon Jan  9 15:39:58 EST 2017, 3440, 0.210, 3, 0.970, 556, 74, 10, 10, 44, 30.417, 25.770
Mon Jan  9 15:40:04 EST 2017, 8390, 0.710, 8, 0.470, 406, 29, 1, 35, 89, 5.263, 5.697
Mon Jan  9 15:40:14 EST 2017, 5915, 0.460, 6, 0.720, 331, 96, 5, 23, 21, 10.373, 10.503
Mon Jan  9 15:41:11 EST 2017, 965, 0.960, 1, 0.220, 481, 51, 15, 48, 66, 55.380, 54.527
Mon Jan  9 15:41:40 EST 2017, 1274, 0.490, 5, 0.000, 565, 32, 5, 37, 75, 29.243, 29.137
Mon Jan  9 15:42:11 EST 2017, 6224, 0.990, 9, 0.500, 415, 77, 14, 12, 30, 29.790, 26.427
Mon Jan  9 15:45:31 EST 2017, 8699, 0.240, 7, 0.250, 340, 54, 19, 49, 97, 196.847, 178.267
Mon Jan  9 15:46:29 EST 2017, 3749, 0.740, 2, 0.750, 490, 99, 10, 24, 52, 55.913, 53.100
Mon Jan  9 15:46:38 EST 2017, 4987, 0.110, 8, 0.130, 303, 88, 2, 5, 64, 7.420, 8.777
Mon Jan  9 15:46:53 EST 2017, 9937, 0.610, 4, 0.630, 453, 43, 12, 30, 19, 14.817, 13.847
Mon Jan  9 15:47:57 EST 2017, 7462, 0.360, 1, 0.380, 528, 65, 17, 18, 86, 62.003, 58.967
Mon Jan  9 15:48:07 EST 2017, 2512, 0.860, 6, 0.880, 378, 20, 7, 43, 41, 10.507, 10.117
Mon Jan  9 15:48:10 EST 2017, 1893, 0.180, 2, 0.690, 434, 15, 4, 15, 58, 2.530, 2.500
Mon Jan  9 15:48:37 EST 2017, 6843, 0.680, 6, 0.190, 584, 60, 13, 40, 13, 26.827, 25.753
Mon Jan  9 15:49:15 EST 2017, 9318, 0.430, 9, 0.940, 509, 37, 18, 2, 80, 36.967, 23.523
Mon Jan  9 15:49:42 EST 2017, 4368, 0.930, 4, 0.440, 359, 82, 8, 27, 35, 26.203, 25.957
Mon Jan  9 15:50:02 EST 2017, 3130, 0.300, 5, 0.560, 471, 93, 1, 46, 69, 17.523, 19.503
Mon Jan  9 15:50:07 EST 2017, 8080, 0.800, 1, 0.060, 321, 48, 11, 21, 24, 5.447, 5.330
Mon Jan  9 15:52:28 EST 2017, 5605, 0.050, 3, 0.810, 396, 71, 15, 34, 92, 137.770, 123.027
Mon Jan  9 15:52:35 EST 2017, 655, 0.550, 8, 0.310, 546, 26, 6, 9, 47, 7.457, 7.000
Mon Jan  9 15:55:24 EST 2017, 501, 0.250, 3, 0.990, 335, 78, 19, 39, 90, 168.097, 155.303
Mon Jan  9 15:55:39 EST 2017, 5451, 0.750, 7, 0.490, 485, 33, 9, 14, 45, 14.943, 14.037
Mon Jan  9 15:56:12 EST 2017, 7926, 0.000, 9, 0.740, 560, 56, 4, 27, 68, 32.253, 31.920
Mon Jan  9 15:56:13 EST 2017, 2976, 0.500, 5, 0.240, 410, 11, 14, 2, 23, 1.543, 1.237
Mon Jan  9 15:57:00 EST 2017, 4213, 0.130, 6, 0.860, 598, 22, 16, 20, 79, 46.180, 41.273
Mon Jan  9 15:57:25 EST 2017, 9163, 0.630, 2, 0.360, 448, 67, 7, 45, 34, 25.273, 24.763
Mon Jan  9 15:57:30 EST 2017, 6688, 0.380, 4, 0.610, 373, 44, 2, 8, 57, 3.870, 4.030
Mon Jan  9 15:57:57 EST 2017, 1738, 0.880, 8, 0.110, 523, 89, 12, 33, 12, 27.120, 25.867
Mon Jan  9 16:00:35 EST 2017, 2357, 0.070, 4, 0.300, 467, 95, 18, 11, 85, 155.693, 118.413
Mon Jan  9 16:00:58 EST 2017, 7307, 0.570, 9, 0.800, 317, 50, 8, 36, 40, 22.470, 21.537
Mon Jan  9 16:01:17 EST 2017, 9782, 0.320, 7, 0.050, 392, 72, 3, 23, 62, 18.297, 19.123
Mon Jan  9 16:01:28 EST 2017, 4832, 0.820, 2, 0.550, 542, 27, 13, 48, 17, 11.363, 10.970
Mon Jan  9 16:02:06 EST 2017, 3594, 0.440, 8, 0.420, 429, 16, 15, 30, 96, 37.683, 35.160
Mon Jan  9 16:02:21 EST 2017, 8544, 0.940, 3, 0.920, 579, 61, 6, 5, 51, 14.597, 12.617
Mon Jan  9 16:02:25 EST 2017, 6069, 0.190, 1, 0.170, 504, 39, 1, 42, 73, 3.483, 3.820
Mon Jan  9 16:02:46 EST 2017, 1119, 0.690, 5, 0.670, 354, 84, 10, 17, 28, 20.403, 18.893
Mon Jan  9 16:02:55 EST 2017, 810, 0.220, 9, 0.580, 401, 64, 10, 3, 26, 8.690, 7.473
Mon Jan  9 16:03:41 EST 2017, 5760, 0.720, 4, 0.080, 551, 19, 19, 28, 71, 45.477, 41.837
Mon Jan  9 16:04:35 EST 2017, 8235, 0.470, 2, 0.830, 476, 86, 15, 16, 48, 52.463, 48.513
Mon Jan  9 16:05:06 EST 2017, 3285, 0.970, 6, 0.330, 326, 41, 5, 41, 93, 30.020, 30.440
Mon Jan  9 16:05:15 EST 2017, 4523, 0.350, 3, 0.700, 514, 53, 7, 34, 14, 8.800, 8.580
Mon Jan  9 16:06:37 EST 2017, 9473, 0.850, 7, 0.200, 364, 98, 17, 9, 59, 81.317, 61.997
Mon Jan  9 16:07:07 EST 2017, 6998, 0.100, 5, 0.950, 439, 30, 12, 47, 37, 29.393, 28.373
Mon Jan  9 16:07:28 EST 2017, 2048, 0.600, 1, 0.450, 589, 75, 3, 22, 82, 17.127, 19.963
Mon Jan  9 16:08:02 EST 2017, 1429, 0.410, 7, 0.140, 532, 70, 9, 44, 20, 33.707, 32.913
Mon Jan  9 16:08:24 EST 2017, 6379, 0.910, 2, 0.640, 382, 25, 18, 19, 65, 20.960, 18.660
Mon Jan  9 16:09:24 EST 2017, 8854, 0.160, 5, 0.390, 307, 92, 13, 31, 43, 60.607, 55.480
Mon Jan  9 16:09:39 EST 2017, 3904, 0.660, 9, 0.890, 457, 47, 4, 6, 88, 13.940, 12.790
Mon Jan  9 16:09:41 EST 2017, 2666, 0.040, 1, 0.020, 345, 36, 6, 12, 31, 2.447, 2.477
Mon Jan  9 16:13:30 EST 2017, 7616, 0.540, 6, 0.520, 495, 81, 16, 37, 76, 219.457, 201.703
Mon Jan  9 16:13:35 EST 2017, 5141, 0.290, 8, 0.270, 570, 13, 11, 0, 54, 4.540, 3.307
Mon Jan  9 16:13:53 EST 2017, 191, 0.790, 3, 0.770, 420, 58, 2, 25, 99, 15.203, 17.413
Mon Jan  9 16:15:36 EST 2017, 230, 0.200, 1, 0.330, 576, 84, 12, 33, 96, 98.713, 100.123
Mon Jan  9 16:15:41 EST 2017, 5180, 0.700, 6, 0.830, 426, 39, 3, 8, 51, 5.070, 5.137
Mon Jan  9 16:16:48 EST 2017, 7655, 0.450, 8, 0.080, 351, 61, 8, 45, 73, 66.080, 65.110
Mon Jan  9 16:16:57 EST 2017, 2705, 0.950, 4, 0.580, 501, 16, 17, 20, 28, 9.343, 8.553
Mon Jan  9 16:17:07 EST 2017, 3943, 0.330, 7, 0.460, 313, 28, 10, 1, 84, 8.890, 7.110
Mon Jan  9 16:17:12 EST 2017, 8893, 0.830, 3, 0.960, 463, 73, 1, 26, 39, 4.387, 4.643
Mon Jan  9 16:17:32 EST 2017, 6418, 0.080, 5, 0.210, 538, 50, 5, 14, 62, 19.867, 19.717
Mon Jan  9 16:18:16 EST 2017, 1468, 0.580, 9, 0.710, 388, 95, 15, 39, 17, 43.323, 41.063
Mon Jan  9 16:20:01 EST 2017, 2086, 0.390, 3, 0.900, 444, 90, 14, 17, 79, 100.013, 87.373
Mon Jan  9 16:20:20 EST 2017, 7036, 0.890, 8, 0.400, 594, 45, 4, 42, 34, 18.590, 18.097
Mon Jan  9 16:20:47 EST 2017, 9511, 0.140, 5, 0.650, 519, 67, 9, 4, 56, 26.957, 21.557
Mon Jan  9 16:20:50 EST 2017, 4561, 0.640, 1, 0.150, 369, 22, 18, 29, 11, 2.433, 2.393
Mon Jan  9 16:21:19 EST 2017, 3324, 0.020, 9, 0.770, 482, 11, 11, 48, 90, 28.293, 27.260
Mon Jan  9 16:21:25 EST 2017, 8274, 0.520, 4, 0.270, 332, 56, 2, 23, 45, 5.513, 5.873
Mon Jan  9 16:21:41 EST 2017, 5799, 0.270, 2, 0.520, 407, 33, 6, 36, 67, 16.277, 15.700
Mon Jan  9 16:22:13 EST 2017, 849, 0.770, 7, 0.020, 557, 78, 16, 11, 22, 30.727, 27.650
Mon Jan  9 16:22:24 EST 2017, 1158, 0.300, 7, 0.240, 491, 59, 4, 22, 31, 11.377, 11.360
Mon Jan  9 16:22:44 EST 2017, 6108, 0.800, 3, 0.740, 341, 14, 13, 47, 76, 19.860, 19.200
Mon Jan  9 16:23:12 EST 2017, 8583, 0.050, 1, 0.490, 416, 81, 18, 9, 53, 27.017, 27.520
Mon Jan  9 16:24:17 EST 2017, 3633, 0.550, 5, 0.990, 566, 36, 8, 34, 98, 63.823, 60.380
Mon Jan  9 16:24:19 EST 2017, 4871, 0.170, 4, 0.110, 379, 47, 1, 40, 20, 1.780, 1.893
Mon Jan  9 16:25:56 EST 2017, 9821, 0.670, 9, 0.610, 529, 92, 11, 15, 65, 95.273, 80.670
Mon Jan  9 16:26:20 EST 2017, 7346, 0.420, 6, 0.360, 454, 25, 15, 28, 42, 24.227, 23.400
Mon Jan  9 16:26:33 EST 2017, 2396, 0.920, 2, 0.860, 304, 70, 6, 3, 87, 12.643, 12.067
Mon Jan  9 16:26:39 EST 2017, 1777, 0.110, 6, 0.550, 360, 76, 5, 25, 14, 6.350, 6.100
Mon Jan  9 16:26:46 EST 2017, 6727, 0.610, 1, 0.050, 510, 31, 14, 0, 59, 6.613, 5.983
Mon Jan  9 16:29:22 EST 2017, 9202, 0.360, 3, 0.800, 585, 98, 19, 37, 37, 146.693, 136.727
Mon Jan  9 16:30:03 EST 2017, 4252, 0.860, 8, 0.300, 435, 53, 9, 12, 82, 40.203, 36.190
Mon Jan  9 16:30:05 EST 2017, 3014, 0.480, 2, 0.680, 547, 42, 2, 6, 25, 1.667, 1.747
Mon Jan  9 16:32:06 EST 2017, 7964, 0.980, 7, 0.180, 397, 87, 12, 31, 70, 116.683, 110.360
Mon Jan  9 16:32:19 EST 2017, 5489, 0.230, 9, 0.930, 322, 19, 17, 19, 48, 12.930, 12.093
Mon Jan  9 16:33:56 EST 2017, 539, 0.730, 5, 0.430, 472, 64, 7, 44, 93, 95.237, 95.563
Mon Jan  9 16:34:15 EST 2017, 694, 0.440, 5, 0.760, 412, 52, 17, 1, 44, 17.907, 12.757
Mon Jan  9 16:35:20 EST 2017, 5644, 0.940, 1, 0.260, 562, 97, 8, 26, 89, 63.157, 62.820
Mon Jan  9 16:35:23 EST 2017, 8119, 0.190, 3, 0.510, 487, 29, 3, 13, 21, 1.833, 1.897
Mon Jan  9 16:37:04 EST 2017, 3169, 0.690, 8, 0.010, 337, 74, 13, 38, 66, 98.970, 95.723
Mon Jan  9 16:37:45 EST 2017, 4407, 0.060, 2, 0.880, 524, 63, 15, 32, 32, 41.063, 38.987
Mon Jan  9 16:37:51 EST 2017, 9357, 0.560, 6, 0.380, 374, 18, 6, 7, 77, 5.387, 4.970
Mon Jan  9 16:37:54 EST 2017, 6882, 0.310, 9, 0.630, 449, 85, 1, 44, 10, 2.407, 2.790
Mon Jan  9 16:38:28 EST 2017, 1932, 0.810, 4, 0.130, 599, 40, 10, 19, 55, 33.163, 31.630
Mon Jan  9 16:39:43 EST 2017, 2550, 0.130, 8, 0.440, 543, 35, 19, 47, 38, 74.080, 69.580
Mon Jan  9 16:40:54 EST 2017, 7500, 0.630, 4, 0.940, 393, 80, 9, 22, 83, 70.130, 61.070
Mon Jan  9 16:40:54 EST 2017, 9975, 0.380, 1, 0.190, 318, 12, 4, 35, 15, 0.527, 0.567
Mon Jan  9 16:41:41 EST 2017, 5025, 0.880, 6, 0.690, 468, 57, 14, 10, 60, 46.397, 38.250
Mon Jan  9 16:42:31 EST 2017, 3788, 0.250, 5, 0.320, 355, 69, 16, 16, 49, 49.153, 42.280
Mon Jan  9 16:43:10 EST 2017, 8738, 0.750, 9, 0.820, 505, 24, 7, 41, 94, 38.977, 37.293
Mon Jan  9 16:43:16 EST 2017, 6263, 0.000, 7, 0.070, 580, 91, 2, 4, 27, 5.260, 5.807
Mon Jan  9 16:44:00 EST 2017, 1313, 0.500, 2, 0.570, 430, 46, 12, 29, 72, 43.273, 40.960
Mon Jan  9 16:44:24 EST 2017, 1003, 0.030, 4, 0.660, 327, 26, 9, 43, 69, 23.763, 22.737
Mon Jan  9 16:45:05 EST 2017, 5953, 0.530, 8, 0.160, 477, 71, 18, 18, 24, 40.977, 36.263
Mon Jan  9 16:47:07 EST 2017, 8428, 0.280, 6, 0.910, 552, 49, 13, 30, 91, 119.927, 109.553
Mon Jan  9 16:47:17 EST 2017, 3478, 0.780, 2, 0.410, 402, 94, 4, 5, 46, 8.777, 9.547
Mon Jan  9 16:48:17 EST 2017, 4716, 0.410, 9, 0.540, 590, 83, 6, 24, 58, 58.553, 57.463
Mon Jan  9 16:48:35 EST 2017, 9666, 0.910, 5, 0.040, 440, 38, 16, 49, 13, 18.023, 17.323
Mon Jan  9 16:49:11 EST 2017, 7191, 0.160, 3, 0.790, 365, 60, 11, 11, 80, 35.073, 29.290
Mon Jan  9 16:49:12 EST 2017, 2241, 0.660, 7, 0.290, 515, 15, 1, 36, 35, 1.393, 1.390
Mon Jan  9 16:49:17 EST 2017, 1622, 0.340, 1, 0.100, 458, 21, 10, 8, 63, 4.843, 4.747
Mon Jan  9 16:49:49 EST 2017, 6572, 0.840, 6, 0.600, 308, 66, 19, 33, 18, 26.987, 27.367
Mon Jan  9 16:50:52 EST 2017, 9047, 0.090, 8, 0.350, 383, 43, 14, 21, 86, 63.037, 56.113
Mon Jan  9 16:51:35 EST 2017, 4097, 0.590, 3, 0.850, 533, 88, 5, 46, 41, 42.467, 41.373
Mon Jan  9 16:53:03 EST 2017, 2860, 0.220, 7, 0.220, 421, 99, 7, 27, 74, 85.853, 79.073
Mon Jan  9 16:53:16 EST 2017, 7810, 0.720, 2, 0.720, 571, 54, 17, 2, 29, 13.127, 10.230
Mon Jan  9 16:56:34 EST 2017, 5335, 0.470, 4, 0.470, 496, 77, 12, 40, 97, 196.193, 184.220
Mon Jan  9 16:56:38 EST 2017, 385, 0.970, 9, 0.970, 346, 32, 3, 15, 52, 4.620, 4.497
Mon Jan  9 16:56:51 EST 2017, 307, 0.320, 4, 0.590, 559, 14, 15, 5, 81, 12.063, 10.203
Mon Jan  9 16:57:12 EST 2017, 5257, 0.820, 9, 0.090, 409, 59, 6, 30, 36, 20.537, 20.190
Mon Jan  9 16:57:14 EST 2017, 7732, 0.070, 6, 0.840, 334, 37, 1, 17, 58, 2.313, 2.557
Mon Jan  9 16:57:31 EST 2017, 2782, 0.570, 2, 0.340, 484, 82, 10, 42, 13, 16.657, 15.940
Mon Jan  9 17:02:00 EST 2017, 4020, 0.200, 8, 0.720, 372, 93, 18, 36, 92, 261.080, 235.603
Mon Jan  9 17:02:17 EST 2017, 8970, 0.700, 3, 0.220, 522, 48, 8, 11, 47, 17.143, 15.660
Mon Jan  9 17:02:41 EST 2017, 6495, 0.450, 1, 0.970, 597, 71, 3, 49, 70, 22.330, 23.273
Mon Jan  9 17:02:53 EST 2017, 1545, 0.950, 5, 0.470, 447, 26, 13, 24, 25, 11.283, 10.403
Mon Jan  9 17:04:14 EST 2017, 2164, 0.010, 3, 0.150, 390, 31, 16, 45, 98, 79.617, 75.820
Mon Jan  9 17:05:00 EST 2017, 7114, 0.510, 7, 0.650, 540, 76, 7, 20, 53, 44.560, 43.907
Mon Jan  9 17:05:18 EST 2017, 9589, 0.260, 9, 0.400, 465, 54, 2, 33, 75, 17.327, 18.177
Mon Jan  9 17:05:38 EST 2017, 4639, 0.760, 5, 0.900, 315, 99, 12, 8, 30, 19.640, 15.887
Mon Jan  9 17:08:59 EST 2017, 3401, 0.380, 6, 0.030, 503, 88, 19, 14, 86, 191.797, 155.397
Mon Jan  9 17:09:10 EST 2017, 8351, 0.880, 1, 0.530, 353, 43, 9, 39, 41, 11.247, 11.237
Mon Jan  9 17:09:23 EST 2017, 5876, 0.130, 4, 0.280, 428, 65, 5, 2, 64, 12.213, 11.607
Mon Jan  9 17:09:33 EST 2017, 926, 0.630, 8, 0.780, 578, 20, 14, 27, 19, 10.223, 9.703
Mon Jan  9 17:09:39 EST 2017, 1235, 0.160, 7, 0.930, 475, 40, 6, 38, 11, 5.440, 5.340
Mon Jan  9 17:10:22 EST 2017, 6185, 0.660, 2, 0.430, 325, 85, 16, 13, 56, 40.840, 35.237
Mon Jan  9 17:10:29 EST 2017, 8660, 0.410, 4, 0.680, 400, 17, 11, 25, 33, 7.077, 6.740
Mon Jan  9 17:10:40 EST 2017, 3710, 0.910, 9, 0.180, 550, 62, 2, 0, 78, 8.683, 10.603
Mon Jan  9 17:10:48 EST 2017, 4948, 0.290, 1, 0.810, 437, 73, 9, 19, 22, 7.753, 7.383
Mon Jan  9 17:12:29 EST 2017, 9898, 0.790, 6, 0.310, 587, 28, 18, 44, 67, 99.083, 92.953
Mon Jan  9 17:13:21 EST 2017, 7423, 0.040, 8, 0.560, 512, 96, 13, 6, 44, 51.570, 39.747
Mon Jan  9 17:13:45 EST 2017, 2473, 0.540, 3, 0.060, 362, 51, 4, 31, 89, 22.363, 22.970
Mon Jan  9 17:13:51 EST 2017, 1854, 0.480, 8, 0.250, 306, 45, 8, 10, 27, 6.037, 5.527
Mon Jan  9 17:17:16 EST 2017, 6804, 0.980, 4, 0.750, 456, 90, 17, 35, 72, 201.440, 181.937
Mon Jan  9 17:17:31 EST 2017, 9279, 0.230, 2, 0.000, 531, 23, 12, 22, 50, 15.107, 13.953
Mon Jan  9 17:18:14 EST 2017, 4329, 0.730, 6, 0.500, 381, 68, 3, 47, 95, 42.023, 42.163
Mon Jan  9 17:18:29 EST 2017, 3092, 0.100, 3, 0.370, 569, 57, 10, 28, 16, 15.030, 14.063
Mon Jan  9 17:18:36 EST 2017, 8042, 0.600, 7, 0.870, 419, 12, 19, 3, 61, 6.160, 5.343
Mon Jan  9 17:19:50 EST 2017, 5567, 0.350, 5, 0.120, 344, 79, 15, 41, 39, 72.407, 69.360
Mon Jan  9 17:19:59 EST 2017, 617, 0.850, 1, 0.620, 494, 34, 5, 16, 84, 8.550, 9.247
Mon Jan  9 17:20:54 EST 2017, 462, 0.090, 9, 0.040, 423, 69, 10, 35, 43, 53.697, 53.320
Mon Jan  9 17:20:58 EST 2017, 5412, 0.590, 5, 0.540, 573, 24, 1, 10, 88, 2.903, 3.447
Mon Jan  9 17:21:15 EST 2017, 7887, 0.340, 2, 0.290, 498, 92, 5, 48, 20, 17.027, 16.917
Mon Jan  9 17:22:13 EST 2017, 2937, 0.840, 7, 0.790, 348, 47, 15, 23, 65, 53.403, 46.087
Mon Jan  9 17:22:29 EST 2017, 4175, 0.460, 4, 0.170, 461, 35, 13, 4, 54, 15.470, 12.670
Mon Jan  9 17:23:06 EST 2017, 9125, 0.960, 8, 0.670, 311, 80, 3, 29, 99, 33.167, 32.073
Mon Jan  9 17:23:10 EST 2017, 6650, 0.210, 6, 0.420, 386, 13, 8, 17, 32, 3.177, 3.173
Mon Jan  9 17:24:35 EST 2017, 1700, 0.710, 1, 0.920, 536, 58, 17, 42, 77, 84.827, 80.227
Mon Jan  9 17:25:22 EST 2017, 2318, 0.270, 6, 0.730, 592, 64, 11, 13, 48, 46.177, 40.190
Mon Jan  9 17:25:27 EST 2017, 7268, 0.770, 2, 0.230, 442, 19, 2, 38, 93, 5.293, 5.533
Mon Jan  9 17:25:34 EST 2017, 9743, 0.020, 4, 0.980, 367, 86, 7, 1, 26, 6.273, 4.803
Mon Jan  9 17:27:00 EST 2017, 4793, 0.520, 9, 0.480, 517, 41, 16, 26, 71, 86.210, 78.410
Mon Jan  9 17:27:19 EST 2017, 3556, 0.150, 1, 0.610, 330, 52, 14, 45, 37, 19.167, 18.770
Mon Jan  9 17:28:11 EST 2017, 8506, 0.650, 5, 0.110, 480, 97, 4, 20, 82, 47.763, 50.570
Mon Jan  9 17:28:20 EST 2017, 6031, 0.400, 7, 0.860, 555, 30, 9, 32, 15, 8.610, 8.100
Mon Jan  9 17:29:16 EST 2017, 1081, 0.900, 3, 0.360, 405, 75, 19, 7, 60, 55.067, 41.970
Mon Jan  9 17:29:23 EST 2017, 771, 0.430, 2, 0.390, 339, 95, 1, 21, 63, 5.557, 6.737
Mon Jan  9 17:29:48 EST 2017, 5721, 0.930, 7, 0.890, 489, 50, 11, 46, 18, 24.707, 23.670
Mon Jan  9 17:31:59 EST 2017, 8196, 0.180, 9, 0.140, 564, 72, 16, 9, 85, 130.180, 96.617
Mon Jan  9 17:32:09 EST 2017, 3246, 0.680, 4, 0.640, 414, 27, 6, 34, 40, 9.903, 9.697
Mon Jan  9 17:32:21 EST 2017, 4484, 0.060, 5, 0.260, 526, 16, 4, 40, 74, 11.257, 11.153
Mon Jan  9 17:32:30 EST 2017, 9434, 0.560, 1, 0.760, 376, 61, 13, 15, 29, 9.127, 8.630
Mon Jan  9 17:33:31 EST 2017, 6959, 0.310, 3, 0.010, 301, 38, 18, 28, 96, 59.410, 55.783
Mon Jan  9 17:33:54 EST 2017, 2009, 0.810, 8, 0.510, 451, 83, 8, 3, 51, 22.947, 19.647
Mon Jan  9 17:34:18 EST 2017, 1390, 0.240, 5, 0.830, 508, 78, 2, 31, 68, 22.573, 23.480
Mon Jan  9 17:34:23 EST 2017, 6340, 0.740, 9, 0.330, 358, 33, 12, 6, 23, 5.250, 4.653
Mon Jan  9 17:37:38 EST 2017, 8815, 0.490, 7, 0.580, 433, 55, 17, 43, 91, 188.727, 174.093
Mon Jan  9 17:37:42 EST 2017, 3865, 0.990, 3, 0.080, 583, 10, 7, 18, 46, 4.187, 3.953
Mon Jan  9 17:37:48 EST 2017, 2628, 0.370, 8, 0.950, 395, 21, 5, 12, 57, 5.120, 4.690
Mon Jan  9 17:38:12 EST 2017, 7578, 0.870, 4, 0.450, 545, 66, 14, 37, 12, 23.640, 22.430
Mon Jan  9 17:39:21 EST 2017, 5103, 0.120, 2, 0.700, 470, 44, 19, 24, 79, 69.020, 61.307
Mon Jan  9 17:40:14 EST 2017, 153, 0.620, 6, 0.200, 320, 89, 10, 49, 34, 51.827, 51.063
Mon Jan  9 17:40:18 EST 2017, 172, 0.120, 5, 0.930, 385, 32, 3, 28, 28, 3.603, 3.703
Mon Jan  9 17:41:21 EST 2017, 5122, 0.620, 9, 0.430, 535, 77, 12, 3, 73, 60.060, 45.667
Mon Jan  9 17:41:39 EST 2017, 7597, 0.370, 7, 0.680, 460, 10, 17, 40, 50, 17.840, 16.930
Mon Jan  9 17:42:02 EST 2017, 2647, 0.870, 2, 0.180, 310, 55, 8, 15, 95, 22.617, 22.610
Mon Jan  9 17:42:04 EST 2017, 3885, 0.490, 8, 0.800, 498, 66, 1, 9, 16, 1.280, 1.303
Mon Jan  9 17:42:19 EST 2017, 8835, 0.990, 3, 0.300, 348, 21, 10, 34, 61, 15.170, 14.477
Mon Jan  9 17:42:48 EST 2017, 6360, 0.240, 1, 0.550, 423, 89, 15, 21, 39, 28.157, 27.490
Mon Jan  9 17:43:45 EST 2017, 1410, 0.740, 6, 0.050, 573, 44, 5, 46, 84, 55.753, 55.877
Mon Jan  9 17:43:48 EST 2017, 2028, 0.310, 2, 0.370, 554, 49, 4, 24, 11, 2.680, 2.577
Mon Jan  9 17:46:36 EST 2017, 6978, 0.810, 6, 0.870, 404, 94, 14, 49, 56, 164.557, 151.503
Mon Jan  9 17:46:47 EST 2017, 9453, 0.060, 9, 0.120, 329, 27, 18, 12, 33, 11.310, 10.013
Mon Jan  9 17:48:28 EST 2017, 4503, 0.560, 4, 0.620, 479, 72, 9, 37, 78, 98.807, 95.603
Mon Jan  9 17:48:33 EST 2017, 3266, 0.180, 5, 0.490, 366, 61, 2, 43, 22, 5.093, 5.227
Mon Jan  9 17:48:40 EST 2017, 8216, 0.680, 1, 0.990, 516, 16, 11, 18, 67, 6.883, 6.437
Mon Jan  9 17:50:43 EST 2017, 5741, 0.430, 3, 0.240, 591, 83, 16, 31, 44, 111.300, 108.983
Mon Jan  9 17:50:58 EST 2017, 791, 0.930, 7, 0.740, 441, 38, 6, 6, 89, 14.920, 14.083
Mon Jan  9 17:51:16 EST 2017, 1100, 0.400, 7, 0.520, 301, 18, 13, 17, 98, 17.770, 16.640
Mon Jan  9 17:51:33 EST 2017, 6050, 0.900, 2, 0.020, 451, 63, 3, 42, 53, 15.947, 16.717
Mon Jan  9 17:51:52 EST 2017, 8525, 0.150, 4, 0.770, 526, 41, 8, 4, 75, 18.320, 14.713
Mon Jan  9 17:53:00 EST 2017, 3575, 0.650, 9, 0.270, 376, 86, 18, 29, 30, 67.307, 61.290
Mon Jan  9 17:55:32 EST 2017, 4813, 0.030, 1, 0.650, 563, 97, 11, 48, 87, 133.427, 121.393
Mon Jan  9 17:55:35 EST 2017, 9763, 0.530, 5, 0.150, 413, 52, 1, 23, 42, 3.457, 3.820
Mon Jan  9 17:56:19 EST 2017, 7288, 0.280, 8, 0.900, 338, 75, 6, 35, 64, 42.650, 41.493
Mon Jan  9 17:56:25 EST 2017, 2338, 0.780, 3, 0.400, 488, 30, 15, 10, 19, 6.707, 5.490
Mon Jan  9 17:57:18 EST 2017, 1719, 0.210, 9, 0.210, 470, 24, 14, 32, 81, 52.043, 48.760
Mon Jan  9 17:57:25 EST 2017, 6669, 0.710, 5, 0.710, 320, 69, 5, 7, 36, 7.007, 6.530
Mon Jan  9 17:58:07 EST 2017, 9144, 0.460, 3, 0.460, 395, 47, 9, 45, 58, 41.097, 39.557
Mon Jan  9 17:58:40 EST 2017, 4194, 0.960, 7, 0.960, 545, 92, 19, 20, 13, 32.703, 30.370
Mon Jan  9 17:59:36 EST 2017, 2956, 0.340, 4, 0.090, 432, 80, 12, 1, 92, 55.490, 38.093
Mon Jan  9 17:59:44 EST 2017, 7906, 0.840, 8, 0.590, 582, 35, 2, 26, 47, 7.260, 7.327
Mon Jan  9 18:00:20 EST 2017, 5431, 0.090, 6, 0.340, 507, 58, 7, 14, 70, 35.587, 33.993
Mon Jan  9 18:00:26 EST 2017, 481, 0.590, 2, 0.840, 357, 13, 17, 39, 25, 5.723, 5.523
Mon Jan  9 18:01:23 EST 2017, 636, 0.350, 9, 0.480, 596, 90, 8, 7, 68, 54.537, 53.497
Mon Jan  9 18:01:50 EST 2017, 5586, 0.850, 4, 0.980, 446, 45, 17, 32, 23, 26.847, 24.937
Mon Jan  9 18:02:52 EST 2017, 8061, 0.100, 2, 0.230, 371, 68, 13, 19, 91, 61.107, 54.553
Mon Jan  9 18:03:01 EST 2017, 3111, 0.600, 6, 0.730, 521, 23, 3, 44, 46, 8.590, 8.497
Mon Jan  9 18:03:04 EST 2017, 4349, 0.230, 3, 0.350, 334, 11, 6, 25, 57, 3.427, 3.323
Mon Jan  9 18:03:09 EST 2017, 9299, 0.730, 8, 0.850, 484, 56, 15, 0, 12, 4.120, 3.213
Mon Jan  9 18:04:16 EST 2017, 6824, 0.480, 5, 0.100, 559, 34, 10, 38, 80, 66.283, 63.847
Mon Jan  9 18:04:18 EST 2017, 1874, 0.980, 1, 0.600, 409, 79, 1, 13, 35, 1.610, 1.870
Mon Jan  9 18:05:59 EST 2017, 2492, 0.040, 7, 0.790, 427, 85, 9, 41, 63, 99.423, 95.077
Mon Jan  9 18:06:15 EST 2017, 7442, 0.540, 3, 0.290, 577, 40, 19, 16, 18, 15.783, 14.050
Mon Jan  9 18:08:32 EST 2017, 9917, 0.290, 5, 0.540, 502, 62, 14, 28, 85, 135.013, 120.217
Mon Jan  9 18:08:34 EST 2017, 4967, 0.790, 9, 0.040, 352, 17, 4, 3, 40, 1.457, 1.287
Mon Jan  9 18:08:44 EST 2017, 3730, 0.420, 1, 0.910, 465, 28, 7, 22, 74, 9.260, 9.087
Mon Jan  9 18:09:40 EST 2017, 8680, 0.920, 6, 0.410, 315, 73, 16, 47, 29, 56.350, 53.373
Mon Jan  9 18:10:26 EST 2017, 6205, 0.170, 8, 0.660, 390, 51, 11, 10, 96, 44.537, 38.327
Mon Jan  9 18:10:51 EST 2017, 1255, 0.670, 4, 0.160, 540, 96, 2, 35, 51, 22.490, 24.943
Mon Jan  9 18:13:21 EST 2017, 945, 0.140, 2, 0.070, 512, 76, 18, 49, 49, 123.367, 131.060
Mon Jan  9 18:13:52 EST 2017, 5895, 0.640, 7, 0.570, 362, 31, 9, 24, 94, 31.173, 29.710
Mon Jan  9 18:14:14 EST 2017, 8370, 0.390, 9, 0.320, 437, 99, 4, 36, 26, 20.960, 20.590
Mon Jan  9 18:15:18 EST 2017, 3420, 0.890, 4, 0.820, 587, 54, 13, 11, 71, 61.423, 49.040
Mon Jan  9 18:15:43 EST 2017, 4658, 0.260, 6, 0.190, 399, 42, 16, 17, 37, 23.887, 23.353
Mon Jan  9 18:16:36 EST 2017, 9608, 0.760, 1, 0.690, 549, 87, 6, 42, 82, 51.480, 52.983
Mon Jan  9 18:16:36 EST 2017, 7133, 0.010, 3, 0.440, 474, 20, 1, 5, 15, 0.377, 0.400
Mon Jan  9 18:17:32 EST 2017, 2183, 0.510, 8, 0.940, 324, 65, 11, 30, 60, 54.173, 50.110
Mon Jan  9 18:17:53 EST 2017, 1564, 0.450, 4, 0.630, 343, 59, 19, 2, 43, 20.860, 14.480
Mon Jan  9 18:18:15 EST 2017, 6514, 0.950, 8, 0.130, 493, 14, 10, 27, 88, 21.547, 20.260
Mon Jan  9 18:18:27 EST 2017, 8989, 0.200, 6, 0.880, 568, 82, 5, 14, 21, 11.443, 10.783
Mon Jan  9 18:19:11 EST 2017, 4039, 0.700, 2, 0.380, 418, 37, 14, 39, 66, 44.063, 41.977
Mon Jan  9 18:20:49 EST 2017, 2802, 0.070, 7, 0.510, 531, 48, 17, 33, 54, 97.300, 88.463
Mon Jan  9 18:21:34 EST 2017, 7752, 0.570, 3, 0.010, 381, 93, 7, 8, 99, 43.947, 41.143
Mon Jan  9 18:21:36 EST 2017, 5277, 0.320, 1, 0.760, 306, 25, 3, 46, 32, 1.820, 1.787
Mon Jan  9 18:23:07 EST 2017, 327, 0.820, 5, 0.260, 456, 70, 12, 21, 77, 87.833, 80.140
Mon Jan  9 18:23:10 EST 2017, 404, 0.470, 1, 0.120, 448, 66, 6, 12, 14, 2.313, 2.377
Mon Jan  9 18:23:57 EST 2017, 5354, 0.970, 5, 0.620, 598, 21, 15, 37, 59, 45.507, 43.440
Mon Jan  9 18:24:55 EST 2017, 7829, 0.220, 8, 0.370, 523, 88, 10, 24, 37, 57.513, 52.873
Mon Jan  9 18:25:02 EST 2017, 2879, 0.720, 3, 0.870, 373, 43, 1, 49, 82, 6.823, 7.377
Mon Jan  9 18:25:22 EST 2017, 4117, 0.100, 6, 0.000, 486, 54, 8, 30, 25, 19.690, 18.967
Mon Jan  9 18:26:19 EST 2017, 9067, 0.600, 2, 0.500, 336, 99, 18, 5, 70, 55.257, 40.650
Mon Jan  9 18:26:56 EST 2017, 6592, 0.350, 4, 0.250, 411, 32, 13, 43, 48, 36.440, 34.687
Mon Jan  9 18:27:35 EST 2017, 1642, 0.850, 9, 0.750, 561, 77, 3, 18, 93, 37.300, 37.830
Mon Jan  9 18:28:13 EST 2017, 2260, 0.160, 4, 0.560, 580, 71, 7, 40, 31, 38.503, 36.597
Mon Jan  9 18:28:49 EST 2017, 7210, 0.660, 8, 0.060, 430, 26, 16, 15, 76, 34.450, 31.063
Mon Jan  9 18:30:08 EST 2017, 9685, 0.410, 6, 0.810, 355, 94, 12, 27, 54, 77.107, 71.007
Mon Jan  9 18:30:14 EST 2017, 4735, 0.910, 1, 0.310, 505, 49, 2, 2, 99, 4.203, 5.623
Mon Jan  9 18:30:21 EST 2017, 3498, 0.280, 9, 0.690, 317, 37, 9, 21, 20, 6.490, 5.953
Mon Jan  9 18:34:32 EST 2017, 8448, 0.780, 5, 0.190, 467, 82, 19, 46, 65, 245.057, 225.490
Mon Jan  9 18:34:37 EST 2017, 5973, 0.030, 2, 0.940, 542, 15, 14, 8, 42, 5.367, 4.730
Mon Jan  9 18:35:22 EST 2017, 1023, 0.530, 7, 0.440, 392, 60, 5, 33, 87, 42.710, 43.703
Mon Jan  9 18:38:38 EST 2017, 1332, 0.000, 8, 0.280, 364, 80, 16, 44, 79, 193.960, 181.183
Mon Jan  9 18:38:48 EST 2017, 6282, 0.500, 4, 0.780, 514, 35, 6, 19, 34, 9.387, 8.727
Mon Jan  9 18:39:01 EST 2017, 8757, 0.250, 2, 0.030, 589, 57, 2, 32, 56, 11.420, 12.383
Mon Jan  9 18:39:02 EST 2017, 3807, 0.750, 6, 0.530, 439, 12, 11, 7, 11, 1.190, 1.107
Mon Jan  9 18:39:48 EST 2017, 5045, 0.380, 5, 0.410, 552, 23, 18, 13, 90, 45.420, 38.133
Mon Jan  9 18:40:39 EST 2017, 9995, 0.880, 9, 0.910, 402, 68, 9, 38, 45, 50.820, 48.207
Mon Jan  9 18:40:45 EST 2017, 7520, 0.130, 7, 0.160, 327, 46, 4, 1, 68, 5.603, 5.643
Mon Jan  9 18:41:22 EST 2017, 2570, 0.630, 3, 0.660, 477, 91, 13, 26, 23, 36.460, 33.213
Mon Jan  9 18:43:51 EST 2017, 1951, 0.310, 6, 0.970, 495, 96, 17, 4, 96, 145.657, 83.423
Mon Jan  9 18:44:01 EST 2017, 6901, 0.810, 1, 0.470, 345, 51, 7, 29, 51, 10.407, 10.420
Mon Jan  9 18:44:19 EST 2017, 9376, 0.060, 3, 0.720, 420, 74, 3, 16, 73, 16.397, 16.587
Mon Jan  9 18:44:46 EST 2017, 4426, 0.560, 8, 0.220, 570, 29, 12, 41, 28, 26.750, 25.253
Mon Jan  9 18:45:17 EST 2017, 3188, 0.190, 2, 0.840, 383, 18, 19, 35, 85, 31.107, 29.063
Mon Jan  9 18:45:45 EST 2017, 8138, 0.690, 7, 0.340, 533, 63, 10, 10, 40, 27.350, 24.523
Mon Jan  9 18:46:18 EST 2017, 5663, 0.440, 9, 0.590, 458, 40, 5, 48, 62, 31.943, 31.453
Mon Jan  9 18:46:37 EST 2017, 713, 0.940, 4, 0.090, 308, 85, 15, 23, 17, 18.707, 17.313
Mon Jan  9 18:46:42 EST 2017, 559, 0.240, 6, 0.700, 538, 30, 1, 28, 63, 4.243, 4.737
Mon Jan  9 18:46:45 EST 2017, 5509, 0.740, 1, 0.200, 388, 75, 10, 3, 18, 3.237, 3.083
Mon Jan  9 18:48:16 EST 2017, 7984, 0.490, 4, 0.950, 313, 53, 15, 40, 86, 89.693, 84.277
Mon Jan  9 18:48:41 EST 2017, 3034, 0.990, 8, 0.450, 463, 98, 5, 15, 41, 24.930, 24.430
Mon Jan  9 18:48:56 EST 2017, 4271, 0.360, 3, 0.580, 350, 87, 3, 9, 75, 13.390, 14.133
Mon Jan  9 18:49:30 EST 2017, 9221, 0.860, 7, 0.080, 500, 42, 13, 34, 30, 34.153, 31.693
Mon Jan  9 18:52:59 EST 2017, 6746, 0.110, 9, 0.830, 575, 64, 17, 22, 97, 204.263, 171.640
Mon Jan  9 18:53:16 EST 2017, 1796, 0.610, 5, 0.330, 425, 19, 8, 47, 52, 17.097, 16.567
Mon Jan  9 18:53:19 EST 2017, 2415, 0.420, 8, 0.020, 406, 13, 2, 19, 69, 2.260, 2.320
Mon Jan  9 18:53:54 EST 2017, 7365, 0.920, 3, 0.520, 556, 58, 11, 44, 24, 34.590, 33.350
Mon Jan  9 18:54:14 EST 2017, 9840, 0.170, 1, 0.270, 481, 36, 16, 6, 92, 19.760, 18.253
Mon Jan  9 18:54:49 EST 2017, 4890, 0.670, 5, 0.770, 331, 81, 7, 31, 47, 33.787, 31.777
Mon Jan  9 18:55:38 EST 2017, 3652, 0.050, 4, 0.140, 519, 92, 4, 37, 58, 46.480, 48.210
Mon Jan  9 18:55:44 EST 2017, 8602, 0.550, 9, 0.640, 369, 47, 14, 12, 13, 6.323, 5.877
Mon Jan  9 18:58:32 EST 2017, 6127, 0.300, 7, 0.390, 444, 70, 18, 25, 80, 165.287, 138.687
Mon Jan  9 18:58:36 EST 2017, 1177, 0.800, 2, 0.890, 594, 25, 9, 0, 35, 3.047, 2.440
Mon Jan  9 18:58:52 EST 2017, 868, 0.270, 3, 0.860, 453, 44, 11, 14, 38, 15.647, 14.067
Mon Jan  9 18:59:06 EST 2017, 5818, 0.770, 7, 0.360, 303, 89, 1, 39, 83, 12.320, 14.233
Mon Jan  9 18:59:07 EST 2017, 8293, 0.020, 5, 0.610, 378, 22, 6, 1, 16, 0.817, 0.773
Mon Jan  9 19:00:00 EST 2017, 3343, 0.520, 1, 0.110, 528, 67, 16, 26, 61, 52.350, 50.763
Mon Jan  9 19:01:17 EST 2017, 4581, 0.140, 8, 0.980, 416, 56, 13, 45, 49, 75.547, 72.727
Mon Jan  9 19:01:23 EST 2017, 9531, 0.640, 4, 0.480, 566, 11, 4, 20, 94, 6.367, 6.100
Mon Jan  9 19:01:46 EST 2017, 7056, 0.390, 2, 0.730, 491, 78, 8, 33, 27, 22.647, 21.683
Mon Jan  9 19:02:14 EST 2017, 2106, 0.890, 6, 0.230, 341, 33, 18, 8, 72, 26.870, 21.700
Mon Jan  9 19:02:26 EST 2017, 1487, 0.080, 1, 0.420, 322, 39, 12, 36, 44, 12.340, 12.200
Mon Jan  9 19:02:46 EST 2017, 6437, 0.580, 6, 0.920, 472, 84, 2, 11, 89, 18.117, 19.833
Mon Jan  9 19:02:53 EST 2017, 8912, 0.330, 8, 0.170, 547, 16, 7, 48, 21, 7.057, 6.860
Mon Jan  9 19:04:09 EST 2017, 3962, 0.830, 3, 0.670, 397, 61, 17, 23, 66, 73.043, 66.110
Mon Jan  9 19:04:41 EST 2017, 2724, 0.460, 7, 0.300, 584, 73, 14, 5, 32, 30.527, 24.407
Mon Jan  9 19:04:54 EST 2017, 7674, 0.960, 2, 0.800, 434, 28, 5, 30, 77, 12.320, 11.900
Mon Jan  9 19:05:02 EST 2017, 5199, 0.210, 5, 0.050, 359, 95, 10, 17, 10, 8.503, 8.013
Mon Jan  9 19:07:12 EST 2017, 249, 0.710, 9, 0.550, 509, 50, 19, 42, 55, 127.830, 123.580
Mon Jan  9 19:07:31 EST 2017, 211, 0.290, 7, 0.110, 372, 24, 7, 47, 57, 19.057, 18.703
Mon Jan  9 19:07:48 EST 2017, 5161, 0.790, 3, 0.610, 522, 69, 16, 22, 12, 16.680, 15.237
Mon Jan  9 19:09:44 EST 2017, 7636, 0.040, 5, 0.360, 597, 47, 12, 34, 80, 113.993, 106.423
Mon Jan  9 19:09:52 EST 2017, 2686, 0.540, 9, 0.860, 447, 92, 2, 9, 35, 6.777, 7.227
Mon Jan  9 19:10:27 EST 2017, 3923, 0.160, 1, 0.240, 560, 81, 9, 16, 69, 33.803, 34.497
Mon Jan  9 19:10:58 EST 2017, 8873, 0.660, 6, 0.740, 410, 36, 19, 41, 24, 30.940, 29.560
Mon Jan  9 19:11:40 EST 2017, 6398, 0.410, 8, 0.490, 335, 58, 14, 3, 91, 41.510, 28.983
Mon Jan  9 19:11:45 EST 2017, 1448, 0.910, 4, 0.990, 485, 13, 5, 28, 46, 4.553, 4.397
Mon Jan  9 19:11:49 EST 2017, 2067, 0.100, 9, 0.680, 504, 19, 6, 0, 74, 4.553, 3.823
Mon Jan  9 19:12:19 EST 2017, 7017, 0.600, 4, 0.180, 354, 64, 15, 25, 29, 29.890, 27.490
Mon Jan  9 19:12:49 EST 2017, 9492, 0.350, 2, 0.930, 429, 41, 11, 13, 97, 29.547, 26.100
Mon Jan  9 19:13:05 EST 2017, 4542, 0.850, 7, 0.430, 579, 86, 1, 38, 52, 14.440, 15.243
Mon Jan  9 19:14:10 EST 2017, 3304, 0.470, 3, 0.550, 391, 98, 8, 31, 63, 64.220, 60.570
Mon Jan  9 19:14:25 EST 2017, 8254, 0.970, 8, 0.050, 541, 53, 18, 6, 18, 14.807, 12.210
Mon Jan  9 19:17:42 EST 2017, 5779, 0.220, 5, 0.800, 466, 75, 13, 44, 86, 190.273, 179.740
Mon Jan  9 19:17:44 EST 2017, 829, 0.720, 1, 0.300, 316, 30, 3, 19, 41, 1.660, 1.823
Mon Jan  9 19:18:03 EST 2017, 1139, 0.190, 4, 0.460, 438, 50, 17, 8, 32, 19.123, 16.237
Mon Jan  9 19:20:32 EST 2017, 6089, 0.690, 9, 0.960, 588, 95, 8, 33, 77, 144.827, 135.820
Mon Jan  9 19:20:34 EST 2017, 8564, 0.440, 6, 0.210, 513, 27, 3, 20, 10, 1.307, 1.400
Mon Jan  9 19:21:34 EST 2017, 3614, 0.940, 2, 0.710, 363, 72, 12, 45, 55, 59.613, 57.767
Mon Jan  9 19:23:00 EST 2017, 4851, 0.320, 7, 0.330, 475, 61, 19, 27, 43, 83.670, 77.057
Mon Jan  9 19:23:04 EST 2017, 9801, 0.820, 3, 0.830, 325, 16, 10, 2, 88, 4.587, 3.823
Mon Jan  9 19:23:12 EST 2017, 7326, 0.070, 1, 0.080, 400, 83, 5, 39, 21, 7.197, 7.473
Mon Jan  9 19:24:00 EST 2017, 2376, 0.570, 5, 0.580, 550, 38, 15, 14, 66, 46.777, 40.547
Mon Jan  9 19:24:47 EST 2017, 1758, 0.380, 2, 0.770, 569, 33, 16, 42, 49, 46.987, 44.370
Mon Jan  9 19:25:43 EST 2017, 6708, 0.880, 7, 0.270, 419, 78, 6, 17, 94, 52.780, 53.100
Mon Jan  9 19:25:44 EST 2017, 9183, 0.130, 9, 0.520, 344, 10, 2, 30, 27, 0.993, 0.973
Mon Jan  9 19:26:21 EST 2017, 4233, 0.630, 5, 0.020, 494, 55, 11, 5, 72, 35.367, 29.953
Mon Jan  9 19:27:04 EST 2017, 2995, 0.010, 6, 0.890, 307, 67, 18, 23, 38, 42.910, 39.180
Mon Jan  9 19:27:22 EST 2017, 7945, 0.510, 1, 0.390, 457, 22, 9, 48, 83, 17.160, 17.347
Mon Jan  9 19:27:27 EST 2017, 5470, 0.260, 3, 0.640, 532, 89, 4, 11, 15, 5.137, 4.937
Mon Jan  9 19:28:26 EST 2017, 520, 0.760, 8, 0.140, 382, 44, 13, 36, 60, 56.733, 54.600
Mon Jan  9 19:28:28 EST 2017, 675, 0.050, 2, 0.530, 461, 60, 2, 18, 19, 2.233, 2.383
Mon Jan  9 19:28:44 EST 2017, 5625, 0.550, 6, 0.030, 311, 15, 11, 43, 64, 15.897, 15.183
Mon Jan  9 19:29:22 EST 2017, 8100, 0.300, 8, 0.780, 386, 82, 16, 6, 42, 35.747, 28.663
Mon Jan  9 19:30:06 EST 2017, 3150, 0.800, 4, 0.280, 536, 37, 7, 31, 87, 43.517, 42.387
Mon Jan  9 19:30:20 EST 2017, 4387, 0.430, 5, 0.660, 424, 48, 4, 49, 31, 13.567, 13.457
Mon Jan  9 19:31:46 EST 2017, 9337, 0.930, 1, 0.160, 574, 93, 14, 24, 76, 83.093, 83.173
Mon Jan  9 19:32:33 EST 2017, 6862, 0.180, 3, 0.910, 499, 26, 19, 37, 53, 45.610, 42.703
Mon Jan  9 19:33:26 EST 2017, 1912, 0.680, 7, 0.410, 349, 71, 9, 12, 98, 53.113, 45.920
Mon Jan  9 19:33:29 EST 2017, 2531, 0.370, 4, 0.220, 330, 76, 1, 34, 25, 2.867, 3.103
Mon Jan  9 19:33:50 EST 2017, 7481, 0.870, 9, 0.720, 480, 31, 10, 9, 70, 19.877, 17.037
Mon Jan  9 19:37:28 EST 2017, 9956, 0.120, 7, 0.470, 555, 99, 15, 46, 48, 214.847, 200.680
Mon Jan  9 19:37:51 EST 2017, 5006, 0.620, 2, 0.970, 405, 54, 5, 21, 93, 22.523, 21.780
Mon Jan  9 19:37:53 EST 2017, 3768, 0.240, 8, 0.100, 593, 43, 3, 2, 14, 1.453, 1.427
Mon Jan  9 19:39:25 EST 2017, 8718, 0.740, 3, 0.600, 443, 88, 13, 27, 59, 89.350, 80.870
Mon Jan  9 19:39:30 EST 2017, 6243, 0.490, 1, 0.350, 368, 20, 17, 15, 36, 4.657, 4.243
Mon Jan  9 19:41:13 EST 2017, 1293, 0.990, 6, 0.850, 518, 65, 8, 40, 81, 102.653, 97.170
Mon Jan  9 19:44:04 EST 2017, 984, 0.460, 9, 0.880, 527, 85, 12, 26, 84, 168.470, 150.810
Mon Jan  9 19:44:06 EST 2017, 5934, 0.960, 5, 0.380, 377, 40, 3, 1, 39, 2.330, 2.323
Mon Jan  9 19:44:32 EST 2017, 8409, 0.210, 2, 0.630, 302, 62, 7, 38, 62, 25.417, 25.013
Mon Jan  9 19:44:37 EST 2017, 3459, 0.710, 7, 0.130, 452, 17, 17, 13, 17, 4.530, 4.183
Mon Jan  9 19:44:58 EST 2017, 4697, 0.080, 4, 0.750, 339, 29, 14, 7, 95, 20.900, 17.147
Mon Jan  9 19:45:37 EST 2017, 9647, 0.580, 8, 0.250, 489, 74, 5, 32, 50, 38.373, 38.127
Mon Jan  9 19:46:40 EST 2017, 7172, 0.330, 6, 0.500, 564, 51, 10, 20, 73, 62.510, 56.797
Mon Jan  9 19:47:26 EST 2017, 2222, 0.830, 1, 0.000, 414, 96, 19, 45, 28, 45.083, 44.483
Mon Jan  9 19:49:24 EST 2017, 1603, 0.150, 6, 0.320, 396, 90, 11, 23, 90, 114.157, 110.147
Mon Jan  9 19:49:29 EST 2017, 6553, 0.650, 2, 0.820, 546, 45, 1, 48, 45, 4.387, 4.860
Mon Jan  9 19:49:56 EST 2017, 9028, 0.400, 4, 0.070, 471, 68, 6, 10, 67, 26.003, 24.813
Mon Jan  9 19:50:07 EST 2017, 4078, 0.900, 9, 0.570, 321, 23, 16, 35, 22, 10.773, 10.483
Mon Jan  9 19:50:19 EST 2017, 2840, 0.270, 1, 0.440, 508, 12, 13, 41, 79, 12.483, 12.110
Mon Jan  9 19:50:27 EST 2017, 7790, 0.770, 5, 0.940, 358, 57, 4, 16, 34, 7.020, 6.650
Mon Jan  9 19:50:52 EST 2017, 5315, 0.020, 8, 0.190, 433, 34, 8, 29, 56, 24.763, 23.983
Mon Jan  9 19:51:02 EST 2017, 365, 0.520, 3, 0.690, 583, 79, 18, 4, 11, 9.263, 7.870
Mon Jan  9 19:51:23 EST 2017, 288, 0.170, 8, 0.810, 309, 95, 4, 12, 74, 20.033, 21.480
Mon Jan  9 19:51:57 EST 2017, 5238, 0.670, 3, 0.310, 459, 50, 14, 37, 29, 33.197, 31.300
Mon Jan  9 19:52:45 EST 2017, 7713, 0.420, 1, 0.560, 534, 73, 18, 0, 96, 45.720, 33.967
Mon Jan  9 19:53:01 EST 2017, 2763, 0.920, 5, 0.060, 384, 28, 9, 25, 51, 15.700, 15.020
Mon Jan  9 19:53:07 EST 2017, 4001, 0.300, 4, 0.930, 572, 17, 2, 43, 62, 5.640, 5.590
Mon Jan  9 19:53:20 EST 2017, 8951, 0.800, 9, 0.430, 422, 62, 11, 18, 17, 13.317, 12.147
Mon Jan  9 19:54:34 EST 2017, 6476, 0.050, 7, 0.680, 347, 39, 16, 31, 85, 72.450, 66.947
Mon Jan  9 19:54:50 EST 2017, 1526, 0.550, 2, 0.180, 497, 84, 7, 6, 40, 14.343, 14.413
Mon Jan  9 19:55:19 EST 2017, 2144, 0.480, 6, 0.370, 478, 79, 3, 34, 57, 28.307, 29.057
Mon Jan  9 19:55:22 EST 2017, 7094, 0.980, 2, 0.870, 328, 34, 12, 9, 12, 1.893, 1.720
Mon Jan  9 19:57:55 EST 2017, 9569, 0.230, 4, 0.120, 403, 56, 17, 47, 79, 152.180, 139.180
Mon Jan  9 19:58:00 EST 2017, 4619, 0.730, 8, 0.620, 553, 11, 8, 22, 34, 4.910, 4.683
Mon Jan  9 19:58:01 EST 2017, 3382, 0.110, 3, 0.250, 440, 22, 1, 3, 68, 0.997, 1.277
Mon Jan  9 19:58:35 EST 2017, 8332, 0.610, 7, 0.750, 590, 67, 10, 28, 23, 32.477, 30.190
Mon Jan  9 20:00:00 EST 2017, 5857, 0.360, 9, 0.000, 515, 45, 15, 15, 90, 81.460, 71.520
Mon Jan  9 20:00:35 EST 2017, 907, 0.860, 5, 0.500, 365, 90, 5, 40, 45, 34.193, 34.473
Mon Jan  9 20:01:07 EST 2017, 1216, 0.330, 1, 0.710, 375, 70, 14, 29, 54, 31.020, 30.950
Mon Jan  9 20:01:19 EST 2017, 6166, 0.830, 6, 0.210, 525, 25, 5, 4, 99, 10.537, 9.667
Mon Jan  9 20:02:15 EST 2017, 8641, 0.080, 8, 0.960, 450, 93, 9, 42, 31, 56.187, 54.167
Mon Jan  9 20:03:05 EST 2017, 3691, 0.580, 4, 0.460, 300, 48, 19, 17, 76, 49.783, 45.280
Mon Jan  9 20:03:24 EST 2017, 4929, 0.200, 7, 0.590, 487, 36, 12, 11, 43, 18.573, 16.210
Mon Jan  9 20:03:43 EST 2017, 9879, 0.700, 2, 0.090, 337, 81, 2, 36, 88, 16.110, 18.060
Mon Jan  9 20:03:45 EST 2017, 7404, 0.450, 5, 0.840, 412, 14, 7, 23, 20, 2.390, 2.243
Mon Jan  9 20:07:11 EST 2017, 2454, 0.950, 9, 0.340, 562, 59, 17, 48, 65, 201.410, 194.310
Mon Jan  9 20:07:52 EST 2017, 1835, 0.010, 3, 0.030, 543, 64, 13, 20, 37, 40.097, 36.977
Mon Jan  9 20:08:05 EST 2017, 6785, 0.510, 7, 0.530, 393, 19, 4, 45, 82, 13.100, 12.900
Mon Jan  9 20:08:10 EST 2017, 9260, 0.260, 5, 0.280, 318, 87, 8, 7, 15, 5.407, 4.950
Mon Jan  9 20:08:46 EST 2017, 4310, 0.760, 1, 0.780, 468, 42, 18, 32, 60, 35.437, 33.747
