# 'Timestamp', '--imbalance% 0 100', '--moveIntervalMean 1 10', '--delay 1 10', '--selfEvents% 0 100', '--callIntervalMean 1 10', '--callDurationMean 1 10', '--maxChannels 10 100', '--simEndTime 300 600', '--rows 10 100', '--eventsPerAgent 1 20', '--granularity 0 50', '--cols 10 100', 2tLadderQ_timing_secs, 2tHeap_timing_secs
Wed May 17 23:17:46 EDT 2017, 0.000, 1, 1, 0.000, 1, 1, 10, 300, 10, 1, 0, 10, 0.410, 0.400
Wed May 17 23:18:08 EDT 2017, 0.500, 5, 5, 0.500, 5, 5, 55, 450, 55, 10, 25, 55, 21.543, 18.120
Wed May 17 23:18:24 EDT 2017, 0.750, 3, 7, 0.250, 7, 3, 77, 375, 32, 15, 12, 77, 16.093, 13.167
Wed May 17 23:18:40 EDT 2017, 0.250, 7, 3, 0.750, 3, 7, 32, 525, 77, 5, 37, 32, 15.700, 14.183
Wed May 17 23:18:55 EDT 2017, 0.370, 4, 6, 0.120, 8, 8, 21, 487, 21, 17, 18, 66, 14.853, 10.890
Wed May 17 23:19:07 EDT 2017, 0.870, 8, 2, 0.620, 4, 4, 66, 337, 66, 8, 43, 21, 11.617, 7.813
Wed May 17 23:19:14 EDT 2017, 0.620, 2, 4, 0.370, 2, 6, 88, 562, 43, 3, 6, 43, 6.823, 6.967
Wed May 17 23:20:01 EDT 2017, 0.120, 6, 8, 0.870, 6, 2, 43, 412, 88, 12, 31, 88, 45.710, 38.150
Wed May 17 23:20:08 EDT 2017, 0.180, 3, 3, 0.680, 6, 2, 15, 581, 26, 2, 34, 83, 7.117, 7.467
Wed May 17 23:20:24 EDT 2017, 0.680, 8, 8, 0.180, 1, 7, 60, 431, 71, 11, 9, 38, 14.777, 12.613
Wed May 17 23:20:31 EDT 2017, 0.930, 1, 6, 0.930, 3, 4, 83, 506, 49, 16, 46, 15, 7.347, 5.340
Wed May 17 23:21:23 EDT 2017, 0.430, 6, 1, 0.430, 8, 9, 38, 356, 94, 6, 21, 60, 51.380, 35.573
Wed May 17 23:21:28 EDT 2017, 0.310, 2, 9, 0.560, 4, 8, 26, 393, 15, 18, 40, 49, 4.790, 3.883
Wed May 17 23:22:23 EDT 2017, 0.810, 7, 4, 0.060, 9, 3, 71, 543, 60, 9, 15, 94, 54.053, 43.993
Wed May 17 23:22:34 EDT 2017, 0.560, 4, 2, 0.810, 7, 6, 94, 318, 38, 4, 28, 71, 11.480, 9.447
Wed May 17 23:22:52 EDT 2017, 0.060, 9, 7, 0.310, 2, 1, 49, 468, 83, 14, 3, 26, 16.827, 13.653
Wed May 17 23:23:29 EDT 2017, 0.090, 5, 8, 0.400, 3, 4, 57, 553, 80, 8, 20, 85, 36.947, 35.093
Wed May 17 23:23:47 EDT 2017, 0.590, 9, 4, 0.900, 8, 8, 12, 403, 35, 18, 45, 40, 17.877, 12.203
Wed May 17 23:24:11 EDT 2017, 0.840, 2, 1, 0.150, 5, 1, 35, 478, 57, 13, 7, 18, 23.463, 13.967
Wed May 17 23:24:13 EDT 2017, 0.340, 7, 6, 0.650, 1, 6, 80, 328, 12, 3, 32, 63, 1.370, 1.360
Wed May 17 23:24:50 EDT 2017, 0.460, 1, 5, 0.280, 6, 7, 69, 440, 91, 11, 1, 52, 36.340, 28.727
Wed May 17 23:24:56 EDT 2017, 0.960, 6, 9, 0.780, 2, 2, 24, 590, 46, 1, 26, 97, 4.463, 5.493
Wed May 17 23:25:13 EDT 2017, 0.710, 4, 7, 0.030, 4, 9, 46, 365, 69, 6, 14, 74, 15.800, 16.093
Wed May 17 23:25:28 EDT 2017, 0.210, 8, 2, 0.530, 9, 5, 91, 515, 24, 15, 39, 29, 15.060, 9.117
Wed May 17 23:25:34 EDT 2017, 0.150, 2, 5, 0.840, 8, 4, 63, 346, 97, 9, 42, 12, 5.583, 4.520
Wed May 17 23:27:50 EDT 2017, 0.650, 6, 1, 0.340, 4, 9, 18, 496, 52, 19, 17, 57, 132.463, 90.483
Wed May 17 23:29:07 EDT 2017, 0.900, 4, 3, 0.590, 1, 2, 40, 421, 74, 14, 29, 80, 75.370, 49.887
Wed May 17 23:29:11 EDT 2017, 0.400, 9, 8, 0.090, 6, 6, 85, 571, 29, 5, 4, 35, 3.720, 3.657
Wed May 17 23:30:52 EDT 2017, 0.280, 3, 2, 0.960, 2, 5, 74, 459, 85, 12, 35, 69, 100.153, 60.397
Wed May 17 23:30:54 EDT 2017, 0.780, 8, 6, 0.460, 7, 1, 29, 309, 40, 2, 10, 24, 1.830, 1.903
Wed May 17 23:31:07 EDT 2017, 0.530, 1, 9, 0.710, 9, 8, 52, 534, 63, 7, 48, 46, 11.727, 12.427
Wed May 17 23:31:26 EDT 2017, 0.030, 5, 4, 0.210, 5, 3, 97, 384, 18, 17, 23, 91, 18.320, 12.793
Wed May 17 23:31:27 EDT 2017, 0.040, 3, 6, 0.570, 7, 6, 33, 501, 62, 1, 10, 22, 1.437, 1.650
Wed May 17 23:31:44 EDT 2017, 0.540, 7, 1, 0.070, 2, 2, 78, 351, 17, 11, 35, 67, 16.487, 10.133
Wed May 17 23:34:32 EDT 2017, 0.790, 1, 4, 0.820, 5, 9, 56, 576, 84, 16, 22, 90, 159.623, 121.897
Wed May 17 23:34:38 EDT 2017, 0.290, 5, 8, 0.320, 9, 4, 11, 426, 39, 6, 47, 45, 5.620, 5.640
Wed May 17 23:35:27 EDT 2017, 0.420, 2, 3, 0.700, 3, 3, 45, 314, 73, 18, 16, 56, 48.167, 31.567
Wed May 17 23:35:28 EDT 2017, 0.920, 6, 7, 0.200, 8, 7, 90, 464, 28, 9, 41, 11, 1.687, 1.450
Wed May 17 23:35:36 EDT 2017, 0.670, 4, 9, 0.950, 6, 1, 67, 389, 95, 4, 3, 33, 5.977, 6.710
Wed May 17 23:36:20 EDT 2017, 0.170, 9, 5, 0.450, 1, 5, 22, 539, 50, 13, 28, 78, 43.690, 32.003
Wed May 17 23:36:33 EDT 2017, 0.230, 1, 8, 0.140, 2, 6, 39, 407, 67, 3, 25, 95, 11.540, 12.703
Wed May 17 23:36:48 EDT 2017, 0.730, 6, 3, 0.640, 6, 1, 84, 557, 22, 12, 0, 50, 15.067, 10.853
Wed May 17 23:37:43 EDT 2017, 0.980, 3, 1, 0.390, 9, 8, 62, 332, 90, 17, 38, 28, 53.873, 31.713
Wed May 17 23:38:02 EDT 2017, 0.480, 8, 5, 0.890, 4, 3, 17, 482, 45, 7, 13, 73, 18.913, 16.660
Wed May 17 23:38:46 EDT 2017, 0.350, 5, 4, 0.010, 7, 5, 50, 595, 56, 19, 44, 39, 43.010, 29.673
Wed May 17 23:38:50 EDT 2017, 0.850, 9, 9, 0.510, 3, 9, 95, 445, 11, 10, 19, 84, 4.223, 3.867
Wed May 17 23:39:09 EDT 2017, 0.600, 2, 7, 0.260, 1, 2, 73, 520, 78, 5, 32, 62, 18.017, 18.090
Wed May 17 23:39:18 EDT 2017, 0.100, 7, 2, 0.760, 5, 7, 28, 370, 33, 14, 7, 17, 8.357, 5.110
Wed May 17 23:39:51 EDT 2017, 0.070, 3, 3, 0.980, 9, 9, 81, 435, 42, 8, 17, 98, 32.420, 25.293
Wed May 17 23:40:48 EDT 2017, 0.570, 7, 7, 0.480, 5, 5, 36, 585, 87, 17, 42, 53, 56.057, 43.393
Wed May 17 23:40:52 EDT 2017, 0.820, 5, 5, 0.730, 3, 7, 14, 360, 19, 13, 5, 31, 4.057, 3.107
Wed May 17 23:41:29 EDT 2017, 0.320, 9, 1, 0.230, 7, 3, 59, 510, 64, 3, 30, 76, 35.763, 28.783
Wed May 17 23:41:42 EDT 2017, 0.450, 4, 9, 0.850, 1, 1, 92, 548, 53, 10, 11, 42, 12.553, 11.300
Wed May 17 23:41:55 EDT 2017, 0.950, 8, 4, 0.350, 6, 6, 47, 398, 98, 1, 36, 87, 10.037, 12.320
Wed May 17 23:42:12 EDT 2017, 0.700, 1, 2, 0.600, 8, 4, 25, 473, 31, 6, 24, 64, 16.983, 12.193
Wed May 17 23:42:22 EDT 2017, 0.200, 6, 6, 0.100, 4, 8, 70, 323, 76, 15, 49, 19, 9.440, 7.253
Wed May 17 23:42:41 EDT 2017, 0.140, 4, 1, 0.290, 4, 8, 87, 454, 47, 9, 46, 25, 18.827, 11.807
Wed May 17 23:43:36 EDT 2017, 0.640, 9, 6, 0.790, 9, 3, 42, 304, 92, 19, 21, 70, 54.127, 37.567
Wed May 17 23:43:55 EDT 2017, 0.890, 2, 8, 0.040, 7, 5, 19, 529, 25, 14, 33, 92, 18.407, 15.417
Wed May 17 23:44:08 EDT 2017, 0.390, 7, 3, 0.540, 2, 1, 64, 379, 70, 4, 8, 47, 12.790, 11.577
Wed May 17 23:44:18 EDT 2017, 0.260, 1, 7, 0.420, 5, 2, 98, 342, 36, 11, 27, 59, 9.547, 8.277
Wed May 17 23:44:22 EDT 2017, 0.760, 5, 2, 0.920, 1, 7, 53, 492, 81, 2, 2, 14, 4.173, 3.877
Wed May 17 23:44:25 EDT 2017, 0.510, 3, 5, 0.170, 3, 4, 31, 417, 14, 7, 39, 36, 2.517, 2.190
Wed May 17 23:45:10 EDT 2017, 0.010, 8, 9, 0.670, 8, 9, 76, 567, 59, 16, 14, 81, 44.117, 36.900
Wed May 17 23:45:21 EDT 2017, 0.020, 4, 5, 0.800, 2, 8, 45, 508, 31, 7, 33, 61, 11.127, 10.033
Wed May 17 23:45:28 EDT 2017, 0.520, 9, 9, 0.300, 7, 4, 90, 358, 76, 17, 8, 16, 7.100, 5.840
Wed May 17 23:45:45 EDT 2017, 0.770, 2, 7, 0.550, 9, 6, 68, 583, 54, 12, 46, 38, 16.947, 14.320
Wed May 17 23:46:25 EDT 2017, 0.270, 6, 2, 0.050, 5, 2, 23, 433, 99, 3, 21, 83, 39.263, 34.410
Wed May 17 23:46:28 EDT 2017, 0.390, 1, 8, 0.920, 8, 3, 34, 321, 20, 15, 40, 27, 2.833, 2.267
Wed May 17 23:46:55 EDT 2017, 0.890, 5, 3, 0.420, 4, 7, 79, 471, 65, 5, 15, 72, 26.850, 24.033
Wed May 17 23:47:59 EDT 2017, 0.640, 3, 1, 0.670, 1, 5, 57, 396, 43, 10, 27, 95, 63.650, 39.273
Wed May 17 23:49:04 EDT 2017, 0.140, 7, 6, 0.170, 6, 9, 12, 546, 88, 19, 2, 50, 63.623, 45.237
Wed May 17 23:49:07 EDT 2017, 0.210, 2, 2, 0.490, 6, 9, 51, 377, 14, 6, 5, 33, 3.047, 2.230
Wed May 17 23:50:02 EDT 2017, 0.710, 7, 6, 0.990, 2, 4, 96, 527, 59, 16, 30, 78, 53.897, 39.273
Wed May 17 23:50:09 EDT 2017, 0.960, 5, 8, 0.240, 4, 7, 73, 302, 37, 11, 18, 55, 7.653, 6.900
Wed May 17 23:50:11 EDT 2017, 0.460, 9, 4, 0.740, 9, 2, 28, 452, 82, 2, 43, 10, 1.743, 1.853
Wed May 17 23:50:37 EDT 2017, 0.330, 4, 5, 0.360, 3, 1, 40, 564, 26, 13, 24, 89, 25.117, 19.410
Wed May 17 23:51:00 EDT 2017, 0.830, 8, 1, 0.860, 7, 5, 85, 414, 71, 4, 49, 44, 22.727, 17.437
Wed May 17 23:51:09 EDT 2017, 0.580, 1, 3, 0.110, 5, 3, 62, 489, 48, 9, 12, 21, 9.013, 6.680
Wed May 17 23:51:57 EDT 2017, 0.080, 6, 7, 0.610, 1, 8, 17, 339, 93, 18, 37, 66, 47.423, 34.327
Wed May 17 23:52:10 EDT 2017, 0.110, 2, 6, 0.640, 5, 5, 93, 424, 96, 5, 38, 36, 12.083, 11.797
Wed May 17 23:54:01 EDT 2017, 0.610, 6, 2, 0.140, 9, 1, 48, 574, 51, 14, 13, 81, 106.030, 71.433
Wed May 17 23:54:55 EDT 2017, 0.860, 4, 4, 0.890, 7, 7, 26, 349, 73, 19, 26, 58, 51.870, 33.663
Wed May 17 23:54:57 EDT 2017, 0.360, 8, 9, 0.390, 3, 3, 71, 499, 28, 9, 1, 13, 1.817, 1.673
Thu May 18 00:01:57 EDT 2017, 0.490, 5, 1, 0.520, 6, 4, 82, 536, 85, 16, 32, 92, 418.800, 313.183
Thu May 18 00:02:07 EDT 2017, 0.990, 9, 5, 0.020, 2, 9, 37, 386, 40, 7, 7, 47, 8.790, 7.893
Thu May 18 00:02:09 EDT 2017, 0.740, 3, 8, 0.770, 4, 2, 14, 461, 62, 2, 44, 24, 2.003, 2.263
Thu May 18 00:02:19 EDT 2017, 0.240, 7, 3, 0.270, 8, 6, 59, 311, 17, 12, 19, 69, 9.487, 6.663
Thu May 18 00:02:30 EDT 2017, 0.170, 3, 9, 0.080, 9, 7, 99, 480, 79, 3, 23, 64, 9.587, 11.010
Thu May 18 00:02:34 EDT 2017, 0.670, 8, 5, 0.580, 4, 2, 54, 330, 34, 13, 48, 19, 4.163, 3.173
Thu May 18 00:03:22 EDT 2017, 0.920, 1, 3, 0.330, 2, 9, 31, 555, 57, 18, 10, 41, 46.993, 31.373
Thu May 18 00:03:26 EDT 2017, 0.420, 5, 7, 0.830, 7, 5, 76, 405, 12, 8, 35, 86, 4.390, 3.930
Thu May 18 00:03:54 EDT 2017, 0.300, 2, 4, 0.210, 1, 4, 88, 367, 90, 15, 4, 30, 26.873, 17.987
Thu May 18 00:04:08 EDT 2017, 0.800, 7, 8, 0.710, 5, 8, 43, 517, 45, 6, 29, 75, 13.853, 14.010
Thu May 18 00:04:17 EDT 2017, 0.550, 4, 6, 0.460, 8, 1, 20, 442, 68, 1, 16, 97, 6.563, 8.110
Thu May 18 00:04:44 EDT 2017, 0.050, 9, 1, 0.960, 3, 6, 65, 592, 23, 10, 41, 52, 27.207, 17.193
Thu May 18 00:04:58 EDT 2017, 0.030, 2, 9, 0.350, 5, 5, 21, 335, 69, 7, 30, 73, 13.307, 13.447
Thu May 18 00:05:07 EDT 2017, 0.530, 6, 4, 0.850, 1, 9, 66, 485, 24, 16, 5, 28, 9.133, 6.220
Thu May 18 00:06:13 EDT 2017, 0.780, 4, 2, 0.100, 3, 3, 89, 410, 92, 11, 42, 51, 64.967, 39.197
Thu May 18 00:06:24 EDT 2017, 0.280, 8, 7, 0.600, 7, 7, 44, 560, 47, 2, 17, 96, 8.687, 10.367
Thu May 18 00:06:39 EDT 2017, 0.410, 3, 3, 0.470, 4, 6, 10, 522, 58, 14, 48, 17, 14.363, 9.897
Thu May 18 00:06:41 EDT 2017, 0.910, 7, 8, 0.970, 8, 1, 55, 372, 13, 4, 23, 62, 1.707, 1.683
Thu May 18 00:07:42 EDT 2017, 0.660, 1, 5, 0.220, 6, 8, 78, 597, 81, 9, 36, 85, 60.870, 50.763
Thu May 18 00:08:25 EDT 2017, 0.160, 5, 1, 0.720, 2, 4, 33, 447, 36, 18, 11, 40, 42.983, 25.073
Thu May 18 00:08:38 EDT 2017, 0.220, 5, 7, 0.910, 1, 3, 27, 578, 64, 5, 8, 45, 11.697, 12.197
Thu May 18 00:09:01 EDT 2017, 0.720, 9, 3, 0.410, 6, 8, 72, 428, 19, 15, 33, 90, 23.107, 16.310
Thu May 18 00:09:51 EDT 2017, 0.970, 2, 5, 0.660, 8, 1, 95, 503, 86, 10, 20, 68, 47.880, 38.700
Thu May 18 00:09:52 EDT 2017, 0.470, 7, 9, 0.160, 3, 5, 50, 353, 41, 1, 45, 23, 0.650, 0.760
Thu May 18 00:11:22 EDT 2017, 0.350, 1, 2, 0.780, 9, 6, 16, 391, 75, 13, 14, 79, 89.507, 53.300
Thu May 18 00:11:25 EDT 2017, 0.850, 6, 6, 0.280, 5, 2, 61, 541, 30, 3, 39, 34, 2.837, 2.950
Thu May 18 00:11:29 EDT 2017, 0.600, 3, 8, 0.530, 2, 9, 83, 316, 97, 8, 1, 12, 3.480, 3.177
Thu May 18 00:12:12 EDT 2017, 0.100, 8, 4, 0.030, 7, 4, 38, 466, 52, 17, 26, 57, 42.647, 29.023
Thu May 18 00:12:31 EDT 2017, 0.070, 4, 2, 0.190, 8, 2, 69, 532, 44, 5, 47, 48, 17.993, 13.560
Thu May 18 00:13:30 EDT 2017, 0.570, 8, 7, 0.690, 3, 6, 24, 382, 89, 14, 22, 93, 58.267, 44.863
Thu May 18 00:13:42 EDT 2017, 0.820, 1, 9, 0.440, 1, 4, 47, 457, 21, 19, 34, 71, 11.873, 9.587
Thu May 18 00:13:51 EDT 2017, 0.320, 6, 5, 0.940, 5, 8, 92, 307, 66, 10, 9, 26, 8.573, 7.020
Thu May 18 00:14:17 EDT 2017, 0.440, 3, 6, 0.070, 2, 7, 58, 419, 33, 17, 28, 82, 25.883, 18.997
Thu May 18 00:15:04 EDT 2017, 0.940, 7, 1, 0.570, 6, 3, 13, 569, 78, 7, 3, 37, 46.620, 31.510
Thu May 18 00:15:04 EDT 2017, 0.690, 5, 4, 0.320, 9, 5, 36, 344, 10, 2, 41, 14, 0.400, 0.420
Thu May 18 00:15:26 EDT 2017, 0.190, 9, 8, 0.820, 4, 1, 81, 494, 55, 12, 16, 59, 21.577, 19.030
Thu May 18 00:15:35 EDT 2017, 0.130, 1, 4, 0.500, 4, 1, 75, 363, 38, 4, 12, 76, 8.847, 8.777
Thu May 18 00:15:52 EDT 2017, 0.630, 5, 9, 0.000, 8, 6, 30, 513, 83, 13, 37, 31, 17.057, 15.443
Thu May 18 00:16:01 EDT 2017, 0.880, 3, 6, 0.750, 6, 3, 52, 438, 16, 18, 0, 54, 8.367, 6.273
Thu May 18 00:17:37 EDT 2017, 0.380, 8, 2, 0.250, 1, 8, 97, 588, 61, 8, 25, 99, 95.443, 60.693
Thu May 18 00:17:46 EDT 2017, 0.250, 4, 7, 0.630, 7, 9, 64, 475, 50, 15, 6, 20, 8.437, 6.667
Thu May 18 00:18:15 EDT 2017, 0.750, 9, 3, 0.130, 3, 5, 19, 325, 95, 6, 31, 65, 29.187, 24.420
Thu May 18 00:18:24 EDT 2017, 0.500, 2, 1, 0.880, 5, 7, 41, 550, 27, 1, 19, 88, 7.573, 8.640
Thu May 18 00:18:46 EDT 2017, 0.000, 6, 5, 0.380, 9, 2, 86, 400, 72, 11, 44, 43, 21.350, 17.637
Thu May 18 00:18:59 EDT 2017, 0.010, 3, 8, 0.940, 5, 4, 51, 446, 75, 11, 28, 32, 13.207, 11.857
Thu May 18 00:19:08 EDT 2017, 0.510, 8, 3, 0.440, 9, 9, 96, 596, 30, 2, 3, 77, 7.910, 8.630
Thu May 18 00:21:29 EDT 2017, 0.760, 1, 1, 0.690, 7, 2, 74, 371, 98, 7, 40, 99, 134.807, 104.847
Thu May 18 00:22:06 EDT 2017, 0.260, 6, 5, 0.190, 2, 7, 29, 521, 53, 16, 15, 54, 36.430, 26.960
Thu May 18 00:22:47 EDT 2017, 0.380, 2, 4, 0.810, 6, 5, 40, 558, 64, 9, 47, 65, 39.637, 31.137
Thu May 18 00:22:50 EDT 2017, 0.880, 7, 9, 0.310, 1, 1, 85, 408, 19, 19, 22, 20, 2.773, 2.163
Thu May 18 00:23:24 EDT 2017, 0.630, 5, 6, 0.560, 4, 8, 63, 483, 86, 14, 34, 43, 34.513, 27.213
Thu May 18 00:23:42 EDT 2017, 0.130, 9, 2, 0.060, 8, 3, 18, 333, 41, 4, 9, 88, 16.797, 13.390
Thu May 18 00:24:19 EDT 2017, 0.190, 1, 6, 0.250, 9, 4, 46, 465, 58, 10, 6, 94, 36.357, 30.307
Thu May 18 00:24:20 EDT 2017, 0.690, 5, 1, 0.750, 4, 8, 91, 315, 13, 1, 31, 49, 1.397, 1.507
Thu May 18 00:24:33 EDT 2017, 0.940, 3, 4, 0.000, 2, 1, 68, 540, 81, 5, 18, 26, 11.677, 10.503
Thu May 18 00:24:50 EDT 2017, 0.440, 7, 8, 0.500, 6, 6, 23, 390, 36, 15, 43, 71, 16.410, 13.523
Thu May 18 00:25:06 EDT 2017, 0.320, 4, 3, 0.370, 1, 7, 34, 352, 70, 8, 12, 37, 16.307, 12.670
Thu May 18 00:25:27 EDT 2017, 0.820, 9, 7, 0.870, 5, 3, 79, 502, 25, 17, 37, 82, 20.430, 16.417
Thu May 18 00:26:00 EDT 2017, 0.570, 2, 9, 0.120, 7, 9, 57, 427, 92, 13, 0, 60, 32.057, 27.980
Thu May 18 00:26:02 EDT 2017, 0.070, 6, 5, 0.620, 3, 5, 12, 577, 47, 3, 25, 15, 2.303, 2.347
Thu May 18 00:29:54 EDT 2017, 0.100, 2, 1, 0.590, 3, 2, 99, 493, 50, 19, 48, 91, 227.603, 163.813
Thu May 18 00:30:17 EDT 2017, 0.600, 7, 6, 0.090, 7, 7, 54, 343, 95, 10, 23, 46, 22.297, 18.487
Thu May 18 00:30:20 EDT 2017, 0.850, 4, 8, 0.840, 9, 5, 32, 568, 27, 5, 36, 23, 2.253, 2.207
Thu May 18 00:31:25 EDT 2017, 0.350, 9, 3, 0.340, 5, 9, 77, 418, 72, 14, 11, 68, 63.870, 43.903
Thu May 18 00:31:27 EDT 2017, 0.480, 3, 7, 0.720, 8, 8, 88, 305, 39, 3, 29, 34, 1.987, 2.060
Thu May 18 00:33:50 EDT 2017, 0.980, 8, 2, 0.220, 4, 3, 43, 455, 84, 12, 4, 79, 136.937, 97.753
Thu May 18 00:34:00 EDT 2017, 0.730, 1, 4, 0.970, 2, 6, 20, 380, 16, 17, 42, 57, 9.813, 6.767
Thu May 18 00:34:03 EDT 2017, 0.230, 5, 9, 0.470, 6, 1, 65, 530, 61, 7, 17, 12, 2.807, 2.707
Thu May 18 00:34:17 EDT 2017, 0.160, 5, 3, 0.160, 7, 1, 94, 399, 33, 18, 14, 29, 13.400, 9.100
Thu May 18 00:34:51 EDT 2017, 0.660, 9, 7, 0.660, 2, 5, 49, 549, 78, 8, 39, 74, 34.120, 31.837
Thu May 18 00:34:54 EDT 2017, 0.910, 3, 5, 0.410, 4, 3, 26, 324, 11, 4, 1, 96, 2.587, 2.507
Thu May 18 00:36:04 EDT 2017, 0.410, 7, 1, 0.910, 9, 7, 71, 474, 56, 13, 26, 51, 68.807, 42.283
Thu May 18 00:36:07 EDT 2017, 0.290, 2, 8, 0.030, 3, 8, 82, 587, 44, 1, 8, 63, 2.890, 3.383
Thu May 18 00:36:21 EDT 2017, 0.790, 6, 4, 0.530, 8, 4, 37, 437, 89, 11, 33, 18, 14.013, 10.693
Thu May 18 00:36:41 EDT 2017, 0.540, 4, 2, 0.280, 6, 6, 15, 512, 22, 16, 20, 40, 19.473, 11.837
Thu May 18 00:37:01 EDT 2017, 0.040, 8, 6, 0.780, 1, 2, 60, 362, 67, 6, 45, 85, 19.727, 18.147
Thu May 18 00:37:08 EDT 2017, 0.050, 1, 3, 0.390, 7, 8, 27, 544, 26, 12, 32, 19, 6.337, 4.417
Thu May 18 00:37:17 EDT 2017, 0.550, 6, 8, 0.890, 3, 3, 72, 394, 71, 3, 7, 64, 7.817, 9.013
Thu May 18 00:37:42 EDT 2017, 0.800, 3, 6, 0.140, 1, 6, 95, 469, 49, 8, 44, 86, 23.973, 20.647
Thu May 18 00:39:03 EDT 2017, 0.300, 8, 1, 0.640, 5, 1, 50, 319, 94, 17, 19, 41, 80.137, 46.953
Thu May 18 00:39:08 EDT 2017, 0.430, 4, 9, 0.260, 2, 2, 16, 432, 15, 10, 38, 75, 4.847, 4.490
Thu May 18 00:39:37 EDT 2017, 0.930, 9, 5, 0.760, 6, 7, 61, 582, 60, 19, 13, 30, 29.510, 21.717
Thu May 18 00:40:07 EDT 2017, 0.680, 2, 2, 0.010, 8, 4, 84, 357, 37, 15, 25, 53, 29.187, 17.583
Thu May 18 00:40:40 EDT 2017, 0.180, 7, 7, 0.510, 4, 9, 39, 507, 82, 5, 0, 98, 30.977, 31.157
Thu May 18 00:41:03 EDT 2017, 0.240, 3, 1, 0.830, 3, 9, 22, 338, 20, 11, 4, 81, 23.057, 14.370
Thu May 18 00:41:08 EDT 2017, 0.740, 7, 5, 0.330, 8, 5, 67, 488, 65, 2, 29, 36, 4.913, 5.237
Thu May 18 00:41:10 EDT 2017, 0.990, 1, 7, 0.580, 6, 7, 89, 413, 43, 6, 16, 13, 1.990, 1.840
Thu May 18 00:43:09 EDT 2017, 0.490, 5, 3, 0.080, 1, 3, 44, 563, 88, 16, 41, 58, 113.110, 80.313
Thu May 18 00:43:18 EDT 2017, 0.370, 2, 6, 0.950, 7, 2, 11, 451, 32, 9, 22, 47, 8.383, 7.407
Thu May 18 00:45:46 EDT 2017, 0.870, 6, 2, 0.450, 2, 6, 56, 301, 77, 18, 47, 92, 143.840, 83.027
Thu May 18 00:46:35 EDT 2017, 0.620, 4, 4, 0.700, 5, 4, 78, 526, 54, 13, 10, 70, 47.703, 34.857
Thu May 18 00:46:40 EDT 2017, 0.120, 8, 9, 0.200, 9, 8, 33, 376, 99, 4, 35, 25, 4.680, 5.060
Thu May 18 00:47:47 EDT 2017, 0.080, 4, 5, 0.050, 5, 6, 75, 310, 91, 19, 40, 78, 66.607, 45.123
Thu May 18 00:48:11 EDT 2017, 0.580, 9, 1, 0.550, 1, 1, 30, 460, 46, 9, 15, 33, 23.880, 14.747
Thu May 18 00:48:15 EDT 2017, 0.830, 2, 3, 0.300, 3, 8, 53, 385, 68, 5, 27, 11, 3.340, 2.857
Thu May 18 00:48:25 EDT 2017, 0.330, 6, 8, 0.800, 8, 4, 98, 535, 23, 14, 2, 56, 10.230, 8.530
Thu May 18 00:48:39 EDT 2017, 0.460, 1, 2, 0.170, 4, 5, 64, 498, 79, 2, 33, 44, 13.103, 13.133
Thu May 18 00:48:56 EDT 2017, 0.960, 5, 7, 0.670, 9, 9, 19, 348, 34, 12, 8, 89, 15.833, 13.563
Thu May 18 00:49:30 EDT 2017, 0.710, 3, 9, 0.420, 7, 2, 41, 573, 57, 16, 46, 67, 33.887, 29.463
Thu May 18 00:49:32 EDT 2017, 0.210, 8, 4, 0.920, 2, 7, 86, 423, 12, 7, 21, 22, 1.607, 1.357
Thu May 18 00:49:47 EDT 2017, 0.150, 3, 8, 0.730, 1, 6, 70, 591, 85, 18, 24, 16, 14.743, 11.517
Thu May 18 00:50:03 EDT 2017, 0.650, 7, 4, 0.230, 6, 2, 25, 441, 40, 8, 49, 61, 16.490, 13.280
Thu May 18 00:50:35 EDT 2017, 0.900, 5, 2, 0.980, 8, 9, 47, 516, 63, 3, 11, 84, 30.837, 27.273
Thu May 18 00:50:40 EDT 2017, 0.400, 9, 6, 0.480, 4, 4, 92, 366, 18, 13, 36, 39, 4.553, 3.460
Thu May 18 00:50:49 EDT 2017, 0.270, 4, 5, 0.610, 9, 3, 58, 404, 96, 1, 5, 72, 7.187, 8.930
Thu May 18 00:50:59 EDT 2017, 0.770, 8, 9, 0.110, 5, 7, 13, 554, 51, 11, 30, 27, 9.430, 8.417
Thu May 18 00:51:21 EDT 2017, 0.520, 1, 7, 0.860, 3, 1, 36, 329, 74, 15, 18, 50, 21.767, 17.013
Thu May 18 00:51:40 EDT 2017, 0.020, 6, 3, 0.360, 7, 5, 81, 479, 29, 6, 43, 95, 18.783, 16.123
Thu May 18 00:52:21 EDT 2017, 0.010, 2, 7, 0.240, 3, 7, 15, 542, 56, 16, 12, 70, 40.257, 32.257
Thu May 18 00:52:23 EDT 2017, 0.510, 7, 3, 0.740, 7, 2, 60, 392, 11, 6, 37, 25, 1.563, 1.377
Thu May 18 00:52:29 EDT 2017, 0.760, 5, 5, 0.490, 5, 9, 83, 467, 79, 1, 24, 48, 4.693, 5.290
Thu May 18 00:52:41 EDT 2017, 0.260, 9, 9, 0.990, 1, 5, 38, 317, 34, 11, 49, 93, 11.670, 10.373
Thu May 18 00:52:47 EDT 2017, 0.390, 3, 1, 0.120, 6, 3, 27, 430, 68, 4, 18, 14, 6.783, 4.913
Thu May 18 00:53:01 EDT 2017, 0.890, 8, 6, 0.620, 2, 8, 72, 580, 23, 13, 43, 59, 13.613, 10.707
Thu May 18 00:53:55 EDT 2017, 0.640, 1, 8, 0.370, 4, 1, 94, 355, 90, 18, 6, 82, 52.337, 39.710
Thu May 18 00:54:09 EDT 2017, 0.140, 6, 4, 0.870, 8, 6, 49, 505, 45, 9, 31, 37, 14.143, 11.017
Thu May 18 00:54:34 EDT 2017, 0.200, 4, 9, 0.550, 8, 5, 10, 373, 73, 17, 27, 53, 24.133, 19.960
Thu May 18 00:54:54 EDT 2017, 0.700, 8, 4, 0.050, 3, 1, 55, 523, 28, 7, 2, 98, 19.607, 16.263
Thu May 18 00:55:31 EDT 2017, 0.950, 2, 2, 0.800, 1, 7, 77, 448, 96, 3, 40, 76, 36.423, 31.230
Thu May 18 00:55:45 EDT 2017, 0.450, 6, 7, 0.300, 6, 3, 32, 598, 51, 12, 15, 31, 13.617, 11.650
Thu May 18 00:56:17 EDT 2017, 0.330, 1, 3, 0.680, 2, 4, 21, 486, 62, 5, 46, 87, 31.843, 28.020
Thu May 18 00:56:21 EDT 2017, 0.830, 5, 8, 0.180, 7, 9, 66, 336, 17, 15, 21, 42, 3.807, 3.033
Thu May 18 00:56:47 EDT 2017, 0.580, 3, 5, 0.930, 9, 2, 89, 561, 84, 19, 34, 20, 25.280, 18.247
Thu May 18 00:57:29 EDT 2017, 0.080, 7, 1, 0.430, 4, 6, 44, 411, 39, 10, 9, 65, 40.930, 26.290
Thu May 18 00:57:44 EDT 2017, 0.110, 3, 4, 0.330, 1, 9, 63, 326, 37, 13, 16, 51, 14.503, 10.760
Thu May 18 00:58:03 EDT 2017, 0.610, 8, 8, 0.830, 5, 4, 18, 476, 82, 3, 41, 96, 16.647, 18.793
Thu May 18 00:58:08 EDT 2017, 0.860, 1, 6, 0.080, 8, 7, 41, 401, 14, 8, 4, 73, 4.633, 4.020
Thu May 18 00:58:52 EDT 2017, 0.360, 5, 2, 0.580, 3, 2, 86, 551, 59, 17, 29, 28, 44.207, 24.947
Thu May 18 00:59:10 EDT 2017, 0.480, 2, 7, 0.460, 9, 1, 75, 514, 48, 6, 10, 84, 17.180, 16.817
Thu May 18 00:59:53 EDT 2017, 0.980, 7, 3, 0.960, 4, 5, 30, 364, 93, 15, 35, 39, 42.673, 29.463
Thu May 18 01:00:03 EDT 2017, 0.730, 4, 1, 0.210, 2, 3, 52, 589, 25, 10, 23, 17, 9.540, 5.637
Thu May 18 01:00:10 EDT 2017, 0.230, 9, 5, 0.710, 6, 8, 97, 439, 70, 1, 48, 62, 5.110, 6.080
Thu May 18 01:01:33 EDT 2017, 0.170, 1, 2, 0.900, 6, 8, 58, 570, 53, 14, 45, 68, 82.493, 50.160
Thu May 18 01:01:39 EDT 2017, 0.670, 6, 7, 0.400, 1, 4, 13, 420, 98, 4, 20, 23, 5.620, 5.763
Thu May 18 01:01:46 EDT 2017, 0.920, 4, 9, 0.650, 4, 6, 35, 495, 31, 9, 32, 45, 6.340, 6.033
Thu May 18 01:02:58 EDT 2017, 0.420, 8, 5, 0.150, 8, 2, 80, 345, 76, 19, 7, 90, 71.630, 49.470
Thu May 18 01:03:00 EDT 2017, 0.300, 5, 6, 0.770, 5, 3, 69, 383, 42, 7, 26, 11, 1.947, 1.750
Thu May 18 01:06:48 EDT 2017, 0.800, 9, 1, 0.270, 9, 7, 24, 533, 87, 16, 1, 56, 224.940, 164.627
Thu May 18 01:07:01 EDT 2017, 0.550, 3, 3, 0.520, 7, 5, 46, 308, 20, 12, 38, 79, 12.253, 9.157
Thu May 18 01:07:05 EDT 2017, 0.050, 7, 8, 0.020, 3, 9, 91, 458, 65, 2, 13, 34, 3.140, 3.630
Thu May 18 01:07:19 EDT 2017, 0.030, 5, 2, 0.660, 9, 1, 39, 416, 15, 15, 2, 58, 14.727, 9.083
Thu May 18 01:07:23 EDT 2017, 0.530, 9, 6, 0.160, 5, 6, 84, 566, 60, 5, 27, 13, 3.367, 3.157
Thu May 18 01:07:24 EDT 2017, 0.780, 2, 9, 0.910, 2, 3, 62, 341, 38, 1, 14, 35, 0.847, 0.960
Thu May 18 01:08:30 EDT 2017, 0.280, 7, 4, 0.410, 7, 8, 17, 491, 83, 10, 39, 80, 65.423, 48.613
Thu May 18 01:08:32 EDT 2017, 0.410, 1, 5, 0.540, 1, 9, 51, 528, 27, 3, 20, 24, 2.020, 2.057
Thu May 18 01:10:12 EDT 2017, 0.910, 6, 1, 0.040, 6, 4, 96, 378, 72, 12, 45, 69, 97.223, 65.287
Thu May 18 01:11:26 EDT 2017, 0.660, 4, 3, 0.790, 8, 7, 73, 453, 49, 17, 8, 91, 73.337, 49.180
Thu May 18 01:11:40 EDT 2017, 0.160, 8, 7, 0.290, 3, 2, 28, 303, 94, 8, 33, 46, 14.023, 13.137
Thu May 18 01:11:49 EDT 2017, 0.220, 2, 5, 0.100, 4, 2, 34, 472, 21, 16, 36, 41, 9.070, 6.433
Thu May 18 01:12:05 EDT 2017, 0.720, 6, 9, 0.600, 9, 6, 79, 322, 66, 7, 11, 86, 15.077, 14.917
Thu May 18 01:12:11 EDT 2017, 0.970, 4, 7, 0.350, 6, 4, 56, 547, 44, 2, 49, 63, 5.200, 5.790
Thu May 18 01:12:34 EDT 2017, 0.470, 9, 2, 0.850, 2, 8, 11, 397, 89, 11, 24, 18, 21.777, 13.277
Thu May 18 01:12:36 EDT 2017, 0.340, 3, 8, 0.230, 5, 7, 45, 359, 10, 4, 42, 97, 1.893, 1.933
Thu May 18 01:13:13 EDT 2017, 0.840, 7, 4, 0.730, 1, 3, 90, 509, 55, 14, 17, 52, 36.697, 25.743
Thu May 18 01:13:40 EDT 2017, 0.590, 1, 1, 0.480, 3, 5, 68, 434, 32, 18, 30, 30, 27.487, 15.567
Thu May 18 01:14:27 EDT 2017, 0.090, 5, 6, 0.980, 7, 1, 23, 584, 77, 9, 5, 75, 45.273, 38.580
Thu May 18 01:14:50 EDT 2017, 0.060, 1, 9, 0.760, 7, 3, 87, 519, 86, 13, 19, 38, 22.057, 19.107
Thu May 18 01:15:00 EDT 2017, 0.560, 6, 5, 0.260, 3, 8, 42, 369, 41, 4, 44, 83, 9.760, 10.053
Thu May 18 01:15:40 EDT 2017, 0.810, 3, 3, 0.510, 5, 1, 20, 594, 63, 8, 6, 60, 39.517, 31.640
Thu May 18 01:15:43 EDT 2017, 0.310, 8, 7, 0.010, 9, 5, 65, 444, 18, 18, 31, 15, 2.410, 1.843
Thu May 18 01:16:23 EDT 2017, 0.440, 4, 4, 0.880, 4, 6, 98, 331, 97, 6, 0, 94, 39.627, 32.903
Thu May 18 01:16:44 EDT 2017, 0.940, 9, 8, 0.380, 8, 2, 53, 481, 52, 15, 25, 49, 20.327, 16.510
Thu May 18 01:16:56 EDT 2017, 0.690, 2, 6, 0.630, 6, 9, 31, 406, 75, 11, 13, 27, 12.277, 10.237
Thu May 18 01:17:02 EDT 2017, 0.190, 7, 2, 0.130, 2, 4, 76, 556, 30, 1, 38, 72, 5.010, 5.693
Thu May 18 01:17:38 EDT 2017, 0.120, 4, 7, 0.440, 2, 5, 82, 387, 91, 14, 41, 55, 34.520, 26.770
Thu May 18 01:17:42 EDT 2017, 0.620, 8, 2, 0.940, 7, 9, 37, 537, 46, 5, 16, 10, 4.007, 2.927
Thu May 18 01:17:53 EDT 2017, 0.870, 2, 4, 0.190, 9, 3, 14, 312, 69, 9, 28, 32, 11.380, 9.103
Thu May 18 01:18:09 EDT 2017, 0.370, 6, 9, 0.690, 4, 7, 59, 462, 24, 19, 3, 77, 15.447, 12.667
Thu May 18 01:18:36 EDT 2017, 0.250, 3, 1, 0.320, 8, 6, 93, 575, 80, 7, 34, 21, 26.437, 17.483
Thu May 18 01:18:58 EDT 2017, 0.750, 7, 6, 0.820, 3, 1, 48, 425, 35, 17, 9, 66, 21.793, 15.870
Thu May 18 01:19:34 EDT 2017, 0.500, 5, 8, 0.070, 1, 8, 25, 500, 58, 12, 47, 89, 35.990, 31.280
Thu May 18 01:19:36 EDT 2017, 0.000, 9, 3, 0.570, 5, 4, 70, 350, 13, 2, 22, 44, 1.377, 1.407
Thu May 18 01:19:38 EDT 2017, 0.000, 5, 6, 0.280, 8, 9, 97, 407, 53, 4, 37, 17, 2.380, 2.407
Thu May 18 01:23:07 EDT 2017, 0.500, 9, 2, 0.780, 4, 5, 52, 557, 98, 13, 12, 62, 197.263, 152.407
Thu May 18 01:23:36 EDT 2017, 0.750, 3, 4, 0.030, 1, 7, 29, 332, 31, 18, 49, 85, 28.483, 18.797
Thu May 18 01:23:49 EDT 2017, 0.250, 7, 9, 0.530, 6, 3, 74, 482, 76, 8, 24, 40, 12.923, 12.417
Thu May 18 01:26:07 EDT 2017, 0.380, 2, 1, 0.400, 2, 1, 85, 594, 42, 16, 43, 73, 137.977, 99.493
Thu May 18 01:26:19 EDT 2017, 0.880, 6, 5, 0.900, 7, 6, 40, 444, 87, 6, 18, 28, 11.513, 10.400
Thu May 18 01:26:21 EDT 2017, 0.630, 4, 8, 0.150, 9, 4, 18, 519, 20, 1, 30, 51, 1.127, 1.233
Thu May 18 01:27:20 EDT 2017, 0.130, 8, 3, 0.650, 5, 8, 63, 369, 65, 11, 5, 96, 58.040, 41.477
Thu May 18 01:27:29 EDT 2017, 0.190, 2, 9, 0.970, 3, 8, 91, 500, 36, 5, 2, 79, 8.347, 8.993
Thu May 18 01:27:50 EDT 2017, 0.690, 7, 5, 0.470, 7, 3, 46, 350, 81, 14, 27, 34, 20.740, 15.970
Thu May 18 01:27:55 EDT 2017, 0.940, 4, 2, 0.720, 5, 5, 23, 575, 14, 19, 15, 11, 4.460, 2.757
Thu May 18 01:28:13 EDT 2017, 0.440, 9, 7, 0.220, 1, 1, 68, 425, 59, 10, 40, 56, 17.873, 15.247
Thu May 18 01:28:34 EDT 2017, 0.310, 3, 4, 0.840, 6, 2, 80, 313, 48, 17, 21, 45, 20.017, 13.910
Thu May 18 01:29:09 EDT 2017, 0.810, 8, 8, 0.340, 2, 6, 35, 463, 93, 7, 46, 90, 34.820, 33.853
Thu May 18 01:29:12 EDT 2017, 0.560, 1, 6, 0.590, 4, 4, 12, 388, 25, 2, 9, 68, 2.387, 2.720
Thu May 18 01:29:53 EDT 2017, 0.060, 6, 1, 0.090, 9, 9, 57, 538, 70, 12, 34, 23, 40.263, 24.963
Thu May 18 01:30:18 EDT 2017, 0.090, 1, 5, 0.120, 6, 6, 54, 454, 73, 5, 41, 82, 24.153, 24.683
Thu May 18 01:30:23 EDT 2017, 0.590, 5, 9, 0.620, 2, 2, 99, 304, 28, 15, 16, 37, 4.537, 3.833
Thu May 18 01:30:32 EDT 2017, 0.840, 3, 7, 0.370, 4, 8, 77, 529, 95, 10, 29, 14, 8.600, 7.353
Thu May 18 01:30:37 EDT 2017, 0.340, 8, 3, 0.870, 8, 4, 32, 379, 50, 1, 4, 59, 3.777, 4.390
Thu May 18 01:30:51 EDT 2017, 0.470, 4, 8, 0.000, 5, 3, 43, 341, 62, 13, 35, 48, 14.563, 12.720
Thu May 18 01:30:57 EDT 2017, 0.970, 9, 4, 0.500, 9, 7, 88, 491, 17, 3, 10, 93, 5.130, 5.227
Thu May 18 01:31:59 EDT 2017, 0.720, 2, 2, 0.250, 7, 1, 66, 416, 84, 8, 48, 70, 61.533, 40.083
Thu May 18 01:32:12 EDT 2017, 0.220, 6, 6, 0.750, 3, 5, 21, 566, 39, 17, 23, 25, 12.053, 8.733
Thu May 18 01:32:23 EDT 2017, 0.160, 4, 2, 0.560, 1, 6, 49, 435, 56, 7, 20, 20, 10.493, 7.147
Thu May 18 01:32:30 EDT 2017, 0.660, 8, 7, 0.060, 5, 1, 94, 585, 11, 16, 45, 65, 7.350, 5.607
Thu May 18 01:33:00 EDT 2017, 0.910, 1, 9, 0.810, 8, 8, 71, 360, 79, 11, 7, 87, 28.930, 26.220
Thu May 18 01:33:04 EDT 2017, 0.410, 6, 4, 0.310, 3, 3, 26, 510, 34, 2, 32, 42, 3.807, 4.107
Thu May 18 01:33:59 EDT 2017, 0.280, 2, 6, 0.680, 9, 4, 37, 547, 67, 14, 1, 76, 54.107, 42.337
Thu May 18 01:34:04 EDT 2017, 0.780, 7, 1, 0.180, 4, 9, 82, 397, 22, 4, 26, 31, 4.737, 3.420
Thu May 18 01:34:51 EDT 2017, 0.530, 5, 3, 0.930, 2, 2, 60, 472, 90, 9, 13, 54, 46.463, 36.157
Thu May 18 01:35:20 EDT 2017, 0.030, 9, 8, 0.430, 7, 7, 15, 322, 45, 18, 38, 99, 28.830, 23.037
Thu May 18 01:35:32 EDT 2017, 0.050, 3, 3, 0.860, 4, 4, 73, 590, 91, 3, 27, 27, 11.370, 11.543
Thu May 18 01:35:57 EDT 2017, 0.550, 7, 7, 0.360, 8, 8, 28, 440, 46, 13, 2, 72, 24.257, 19.777
Thu May 18 01:36:59 EDT 2017, 0.800, 5, 9, 0.610, 6, 2, 50, 515, 69, 18, 39, 94, 60.787, 49.420
Thu May 18 01:37:05 EDT 2017, 0.300, 9, 5, 0.110, 2, 6, 95, 365, 24, 8, 14, 49, 5.623, 4.843
Thu May 18 01:37:47 EDT 2017, 0.420, 4, 6, 0.980, 5, 7, 61, 402, 80, 15, 45, 61, 41.147, 31.797
Thu May 18 01:37:54 EDT 2017, 0.920, 8, 1, 0.480, 1, 3, 16, 552, 35, 6, 20, 16, 7.370, 4.743
Thu May 18 01:37:57 EDT 2017, 0.670, 1, 4, 0.730, 3, 9, 39, 327, 57, 1, 33, 38, 2.003, 2.290
Thu May 18 01:38:02 EDT 2017, 0.170, 6, 8, 0.230, 7, 5, 84, 477, 12, 10, 8, 83, 5.167, 4.647
Thu May 18 01:38:28 EDT 2017, 0.240, 4, 4, 0.420, 9, 4, 67, 308, 86, 5, 11, 89, 25.700, 23.653
Thu May 18 01:38:40 EDT 2017, 0.740, 9, 9, 0.920, 4, 9, 22, 458, 41, 14, 36, 44, 11.590, 10.180
Thu May 18 01:38:51 EDT 2017, 0.990, 2, 7, 0.170, 2, 2, 44, 383, 63, 19, 23, 21, 10.797, 8.327
Thu May 18 01:39:08 EDT 2017, 0.490, 7, 2, 0.670, 7, 7, 89, 533, 18, 9, 48, 66, 16.317, 11.027
Thu May 18 01:39:35 EDT 2017, 0.360, 1, 8, 0.290, 1, 5, 56, 496, 97, 16, 17, 33, 27.173, 21.757
Thu May 18 01:39:58 EDT 2017, 0.860, 5, 3, 0.790, 6, 1, 11, 346, 52, 7, 42, 78, 22.447, 18.623
Thu May 18 01:40:23 EDT 2017, 0.610, 3, 1, 0.040, 8, 8, 33, 571, 74, 2, 5, 55, 23.677, 22.230
Thu May 18 01:40:25 EDT 2017, 0.110, 8, 5, 0.540, 3, 3, 78, 421, 29, 12, 30, 10, 2.373, 1.870
Thu May 18 01:40:31 EDT 2017, 0.080, 3, 8, 0.700, 2, 1, 30, 355, 21, 6, 44, 92, 5.147, 5.123
Thu May 18 01:41:18 EDT 2017, 0.580, 7, 4, 0.200, 6, 5, 75, 505, 66, 16, 19, 47, 45.967, 31.100
Thu May 18 01:41:31 EDT 2017, 0.830, 1, 2, 0.950, 9, 3, 98, 430, 43, 11, 31, 24, 13.357, 8.327
Thu May 18 01:41:48 EDT 2017, 0.330, 5, 6, 0.450, 4, 7, 53, 580, 88, 2, 6, 69, 13.610, 15.917
Thu May 18 01:41:52 EDT 2017, 0.450, 2, 3, 0.580, 8, 9, 19, 468, 10, 13, 25, 35, 4.220, 2.930
Thu May 18 01:42:02 EDT 2017, 0.950, 6, 7, 0.080, 3, 4, 64, 318, 55, 4, 0, 80, 8.573, 9.300
Thu May 18 01:42:18 EDT 2017, 0.700, 4, 5, 0.830, 1, 6, 87, 543, 32, 9, 37, 58, 14.993, 12.253
Thu May 18 01:42:45 EDT 2017, 0.200, 8, 1, 0.330, 5, 2, 42, 393, 77, 18, 12, 13, 26.570, 15.550
Thu May 18 01:42:48 EDT 2017, 0.140, 1, 7, 0.010, 7, 2, 25, 561, 15, 8, 16, 30, 2.573, 2.290
Thu May 18 01:44:26 EDT 2017, 0.640, 6, 2, 0.510, 3, 7, 70, 411, 60, 17, 41, 75, 96.330, 54.410
Thu May 18 01:45:00 EDT 2017, 0.890, 3, 5, 0.260, 5, 5, 92, 486, 38, 12, 3, 97, 33.713, 26.177
Thu May 18 01:45:07 EDT 2017, 0.390, 8, 9, 0.760, 9, 9, 47, 336, 83, 3, 28, 52, 5.997, 7.053
Thu May 18 01:45:52 EDT 2017, 0.270, 5, 1, 0.140, 4, 8, 14, 449, 27, 15, 9, 63, 43.750, 26.647
Thu May 18 01:45:58 EDT 2017, 0.770, 9, 6, 0.640, 8, 4, 59, 599, 72, 5, 34, 18, 6.030, 5.797
Thu May 18 01:46:07 EDT 2017, 0.520, 2, 8, 0.390, 6, 6, 81, 374, 49, 10, 22, 41, 8.357, 7.567
Thu May 18 01:50:17 EDT 2017, 0.020, 7, 3, 0.890, 1, 1, 36, 524, 94, 19, 47, 86, 243.457, 177.453
Thu May 18 01:50:28 EDT 2017, 0.020, 1, 8, 0.520, 8, 2, 61, 573, 33, 9, 3, 57, 10.850, 9.843
Thu May 18 01:50:41 EDT 2017, 0.520, 6, 4, 0.020, 4, 6, 16, 423, 78, 19, 28, 12, 12.733, 8.570
Thu May 18 01:50:50 EDT 2017, 0.770, 4, 1, 0.770, 2, 4, 38, 498, 10, 14, 15, 35, 8.907, 5.187
Thu May 18 01:51:02 EDT 2017, 0.270, 8, 6, 0.270, 6, 9, 83, 348, 55, 4, 40, 80, 10.767, 11.297
Thu May 18 01:51:09 EDT 2017, 0.400, 5, 5, 0.650, 1, 8, 72, 386, 44, 12, 21, 23, 7.140, 5.603
Thu May 18 01:51:21 EDT 2017, 0.900, 9, 9, 0.150, 5, 3, 27, 536, 89, 2, 46, 68, 9.327, 11.130
Thu May 18 01:51:27 EDT 2017, 0.650, 3, 7, 0.900, 7, 5, 49, 311, 22, 7, 9, 91, 5.793, 5.670
Thu May 18 01:52:35 EDT 2017, 0.150, 7, 2, 0.400, 3, 1, 94, 461, 67, 16, 34, 46, 67.830, 38.220
Thu May 18 01:52:44 EDT 2017, 0.210, 3, 5, 0.210, 5, 1, 55, 329, 50, 8, 31, 40, 8.587, 7.413
Thu May 18 01:59:38 EDT 2017, 0.710, 8, 1, 0.710, 9, 6, 10, 479, 95, 17, 6, 85, 403.793, 316.683
Thu May 18 01:59:57 EDT 2017, 0.960, 1, 3, 0.460, 7, 4, 33, 404, 27, 13, 43, 63, 18.560, 13.057
Thu May 18 02:00:01 EDT 2017, 0.460, 5, 7, 0.960, 2, 8, 78, 554, 72, 3, 18, 18, 3.263, 3.440
Thu May 18 02:00:59 EDT 2017, 0.340, 2, 2, 0.080, 6, 9, 66, 517, 39, 10, 37, 97, 57.753, 38.260
Thu May 18 02:01:05 EDT 2017, 0.840, 6, 6, 0.580, 1, 5, 21, 367, 84, 1, 12, 52, 3.777, 4.607
Thu May 18 02:01:07 EDT 2017, 0.590, 4, 9, 0.330, 3, 7, 44, 592, 16, 6, 25, 29, 1.860, 1.817
Thu May 18 02:02:04 EDT 2017, 0.090, 9, 4, 0.830, 8, 2, 89, 442, 61, 15, 0, 74, 56.950, 38.467
Thu May 18 02:02:17 EDT 2017, 0.120, 4, 1, 0.930, 7, 5, 18, 358, 58, 3, 23, 43, 12.513, 10.087
Thu May 18 02:02:28 EDT 2017, 0.620, 8, 5, 0.430, 2, 9, 63, 508, 13, 12, 48, 88, 10.657, 8.490
Thu May 18 02:03:13 EDT 2017, 0.870, 2, 8, 0.680, 4, 3, 86, 433, 81, 17, 11, 66, 43.503, 33.973
Thu May 18 02:03:20 EDT 2017, 0.370, 6, 3, 0.180, 9, 7, 41, 583, 36, 7, 36, 21, 6.767, 5.337
Thu May 18 02:04:35 EDT 2017, 0.490, 1, 7, 0.800, 3, 6, 30, 470, 69, 19, 4, 99, 74.113, 54.147
Thu May 18 02:04:47 EDT 2017, 0.990, 5, 2, 0.300, 8, 2, 75, 320, 24, 10, 29, 54, 12.047, 7.720
Thu May 18 02:05:04 EDT 2017, 0.740, 3, 4, 0.550, 5, 8, 97, 545, 92, 5, 17, 32, 16.413, 15.090
Thu May 18 02:05:25 EDT 2017, 0.240, 7, 9, 0.050, 1, 4, 52, 395, 47, 14, 42, 77, 20.500, 17.063
Thu May 18 02:05:33 EDT 2017, 0.180, 2, 4, 0.360, 3, 3, 13, 526, 75, 1, 39, 60, 6.550, 8.030
Thu May 18 02:05:35 EDT 2017, 0.680, 7, 8, 0.860, 7, 8, 58, 376, 30, 11, 14, 15, 2.100, 1.793
Thu May 18 02:06:12 EDT 2017, 0.930, 4, 6, 0.110, 9, 1, 80, 451, 98, 16, 26, 37, 36.010, 28.097
Thu May 18 02:06:38 EDT 2017, 0.430, 9, 2, 0.610, 5, 6, 35, 301, 53, 6, 1, 82, 26.020, 18.623
Thu May 18 02:06:50 EDT 2017, 0.310, 3, 9, 0.490, 8, 7, 24, 414, 64, 18, 32, 26, 11.693, 9.850
Thu May 18 02:07:01 EDT 2017, 0.810, 8, 5, 0.990, 4, 2, 69, 564, 19, 9, 7, 71, 10.690, 8.787
Thu May 18 02:07:30 EDT 2017, 0.560, 1, 3, 0.240, 1, 9, 92, 339, 86, 4, 45, 94, 28.297, 26.523
Thu May 18 02:07:45 EDT 2017, 0.060, 6, 7, 0.740, 6, 4, 47, 489, 41, 13, 20, 49, 15.150, 12.650
Thu May 18 02:08:29 EDT 2017, 0.040, 4, 3, 0.070, 4, 5, 85, 381, 85, 9, 7, 67, 43.953, 33.827
Thu May 18 02:08:39 EDT 2017, 0.540, 8, 8, 0.570, 8, 1, 40, 531, 40, 19, 32, 22, 8.943, 6.940
Thu May 18 02:08:57 EDT 2017, 0.790, 2, 5, 0.320, 6, 7, 17, 306, 62, 14, 19, 44, 17.887, 13.607
Thu May 18 02:09:12 EDT 2017, 0.290, 6, 1, 0.820, 1, 3, 62, 456, 17, 5, 44, 89, 14.327, 9.990
Thu May 18 02:09:19 EDT 2017, 0.410, 3, 9, 0.190, 7, 4, 96, 568, 96, 12, 13, 11, 7.013, 5.970
Thu May 18 02:09:26 EDT 2017, 0.910, 7, 4, 0.690, 2, 8, 51, 418, 51, 2, 38, 56, 6.207, 6.627
Thu May 18 02:10:30 EDT 2017, 0.660, 5, 2, 0.440, 5, 2, 28, 493, 74, 7, 0, 78, 63.783, 43.430
Thu May 18 02:10:38 EDT 2017, 0.160, 9, 6, 0.940, 9, 6, 73, 343, 29, 17, 25, 33, 7.440, 5.657
Thu May 18 02:11:52 EDT 2017, 0.230, 1, 1, 0.630, 8, 7, 79, 512, 91, 8, 29, 50, 73.243, 48.033
Thu May 18 02:12:32 EDT 2017, 0.730, 5, 6, 0.130, 3, 2, 34, 362, 46, 18, 4, 95, 38.897, 27.493
Thu May 18 02:13:15 EDT 2017, 0.980, 3, 8, 0.880, 1, 9, 11, 587, 68, 13, 41, 73, 43.043, 37.100
Thu May 18 02:13:18 EDT 2017, 0.480, 8, 4, 0.380, 5, 5, 56, 437, 23, 4, 16, 28, 2.530, 2.320
Thu May 18 02:13:49 EDT 2017, 0.350, 4, 7, 0.500, 2, 3, 90, 325, 79, 11, 47, 84, 30.573, 26.183
Thu May 18 02:13:51 EDT 2017, 0.850, 9, 3, 0.000, 6, 8, 45, 475, 34, 1, 22, 39, 1.983, 2.307
Thu May 18 02:13:55 EDT 2017, 0.600, 2, 5, 0.750, 9, 1, 23, 400, 57, 6, 35, 16, 3.413, 3.083
Thu May 18 02:14:01 EDT 2017, 0.100, 7, 9, 0.250, 4, 6, 68, 550, 12, 15, 10, 61, 5.640, 4.563
Thu May 18 02:14:03 EDT 2017, 0.070, 2, 6, 0.470, 2, 8, 42, 484, 20, 2, 14, 53, 2.067, 2.233
Thu May 18 02:15:54 EDT 2017, 0.570, 6, 1, 0.970, 6, 4, 87, 334, 65, 11, 39, 98, 106.400, 72.530
Thu May 18 02:16:56 EDT 2017, 0.820, 4, 3, 0.220, 8, 6, 65, 559, 43, 16, 2, 75, 60.490, 41.357
Thu May 18 02:17:05 EDT 2017, 0.320, 9, 8, 0.720, 4, 1, 20, 409, 88, 6, 27, 30, 8.360, 8.333
Thu May 18 02:17:56 EDT 2017, 0.450, 3, 2, 0.350, 9, 3, 54, 372, 31, 18, 8, 87, 50.520, 30.197
Thu May 18 02:18:16 EDT 2017, 0.950, 7, 7, 0.850, 5, 7, 99, 522, 76, 9, 33, 42, 19.847, 17.703
Thu May 18 02:18:19 EDT 2017, 0.700, 1, 9, 0.100, 3, 5, 76, 447, 54, 4, 21, 19, 2.307, 2.373
Thu May 18 02:20:37 EDT 2017, 0.200, 5, 4, 0.600, 7, 9, 31, 597, 99, 14, 46, 64, 137.770, 124.120
Thu May 18 02:20:39 EDT 2017, 0.130, 5, 7, 0.790, 6, 9, 37, 428, 26, 1, 49, 70, 1.633, 1.863
Thu May 18 02:21:03 EDT 2017, 0.630, 9, 3, 0.290, 1, 4, 82, 578, 71, 10, 24, 25, 22.643, 16.583
Thu May 18 02:21:48 EDT 2017, 0.880, 2, 1, 0.540, 3, 7, 59, 353, 48, 15, 36, 47, 45.193, 26.750
Thu May 18 02:22:29 EDT 2017, 0.380, 7, 5, 0.040, 8, 2, 14, 503, 93, 5, 11, 92, 40.040, 39.060
Thu May 18 02:22:33 EDT 2017, 0.260, 1, 4, 0.910, 4, 1, 48, 540, 15, 17, 30, 14, 3.210, 2.237
Thu May 18 02:22:46 EDT 2017, 0.760, 6, 8, 0.410, 9, 5, 93, 390, 60, 8, 5, 59, 13.327, 12.647
Thu May 18 02:22:54 EDT 2017, 0.510, 4, 6, 0.660, 7, 3, 70, 465, 37, 3, 43, 81, 7.423, 7.810
Thu May 18 02:23:31 EDT 2017, 0.010, 8, 2, 0.160, 2, 8, 25, 315, 82, 12, 18, 36, 35.620, 21.347
Thu May 18 02:23:47 EDT 2017, 0.000, 2, 4, 0.720, 6, 6, 55, 345, 80, 14, 9, 24, 16.103, 11.437
Thu May 18 02:23:54 EDT 2017, 0.500, 6, 9, 0.220, 2, 1, 10, 495, 35, 5, 34, 69, 7.023, 7.417
Thu May 18 02:24:23 EDT 2017, 0.750, 4, 7, 0.970, 4, 8, 32, 420, 57, 10, 21, 92, 28.557, 25.637
Thu May 18 02:24:40 EDT 2017, 0.250, 9, 2, 0.470, 8, 3, 77, 570, 12, 19, 46, 47, 16.457, 9.933
Thu May 18 02:25:02 EDT 2017, 0.380, 3, 8, 0.590, 3, 5, 66, 457, 91, 7, 15, 58, 20.930, 20.820
Thu May 18 02:25:08 EDT 2017, 0.880, 8, 3, 0.090, 7, 9, 21, 307, 46, 17, 40, 13, 6.483, 4.513
Thu May 18 02:26:08 EDT 2017, 0.630, 1, 1, 0.840, 5, 2, 43, 532, 68, 12, 3, 36, 58.763, 35.403
Thu May 18 02:26:11 EDT 2017, 0.130, 5, 6, 0.340, 1, 7, 88, 382, 23, 2, 28, 81, 2.740, 3.013
Thu May 18 02:30:35 EDT 2017, 0.190, 5, 3, 0.030, 2, 6, 60, 551, 97, 13, 31, 98, 258.023, 240.140
Thu May 18 02:30:42 EDT 2017, 0.690, 9, 7, 0.530, 7, 2, 15, 401, 52, 4, 6, 53, 6.653, 7.187
Thu May 18 02:30:51 EDT 2017, 0.940, 3, 9, 0.280, 9, 8, 38, 476, 74, 8, 43, 30, 8.970, 8.733
Thu May 18 02:31:11 EDT 2017, 0.440, 7, 5, 0.780, 5, 4, 83, 326, 29, 18, 18, 75, 19.173, 13.530
Thu May 18 02:31:25 EDT 2017, 0.320, 1, 6, 0.160, 8, 3, 72, 438, 85, 6, 49, 41, 13.803, 13.137
Thu May 18 02:32:57 EDT 2017, 0.820, 6, 2, 0.660, 3, 7, 27, 588, 40, 15, 24, 86, 90.723, 53.913
Thu May 18 02:33:28 EDT 2017, 0.570, 4, 4, 0.410, 1, 1, 49, 363, 63, 11, 37, 64, 29.903, 22.043
Thu May 18 02:33:29 EDT 2017, 0.070, 8, 8, 0.910, 6, 5, 94, 513, 18, 1, 12, 19, 0.453, 0.520
Thu May 18 02:33:44 EDT 2017, 0.100, 3, 7, 0.810, 9, 8, 12, 598, 15, 16, 13, 95, 15.377, 12.293
Thu May 18 02:34:14 EDT 2017, 0.600, 8, 2, 0.310, 4, 3, 57, 448, 60, 7, 38, 50, 29.710, 20.450
Thu May 18 02:34:17 EDT 2017, 0.850, 1, 5, 0.560, 2, 5, 80, 523, 37, 2, 1, 27, 2.080, 2.250
Thu May 18 02:34:43 EDT 2017, 0.350, 6, 9, 0.060, 6, 1, 35, 373, 82, 11, 26, 72, 25.847, 23.440
Thu May 18 02:34:50 EDT 2017, 0.470, 2, 1, 0.940, 1, 2, 24, 410, 26, 4, 7, 39, 7.073, 5.000
Thu May 18 02:35:58 EDT 2017, 0.970, 7, 6, 0.440, 5, 6, 69, 560, 71, 14, 32, 84, 67.307, 52.513
Thu May 18 02:36:18 EDT 2017, 0.720, 5, 8, 0.690, 8, 4, 91, 335, 49, 18, 20, 61, 19.507, 15.277
Thu May 18 02:36:32 EDT 2017, 0.220, 9, 4, 0.190, 3, 9, 46, 485, 94, 9, 45, 16, 12.840, 9.797
Thu May 18 02:36:35 EDT 2017, 0.160, 1, 9, 0.380, 5, 9, 18, 316, 32, 15, 48, 22, 3.130, 2.607
Thu May 18 02:37:01 EDT 2017, 0.660, 5, 4, 0.880, 9, 5, 63, 466, 77, 5, 23, 67, 25.557, 24.263
Thu May 18 02:37:11 EDT 2017, 0.910, 3, 2, 0.130, 7, 7, 86, 391, 54, 1, 35, 89, 8.733, 9.573
Thu May 18 02:37:46 EDT 2017, 0.410, 7, 6, 0.630, 3, 3, 41, 541, 99, 10, 10, 44, 34.393, 28.120
Thu May 18 02:37:51 EDT 2017, 0.290, 4, 3, 0.250, 6, 1, 29, 504, 21, 3, 29, 55, 4.437, 4.243
Thu May 18 02:37:54 EDT 2017, 0.790, 8, 7, 0.750, 1, 6, 74, 354, 66, 12, 4, 10, 3.343, 2.743
Thu May 18 02:38:14 EDT 2017, 0.540, 2, 5, 0.000, 4, 4, 97, 579, 43, 17, 42, 33, 19.700, 14.437
Thu May 18 02:40:16 EDT 2017, 0.040, 6, 1, 0.500, 8, 8, 52, 429, 88, 8, 17, 78, 121.530, 80.583
Thu May 18 02:40:20 EDT 2017, 0.050, 4, 9, 0.170, 1, 2, 79, 462, 39, 14, 5, 15, 3.643, 3.043
Thu May 18 02:40:33 EDT 2017, 0.550, 9, 5, 0.670, 6, 7, 34, 312, 84, 4, 30, 60, 12.480, 12.317
Thu May 18 02:40:51 EDT 2017, 0.800, 2, 2, 0.420, 8, 5, 11, 537, 16, 9, 17, 82, 17.747, 11.847
Thu May 18 02:41:12 EDT 2017, 0.300, 7, 7, 0.920, 4, 9, 56, 387, 61, 19, 42, 37, 19.807, 14.823
Thu May 18 02:41:32 EDT 2017, 0.430, 1, 3, 0.050, 9, 8, 90, 349, 50, 7, 24, 71, 19.753, 15.870
Thu May 18 02:41:54 EDT 2017, 0.930, 6, 8, 0.550, 5, 4, 45, 499, 95, 16, 49, 26, 21.407, 17.263
Thu May 18 02:42:03 EDT 2017, 0.680, 3, 6, 0.300, 2, 6, 22, 424, 28, 12, 11, 48, 9.140, 7.277
Thu May 18 02:42:43 EDT 2017, 0.180, 8, 1, 0.800, 7, 1, 67, 574, 73, 2, 36, 93, 39.410, 38.470
Thu May 18 02:43:14 EDT 2017, 0.240, 3, 6, 0.610, 5, 1, 84, 443, 44, 13, 33, 88, 30.713, 24.673
Thu May 18 02:43:40 EDT 2017, 0.740, 7, 2, 0.110, 1, 5, 39, 593, 89, 3, 8, 43, 25.840, 21.320
Thu May 18 02:43:43 EDT 2017, 0.990, 5, 4, 0.860, 3, 3, 17, 368, 22, 8, 45, 20, 2.523, 2.023
Thu May 18 02:44:30 EDT 2017, 0.490, 9, 8, 0.360, 7, 7, 62, 518, 67, 18, 20, 65, 45.633, 35.470
Thu May 18 02:44:55 EDT 2017, 0.360, 4, 1, 0.740, 4, 9, 95, 556, 33, 6, 39, 54, 24.440, 16.503
Thu May 18 02:46:13 EDT 2017, 0.860, 8, 5, 0.240, 9, 4, 50, 406, 78, 15, 14, 99, 77.410, 55.793
Thu May 18 02:46:18 EDT 2017, 0.610, 2, 7, 0.990, 6, 6, 28, 481, 11, 10, 27, 76, 4.697, 4.037
Thu May 18 02:46:20 EDT 2017, 0.110, 6, 3, 0.490, 2, 2, 73, 331, 56, 1, 2, 31, 1.983, 2.270
Thu May 18 02:48:28 EDT 2017, 0.080, 1, 2, 0.270, 4, 4, 36, 396, 64, 17, 22, 85, 124.490, 74.253
Thu May 18 02:48:32 EDT 2017, 0.580, 6, 6, 0.770, 8, 9, 81, 546, 19, 7, 47, 40, 4.283, 3.830
Thu May 18 02:48:34 EDT 2017, 0.830, 4, 9, 0.020, 6, 2, 59, 321, 87, 3, 10, 17, 1.740, 1.930
Thu May 18 02:49:02 EDT 2017, 0.330, 8, 4, 0.520, 2, 7, 14, 471, 42, 12, 35, 62, 27.390, 19.973
Thu May 18 02:49:23 EDT 2017, 0.460, 5, 5, 0.390, 7, 6, 48, 584, 75, 5, 3, 51, 19.897, 19.843
Thu May 18 02:50:34 EDT 2017, 0.960, 9, 1, 0.890, 3, 1, 93, 434, 30, 15, 28, 96, 70.690, 42.510
Thu May 18 02:54:02 EDT 2017, 0.710, 2, 3, 0.140, 5, 8, 70, 509, 98, 19, 16, 74, 205.447, 149.073
Thu May 18 02:54:09 EDT 2017, 0.210, 7, 8, 0.640, 9, 3, 25, 359, 53, 10, 41, 29, 6.437, 5.867
Thu May 18 02:54:19 EDT 2017, 0.150, 3, 5, 0.950, 8, 4, 42, 490, 70, 16, 38, 12, 9.307, 6.817
Thu May 18 02:54:22 EDT 2017, 0.650, 7, 9, 0.450, 3, 8, 87, 340, 25, 6, 13, 57, 3.370, 3.420
Thu May 18 02:54:39 EDT 2017, 0.900, 1, 7, 0.700, 1, 2, 65, 565, 92, 2, 25, 79, 13.663, 16.670
Thu May 18 02:54:55 EDT 2017, 0.400, 5, 3, 0.200, 6, 6, 20, 415, 47, 11, 0, 34, 15.667, 11.320
Thu May 18 02:55:03 EDT 2017, 0.270, 2, 8, 0.830, 2, 7, 53, 302, 59, 4, 31, 68, 6.637, 7.413
Thu May 18 02:55:07 EDT 2017, 0.770, 6, 4, 0.330, 7, 3, 98, 452, 14, 13, 6, 23, 3.237, 2.327
Thu May 18 02:57:03 EDT 2017, 0.520, 4, 1, 0.580, 9, 9, 76, 377, 81, 18, 44, 46, 114.273, 73.613
Thu May 18 02:57:27 EDT 2017, 0.020, 9, 6, 0.080, 4, 5, 31, 527, 36, 9, 19, 91, 23.157, 19.510
Thu May 18 03:01:43 EDT 2017, 0.010, 3, 2, 0.460, 6, 3, 91, 474, 97, 18, 25, 74, 254.367, 164.823
Thu May 18 03:01:49 EDT 2017, 0.510, 8, 6, 0.960, 1, 8, 46, 324, 52, 8, 0, 29, 5.923, 5.327
Thu May 18 03:02:00 EDT 2017, 0.760, 1, 8, 0.210, 3, 1, 23, 549, 75, 3, 37, 52, 9.153, 9.907
Thu May 18 03:02:27 EDT 2017, 0.260, 5, 4, 0.710, 8, 5, 68, 399, 30, 13, 12, 97, 27.437, 20.430
Thu May 18 03:02:29 EDT 2017, 0.390, 2, 7, 0.340, 5, 7, 79, 361, 86, 1, 44, 18, 1.250, 1.403
Thu May 18 03:03:00 EDT 2017, 0.890, 7, 3, 0.840, 9, 2, 34, 511, 41, 11, 19, 63, 31.213, 23.367
Thu May 18 03:03:57 EDT 2017, 0.640, 4, 5, 0.090, 7, 9, 12, 436, 63, 15, 31, 86, 56.883, 40.790
Thu May 18 03:04:01 EDT 2017, 0.140, 9, 9, 0.590, 2, 4, 57, 586, 18, 6, 6, 41, 2.857, 2.813
Thu May 18 03:05:02 EDT 2017, 0.200, 2, 3, 0.770, 1, 5, 96, 417, 80, 19, 9, 46, 60.617, 39.117
Thu May 18 03:05:22 EDT 2017, 0.700, 6, 8, 0.270, 5, 9, 51, 567, 35, 9, 34, 91, 19.083, 17.890
Thu May 18 03:05:34 EDT 2017, 0.950, 4, 5, 0.520, 7, 3, 29, 342, 58, 5, 22, 69, 12.307, 12.093
Thu May 18 03:05:43 EDT 2017, 0.450, 8, 1, 0.020, 3, 7, 74, 492, 13, 14, 47, 24, 8.057, 4.763
Thu May 18 03:05:57 EDT 2017, 0.330, 5, 9, 0.900, 9, 6, 85, 530, 92, 2, 15, 80, 12.247, 14.107
Thu May 18 03:06:11 EDT 2017, 0.830, 9, 4, 0.400, 4, 2, 40, 380, 47, 12, 40, 35, 13.630, 9.753
Thu May 18 03:06:28 EDT 2017, 0.580, 3, 2, 0.650, 2, 8, 17, 455, 69, 16, 3, 12, 16.847, 10.097
Thu May 18 03:06:32 EDT 2017, 0.080, 7, 7, 0.150, 6, 4, 62, 305, 24, 7, 28, 57, 3.940, 3.660
Thu May 18 03:06:38 EDT 2017, 0.110, 2, 7, 0.120, 8, 1, 48, 389, 27, 11, 45, 43, 5.897, 4.893
Thu May 18 03:07:01 EDT 2017, 0.610, 7, 3, 0.620, 4, 6, 93, 539, 72, 2, 20, 88, 19.880, 22.387
Thu May 18 03:07:27 EDT 2017, 0.860, 5, 1, 0.370, 2, 3, 71, 314, 49, 6, 33, 66, 24.940, 16.953
Thu May 18 03:07:49 EDT 2017, 0.360, 9, 5, 0.870, 6, 8, 26, 464, 94, 16, 8, 21, 22.153, 16.463
Thu May 18 03:08:02 EDT 2017, 0.480, 3, 4, 0.240, 3, 9, 37, 577, 16, 9, 26, 77, 12.083, 9.137
Thu May 18 03:08:16 EDT 2017, 0.980, 8, 9, 0.740, 7, 5, 82, 427, 61, 18, 1, 32, 14.370, 11.757
Thu May 18 03:08:20 EDT 2017, 0.730, 1, 6, 0.490, 9, 7, 60, 502, 38, 14, 39, 10, 3.353, 2.457
Thu May 18 03:08:42 EDT 2017, 0.230, 6, 2, 0.990, 5, 2, 15, 352, 83, 4, 14, 55, 22.233, 17.673
Thu May 18 03:08:48 EDT 2017, 0.170, 4, 6, 0.680, 3, 2, 54, 520, 10, 12, 17, 72, 5.833, 4.660
Thu May 18 03:08:56 EDT 2017, 0.670, 9, 1, 0.180, 8, 6, 99, 370, 55, 3, 42, 27, 7.683, 6.390
Thu May 18 03:09:13 EDT 2017, 0.920, 2, 3, 0.930, 5, 4, 76, 595, 33, 8, 4, 49, 16.450, 12.583
Thu May 18 03:10:18 EDT 2017, 0.420, 6, 8, 0.430, 1, 9, 31, 445, 78, 17, 29, 94, 64.767, 48.510
Thu May 18 03:10:21 EDT 2017, 0.290, 1, 2, 0.560, 7, 7, 43, 333, 21, 10, 11, 15, 3.093, 2.080
Thu May 18 03:11:05 EDT 2017, 0.790, 5, 7, 0.060, 2, 3, 88, 483, 66, 19, 36, 60, 42.907, 32.000
Thu May 18 03:11:28 EDT 2017, 0.540, 3, 9, 0.810, 4, 5, 65, 408, 44, 15, 23, 83, 22.303, 18.910
Thu May 18 03:11:46 EDT 2017, 0.040, 7, 5, 0.310, 9, 1, 20, 558, 89, 5, 48, 38, 17.297, 16.510
Thu May 18 03:12:17 EDT 2017, 0.030, 1, 5, 0.880, 2, 9, 67, 366, 48, 18, 35, 65, 30.920, 21.803
Thu May 18 03:12:48 EDT 2017, 0.530, 5, 1, 0.380, 6, 4, 22, 516, 93, 8, 10, 20, 30.373, 19.423
Thu May 18 03:12:53 EDT 2017, 0.780, 3, 3, 0.630, 8, 6, 44, 441, 25, 4, 47, 42, 4.643, 4.257
Thu May 18 03:13:53 EDT 2017, 0.280, 8, 7, 0.130, 4, 2, 89, 591, 70, 13, 22, 87, 59.353, 49.153
Thu May 18 03:13:56 EDT 2017, 0.400, 4, 2, 0.760, 7, 1, 55, 478, 37, 1, 41, 31, 2.410, 2.563
Thu May 18 03:14:29 EDT 2017, 0.900, 9, 6, 0.260, 3, 5, 10, 328, 82, 11, 16, 76, 33.337, 27.100
Thu May 18 03:14:42 EDT 2017, 0.650, 2, 8, 0.510, 1, 3, 33, 553, 14, 16, 29, 98, 12.577, 10.097
Thu May 18 03:14:58 EDT 2017, 0.150, 6, 4, 0.010, 5, 8, 78, 403, 59, 6, 4, 53, 15.407, 13.427
Thu May 18 03:15:14 EDT 2017, 0.220, 4, 8, 0.320, 7, 8, 72, 534, 42, 19, 1, 36, 15.757, 12.620
Thu May 18 03:16:17 EDT 2017, 0.720, 8, 3, 0.820, 2, 4, 27, 384, 87, 10, 26, 81, 61.950, 44.903
Thu May 18 03:16:28 EDT 2017, 0.970, 1, 1, 0.070, 4, 6, 50, 459, 20, 5, 13, 59, 10.900, 7.523
Thu May 18 03:16:33 EDT 2017, 0.470, 6, 6, 0.570, 9, 1, 95, 309, 65, 14, 38, 14, 5.197, 3.943
Thu May 18 03:16:49 EDT 2017, 0.340, 2, 4, 0.450, 3, 2, 61, 422, 54, 3, 19, 93, 14.767, 14.863
Thu May 18 03:17:24 EDT 2017, 0.840, 7, 9, 0.950, 8, 7, 16, 572, 99, 12, 44, 48, 34.373, 30.860
Thu May 18 03:17:30 EDT 2017, 0.590, 5, 7, 0.200, 6, 5, 39, 347, 31, 17, 7, 25, 5.363, 4.183
Thu May 18 03:18:34 EDT 2017, 0.090, 9, 2, 0.700, 1, 9, 84, 497, 76, 7, 32, 70, 63.807, 40.587
Thu May 18 03:18:58 EDT 2017, 0.060, 4, 4, 0.540, 4, 7, 24, 563, 68, 10, 43, 34, 23.980, 18.880
Thu May 18 03:19:00 EDT 2017, 0.560, 9, 8, 0.040, 9, 2, 69, 413, 23, 1, 18, 79, 1.403, 1.503
Thu May 18 03:19:23 EDT 2017, 0.810, 2, 6, 0.790, 6, 9, 92, 488, 90, 6, 30, 56, 22.857, 21.963
Thu May 18 03:19:33 EDT 2017, 0.310, 7, 1, 0.290, 2, 4, 47, 338, 45, 15, 5, 11, 9.283, 5.540
