# 'Timestamp', '--imbalance% 0 100', '--moveIntervalMean 1 10', '--delay 1 10', '--selfEvents% 0 100', '--callIntervalMean 1 10', '--callDurationMean 1 10', '--maxChannels 10 100', '--simEndTime 300 600', '--rows 10 100', '--eventsPerAgent 1 20', '--granularity 0 50', '--cols 10 100', 2tLadderQ_timing_secs, fibHeap_timing_secs
Wed May 17 07:34:06 EDT 2017, 0.000, 1, 1, 0.000, 1, 1, 10, 300, 10, 1, 0, 10, 0.370, 0.393
Wed May 17 07:34:29 EDT 2017, 0.500, 5, 5, 0.500, 5, 5, 55, 450, 55, 10, 25, 55, 21.643, 22.567
Wed May 17 07:34:46 EDT 2017, 0.750, 3, 7, 0.250, 7, 3, 77, 375, 32, 15, 12, 77, 16.340, 15.637
Wed May 17 07:35:03 EDT 2017, 0.250, 7, 3, 0.750, 3, 7, 32, 525, 77, 5, 37, 32, 15.750, 17.400
Wed May 17 07:35:18 EDT 2017, 0.370, 4, 6, 0.120, 8, 8, 21, 487, 21, 17, 18, 66, 14.630, 12.827
Wed May 17 07:35:30 EDT 2017, 0.870, 8, 2, 0.620, 4, 4, 66, 337, 66, 8, 43, 21, 11.603, 9.047
Wed May 17 07:35:39 EDT 2017, 0.620, 2, 4, 0.370, 2, 6, 88, 562, 43, 3, 6, 43, 6.823, 8.820
Wed May 17 07:36:31 EDT 2017, 0.120, 6, 8, 0.870, 6, 2, 43, 412, 88, 12, 31, 88, 45.190, 51.340
Wed May 17 07:36:41 EDT 2017, 0.180, 3, 3, 0.680, 6, 2, 15, 581, 26, 2, 34, 83, 6.773, 9.387
Wed May 17 07:36:57 EDT 2017, 0.680, 8, 8, 0.180, 1, 7, 60, 431, 71, 11, 9, 38, 14.840, 15.533
Wed May 17 07:37:05 EDT 2017, 0.930, 1, 6, 0.930, 3, 4, 83, 506, 49, 16, 46, 15, 7.503, 6.183
Wed May 17 07:37:56 EDT 2017, 0.430, 6, 1, 0.430, 8, 9, 38, 356, 94, 6, 21, 60, 51.180, 42.837
Wed May 17 07:38:01 EDT 2017, 0.310, 2, 9, 0.560, 4, 8, 26, 393, 15, 18, 40, 49, 4.807, 4.480
Wed May 17 07:38:57 EDT 2017, 0.810, 7, 4, 0.060, 9, 3, 71, 543, 60, 9, 15, 94, 54.777, 53.490
Wed May 17 07:39:09 EDT 2017, 0.560, 4, 2, 0.810, 7, 6, 94, 318, 38, 4, 28, 71, 11.697, 11.927
Wed May 17 07:39:26 EDT 2017, 0.060, 9, 7, 0.310, 2, 1, 49, 468, 83, 14, 3, 26, 16.700, 15.887
Wed May 17 07:40:12 EDT 2017, 0.090, 5, 8, 0.400, 3, 4, 57, 553, 80, 8, 20, 85, 36.903, 46.100
Wed May 17 07:40:31 EDT 2017, 0.590, 9, 4, 0.900, 8, 8, 12, 403, 35, 18, 45, 40, 18.080, 14.317
Wed May 17 07:40:54 EDT 2017, 0.840, 2, 1, 0.150, 5, 1, 35, 478, 57, 13, 7, 18, 23.573, 14.930
Wed May 17 07:40:56 EDT 2017, 0.340, 7, 6, 0.650, 1, 6, 80, 328, 12, 3, 32, 63, 1.417, 1.760
Wed May 17 07:41:33 EDT 2017, 0.460, 1, 5, 0.280, 6, 7, 69, 440, 91, 11, 1, 52, 36.560, 35.173
Wed May 17 07:41:41 EDT 2017, 0.960, 6, 9, 0.780, 2, 2, 24, 590, 46, 1, 26, 97, 4.393, 6.927
Wed May 17 07:42:01 EDT 2017, 0.710, 4, 7, 0.030, 4, 9, 46, 365, 69, 6, 14, 74, 15.837, 20.077
Wed May 17 07:42:17 EDT 2017, 0.210, 8, 2, 0.530, 9, 5, 91, 515, 24, 15, 39, 29, 15.000, 10.030
Wed May 17 07:42:22 EDT 2017, 0.150, 2, 5, 0.840, 8, 4, 63, 346, 97, 9, 42, 12, 5.593, 5.360
Wed May 17 07:44:35 EDT 2017, 0.650, 6, 1, 0.340, 4, 9, 18, 496, 52, 19, 17, 57, 130.937, 97.013
Wed May 17 07:45:52 EDT 2017, 0.900, 4, 3, 0.590, 1, 2, 40, 421, 74, 14, 29, 80, 76.507, 60.117
Wed May 17 07:45:57 EDT 2017, 0.400, 9, 8, 0.090, 6, 6, 85, 571, 29, 5, 4, 35, 3.587, 4.623
Wed May 17 07:47:45 EDT 2017, 0.280, 3, 2, 0.960, 2, 5, 74, 459, 85, 12, 35, 69, 107.703, 79.577
Wed May 17 07:47:47 EDT 2017, 0.780, 8, 6, 0.460, 7, 1, 29, 309, 40, 2, 10, 24, 1.283, 1.663
Wed May 17 07:48:02 EDT 2017, 0.530, 1, 9, 0.710, 9, 8, 52, 534, 63, 7, 48, 46, 11.587, 15.080
Wed May 17 07:48:21 EDT 2017, 0.030, 5, 4, 0.210, 5, 3, 97, 384, 18, 17, 23, 91, 18.367, 14.593
Wed May 17 07:48:23 EDT 2017, 0.040, 3, 6, 0.570, 7, 6, 33, 501, 62, 1, 10, 22, 1.230, 2.173
Wed May 17 07:48:40 EDT 2017, 0.540, 7, 1, 0.070, 2, 2, 78, 351, 17, 11, 35, 67, 16.630, 11.153
Wed May 17 07:51:26 EDT 2017, 0.790, 1, 4, 0.820, 5, 9, 56, 576, 84, 16, 22, 90, 163.387, 144.313
Wed May 17 07:51:33 EDT 2017, 0.290, 5, 8, 0.320, 9, 4, 11, 426, 39, 6, 47, 45, 5.573, 7.183
Wed May 17 07:52:22 EDT 2017, 0.420, 2, 3, 0.700, 3, 3, 45, 314, 73, 18, 16, 56, 48.527, 38.743
Wed May 17 07:52:24 EDT 2017, 0.920, 6, 7, 0.200, 8, 7, 90, 464, 28, 9, 41, 11, 1.677, 1.700
Wed May 17 07:52:32 EDT 2017, 0.670, 4, 9, 0.950, 6, 1, 67, 389, 95, 4, 3, 33, 5.883, 8.220
Wed May 17 07:53:16 EDT 2017, 0.170, 9, 5, 0.450, 1, 5, 22, 539, 50, 13, 28, 78, 43.363, 40.760
Wed May 17 07:53:34 EDT 2017, 0.230, 1, 8, 0.140, 2, 6, 39, 407, 67, 3, 25, 95, 11.843, 17.043
Wed May 17 07:53:50 EDT 2017, 0.730, 6, 3, 0.640, 6, 1, 84, 557, 22, 12, 0, 50, 15.577, 12.007
Wed May 17 07:54:44 EDT 2017, 0.980, 3, 1, 0.390, 9, 8, 62, 332, 90, 17, 38, 28, 53.533, 35.737
Wed May 17 07:55:05 EDT 2017, 0.480, 8, 5, 0.890, 4, 3, 17, 482, 45, 7, 13, 73, 18.723, 21.067
Wed May 17 07:55:49 EDT 2017, 0.350, 5, 4, 0.010, 7, 5, 50, 595, 56, 19, 44, 39, 43.177, 32.677
Wed May 17 07:55:54 EDT 2017, 0.850, 9, 9, 0.510, 3, 9, 95, 445, 11, 10, 19, 84, 4.207, 4.637
Wed May 17 07:56:18 EDT 2017, 0.600, 2, 7, 0.260, 1, 2, 73, 520, 78, 5, 32, 62, 17.610, 23.577
Wed May 17 07:56:26 EDT 2017, 0.100, 7, 2, 0.760, 5, 7, 28, 370, 33, 14, 7, 17, 8.193, 5.493
Wed May 17 07:56:59 EDT 2017, 0.070, 3, 3, 0.980, 9, 9, 81, 435, 42, 8, 17, 98, 32.480, 30.107
Wed May 17 07:57:57 EDT 2017, 0.570, 7, 7, 0.480, 5, 5, 36, 585, 87, 17, 42, 53, 56.303, 50.350
Wed May 17 07:58:01 EDT 2017, 0.820, 5, 5, 0.730, 3, 7, 14, 360, 19, 13, 5, 31, 4.107, 3.617
Wed May 17 07:58:40 EDT 2017, 0.320, 9, 1, 0.230, 7, 3, 59, 510, 64, 3, 30, 76, 34.990, 37.557
Wed May 17 07:58:55 EDT 2017, 0.450, 4, 9, 0.850, 1, 1, 92, 548, 53, 10, 11, 42, 12.357, 14.110
Wed May 17 07:59:11 EDT 2017, 0.950, 8, 4, 0.350, 6, 6, 47, 398, 98, 1, 36, 87, 9.987, 15.867
Wed May 17 07:59:29 EDT 2017, 0.700, 1, 2, 0.600, 8, 4, 25, 473, 31, 6, 24, 64, 17.523, 14.920
Wed May 17 07:59:38 EDT 2017, 0.200, 6, 6, 0.100, 4, 8, 70, 323, 76, 15, 49, 19, 9.423, 8.480
Wed May 17 07:59:57 EDT 2017, 0.140, 4, 1, 0.290, 4, 8, 87, 454, 47, 9, 46, 25, 18.613, 13.277
Wed May 17 08:00:52 EDT 2017, 0.640, 9, 6, 0.790, 9, 3, 42, 304, 92, 19, 21, 70, 54.497, 44.850
Wed May 17 08:01:11 EDT 2017, 0.890, 2, 8, 0.040, 7, 5, 19, 529, 25, 14, 33, 92, 18.050, 18.133
Wed May 17 08:01:26 EDT 2017, 0.390, 7, 3, 0.540, 2, 1, 64, 379, 70, 4, 8, 47, 12.550, 15.170
Wed May 17 08:01:36 EDT 2017, 0.260, 1, 7, 0.420, 5, 2, 98, 342, 36, 11, 27, 59, 9.743, 10.067
Wed May 17 08:01:41 EDT 2017, 0.760, 5, 2, 0.920, 1, 7, 53, 492, 81, 2, 2, 14, 4.100, 4.957
Wed May 17 08:01:44 EDT 2017, 0.510, 3, 5, 0.170, 3, 4, 31, 417, 14, 7, 39, 36, 2.280, 2.407
Wed May 17 08:02:31 EDT 2017, 0.010, 8, 9, 0.670, 8, 9, 76, 567, 59, 16, 14, 81, 44.243, 46.623
Wed May 17 08:02:44 EDT 2017, 0.020, 4, 5, 0.800, 2, 8, 45, 508, 31, 7, 33, 61, 11.413, 12.410
Wed May 17 08:02:51 EDT 2017, 0.520, 9, 9, 0.300, 7, 4, 90, 358, 76, 17, 8, 16, 7.260, 6.837
Wed May 17 08:03:09 EDT 2017, 0.770, 2, 7, 0.550, 9, 6, 68, 583, 54, 12, 46, 38, 17.187, 16.893
Wed May 17 08:03:55 EDT 2017, 0.270, 6, 2, 0.050, 5, 2, 23, 433, 99, 3, 21, 83, 39.700, 45.343
Wed May 17 08:03:58 EDT 2017, 0.390, 1, 8, 0.920, 8, 3, 34, 321, 20, 15, 40, 27, 2.693, 2.477
Wed May 17 08:04:31 EDT 2017, 0.890, 5, 3, 0.420, 4, 7, 79, 471, 65, 5, 15, 72, 27.090, 31.587
Wed May 17 08:05:35 EDT 2017, 0.640, 3, 1, 0.670, 1, 5, 57, 396, 43, 10, 27, 95, 63.660, 48.963
Wed May 17 08:06:42 EDT 2017, 0.140, 7, 6, 0.170, 6, 9, 12, 546, 88, 19, 2, 50, 66.087, 55.083
Wed May 17 08:06:46 EDT 2017, 0.210, 2, 2, 0.490, 6, 9, 51, 377, 14, 6, 5, 33, 3.213, 2.580
Wed May 17 08:07:42 EDT 2017, 0.710, 7, 6, 0.990, 2, 4, 96, 527, 59, 16, 30, 78, 54.743, 49.510
Wed May 17 08:07:51 EDT 2017, 0.960, 5, 8, 0.240, 4, 7, 73, 302, 37, 11, 18, 55, 7.820, 8.823
Wed May 17 08:07:54 EDT 2017, 0.460, 9, 4, 0.740, 9, 2, 28, 452, 82, 2, 43, 10, 1.810, 2.570
Wed May 17 08:08:20 EDT 2017, 0.330, 4, 5, 0.360, 3, 1, 40, 564, 26, 13, 24, 89, 25.740, 23.307
Wed May 17 08:08:43 EDT 2017, 0.830, 8, 1, 0.860, 7, 5, 85, 414, 71, 4, 49, 44, 23.020, 21.360
Wed May 17 08:08:53 EDT 2017, 0.580, 1, 3, 0.110, 5, 3, 62, 489, 48, 9, 12, 21, 9.147, 8.200
Wed May 17 08:09:43 EDT 2017, 0.080, 6, 7, 0.610, 1, 8, 17, 339, 93, 18, 37, 66, 48.943, 44.513
Wed May 17 08:09:58 EDT 2017, 0.110, 2, 6, 0.640, 5, 5, 93, 424, 96, 5, 38, 36, 11.643, 15.233
Wed May 17 08:11:50 EDT 2017, 0.610, 6, 2, 0.140, 9, 1, 48, 574, 51, 14, 13, 81, 107.853, 76.617
Wed May 17 08:12:43 EDT 2017, 0.860, 4, 4, 0.890, 7, 7, 26, 349, 73, 19, 26, 58, 52.290, 38.953
Wed May 17 08:12:45 EDT 2017, 0.360, 8, 9, 0.390, 3, 3, 71, 499, 28, 9, 1, 13, 1.767, 1.943
Wed May 17 08:19:47 EDT 2017, 0.490, 5, 1, 0.520, 6, 4, 82, 536, 85, 16, 32, 92, 420.433, 356.007
Wed May 17 08:19:57 EDT 2017, 0.990, 9, 5, 0.020, 2, 9, 37, 386, 40, 7, 7, 47, 8.793, 9.653
Wed May 17 08:20:00 EDT 2017, 0.740, 3, 8, 0.770, 4, 2, 14, 461, 62, 2, 44, 24, 1.970, 2.817
Wed May 17 08:20:10 EDT 2017, 0.240, 7, 3, 0.270, 8, 6, 59, 311, 17, 12, 19, 69, 9.220, 7.693
Wed May 17 08:20:25 EDT 2017, 0.170, 3, 9, 0.080, 9, 7, 99, 480, 79, 3, 23, 64, 9.527, 14.727
Wed May 17 08:20:30 EDT 2017, 0.670, 8, 5, 0.580, 4, 2, 54, 330, 34, 13, 48, 19, 4.120, 3.463
Wed May 17 08:21:18 EDT 2017, 0.920, 1, 3, 0.330, 2, 9, 31, 555, 57, 18, 10, 41, 48.177, 36.540
Wed May 17 08:21:23 EDT 2017, 0.420, 5, 7, 0.830, 7, 5, 76, 405, 12, 8, 35, 86, 4.233, 4.533
Wed May 17 08:21:50 EDT 2017, 0.300, 2, 4, 0.210, 1, 4, 88, 367, 90, 15, 4, 30, 26.783, 21.763
Wed May 17 08:22:08 EDT 2017, 0.800, 7, 8, 0.710, 5, 8, 43, 517, 45, 6, 29, 75, 13.333, 17.380
Wed May 17 08:22:20 EDT 2017, 0.550, 4, 6, 0.460, 8, 1, 20, 442, 68, 1, 16, 97, 6.537, 10.427
Wed May 17 08:22:48 EDT 2017, 0.050, 9, 1, 0.960, 3, 6, 65, 592, 23, 10, 41, 52, 27.830, 19.387
Wed May 17 08:23:07 EDT 2017, 0.030, 2, 9, 0.350, 5, 5, 21, 335, 69, 7, 30, 73, 13.173, 18.193
Wed May 17 08:23:17 EDT 2017, 0.530, 6, 4, 0.850, 1, 9, 66, 485, 24, 16, 5, 28, 9.047, 6.953
Wed May 17 08:24:23 EDT 2017, 0.780, 4, 2, 0.100, 3, 3, 89, 410, 92, 11, 42, 51, 65.747, 47.043
Wed May 17 08:24:37 EDT 2017, 0.280, 8, 7, 0.600, 7, 7, 44, 560, 47, 2, 17, 96, 8.900, 13.220
Wed May 17 08:24:52 EDT 2017, 0.410, 3, 3, 0.470, 4, 6, 10, 522, 58, 14, 48, 17, 14.400, 11.347
Wed May 17 08:24:54 EDT 2017, 0.910, 7, 8, 0.970, 8, 1, 55, 372, 13, 4, 23, 62, 1.683, 2.177
Wed May 17 08:26:04 EDT 2017, 0.660, 1, 5, 0.220, 6, 8, 78, 597, 81, 9, 36, 85, 61.330, 67.670
Wed May 17 08:26:48 EDT 2017, 0.160, 5, 1, 0.720, 2, 4, 33, 447, 36, 18, 11, 40, 43.270, 27.833
Wed May 17 08:27:04 EDT 2017, 0.220, 5, 7, 0.910, 1, 3, 27, 578, 64, 5, 8, 45, 11.493, 15.093
Wed May 17 08:27:27 EDT 2017, 0.720, 9, 3, 0.410, 6, 8, 72, 428, 19, 15, 33, 90, 23.237, 18.737
Wed May 17 08:28:18 EDT 2017, 0.970, 2, 5, 0.660, 8, 1, 95, 503, 86, 10, 20, 68, 48.400, 50.540
Wed May 17 08:28:19 EDT 2017, 0.470, 7, 9, 0.160, 3, 5, 50, 353, 41, 1, 45, 23, 0.653, 0.900
Wed May 17 08:29:51 EDT 2017, 0.350, 1, 2, 0.780, 9, 6, 16, 391, 75, 13, 14, 79, 90.853, 65.737
Wed May 17 08:29:55 EDT 2017, 0.850, 6, 6, 0.280, 5, 2, 61, 541, 30, 3, 39, 34, 2.683, 3.413
Wed May 17 08:29:59 EDT 2017, 0.600, 3, 8, 0.530, 2, 9, 83, 316, 97, 8, 1, 12, 3.487, 3.937
Wed May 17 08:30:42 EDT 2017, 0.100, 8, 4, 0.030, 7, 4, 38, 466, 52, 17, 26, 57, 42.657, 34.210
Wed May 17 08:31:00 EDT 2017, 0.070, 4, 2, 0.190, 8, 2, 69, 532, 44, 5, 47, 48, 17.903, 16.380
Wed May 17 08:32:00 EDT 2017, 0.570, 8, 7, 0.690, 3, 6, 24, 382, 89, 14, 22, 93, 58.800, 55.673
Wed May 17 08:32:12 EDT 2017, 0.820, 1, 9, 0.440, 1, 4, 47, 457, 21, 19, 34, 71, 11.840, 11.463
Wed May 17 08:32:21 EDT 2017, 0.320, 6, 5, 0.940, 5, 8, 92, 307, 66, 10, 9, 26, 8.723, 8.367
Wed May 17 08:32:47 EDT 2017, 0.440, 3, 6, 0.070, 2, 7, 58, 419, 33, 17, 28, 82, 26.047, 22.543
Wed May 17 08:33:35 EDT 2017, 0.940, 7, 1, 0.570, 6, 3, 13, 569, 78, 7, 3, 37, 47.297, 37.253
Wed May 17 08:33:36 EDT 2017, 0.690, 5, 4, 0.320, 9, 5, 36, 344, 10, 2, 41, 14, 0.520, 0.723
Wed May 17 08:34:00 EDT 2017, 0.190, 9, 8, 0.820, 4, 1, 81, 494, 55, 12, 16, 59, 21.717, 23.613
Wed May 17 08:34:12 EDT 2017, 0.130, 1, 4, 0.500, 4, 1, 75, 363, 38, 4, 12, 76, 8.940, 11.307
Wed May 17 08:34:31 EDT 2017, 0.630, 5, 9, 0.000, 8, 6, 30, 513, 83, 13, 37, 31, 17.443, 18.587
Wed May 17 08:34:40 EDT 2017, 0.880, 3, 6, 0.750, 6, 3, 52, 438, 16, 18, 0, 54, 8.423, 6.903
Wed May 17 08:36:18 EDT 2017, 0.380, 8, 2, 0.250, 1, 8, 97, 588, 61, 8, 25, 99, 97.523, 76.743
Wed May 17 08:36:27 EDT 2017, 0.250, 4, 7, 0.630, 7, 9, 64, 475, 50, 15, 6, 20, 8.360, 7.810
Wed May 17 08:36:58 EDT 2017, 0.750, 9, 3, 0.130, 3, 5, 19, 325, 95, 6, 31, 65, 29.273, 30.813
Wed May 17 08:37:09 EDT 2017, 0.500, 2, 1, 0.880, 5, 7, 41, 550, 27, 1, 19, 88, 7.617, 10.437
Wed May 17 08:37:31 EDT 2017, 0.000, 6, 5, 0.380, 9, 2, 86, 400, 72, 11, 44, 43, 21.587, 20.453
Wed May 17 08:37:47 EDT 2017, 0.010, 3, 8, 0.940, 5, 4, 51, 446, 75, 11, 28, 32, 13.660, 15.057
Wed May 17 08:37:58 EDT 2017, 0.510, 8, 3, 0.440, 9, 9, 96, 596, 30, 2, 3, 77, 7.990, 10.970
Wed May 17 08:40:17 EDT 2017, 0.760, 1, 1, 0.690, 7, 2, 74, 371, 98, 7, 40, 99, 135.657, 126.407
Wed May 17 08:40:55 EDT 2017, 0.260, 6, 5, 0.190, 2, 7, 29, 521, 53, 16, 15, 54, 37.137, 31.283
Wed May 17 08:41:35 EDT 2017, 0.380, 2, 4, 0.810, 6, 5, 40, 558, 64, 9, 47, 65, 39.693, 37.470
Wed May 17 08:41:37 EDT 2017, 0.880, 7, 9, 0.310, 1, 1, 85, 408, 19, 19, 22, 20, 2.767, 2.523
Wed May 17 08:42:13 EDT 2017, 0.630, 5, 6, 0.560, 4, 8, 63, 483, 86, 14, 34, 43, 34.787, 34.207
Wed May 17 08:42:32 EDT 2017, 0.130, 9, 2, 0.060, 8, 3, 18, 333, 41, 4, 9, 88, 16.720, 17.430
Wed May 17 08:43:14 EDT 2017, 0.190, 1, 6, 0.250, 9, 4, 46, 465, 58, 10, 6, 94, 36.377, 40.007
Wed May 17 08:43:16 EDT 2017, 0.690, 5, 1, 0.750, 4, 8, 91, 315, 13, 1, 31, 49, 1.417, 1.847
Wed May 17 08:43:28 EDT 2017, 0.940, 3, 4, 0.000, 2, 1, 68, 540, 81, 5, 18, 26, 11.463, 12.663
Wed May 17 08:43:46 EDT 2017, 0.440, 7, 8, 0.500, 6, 6, 23, 390, 36, 15, 43, 71, 16.623, 16.350
Wed May 17 08:44:03 EDT 2017, 0.320, 4, 3, 0.370, 1, 7, 34, 352, 70, 8, 12, 37, 16.697, 15.080
Wed May 17 08:44:23 EDT 2017, 0.820, 9, 7, 0.870, 5, 3, 79, 502, 25, 17, 37, 82, 20.307, 17.827
Wed May 17 08:44:59 EDT 2017, 0.570, 2, 9, 0.120, 7, 9, 57, 427, 92, 13, 0, 60, 32.070, 35.547
Wed May 17 08:45:02 EDT 2017, 0.070, 6, 5, 0.620, 3, 5, 12, 577, 47, 3, 25, 15, 2.293, 2.867
Wed May 17 08:49:08 EDT 2017, 0.100, 2, 1, 0.590, 3, 2, 99, 493, 50, 19, 48, 91, 238.947, 192.833
Wed May 17 08:49:31 EDT 2017, 0.600, 7, 6, 0.090, 7, 7, 54, 343, 95, 10, 23, 46, 22.387, 22.857
Wed May 17 08:49:34 EDT 2017, 0.850, 4, 8, 0.840, 9, 5, 32, 568, 27, 5, 36, 23, 2.173, 2.653
Wed May 17 08:50:38 EDT 2017, 0.350, 9, 3, 0.340, 5, 9, 77, 418, 72, 14, 11, 68, 64.010, 51.447
Wed May 17 08:50:42 EDT 2017, 0.480, 3, 7, 0.720, 8, 8, 88, 305, 39, 3, 29, 34, 2.073, 2.907
Wed May 17 08:53:37 EDT 2017, 0.980, 8, 2, 0.220, 4, 3, 43, 455, 84, 12, 4, 79, 175.087, 167.367
Wed May 17 08:53:48 EDT 2017, 0.730, 1, 4, 0.970, 2, 6, 20, 380, 16, 17, 42, 57, 9.977, 7.770
Wed May 17 08:53:51 EDT 2017, 0.230, 5, 9, 0.470, 6, 1, 65, 530, 61, 7, 17, 12, 2.943, 3.457
Wed May 17 08:54:05 EDT 2017, 0.160, 5, 3, 0.160, 7, 1, 94, 399, 33, 18, 14, 29, 13.697, 10.330
Wed May 17 08:54:47 EDT 2017, 0.660, 9, 7, 0.660, 2, 5, 49, 549, 78, 8, 39, 74, 35.060, 41.303
Wed May 17 08:54:51 EDT 2017, 0.910, 3, 5, 0.410, 4, 3, 26, 324, 11, 4, 1, 96, 2.603, 3.023
Wed May 17 08:56:01 EDT 2017, 0.410, 7, 1, 0.910, 9, 7, 71, 474, 56, 13, 26, 51, 69.390, 48.170
Wed May 17 08:56:06 EDT 2017, 0.290, 2, 8, 0.030, 3, 8, 82, 587, 44, 1, 8, 63, 2.820, 4.193
Wed May 17 08:56:20 EDT 2017, 0.790, 6, 4, 0.530, 8, 4, 37, 437, 89, 11, 33, 18, 14.143, 12.117
Wed May 17 08:56:40 EDT 2017, 0.540, 4, 2, 0.280, 6, 6, 15, 512, 22, 16, 20, 40, 19.573, 13.140
Wed May 17 08:57:06 EDT 2017, 0.040, 8, 6, 0.780, 1, 2, 60, 362, 67, 6, 45, 85, 19.387, 24.640
Wed May 17 08:57:12 EDT 2017, 0.050, 1, 3, 0.390, 7, 8, 27, 544, 26, 12, 32, 19, 6.377, 5.163
Wed May 17 08:57:24 EDT 2017, 0.550, 6, 8, 0.890, 3, 3, 72, 394, 71, 3, 7, 64, 7.780, 11.793
Wed May 17 08:57:51 EDT 2017, 0.800, 3, 6, 0.140, 1, 6, 95, 469, 49, 8, 44, 86, 23.547, 26.110
Wed May 17 08:59:12 EDT 2017, 0.300, 8, 1, 0.640, 5, 1, 50, 319, 94, 17, 19, 41, 80.570, 53.230
Wed May 17 08:59:18 EDT 2017, 0.430, 4, 9, 0.260, 2, 2, 16, 432, 15, 10, 38, 75, 4.940, 5.487
Wed May 17 08:59:49 EDT 2017, 0.930, 9, 5, 0.760, 6, 7, 61, 582, 60, 19, 13, 30, 29.773, 24.433
Wed May 17 09:00:19 EDT 2017, 0.680, 2, 2, 0.010, 8, 4, 84, 357, 37, 15, 25, 53, 29.373, 20.620
Wed May 17 09:01:04 EDT 2017, 0.180, 7, 7, 0.510, 4, 9, 39, 507, 82, 5, 0, 98, 29.850, 44.540
Wed May 17 09:01:28 EDT 2017, 0.240, 3, 1, 0.830, 3, 9, 22, 338, 20, 11, 4, 81, 23.373, 16.417
Wed May 17 09:01:35 EDT 2017, 0.740, 7, 5, 0.330, 8, 5, 67, 488, 65, 2, 29, 36, 4.903, 6.900
Wed May 17 09:01:37 EDT 2017, 0.990, 1, 7, 0.580, 6, 7, 89, 413, 43, 6, 16, 13, 1.880, 2.153
Wed May 17 09:03:50 EDT 2017, 0.490, 5, 3, 0.080, 1, 3, 44, 563, 88, 16, 41, 58, 125.647, 107.400
Wed May 17 09:04:00 EDT 2017, 0.370, 2, 6, 0.950, 7, 2, 11, 451, 32, 9, 22, 47, 8.573, 8.997
Wed May 17 09:06:24 EDT 2017, 0.870, 6, 2, 0.450, 2, 6, 56, 301, 77, 18, 47, 92, 143.353, 105.900
Wed May 17 09:07:13 EDT 2017, 0.620, 4, 4, 0.700, 5, 4, 78, 526, 54, 13, 10, 70, 47.883, 42.900
Wed May 17 09:07:19 EDT 2017, 0.120, 8, 9, 0.200, 9, 8, 33, 376, 99, 4, 35, 25, 4.800, 6.563
Wed May 17 09:08:29 EDT 2017, 0.080, 4, 5, 0.050, 5, 6, 75, 310, 91, 19, 40, 78, 67.817, 57.130
Wed May 17 09:08:53 EDT 2017, 0.580, 9, 1, 0.550, 1, 1, 30, 460, 46, 9, 15, 33, 24.100, 17.307
Wed May 17 09:08:57 EDT 2017, 0.830, 2, 3, 0.300, 3, 8, 53, 385, 68, 5, 27, 11, 3.340, 3.503
Wed May 17 09:09:08 EDT 2017, 0.330, 6, 8, 0.800, 8, 4, 98, 535, 23, 14, 2, 56, 10.440, 10.107
Wed May 17 09:09:26 EDT 2017, 0.460, 1, 2, 0.170, 4, 5, 64, 498, 79, 2, 33, 44, 13.143, 17.347
Wed May 17 09:09:44 EDT 2017, 0.960, 5, 7, 0.670, 9, 9, 19, 348, 34, 12, 8, 89, 15.870, 17.517
Wed May 17 09:10:22 EDT 2017, 0.710, 3, 9, 0.420, 7, 2, 41, 573, 57, 16, 46, 67, 34.190, 37.433
Wed May 17 09:10:24 EDT 2017, 0.210, 8, 4, 0.920, 2, 7, 86, 423, 12, 7, 21, 22, 1.583, 1.467
Wed May 17 09:10:40 EDT 2017, 0.150, 3, 8, 0.730, 1, 6, 70, 591, 85, 18, 24, 16, 14.987, 13.520
Wed May 17 09:10:57 EDT 2017, 0.650, 7, 4, 0.230, 6, 2, 25, 441, 40, 8, 49, 61, 16.623, 16.687
Wed May 17 09:11:32 EDT 2017, 0.900, 5, 2, 0.980, 8, 9, 47, 516, 63, 3, 11, 84, 30.283, 34.353
Wed May 17 09:11:36 EDT 2017, 0.400, 9, 6, 0.480, 4, 4, 92, 366, 18, 13, 36, 39, 4.400, 4.043
Wed May 17 09:11:49 EDT 2017, 0.270, 4, 5, 0.610, 9, 3, 58, 404, 96, 1, 5, 72, 7.040, 11.880
Wed May 17 09:11:59 EDT 2017, 0.770, 8, 9, 0.110, 5, 7, 13, 554, 51, 11, 30, 27, 8.697, 9.587
Wed May 17 09:12:22 EDT 2017, 0.520, 1, 7, 0.860, 3, 1, 36, 329, 74, 15, 18, 50, 21.877, 22.143
Wed May 17 09:12:41 EDT 2017, 0.020, 6, 3, 0.360, 7, 5, 81, 479, 29, 6, 43, 95, 19.043, 19.397
Wed May 17 09:13:23 EDT 2017, 0.010, 2, 7, 0.240, 3, 7, 15, 542, 56, 16, 12, 70, 41.067, 39.753
Wed May 17 09:13:25 EDT 2017, 0.510, 7, 3, 0.740, 7, 2, 60, 392, 11, 6, 37, 25, 1.613, 1.493
Wed May 17 09:13:32 EDT 2017, 0.760, 5, 5, 0.490, 5, 9, 83, 467, 79, 1, 24, 48, 4.500, 6.777
Wed May 17 09:13:46 EDT 2017, 0.260, 9, 9, 0.990, 1, 5, 38, 317, 34, 11, 49, 93, 11.887, 13.227
Wed May 17 09:13:53 EDT 2017, 0.390, 3, 1, 0.120, 6, 3, 27, 430, 68, 4, 18, 14, 7.057, 6.237
Wed May 17 09:14:07 EDT 2017, 0.890, 8, 6, 0.620, 2, 8, 72, 580, 23, 13, 43, 59, 14.120, 12.957
Wed May 17 09:15:03 EDT 2017, 0.640, 1, 8, 0.370, 4, 1, 94, 355, 90, 18, 6, 82, 53.950, 51.057
Wed May 17 09:15:17 EDT 2017, 0.140, 6, 4, 0.870, 8, 6, 49, 505, 45, 9, 31, 37, 14.137, 13.210
Wed May 17 09:15:43 EDT 2017, 0.200, 4, 9, 0.550, 8, 5, 10, 373, 73, 17, 27, 53, 24.790, 24.947
Wed May 17 09:16:04 EDT 2017, 0.700, 8, 4, 0.050, 3, 1, 55, 523, 28, 7, 2, 98, 19.590, 21.050
Wed May 17 09:16:48 EDT 2017, 0.950, 2, 2, 0.800, 1, 7, 77, 448, 96, 3, 40, 76, 36.793, 42.243
Wed May 17 09:17:02 EDT 2017, 0.450, 6, 7, 0.300, 6, 3, 32, 598, 51, 12, 15, 31, 13.803, 13.900
Wed May 17 09:17:41 EDT 2017, 0.330, 1, 3, 0.680, 2, 4, 21, 486, 62, 5, 46, 87, 31.387, 36.827
Wed May 17 09:17:45 EDT 2017, 0.830, 5, 8, 0.180, 7, 9, 66, 336, 17, 15, 21, 42, 3.920, 3.873
Wed May 17 09:18:11 EDT 2017, 0.580, 3, 5, 0.930, 9, 2, 89, 561, 84, 19, 34, 20, 25.570, 20.670
Wed May 17 09:18:53 EDT 2017, 0.080, 7, 1, 0.430, 4, 6, 44, 411, 39, 10, 9, 65, 41.647, 30.350
Wed May 17 09:19:08 EDT 2017, 0.110, 3, 4, 0.330, 1, 9, 63, 326, 37, 13, 16, 51, 14.593, 12.590
Wed May 17 09:19:35 EDT 2017, 0.610, 8, 8, 0.830, 5, 4, 18, 476, 82, 3, 41, 96, 16.413, 26.610
Wed May 17 09:19:40 EDT 2017, 0.860, 1, 6, 0.080, 8, 7, 41, 401, 14, 8, 4, 73, 4.383, 4.513
Wed May 17 09:20:25 EDT 2017, 0.360, 5, 2, 0.580, 3, 2, 86, 551, 59, 17, 29, 28, 44.017, 28.737
Wed May 17 09:20:48 EDT 2017, 0.480, 2, 7, 0.460, 9, 1, 75, 514, 48, 6, 10, 84, 17.017, 23.120
Wed May 17 09:21:33 EDT 2017, 0.980, 7, 3, 0.960, 4, 5, 30, 364, 93, 15, 35, 39, 44.247, 34.847
Wed May 17 09:21:42 EDT 2017, 0.730, 4, 1, 0.210, 2, 3, 52, 589, 25, 10, 23, 17, 9.430, 6.247
Wed May 17 09:21:50 EDT 2017, 0.230, 9, 5, 0.710, 6, 8, 97, 439, 70, 1, 48, 62, 4.730, 7.387
Wed May 17 09:23:14 EDT 2017, 0.170, 1, 2, 0.900, 6, 8, 58, 570, 53, 14, 45, 68, 83.470, 57.870
Wed May 17 09:23:22 EDT 2017, 0.670, 6, 7, 0.400, 1, 4, 13, 420, 98, 4, 20, 23, 5.413, 7.317
Wed May 17 09:23:29 EDT 2017, 0.920, 4, 9, 0.650, 4, 6, 35, 495, 31, 9, 32, 45, 6.433, 7.583
Wed May 17 09:24:44 EDT 2017, 0.420, 8, 5, 0.150, 8, 2, 80, 345, 76, 19, 7, 90, 74.010, 58.667
Wed May 17 09:24:46 EDT 2017, 0.300, 5, 6, 0.770, 5, 3, 69, 383, 42, 7, 26, 11, 1.833, 1.937
Wed May 17 09:28:44 EDT 2017, 0.800, 9, 1, 0.270, 9, 7, 24, 533, 87, 16, 1, 56, 233.940, 183.683
Wed May 17 09:28:57 EDT 2017, 0.550, 3, 3, 0.520, 7, 5, 46, 308, 20, 12, 38, 79, 12.320, 10.340
Wed May 17 09:29:01 EDT 2017, 0.050, 7, 8, 0.020, 3, 9, 91, 458, 65, 2, 13, 34, 3.070, 4.497
Wed May 17 09:29:16 EDT 2017, 0.030, 5, 2, 0.660, 9, 1, 39, 416, 15, 15, 2, 58, 14.810, 9.957
Wed May 17 09:29:20 EDT 2017, 0.530, 9, 6, 0.160, 5, 6, 84, 566, 60, 5, 27, 13, 3.293, 3.800
Wed May 17 09:29:22 EDT 2017, 0.780, 2, 9, 0.910, 2, 3, 62, 341, 38, 1, 14, 35, 0.823, 1.103
Wed May 17 09:30:29 EDT 2017, 0.280, 7, 4, 0.410, 7, 8, 17, 491, 83, 10, 39, 80, 66.353, 64.283
Wed May 17 09:30:31 EDT 2017, 0.410, 1, 5, 0.540, 1, 9, 51, 528, 27, 3, 20, 24, 1.983, 2.387
Wed May 17 09:32:30 EDT 2017, 0.910, 6, 1, 0.040, 6, 4, 96, 378, 72, 12, 45, 69, 110.260, 89.503
Wed May 17 09:33:45 EDT 2017, 0.660, 4, 3, 0.790, 8, 7, 73, 453, 49, 17, 8, 91, 74.073, 59.520
Wed May 17 09:34:02 EDT 2017, 0.160, 8, 7, 0.290, 3, 2, 28, 303, 94, 8, 33, 46, 14.223, 16.493
Wed May 17 09:34:11 EDT 2017, 0.220, 2, 5, 0.100, 4, 2, 34, 472, 21, 16, 36, 41, 9.060, 7.670
Wed May 17 09:34:31 EDT 2017, 0.720, 6, 9, 0.600, 9, 6, 79, 322, 66, 7, 11, 86, 15.197, 19.737
Wed May 17 09:34:39 EDT 2017, 0.970, 4, 7, 0.350, 6, 4, 56, 547, 44, 2, 49, 63, 4.920, 7.730
Wed May 17 09:35:01 EDT 2017, 0.470, 9, 2, 0.850, 2, 8, 11, 397, 89, 11, 24, 18, 21.647, 15.077
Wed May 17 09:35:04 EDT 2017, 0.340, 3, 8, 0.230, 5, 7, 45, 359, 10, 4, 42, 97, 1.970, 2.463
Wed May 17 09:35:41 EDT 2017, 0.840, 7, 4, 0.730, 1, 3, 90, 509, 55, 14, 17, 52, 36.993, 30.733
Wed May 17 09:36:10 EDT 2017, 0.590, 1, 1, 0.480, 3, 5, 68, 434, 32, 18, 30, 30, 28.247, 18.257
Wed May 17 09:37:00 EDT 2017, 0.090, 5, 6, 0.980, 7, 1, 23, 584, 77, 9, 5, 75, 45.637, 49.897
Wed May 17 09:37:25 EDT 2017, 0.060, 1, 9, 0.760, 7, 3, 87, 519, 86, 13, 19, 38, 21.747, 24.533
Wed May 17 09:37:39 EDT 2017, 0.560, 6, 5, 0.260, 3, 8, 42, 369, 41, 4, 44, 83, 9.490, 12.743
Wed May 17 09:38:20 EDT 2017, 0.810, 3, 3, 0.510, 5, 1, 20, 594, 63, 8, 6, 60, 40.423, 39.030
Wed May 17 09:38:22 EDT 2017, 0.310, 8, 7, 0.010, 9, 5, 65, 444, 18, 18, 31, 15, 2.540, 2.173
Wed May 17 09:39:10 EDT 2017, 0.440, 4, 4, 0.880, 4, 6, 98, 331, 97, 6, 0, 94, 38.923, 45.280
Wed May 17 09:39:31 EDT 2017, 0.940, 9, 8, 0.380, 8, 2, 53, 481, 52, 15, 25, 49, 20.440, 20.977
Wed May 17 09:39:44 EDT 2017, 0.690, 2, 6, 0.630, 6, 9, 31, 406, 75, 11, 13, 27, 12.690, 12.917
Wed May 17 09:39:52 EDT 2017, 0.190, 7, 2, 0.130, 2, 4, 76, 556, 30, 1, 38, 72, 5.113, 7.160
Wed May 17 09:40:27 EDT 2017, 0.120, 4, 7, 0.440, 2, 5, 82, 387, 91, 14, 41, 55, 33.987, 34.440
Wed May 17 09:40:31 EDT 2017, 0.620, 8, 2, 0.940, 7, 9, 37, 537, 46, 5, 16, 10, 3.903, 3.417
Wed May 17 09:40:43 EDT 2017, 0.870, 2, 4, 0.190, 9, 3, 14, 312, 69, 9, 28, 32, 11.613, 10.883
Wed May 17 09:40:59 EDT 2017, 0.370, 6, 9, 0.690, 4, 7, 59, 462, 24, 19, 3, 77, 15.787, 14.990
Wed May 17 09:41:27 EDT 2017, 0.250, 3, 1, 0.320, 8, 6, 93, 575, 80, 7, 34, 21, 27.020, 20.403
Wed May 17 09:41:50 EDT 2017, 0.750, 7, 6, 0.820, 3, 1, 48, 425, 35, 17, 9, 66, 22.137, 18.753
Wed May 17 09:42:28 EDT 2017, 0.500, 5, 8, 0.070, 1, 8, 25, 500, 58, 12, 47, 89, 36.687, 38.297
Wed May 17 09:42:30 EDT 2017, 0.000, 9, 3, 0.570, 5, 4, 70, 350, 13, 2, 22, 44, 1.317, 1.650
Wed May 17 09:42:33 EDT 2017, 0.000, 5, 6, 0.280, 8, 9, 97, 407, 53, 4, 37, 17, 2.463, 2.983
Wed May 17 09:45:42 EDT 2017, 0.500, 9, 2, 0.780, 4, 5, 52, 557, 98, 13, 12, 62, 183.367, 136.347
Wed May 17 09:46:12 EDT 2017, 0.750, 3, 4, 0.030, 1, 7, 29, 332, 31, 18, 49, 85, 28.490, 22.053
Wed May 17 09:46:28 EDT 2017, 0.250, 7, 9, 0.530, 6, 3, 74, 482, 76, 8, 24, 40, 13.070, 16.463
Wed May 17 09:48:52 EDT 2017, 0.380, 2, 1, 0.400, 2, 1, 85, 594, 42, 16, 43, 73, 140.680, 107.680
Wed May 17 09:49:06 EDT 2017, 0.880, 6, 5, 0.900, 7, 6, 40, 444, 87, 6, 18, 28, 11.250, 13.310
Wed May 17 09:49:07 EDT 2017, 0.630, 4, 8, 0.150, 9, 4, 18, 519, 20, 1, 30, 51, 1.110, 1.420
Wed May 17 09:50:05 EDT 2017, 0.130, 8, 3, 0.650, 5, 8, 63, 369, 65, 11, 5, 96, 57.857, 50.613
Wed May 17 09:50:17 EDT 2017, 0.190, 2, 9, 0.970, 3, 8, 91, 500, 36, 5, 2, 79, 8.533, 11.397
Wed May 17 09:50:38 EDT 2017, 0.690, 7, 5, 0.470, 7, 3, 46, 350, 81, 14, 27, 34, 21.087, 18.693
Wed May 17 09:50:43 EDT 2017, 0.940, 4, 2, 0.720, 5, 5, 23, 575, 14, 19, 15, 11, 4.373, 2.817
Wed May 17 09:51:04 EDT 2017, 0.440, 9, 7, 0.220, 1, 1, 68, 425, 59, 10, 40, 56, 18.197, 19.773
Wed May 17 09:51:24 EDT 2017, 0.310, 3, 4, 0.840, 6, 2, 80, 313, 48, 17, 21, 45, 20.003, 16.070
Wed May 17 09:52:10 EDT 2017, 0.810, 8, 8, 0.340, 2, 6, 35, 463, 93, 7, 46, 90, 34.523, 44.770
Wed May 17 09:52:13 EDT 2017, 0.560, 1, 6, 0.590, 4, 4, 12, 388, 25, 2, 9, 68, 2.307, 3.323
Wed May 17 09:52:55 EDT 2017, 0.060, 6, 1, 0.090, 9, 9, 57, 538, 70, 12, 34, 23, 40.423, 28.130
Wed May 17 09:53:29 EDT 2017, 0.090, 1, 5, 0.120, 6, 6, 54, 454, 73, 5, 41, 82, 24.297, 33.023
Wed May 17 09:53:34 EDT 2017, 0.590, 5, 9, 0.620, 2, 2, 99, 304, 28, 15, 16, 37, 4.677, 4.460
Wed May 17 09:53:43 EDT 2017, 0.840, 3, 7, 0.370, 4, 8, 77, 529, 95, 10, 29, 14, 8.510, 9.207
Wed May 17 09:53:49 EDT 2017, 0.340, 8, 3, 0.870, 8, 4, 32, 379, 50, 1, 4, 59, 3.877, 5.797
Wed May 17 09:54:05 EDT 2017, 0.470, 4, 8, 0.000, 5, 3, 43, 341, 62, 13, 35, 48, 14.863, 15.627
Wed May 17 09:54:12 EDT 2017, 0.970, 9, 4, 0.500, 9, 7, 88, 491, 17, 3, 10, 93, 5.543, 6.730
Wed May 17 09:55:14 EDT 2017, 0.720, 2, 2, 0.250, 7, 1, 66, 416, 84, 8, 48, 70, 61.547, 53.357
Wed May 17 09:55:27 EDT 2017, 0.220, 6, 6, 0.750, 3, 5, 21, 566, 39, 17, 23, 25, 12.230, 10.517
Wed May 17 09:55:37 EDT 2017, 0.160, 4, 2, 0.560, 1, 6, 49, 435, 56, 7, 20, 20, 10.540, 8.187
Wed May 17 09:55:45 EDT 2017, 0.660, 8, 7, 0.060, 5, 1, 94, 585, 11, 16, 45, 65, 7.480, 6.617
Wed May 17 09:56:23 EDT 2017, 0.910, 1, 9, 0.810, 8, 8, 71, 360, 79, 11, 7, 87, 30.090, 36.013
Wed May 17 09:56:28 EDT 2017, 0.410, 6, 4, 0.310, 3, 3, 26, 510, 34, 2, 32, 42, 3.473, 4.753
Wed May 17 09:57:25 EDT 2017, 0.280, 2, 6, 0.680, 9, 4, 37, 547, 67, 14, 1, 76, 55.667, 53.287
Wed May 17 09:57:30 EDT 2017, 0.780, 7, 1, 0.180, 4, 9, 82, 397, 22, 4, 26, 31, 4.857, 4.200
Wed May 17 09:58:17 EDT 2017, 0.530, 5, 3, 0.930, 2, 2, 60, 472, 90, 9, 13, 54, 46.147, 41.983
Wed May 17 09:58:47 EDT 2017, 0.030, 9, 8, 0.430, 7, 7, 15, 322, 45, 18, 38, 99, 29.270, 27.470
Wed May 17 09:59:02 EDT 2017, 0.050, 3, 3, 0.860, 4, 4, 73, 590, 91, 3, 27, 27, 11.403, 14.773
Wed May 17 09:59:28 EDT 2017, 0.550, 7, 7, 0.360, 8, 8, 28, 440, 46, 13, 2, 72, 23.757, 24.867
Wed May 17 10:00:34 EDT 2017, 0.800, 5, 9, 0.610, 6, 2, 50, 515, 69, 18, 39, 94, 61.423, 62.380
Wed May 17 10:00:40 EDT 2017, 0.300, 9, 5, 0.110, 2, 6, 95, 365, 24, 8, 14, 49, 5.697, 5.777
Wed May 17 10:01:22 EDT 2017, 0.420, 4, 6, 0.980, 5, 7, 61, 402, 80, 15, 45, 61, 42.113, 37.883
Wed May 17 10:01:30 EDT 2017, 0.920, 8, 1, 0.480, 1, 3, 16, 552, 35, 6, 20, 16, 7.280, 5.343
Wed May 17 10:01:33 EDT 2017, 0.670, 1, 4, 0.730, 3, 9, 39, 327, 57, 1, 33, 38, 1.920, 2.923
Wed May 17 10:01:39 EDT 2017, 0.170, 6, 8, 0.230, 7, 5, 84, 477, 12, 10, 8, 83, 5.193, 5.787
Wed May 17 10:02:13 EDT 2017, 0.240, 4, 4, 0.420, 9, 4, 67, 308, 86, 5, 11, 89, 26.543, 32.607
Wed May 17 10:02:25 EDT 2017, 0.740, 9, 9, 0.920, 4, 9, 22, 458, 41, 14, 36, 44, 11.853, 12.157
Wed May 17 10:02:36 EDT 2017, 0.990, 2, 7, 0.170, 2, 2, 44, 383, 63, 19, 23, 21, 10.730, 9.510
Wed May 17 10:02:54 EDT 2017, 0.490, 7, 2, 0.670, 7, 7, 89, 533, 18, 9, 48, 66, 16.877, 12.710
Wed May 17 10:03:21 EDT 2017, 0.360, 1, 8, 0.290, 1, 5, 56, 496, 97, 16, 17, 33, 27.250, 26.593
Wed May 17 10:03:47 EDT 2017, 0.860, 5, 3, 0.790, 6, 1, 11, 346, 52, 7, 42, 78, 22.643, 24.527
Wed May 17 10:04:17 EDT 2017, 0.610, 3, 1, 0.040, 8, 8, 33, 571, 74, 2, 5, 55, 23.230, 29.053
Wed May 17 10:04:20 EDT 2017, 0.110, 8, 5, 0.540, 3, 3, 78, 421, 29, 12, 30, 10, 2.327, 1.993
Wed May 17 10:04:26 EDT 2017, 0.080, 3, 8, 0.700, 2, 1, 30, 355, 21, 6, 44, 92, 4.947, 6.247
Wed May 17 10:05:13 EDT 2017, 0.580, 7, 4, 0.200, 6, 5, 75, 505, 66, 16, 19, 47, 46.240, 36.783
Wed May 17 10:05:27 EDT 2017, 0.830, 1, 2, 0.950, 9, 3, 98, 430, 43, 11, 31, 24, 13.773, 9.273
Wed May 17 10:05:48 EDT 2017, 0.330, 5, 6, 0.450, 4, 7, 53, 580, 88, 2, 6, 69, 13.977, 20.633
Wed May 17 10:05:53 EDT 2017, 0.450, 2, 3, 0.580, 8, 9, 19, 468, 10, 13, 25, 35, 4.680, 3.767
Wed May 17 10:06:05 EDT 2017, 0.950, 6, 7, 0.080, 3, 4, 64, 318, 55, 4, 0, 80, 8.623, 11.563
Wed May 17 10:06:20 EDT 2017, 0.700, 4, 5, 0.830, 1, 6, 87, 543, 32, 9, 37, 58, 14.500, 14.830
Wed May 17 10:06:47 EDT 2017, 0.200, 8, 1, 0.330, 5, 2, 42, 393, 77, 18, 12, 13, 26.470, 17.323
Wed May 17 10:06:50 EDT 2017, 0.140, 1, 7, 0.010, 7, 2, 25, 561, 15, 8, 16, 30, 2.467, 2.580
Wed May 17 10:08:28 EDT 2017, 0.640, 6, 2, 0.510, 3, 7, 70, 411, 60, 17, 41, 75, 96.980, 63.513
Wed May 17 10:09:02 EDT 2017, 0.890, 3, 5, 0.260, 5, 5, 92, 486, 38, 12, 3, 97, 33.527, 33.457
Wed May 17 10:09:11 EDT 2017, 0.390, 8, 9, 0.760, 9, 9, 47, 336, 83, 3, 28, 52, 6.073, 8.417
Wed May 17 10:09:55 EDT 2017, 0.270, 5, 1, 0.140, 4, 8, 14, 449, 27, 15, 9, 63, 43.763, 29.950
Wed May 17 10:10:03 EDT 2017, 0.770, 9, 6, 0.640, 8, 4, 59, 599, 72, 5, 34, 18, 6.177, 7.383
Wed May 17 10:10:13 EDT 2017, 0.520, 2, 8, 0.390, 6, 6, 81, 374, 49, 10, 22, 41, 8.500, 9.777
Wed May 17 10:14:09 EDT 2017, 0.020, 7, 3, 0.890, 1, 1, 36, 524, 94, 19, 47, 86, 233.910, 193.587
Wed May 17 10:14:22 EDT 2017, 0.020, 1, 8, 0.520, 8, 2, 61, 573, 33, 9, 3, 57, 10.787, 13.023
Wed May 17 10:14:35 EDT 2017, 0.520, 6, 4, 0.020, 4, 6, 16, 423, 78, 19, 28, 12, 12.887, 9.740
Wed May 17 10:14:44 EDT 2017, 0.770, 4, 1, 0.770, 2, 4, 38, 498, 10, 14, 15, 35, 8.843, 5.683
Wed May 17 10:14:59 EDT 2017, 0.270, 8, 6, 0.270, 6, 9, 83, 348, 55, 4, 40, 80, 10.410, 13.890
Wed May 17 10:15:06 EDT 2017, 0.400, 5, 5, 0.650, 1, 8, 72, 386, 44, 12, 21, 23, 7.280, 6.707
Wed May 17 10:15:22 EDT 2017, 0.900, 9, 9, 0.150, 5, 3, 27, 536, 89, 2, 46, 68, 9.403, 15.253
Wed May 17 10:15:29 EDT 2017, 0.650, 3, 7, 0.900, 7, 5, 49, 311, 22, 7, 9, 91, 5.857, 7.133
Wed May 17 10:16:38 EDT 2017, 0.150, 7, 2, 0.400, 3, 1, 94, 461, 67, 16, 34, 46, 67.910, 43.193
Wed May 17 10:16:47 EDT 2017, 0.210, 3, 5, 0.210, 5, 1, 55, 329, 50, 8, 31, 40, 8.410, 9.120
Wed May 17 10:23:56 EDT 2017, 0.710, 8, 1, 0.710, 9, 6, 10, 479, 95, 17, 6, 85, 421.087, 354.123
Wed May 17 10:24:16 EDT 2017, 0.960, 1, 3, 0.460, 7, 4, 33, 404, 27, 13, 43, 63, 18.917, 15.313
Wed May 17 10:24:20 EDT 2017, 0.460, 5, 7, 0.960, 2, 8, 78, 554, 72, 3, 18, 18, 3.187, 4.237
Wed May 17 10:25:20 EDT 2017, 0.340, 2, 2, 0.080, 6, 9, 66, 517, 39, 10, 37, 97, 58.900, 45.243
Wed May 17 10:25:26 EDT 2017, 0.840, 6, 6, 0.580, 1, 5, 21, 367, 84, 1, 12, 52, 3.730, 5.827
Wed May 17 10:25:29 EDT 2017, 0.590, 4, 9, 0.330, 3, 7, 44, 592, 16, 6, 25, 29, 1.773, 2.230
Wed May 17 10:26:27 EDT 2017, 0.090, 9, 4, 0.830, 8, 2, 89, 442, 61, 15, 0, 74, 57.547, 45.960
Wed May 17 10:26:40 EDT 2017, 0.120, 4, 1, 0.930, 7, 5, 18, 358, 58, 3, 23, 43, 12.660, 12.887
Wed May 17 10:26:51 EDT 2017, 0.620, 8, 5, 0.430, 2, 9, 63, 508, 13, 12, 48, 88, 10.987, 9.827
Wed May 17 10:27:36 EDT 2017, 0.870, 2, 8, 0.680, 4, 3, 86, 433, 81, 17, 11, 66, 44.097, 42.580
Wed May 17 10:27:43 EDT 2017, 0.370, 6, 3, 0.180, 9, 7, 41, 583, 36, 7, 36, 21, 6.907, 6.573
Wed May 17 10:29:02 EDT 2017, 0.490, 1, 7, 0.800, 3, 6, 30, 470, 69, 19, 4, 99, 76.803, 68.500
Wed May 17 10:29:14 EDT 2017, 0.990, 5, 2, 0.300, 8, 2, 75, 320, 24, 10, 29, 54, 11.990, 8.687
Wed May 17 10:29:34 EDT 2017, 0.740, 3, 4, 0.550, 5, 8, 97, 545, 92, 5, 17, 32, 16.903, 19.627
Wed May 17 10:29:56 EDT 2017, 0.240, 7, 9, 0.050, 1, 4, 52, 395, 47, 14, 42, 77, 20.603, 21.450
Wed May 17 10:30:07 EDT 2017, 0.180, 2, 4, 0.360, 3, 3, 13, 526, 75, 1, 39, 60, 6.780, 10.370
Wed May 17 10:30:09 EDT 2017, 0.680, 7, 8, 0.860, 7, 8, 58, 376, 30, 11, 14, 15, 2.120, 2.097
Wed May 17 10:30:45 EDT 2017, 0.930, 4, 6, 0.110, 9, 1, 80, 451, 98, 16, 26, 37, 35.893, 32.190
Wed May 17 10:31:11 EDT 2017, 0.430, 9, 2, 0.610, 5, 6, 35, 301, 53, 6, 1, 82, 25.860, 22.823
Wed May 17 10:31:23 EDT 2017, 0.310, 3, 9, 0.490, 8, 7, 24, 414, 64, 18, 32, 26, 11.787, 11.077
Wed May 17 10:31:35 EDT 2017, 0.810, 8, 5, 0.990, 4, 2, 69, 564, 19, 9, 7, 71, 10.703, 10.730
Wed May 17 10:32:14 EDT 2017, 0.560, 1, 3, 0.240, 1, 9, 92, 339, 86, 4, 45, 94, 28.347, 37.627
Wed May 17 10:32:30 EDT 2017, 0.060, 6, 7, 0.740, 6, 4, 47, 489, 41, 13, 20, 49, 15.667, 16.127
Wed May 17 10:33:16 EDT 2017, 0.040, 4, 3, 0.070, 4, 5, 85, 381, 85, 9, 7, 67, 44.950, 41.987
Wed May 17 10:33:26 EDT 2017, 0.540, 8, 8, 0.570, 8, 1, 40, 531, 40, 19, 32, 22, 9.203, 8.037
Wed May 17 10:33:44 EDT 2017, 0.790, 2, 5, 0.320, 6, 7, 17, 306, 62, 14, 19, 44, 17.697, 16.147
Wed May 17 10:33:59 EDT 2017, 0.290, 6, 1, 0.820, 1, 3, 62, 456, 17, 5, 44, 89, 14.277, 11.847
Wed May 17 10:34:06 EDT 2017, 0.410, 3, 9, 0.190, 7, 4, 96, 568, 96, 12, 13, 11, 6.893, 7.143
Wed May 17 10:34:15 EDT 2017, 0.910, 7, 4, 0.690, 2, 8, 51, 418, 51, 2, 38, 56, 6.000, 8.723
Wed May 17 10:35:21 EDT 2017, 0.660, 5, 2, 0.440, 5, 2, 28, 493, 74, 7, 0, 78, 64.880, 54.473
Wed May 17 10:35:29 EDT 2017, 0.160, 9, 6, 0.940, 9, 6, 73, 343, 29, 17, 25, 33, 7.387, 6.647
Wed May 17 10:36:44 EDT 2017, 0.230, 1, 1, 0.630, 8, 7, 79, 512, 91, 8, 29, 50, 74.383, 57.740
Wed May 17 10:37:25 EDT 2017, 0.730, 5, 6, 0.130, 3, 2, 34, 362, 46, 18, 4, 95, 39.780, 32.510
Wed May 17 10:38:12 EDT 2017, 0.980, 3, 8, 0.880, 1, 9, 11, 587, 68, 13, 41, 73, 44.017, 46.800
Wed May 17 10:38:15 EDT 2017, 0.480, 8, 4, 0.380, 5, 5, 56, 437, 23, 4, 16, 28, 2.367, 2.640
Wed May 17 10:38:50 EDT 2017, 0.350, 4, 7, 0.500, 2, 3, 90, 325, 79, 11, 47, 84, 31.363, 33.910
Wed May 17 10:38:53 EDT 2017, 0.850, 9, 3, 0.000, 6, 8, 45, 475, 34, 1, 22, 39, 2.050, 2.997
Wed May 17 10:38:57 EDT 2017, 0.600, 2, 5, 0.750, 9, 1, 23, 400, 57, 6, 35, 16, 3.487, 3.947
Wed May 17 10:39:03 EDT 2017, 0.100, 7, 9, 0.250, 4, 6, 68, 550, 12, 15, 10, 61, 5.733, 5.647
Wed May 17 10:39:05 EDT 2017, 0.070, 2, 6, 0.470, 2, 8, 42, 484, 20, 2, 14, 53, 1.870, 2.490
Wed May 17 10:41:02 EDT 2017, 0.570, 6, 1, 0.970, 6, 4, 87, 334, 65, 11, 39, 98, 111.757, 86.503
Wed May 17 10:42:05 EDT 2017, 0.820, 4, 3, 0.220, 8, 6, 65, 559, 43, 16, 2, 75, 62.253, 49.200
Wed May 17 10:42:16 EDT 2017, 0.320, 9, 8, 0.720, 4, 1, 20, 409, 88, 6, 27, 30, 8.217, 10.467
Wed May 17 10:43:07 EDT 2017, 0.450, 3, 2, 0.350, 9, 3, 54, 372, 31, 18, 8, 87, 51.047, 34.467
Wed May 17 10:43:29 EDT 2017, 0.950, 7, 7, 0.850, 5, 7, 99, 522, 76, 9, 33, 42, 19.913, 21.790
Wed May 17 10:43:32 EDT 2017, 0.700, 1, 9, 0.100, 3, 5, 76, 447, 54, 4, 21, 19, 2.180, 2.753
Wed May 17 10:45:34 EDT 2017, 0.200, 5, 4, 0.600, 7, 9, 31, 597, 99, 14, 46, 64, 118.623, 106.270
Wed May 17 10:45:36 EDT 2017, 0.130, 5, 7, 0.790, 6, 9, 37, 428, 26, 1, 49, 70, 1.743, 2.293
Wed May 17 10:45:59 EDT 2017, 0.630, 9, 3, 0.290, 1, 4, 82, 578, 71, 10, 24, 25, 22.303, 19.180
Wed May 17 10:46:45 EDT 2017, 0.880, 2, 1, 0.540, 3, 7, 59, 353, 48, 15, 36, 47, 45.370, 29.993
Wed May 17 10:47:37 EDT 2017, 0.380, 7, 5, 0.040, 8, 2, 14, 503, 93, 5, 11, 92, 40.180, 51.467
Wed May 17 10:47:40 EDT 2017, 0.260, 1, 4, 0.910, 4, 1, 48, 540, 15, 17, 30, 14, 3.050, 2.280
Wed May 17 10:47:57 EDT 2017, 0.760, 6, 8, 0.410, 9, 5, 93, 390, 60, 8, 5, 59, 13.370, 16.940
Wed May 17 10:48:08 EDT 2017, 0.510, 4, 6, 0.660, 7, 3, 70, 465, 37, 3, 43, 81, 7.273, 10.660
Wed May 17 10:48:44 EDT 2017, 0.010, 8, 2, 0.160, 2, 8, 25, 315, 82, 12, 18, 36, 35.117, 24.740
Wed May 17 10:49:00 EDT 2017, 0.000, 2, 4, 0.720, 6, 6, 55, 345, 80, 14, 9, 24, 16.290, 13.823
Wed May 17 10:49:10 EDT 2017, 0.500, 6, 9, 0.220, 2, 1, 10, 495, 35, 5, 34, 69, 6.993, 9.530
Wed May 17 10:49:42 EDT 2017, 0.750, 4, 7, 0.970, 4, 8, 32, 420, 57, 10, 21, 92, 29.467, 31.630
Wed May 17 10:49:59 EDT 2017, 0.250, 9, 2, 0.470, 8, 3, 77, 570, 12, 19, 46, 47, 16.447, 10.893
Wed May 17 10:50:27 EDT 2017, 0.380, 3, 8, 0.590, 3, 5, 66, 457, 91, 7, 15, 58, 20.790, 27.080
Wed May 17 10:50:34 EDT 2017, 0.880, 8, 3, 0.090, 7, 9, 21, 307, 46, 17, 40, 13, 6.443, 4.820
Wed May 17 10:51:33 EDT 2017, 0.630, 1, 1, 0.840, 5, 2, 43, 532, 68, 12, 3, 36, 59.383, 41.400
Wed May 17 10:51:37 EDT 2017, 0.130, 5, 6, 0.340, 1, 7, 88, 382, 23, 2, 28, 81, 2.713, 3.860
Wed May 17 10:55:18 EDT 2017, 0.190, 5, 3, 0.030, 2, 6, 60, 551, 97, 13, 31, 98, 209.180, 181.840
Wed May 17 10:55:27 EDT 2017, 0.690, 9, 7, 0.530, 7, 2, 15, 401, 52, 4, 6, 53, 6.697, 9.183
Wed May 17 10:55:39 EDT 2017, 0.940, 3, 9, 0.280, 9, 8, 38, 476, 74, 8, 43, 30, 8.950, 11.173
Wed May 17 10:55:59 EDT 2017, 0.440, 7, 5, 0.780, 5, 4, 83, 326, 29, 18, 18, 75, 19.233, 15.720
Wed May 17 10:56:16 EDT 2017, 0.320, 1, 6, 0.160, 8, 3, 72, 438, 85, 6, 49, 41, 14.220, 17.430
Wed May 17 10:57:48 EDT 2017, 0.820, 6, 2, 0.660, 3, 7, 27, 588, 40, 15, 24, 86, 90.997, 63.440
Wed May 17 10:58:20 EDT 2017, 0.570, 4, 4, 0.410, 1, 1, 49, 363, 63, 11, 37, 64, 30.587, 27.427
Wed May 17 10:58:20 EDT 2017, 0.070, 8, 8, 0.910, 6, 5, 94, 513, 18, 1, 12, 19, 0.347, 0.517
Wed May 17 10:58:36 EDT 2017, 0.100, 3, 7, 0.810, 9, 8, 12, 598, 15, 16, 13, 95, 15.740, 14.460
Wed May 17 10:59:07 EDT 2017, 0.600, 8, 2, 0.310, 4, 3, 57, 448, 60, 7, 38, 50, 30.257, 25.133
Wed May 17 10:59:10 EDT 2017, 0.850, 1, 5, 0.560, 2, 5, 80, 523, 37, 2, 1, 27, 2.077, 2.863
Wed May 17 10:59:42 EDT 2017, 0.350, 6, 9, 0.060, 6, 1, 35, 373, 82, 11, 26, 72, 25.520, 31.163
Wed May 17 10:59:50 EDT 2017, 0.470, 2, 1, 0.940, 1, 2, 24, 410, 26, 4, 7, 39, 7.003, 6.127
Wed May 17 11:01:00 EDT 2017, 0.970, 7, 6, 0.440, 5, 6, 69, 560, 71, 14, 32, 84, 69.663, 64.983
Wed May 17 11:01:20 EDT 2017, 0.720, 5, 8, 0.690, 8, 4, 91, 335, 49, 18, 20, 61, 19.480, 18.863
Wed May 17 11:01:34 EDT 2017, 0.220, 9, 4, 0.190, 3, 9, 46, 485, 94, 9, 45, 16, 12.780, 11.890
Wed May 17 11:01:37 EDT 2017, 0.160, 1, 9, 0.380, 5, 9, 18, 316, 32, 15, 48, 22, 3.093, 2.997
Wed May 17 11:02:10 EDT 2017, 0.660, 5, 4, 0.880, 9, 5, 63, 466, 77, 5, 23, 67, 26.070, 31.937
Wed May 17 11:02:23 EDT 2017, 0.910, 3, 2, 0.130, 7, 7, 86, 391, 54, 1, 35, 89, 8.807, 12.623
Wed May 17 11:02:59 EDT 2017, 0.410, 7, 6, 0.630, 3, 3, 41, 541, 99, 10, 10, 44, 34.757, 34.377
Wed May 17 11:03:04 EDT 2017, 0.290, 4, 3, 0.250, 6, 1, 29, 504, 21, 3, 29, 55, 4.507, 5.363
Wed May 17 11:03:08 EDT 2017, 0.790, 8, 7, 0.750, 1, 6, 74, 354, 66, 12, 4, 10, 3.497, 3.340
Wed May 17 11:03:28 EDT 2017, 0.540, 2, 5, 0.000, 4, 4, 97, 579, 43, 17, 42, 33, 19.973, 16.820
Wed May 17 11:05:22 EDT 2017, 0.040, 6, 1, 0.500, 8, 8, 52, 429, 88, 8, 17, 78, 112.587, 96.237
Wed May 17 11:05:26 EDT 2017, 0.050, 4, 9, 0.170, 1, 2, 79, 462, 39, 14, 5, 15, 3.703, 3.523
Wed May 17 11:05:44 EDT 2017, 0.550, 9, 5, 0.670, 6, 7, 34, 312, 84, 4, 30, 60, 12.093, 16.823
Wed May 17 11:06:03 EDT 2017, 0.800, 2, 2, 0.420, 8, 5, 11, 537, 16, 9, 17, 82, 18.520, 13.877
Wed May 17 11:06:22 EDT 2017, 0.300, 7, 7, 0.920, 4, 9, 56, 387, 61, 19, 42, 37, 19.483, 17.597
Wed May 17 11:06:44 EDT 2017, 0.430, 1, 3, 0.050, 9, 8, 90, 349, 50, 7, 24, 71, 19.743, 20.990
Wed May 17 11:07:06 EDT 2017, 0.930, 6, 8, 0.550, 5, 4, 45, 499, 95, 16, 49, 26, 21.400, 20.827
Wed May 17 11:07:16 EDT 2017, 0.680, 3, 6, 0.300, 2, 6, 22, 424, 28, 12, 11, 48, 9.277, 8.610
Wed May 17 11:08:07 EDT 2017, 0.180, 8, 1, 0.800, 7, 1, 67, 574, 73, 2, 36, 93, 40.333, 50.883
Wed May 17 11:08:39 EDT 2017, 0.240, 3, 6, 0.610, 5, 1, 84, 443, 44, 13, 33, 88, 31.150, 30.583
Wed May 17 11:09:07 EDT 2017, 0.740, 7, 2, 0.110, 1, 5, 39, 593, 89, 3, 8, 43, 26.197, 27.743
Wed May 17 11:09:10 EDT 2017, 0.990, 5, 4, 0.860, 3, 3, 17, 368, 22, 8, 45, 20, 2.567, 2.383
Wed May 17 11:09:55 EDT 2017, 0.490, 9, 8, 0.360, 7, 7, 62, 518, 67, 18, 20, 65, 45.170, 42.343
Wed May 17 11:10:20 EDT 2017, 0.360, 4, 1, 0.740, 4, 9, 95, 556, 33, 6, 39, 54, 24.600, 20.140
Wed May 17 11:11:40 EDT 2017, 0.860, 8, 5, 0.240, 9, 4, 50, 406, 78, 15, 14, 99, 78.750, 70.597
Wed May 17 11:11:45 EDT 2017, 0.610, 2, 7, 0.990, 6, 6, 28, 481, 11, 10, 27, 76, 4.713, 4.803
Wed May 17 11:11:48 EDT 2017, 0.110, 6, 3, 0.490, 2, 2, 73, 331, 56, 1, 2, 31, 1.803, 2.687
Wed May 17 11:13:58 EDT 2017, 0.080, 1, 2, 0.270, 4, 4, 36, 396, 64, 17, 22, 85, 129.483, 99.490
Wed May 17 11:14:03 EDT 2017, 0.580, 6, 6, 0.770, 8, 9, 81, 546, 19, 7, 47, 40, 4.167, 4.663
Wed May 17 11:14:06 EDT 2017, 0.830, 4, 9, 0.020, 6, 2, 59, 321, 87, 3, 10, 17, 1.963, 2.677
Wed May 17 11:14:35 EDT 2017, 0.330, 8, 4, 0.520, 2, 7, 14, 471, 42, 12, 35, 62, 27.940, 23.527
Wed May 17 11:15:01 EDT 2017, 0.460, 5, 5, 0.390, 7, 6, 48, 584, 75, 5, 3, 51, 20.597, 25.583
Wed May 17 11:16:13 EDT 2017, 0.960, 9, 1, 0.890, 3, 1, 93, 434, 30, 15, 28, 96, 71.217, 47.913
Wed May 17 11:19:38 EDT 2017, 0.710, 2, 3, 0.140, 5, 8, 70, 509, 98, 19, 16, 74, 200.860, 168.113
Wed May 17 11:19:46 EDT 2017, 0.210, 7, 8, 0.640, 9, 3, 25, 359, 53, 10, 41, 29, 6.523, 6.887
Wed May 17 11:19:55 EDT 2017, 0.150, 3, 5, 0.950, 8, 4, 42, 490, 70, 16, 38, 12, 9.603, 7.750
Wed May 17 11:20:00 EDT 2017, 0.650, 7, 9, 0.450, 3, 8, 87, 340, 25, 6, 13, 57, 3.333, 4.210
Wed May 17 11:20:23 EDT 2017, 0.900, 1, 7, 0.700, 1, 2, 65, 565, 92, 2, 25, 79, 13.777, 22.517
Wed May 17 11:20:39 EDT 2017, 0.400, 5, 3, 0.200, 6, 6, 20, 415, 47, 11, 0, 34, 15.500, 13.207
Wed May 17 11:20:49 EDT 2017, 0.270, 2, 8, 0.830, 2, 7, 53, 302, 59, 4, 31, 68, 6.660, 9.787
Wed May 17 11:20:53 EDT 2017, 0.770, 6, 4, 0.330, 7, 3, 98, 452, 14, 13, 6, 23, 3.420, 2.670
Wed May 17 11:23:05 EDT 2017, 0.520, 4, 1, 0.580, 9, 9, 76, 377, 81, 18, 44, 46, 125.620, 96.467
Wed May 17 11:23:30 EDT 2017, 0.020, 9, 6, 0.080, 4, 5, 31, 527, 36, 9, 19, 91, 23.223, 24.680
Wed May 17 11:27:53 EDT 2017, 0.010, 3, 2, 0.460, 6, 3, 91, 474, 97, 18, 25, 74, 257.083, 199.790
Wed May 17 11:28:00 EDT 2017, 0.510, 8, 6, 0.960, 1, 8, 46, 324, 52, 8, 0, 29, 5.880, 6.543
Wed May 17 11:28:14 EDT 2017, 0.760, 1, 8, 0.210, 3, 1, 23, 549, 75, 3, 37, 52, 8.980, 13.677
Wed May 17 11:28:42 EDT 2017, 0.260, 5, 4, 0.710, 8, 5, 68, 399, 30, 13, 12, 97, 27.527, 24.443
Wed May 17 11:28:44 EDT 2017, 0.390, 2, 7, 0.340, 5, 7, 79, 361, 86, 1, 44, 18, 1.143, 1.757
Wed May 17 11:29:16 EDT 2017, 0.890, 7, 3, 0.840, 9, 2, 34, 511, 41, 11, 19, 63, 31.660, 27.163
Wed May 17 11:30:14 EDT 2017, 0.640, 4, 5, 0.090, 7, 9, 12, 436, 63, 15, 31, 86, 56.977, 50.303
Wed May 17 11:30:17 EDT 2017, 0.140, 9, 9, 0.590, 2, 4, 57, 586, 18, 6, 6, 41, 2.890, 3.520
Wed May 17 11:31:19 EDT 2017, 0.200, 2, 3, 0.770, 1, 5, 96, 417, 80, 19, 9, 46, 61.653, 46.797
Wed May 17 11:31:42 EDT 2017, 0.700, 6, 8, 0.270, 5, 9, 51, 567, 35, 9, 34, 91, 19.663, 22.267
Wed May 17 11:31:59 EDT 2017, 0.950, 4, 5, 0.520, 7, 3, 29, 342, 58, 5, 22, 69, 12.160, 16.483
Wed May 17 11:32:07 EDT 2017, 0.450, 8, 1, 0.020, 3, 7, 74, 492, 13, 14, 47, 24, 8.023, 5.243
Wed May 17 11:32:27 EDT 2017, 0.330, 5, 9, 0.900, 9, 6, 85, 530, 92, 2, 15, 80, 11.253, 18.447
Wed May 17 11:32:41 EDT 2017, 0.830, 9, 4, 0.400, 4, 2, 40, 380, 47, 12, 40, 35, 13.633, 12.050
Wed May 17 11:32:58 EDT 2017, 0.580, 3, 2, 0.650, 2, 8, 17, 455, 69, 16, 3, 12, 16.787, 11.153
Wed May 17 11:33:03 EDT 2017, 0.080, 7, 7, 0.150, 6, 4, 62, 305, 24, 7, 28, 57, 3.793, 4.627
Wed May 17 11:33:09 EDT 2017, 0.110, 2, 7, 0.120, 8, 1, 48, 389, 27, 11, 45, 43, 5.933, 5.910
Wed May 17 11:33:39 EDT 2017, 0.610, 7, 3, 0.620, 4, 6, 93, 539, 72, 2, 20, 88, 20.540, 29.167
Wed May 17 11:34:04 EDT 2017, 0.860, 5, 1, 0.370, 2, 3, 71, 314, 49, 6, 33, 66, 25.070, 20.430
Wed May 17 11:34:27 EDT 2017, 0.360, 9, 5, 0.870, 6, 8, 26, 464, 94, 16, 8, 21, 22.590, 19.713
Wed May 17 11:34:40 EDT 2017, 0.480, 3, 4, 0.240, 3, 9, 37, 577, 16, 9, 26, 77, 12.130, 10.823
Wed May 17 11:34:55 EDT 2017, 0.980, 8, 9, 0.740, 7, 5, 82, 427, 61, 18, 1, 32, 14.713, 14.927
Wed May 17 11:34:59 EDT 2017, 0.730, 1, 6, 0.490, 9, 7, 60, 502, 38, 14, 39, 10, 3.363, 2.993
Wed May 17 11:35:23 EDT 2017, 0.230, 6, 2, 0.990, 5, 2, 15, 352, 83, 4, 14, 55, 22.523, 22.753
Wed May 17 11:35:28 EDT 2017, 0.170, 4, 6, 0.680, 3, 2, 54, 520, 10, 12, 17, 72, 5.787, 5.347
Wed May 17 11:35:37 EDT 2017, 0.670, 9, 1, 0.180, 8, 6, 99, 370, 55, 3, 42, 27, 7.817, 7.533
Wed May 17 11:35:54 EDT 2017, 0.920, 2, 3, 0.930, 5, 4, 76, 595, 33, 8, 4, 49, 16.663, 15.643
Wed May 17 11:37:01 EDT 2017, 0.420, 6, 8, 0.430, 1, 9, 31, 445, 78, 17, 29, 94, 65.957, 61.023
Wed May 17 11:37:04 EDT 2017, 0.290, 1, 2, 0.560, 7, 7, 43, 333, 21, 10, 11, 15, 3.077, 2.303
Wed May 17 11:37:49 EDT 2017, 0.790, 5, 7, 0.060, 2, 3, 88, 483, 66, 19, 36, 60, 44.010, 40.353
Wed May 17 11:38:12 EDT 2017, 0.540, 3, 9, 0.810, 4, 5, 65, 408, 44, 15, 23, 83, 22.637, 23.413
Wed May 17 11:38:35 EDT 2017, 0.040, 7, 5, 0.310, 9, 1, 20, 558, 89, 5, 48, 38, 17.173, 21.937
Wed May 17 11:39:06 EDT 2017, 0.030, 1, 5, 0.880, 2, 9, 67, 366, 48, 18, 35, 65, 30.740, 26.440
Wed May 17 11:39:37 EDT 2017, 0.530, 5, 1, 0.380, 6, 4, 22, 516, 93, 8, 10, 20, 30.563, 22.577
Wed May 17 11:39:42 EDT 2017, 0.780, 3, 3, 0.630, 8, 6, 44, 441, 25, 4, 47, 42, 4.503, 4.987
Wed May 17 11:40:47 EDT 2017, 0.280, 8, 7, 0.130, 4, 2, 89, 591, 70, 13, 22, 87, 60.490, 63.470
Wed May 17 11:40:50 EDT 2017, 0.400, 4, 2, 0.760, 7, 1, 55, 478, 37, 1, 41, 31, 2.307, 3.233
Wed May 17 11:41:26 EDT 2017, 0.900, 9, 6, 0.260, 3, 5, 10, 328, 82, 11, 16, 76, 34.553, 33.017
Wed May 17 11:41:38 EDT 2017, 0.650, 2, 8, 0.510, 1, 3, 33, 553, 14, 16, 29, 98, 12.443, 12.027
Wed May 17 11:41:56 EDT 2017, 0.150, 6, 4, 0.010, 5, 8, 78, 403, 59, 6, 4, 53, 16.030, 17.040
Wed May 17 11:42:13 EDT 2017, 0.220, 4, 8, 0.320, 7, 8, 72, 534, 42, 19, 1, 36, 16.067, 14.833
Wed May 17 11:43:17 EDT 2017, 0.720, 8, 3, 0.820, 2, 4, 27, 384, 87, 10, 26, 81, 63.677, 55.293
Wed May 17 11:43:28 EDT 2017, 0.970, 1, 1, 0.070, 4, 6, 50, 459, 20, 5, 13, 59, 10.993, 8.747
Wed May 17 11:43:34 EDT 2017, 0.470, 6, 6, 0.570, 9, 1, 95, 309, 65, 14, 38, 14, 5.273, 4.757
Wed May 17 11:43:54 EDT 2017, 0.340, 2, 4, 0.450, 3, 2, 61, 422, 54, 3, 19, 93, 14.673, 20.110
Wed May 17 11:44:36 EDT 2017, 0.840, 7, 9, 0.950, 8, 7, 16, 572, 99, 12, 44, 48, 33.983, 39.707
Wed May 17 11:44:41 EDT 2017, 0.590, 5, 7, 0.200, 6, 5, 39, 347, 31, 17, 7, 25, 5.340, 4.550
Wed May 17 11:45:47 EDT 2017, 0.090, 9, 2, 0.700, 1, 9, 84, 497, 76, 7, 32, 70, 64.430, 50.110
Wed May 17 11:46:13 EDT 2017, 0.060, 4, 4, 0.540, 4, 7, 24, 563, 68, 10, 43, 34, 24.680, 21.900
Wed May 17 11:46:15 EDT 2017, 0.560, 9, 8, 0.040, 9, 2, 69, 413, 23, 1, 18, 79, 1.343, 2.037
Wed May 17 11:46:46 EDT 2017, 0.810, 2, 6, 0.790, 6, 9, 92, 488, 90, 6, 30, 56, 22.960, 30.050
Wed May 17 11:46:55 EDT 2017, 0.310, 7, 1, 0.290, 2, 4, 47, 338, 45, 15, 5, 11, 9.393, 6.143
