# 'Timestamp', '--gvt-delay 100 10000', '--imbalance% 0 100', '--recvr-range 1 10000', '--delay 1 10', '--selfEvents% 0 100', '--simEndTime 300 600', '--rows 10 100', '--eventsPerAgent 1 20', '--granularity 0 50', '--cols 10 100', 2tLadderQ_timing_secs, 3tHeap_timing_secs
Wed Apr 19 13:48:39 EDT 2017, 1187, 0.080, 2925, 6, 0.640, 557, 15, 19, 44, 82, 17.640, 17.040
Wed Apr 19 13:48:52 EDT 2017, 6137, 0.580, 7925, 2, 0.140, 407, 60, 9, 19, 37, 12.797, 11.927
Wed Apr 19 13:48:59 EDT 2017, 8612, 0.330, 5425, 8, 0.390, 482, 82, 14, 31, 14, 6.760, 6.820
Wed Apr 19 13:49:02 EDT 2017, 3662, 0.830, 425, 4, 0.890, 332, 37, 4, 6, 59, 2.137, 2.283
Wed Apr 19 13:49:04 EDT 2017, 4900, 0.450, 9174, 7, 0.270, 370, 26, 7, 38, 26, 2.113, 2.177
Wed Apr 19 13:49:49 EDT 2017, 9850, 0.950, 4175, 3, 0.770, 520, 71, 16, 13, 71, 44.813, 36.707
Wed Apr 19 13:49:57 EDT 2017, 7375, 0.200, 1675, 9, 0.520, 445, 93, 2, 25, 93, 6.647, 7.740
Wed Apr 19 13:50:03 EDT 2017, 2425, 0.700, 6675, 5, 0.020, 595, 48, 11, 0, 48, 6.143, 6.093
Wed Apr 19 13:50:07 EDT 2017, 1806, 0.260, 1050, 2, 0.200, 576, 20, 1, 41, 88, 2.950, 3.137
Wed Apr 19 13:50:15 EDT 2017, 6756, 0.760, 6050, 7, 0.700, 426, 65, 10, 16, 43, 7.820, 7.943
Wed Apr 19 13:50:22 EDT 2017, 9231, 0.010, 8549, 4, 0.950, 501, 88, 6, 28, 20, 7.090, 7.020
Wed Apr 19 13:50:27 EDT 2017, 4281, 0.510, 3550, 9, 0.450, 351, 43, 15, 3, 65, 4.723, 4.803
Wed Apr 19 13:50:42 EDT 2017, 3043, 0.140, 7300, 1, 0.830, 314, 32, 13, 47, 31, 14.813, 13.827
Wed Apr 19 13:50:52 EDT 2017, 7993, 0.640, 2300, 6, 0.330, 464, 77, 3, 22, 76, 8.517, 9.590
Wed Apr 19 13:53:03 EDT 2017, 5518, 0.390, 4800, 3, 0.080, 389, 99, 17, 35, 99, 130.547, 121.903
Wed Apr 19 13:53:11 EDT 2017, 568, 0.890, 9799, 8, 0.580, 539, 54, 8, 10, 54, 6.760, 7.443
Wed Apr 19 13:53:41 EDT 2017, 414, 0.150, 581, 4, 0.340, 337, 78, 10, 37, 69, 29.640, 29.900
Wed Apr 19 13:53:41 EDT 2017, 5364, 0.650, 5581, 8, 0.840, 487, 33, 1, 12, 24, 0.263, 0.273
Wed Apr 19 13:53:51 EDT 2017, 7839, 0.400, 8081, 2, 0.590, 412, 11, 15, 49, 47, 9.187, 8.687
Wed Apr 19 13:54:07 EDT 2017, 2889, 0.900, 3081, 6, 0.090, 562, 56, 5, 24, 92, 15.003, 16.383
Wed Apr 19 13:54:18 EDT 2017, 4126, 0.280, 6831, 3, 0.720, 525, 89, 3, 31, 36, 9.427, 10.047
Wed Apr 19 13:54:26 EDT 2017, 9076, 0.780, 1831, 7, 0.220, 375, 44, 12, 6, 81, 7.480, 7.753
Wed Apr 19 13:54:45 EDT 2017, 6601, 0.030, 4331, 1, 0.470, 450, 22, 8, 43, 58, 16.193, 16.647
Wed Apr 19 13:54:49 EDT 2017, 1651, 0.530, 9331, 5, 0.970, 300, 67, 17, 18, 13, 3.540, 3.367
Wed Apr 19 13:55:05 EDT 2017, 2270, 0.470, 3706, 8, 0.780, 318, 84, 9, 28, 75, 15.937, 16.107
Wed Apr 19 13:55:11 EDT 2017, 7220, 0.970, 8706, 3, 0.280, 468, 39, 18, 3, 30, 6.123, 4.870
Wed Apr 19 13:55:13 EDT 2017, 9695, 0.220, 6206, 6, 0.030, 393, 16, 4, 40, 52, 1.903, 1.920
Wed Apr 19 13:56:43 EDT 2017, 4745, 0.720, 1206, 1, 0.530, 543, 61, 14, 15, 97, 84.933, 70.960
Wed Apr 19 13:57:16 EDT 2017, 3507, 0.090, 9956, 9, 0.160, 581, 95, 16, 34, 41, 30.923, 32.750
Wed Apr 19 13:57:25 EDT 2017, 8457, 0.590, 4956, 5, 0.660, 431, 50, 6, 9, 86, 7.887, 8.257
Wed Apr 19 13:57:37 EDT 2017, 5982, 0.340, 2456, 7, 0.910, 506, 27, 11, 46, 64, 11.987, 12.053
Wed Apr 19 13:57:39 EDT 2017, 1032, 0.840, 7456, 2, 0.410, 356, 72, 2, 21, 19, 1.780, 1.920
Wed Apr 19 13:57:59 EDT 2017, 723, 0.310, 8393, 1, 0.060, 440, 36, 7, 23, 78, 19.860, 19.500
Wed Apr 19 13:58:45 EDT 2017, 5673, 0.810, 3394, 5, 0.560, 590, 81, 17, 48, 33, 45.090, 42.930
Wed Apr 19 13:58:46 EDT 2017, 8148, 0.060, 894, 3, 0.810, 365, 58, 2, 10, 10, 0.513, 0.570
Wed Apr 19 13:58:50 EDT 2017, 3198, 0.560, 5893, 8, 0.310, 515, 13, 12, 35, 55, 4.257, 4.253
Wed Apr 19 13:59:02 EDT 2017, 4436, 0.180, 4644, 2, 0.940, 478, 47, 19, 17, 21, 11.683, 10.087
Wed Apr 19 13:59:25 EDT 2017, 9386, 0.680, 9643, 7, 0.440, 328, 92, 9, 42, 66, 22.210, 22.963
Wed Apr 19 14:00:01 EDT 2017, 6911, 0.430, 7143, 4, 0.190, 553, 70, 14, 4, 89, 34.050, 29.407
Wed Apr 19 14:00:04 EDT 2017, 1961, 0.930, 2144, 9, 0.690, 403, 25, 5, 29, 44, 1.750, 1.873
Wed Apr 19 14:00:16 EDT 2017, 1342, 0.000, 5269, 7, 0.500, 384, 41, 13, 13, 83, 10.850, 11.313
Wed Apr 19 14:00:28 EDT 2017, 6292, 0.500, 269, 3, 0.000, 534, 86, 3, 38, 38, 10.973, 11.690
Wed Apr 19 14:00:30 EDT 2017, 8767, 0.250, 2769, 9, 0.250, 309, 64, 18, 1, 16, 1.603, 1.540
Wed Apr 19 14:00:34 EDT 2017, 3817, 0.750, 7768, 5, 0.750, 459, 19, 8, 26, 61, 4.463, 4.567
Wed Apr 19 14:00:35 EDT 2017, 2579, 0.370, 1519, 6, 0.380, 497, 53, 1, 20, 27, 0.867, 0.843
Wed Apr 19 14:02:18 EDT 2017, 7529, 0.870, 6518, 1, 0.880, 347, 98, 11, 45, 72, 101.373, 91.257
Wed Apr 19 14:02:33 EDT 2017, 5054, 0.120, 9018, 8, 0.630, 572, 75, 6, 7, 95, 14.057, 14.407
Wed Apr 19 14:02:46 EDT 2017, 104, 0.620, 4019, 4, 0.130, 422, 30, 15, 32, 50, 13.457, 13.067
Wed Apr 19 14:03:06 EDT 2017, 107, 0.310, 5989, 4, 0.320, 473, 68, 18, 16, 37, 19.907, 18.787
Wed Apr 19 14:03:12 EDT 2017, 5057, 0.810, 989, 9, 0.820, 323, 23, 9, 41, 82, 5.430, 5.440
Wed Apr 19 14:03:29 EDT 2017, 7532, 0.060, 3489, 2, 0.570, 548, 46, 13, 4, 60, 16.823, 13.043
Wed Apr 19 14:03:32 EDT 2017, 2582, 0.560, 8488, 6, 0.070, 398, 91, 4, 29, 15, 2.523, 2.680
Wed Apr 19 14:03:48 EDT 2017, 3819, 0.180, 2239, 3, 0.700, 436, 57, 6, 23, 71, 15.840, 15.493
Wed Apr 19 14:03:52 EDT 2017, 8769, 0.680, 7239, 8, 0.200, 586, 12, 16, 48, 26, 3.600, 3.587
Wed Apr 19 14:03:53 EDT 2017, 6294, 0.430, 9738, 1, 0.450, 361, 35, 1, 10, 49, 1.117, 1.183
Wed Apr 19 14:04:51 EDT 2017, 1344, 0.930, 4739, 5, 0.950, 511, 80, 11, 35, 94, 57.963, 55.553
Wed Apr 19 14:04:56 EDT 2017, 1963, 0.000, 7863, 8, 0.760, 492, 74, 3, 20, 43, 3.760, 4.157
Wed Apr 19 14:05:16 EDT 2017, 6913, 0.500, 2864, 4, 0.260, 342, 29, 12, 45, 88, 20.317, 19.450
Wed Apr 19 14:05:25 EDT 2017, 9388, 0.250, 364, 6, 0.010, 567, 52, 7, 7, 65, 7.347, 8.267
Wed Apr 19 14:06:04 EDT 2017, 4438, 0.750, 5364, 1, 0.510, 417, 97, 17, 32, 20, 39.053, 35.273
Wed Apr 19 14:06:19 EDT 2017, 3200, 0.370, 4114, 9, 0.130, 379, 63, 14, 13, 77, 13.723, 14.333
Wed Apr 19 14:06:21 EDT 2017, 8150, 0.870, 9113, 5, 0.630, 529, 18, 5, 38, 32, 2.247, 2.273
Wed Apr 19 14:06:25 EDT 2017, 5675, 0.120, 6614, 7, 0.880, 304, 40, 19, 1, 54, 3.870, 3.300
Wed Apr 19 14:07:44 EDT 2017, 726, 0.620, 1614, 2, 0.380, 454, 85, 10, 26, 99, 75.067, 72.533
Wed Apr 19 14:07:48 EDT 2017, 1035, 0.150, 2552, 1, 0.100, 539, 26, 4, 31, 23, 3.660, 3.647
Wed Apr 19 14:08:02 EDT 2017, 5985, 0.650, 7551, 6, 0.600, 389, 71, 14, 6, 68, 13.820, 13.107
Wed Apr 19 14:09:23 EDT 2017, 8460, 0.400, 5051, 3, 0.850, 464, 94, 9, 43, 91, 81.047, 75.470
Wed Apr 19 14:09:32 EDT 2017, 3510, 0.900, 52, 8, 0.350, 314, 49, 19, 18, 46, 8.110, 8.150
Wed Apr 19 14:09:43 EDT 2017, 4747, 0.280, 8801, 2, 0.980, 351, 15, 11, 37, 80, 10.540, 10.087
Wed Apr 19 14:09:45 EDT 2017, 9697, 0.780, 3801, 7, 0.480, 501, 60, 2, 12, 35, 1.723, 1.947
Wed Apr 19 14:09:58 EDT 2017, 7222, 0.030, 1302, 4, 0.230, 426, 83, 16, 49, 12, 13.407, 12.753
Wed Apr 19 14:10:05 EDT 2017, 2272, 0.530, 6301, 9, 0.730, 576, 38, 7, 24, 57, 6.303, 6.573
Wed Apr 19 14:10:13 EDT 2017, 1654, 0.460, 677, 7, 0.540, 595, 32, 15, 34, 29, 8.173, 7.883
Wed Apr 19 14:10:30 EDT 2017, 6604, 0.960, 5676, 3, 0.040, 445, 77, 6, 9, 74, 14.937, 15.940
Wed Apr 19 14:11:37 EDT 2017, 9079, 0.210, 8176, 9, 0.290, 520, 99, 10, 46, 96, 59.877, 57.200
Wed Apr 19 14:11:39 EDT 2017, 4129, 0.710, 3176, 5, 0.790, 370, 54, 1, 21, 51, 1.383, 1.473
Wed Apr 19 14:11:44 EDT 2017, 2891, 0.090, 6926, 6, 0.420, 333, 21, 8, 27, 85, 4.810, 5.007
Wed Apr 19 14:12:00 EDT 2017, 7841, 0.590, 1927, 2, 0.920, 483, 66, 17, 2, 40, 15.063, 9.880
Wed Apr 19 14:12:02 EDT 2017, 5366, 0.340, 4426, 8, 0.670, 408, 88, 3, 40, 18, 2.317, 2.410
Wed Apr 19 14:12:21 EDT 2017, 416, 0.840, 9426, 4, 0.170, 558, 43, 13, 15, 63, 18.213, 17.960
Wed Apr 19 14:12:27 EDT 2017, 571, 0.070, 208, 9, 0.900, 356, 90, 5, 38, 33, 5.483, 5.597
Wed Apr 19 14:12:49 EDT 2017, 5521, 0.570, 5207, 5, 0.400, 506, 45, 15, 13, 78, 20.897, 19.127
Wed Apr 19 14:12:50 EDT 2017, 7996, 0.320, 7707, 7, 0.150, 431, 22, 1, 25, 56, 0.690, 0.673
Wed Apr 19 14:12:53 EDT 2017, 3046, 0.820, 2708, 2, 0.650, 581, 67, 10, 0, 11, 2.340, 1.803
Wed Apr 19 14:13:49 EDT 2017, 4283, 0.450, 6457, 8, 0.020, 543, 78, 17, 44, 67, 55.683, 56.277
Wed Apr 19 14:13:52 EDT 2017, 9233, 0.950, 1458, 3, 0.520, 393, 33, 8, 19, 22, 2.877, 2.753
Wed Apr 19 14:13:55 EDT 2017, 6758, 0.200, 3958, 6, 0.770, 468, 11, 12, 31, 44, 2.870, 2.670
Wed Apr 19 14:14:03 EDT 2017, 1808, 0.700, 8957, 1, 0.270, 318, 56, 3, 6, 89, 7.050, 7.503
Wed Apr 19 14:14:41 EDT 2017, 2427, 0.260, 3333, 3, 0.460, 300, 95, 14, 47, 39, 36.410, 34.767
Wed Apr 19 14:14:49 EDT 2017, 7377, 0.760, 8332, 7, 0.960, 450, 50, 4, 22, 84, 6.737, 7.237
Wed Apr 19 14:15:23 EDT 2017, 9852, 0.010, 5832, 1, 0.710, 375, 28, 18, 34, 61, 33.320, 29.933
Wed Apr 19 14:15:26 EDT 2017, 4902, 0.510, 833, 5, 0.210, 525, 73, 9, 9, 16, 3.447, 3.413
Wed Apr 19 14:15:42 EDT 2017, 3665, 0.140, 9582, 4, 0.590, 562, 84, 2, 41, 72, 13.577, 14.887
Wed Apr 19 14:15:45 EDT 2017, 8615, 0.640, 4583, 8, 0.090, 412, 39, 11, 16, 27, 2.800, 3.027
Wed Apr 19 14:15:50 EDT 2017, 6140, 0.390, 2083, 2, 0.340, 487, 16, 6, 28, 50, 4.537, 4.403
Wed Apr 19 14:16:04 EDT 2017, 1190, 0.890, 7082, 6, 0.840, 337, 61, 16, 3, 95, 13.927, 11.920
Wed Apr 19 14:16:06 EDT 2017, 880, 0.420, 8645, 6, 0.680, 422, 47, 12, 2, 25, 2.200, 2.253
Wed Apr 19 14:16:30 EDT 2017, 5830, 0.920, 3645, 1, 0.180, 572, 92, 2, 27, 70, 21.130, 23.333
Wed Apr 19 14:16:53 EDT 2017, 8305, 0.170, 1145, 8, 0.430, 347, 70, 17, 14, 92, 21.800, 21.930
Wed Apr 19 14:16:59 EDT 2017, 3355, 0.670, 6145, 4, 0.930, 497, 25, 7, 39, 47, 6.677, 6.670
Wed Apr 19 14:17:04 EDT 2017, 4593, 0.040, 4895, 7, 0.310, 459, 36, 5, 8, 81, 4.003, 4.207
Wed Apr 19 14:17:26 EDT 2017, 9543, 0.540, 9895, 3, 0.810, 309, 81, 14, 33, 36, 22.027, 20.887
Wed Apr 19 14:17:29 EDT 2017, 7068, 0.290, 7395, 9, 0.560, 534, 59, 9, 20, 13, 2.317, 2.360
Wed Apr 19 14:17:38 EDT 2017, 2118, 0.790, 2395, 5, 0.060, 384, 14, 19, 45, 58, 9.290, 8.813
Wed Apr 19 14:17:45 EDT 2017, 1499, 0.230, 5520, 2, 0.240, 403, 53, 8, 11, 30, 6.480, 6.427
Wed Apr 19 14:19:10 EDT 2017, 6449, 0.730, 520, 7, 0.740, 553, 98, 18, 36, 75, 81.037, 76.880
Wed Apr 19 14:19:20 EDT 2017, 8924, 0.480, 3020, 4, 0.990, 328, 76, 3, 23, 98, 9.930, 10.343
Wed Apr 19 14:19:32 EDT 2017, 3974, 0.980, 8020, 9, 0.490, 478, 31, 13, 48, 53, 11.477, 11.247
Wed Apr 19 14:20:08 EDT 2017, 2736, 0.360, 1770, 1, 0.870, 515, 42, 15, 5, 87, 34.620, 22.877
Wed Apr 19 14:20:19 EDT 2017, 7686, 0.860, 6770, 5, 0.370, 365, 87, 6, 30, 42, 10.430, 10.620
Wed Apr 19 14:20:29 EDT 2017, 5211, 0.110, 9270, 3, 0.120, 590, 64, 11, 17, 19, 9.260, 8.837
Wed Apr 19 14:20:30 EDT 2017, 261, 0.610, 4270, 8, 0.620, 440, 19, 1, 42, 64, 0.853, 0.827
Wed Apr 19 14:20:33 EDT 2017, 339, 0.210, 9191, 6, 0.390, 386, 78, 7, 20, 16, 2.877, 3.003
Wed Apr 19 14:21:23 EDT 2017, 5289, 0.710, 4192, 2, 0.890, 536, 33, 17, 45, 61, 49.250, 45.690
Wed Apr 19 14:21:23 EDT 2017, 7764, 0.460, 1692, 9, 0.640, 311, 10, 3, 7, 83, 0.443, 0.467
Wed Apr 19 14:21:41 EDT 2017, 2814, 0.960, 6692, 4, 0.140, 461, 55, 12, 32, 38, 16.950, 16.377
Wed Apr 19 14:22:48 EDT 2017, 4051, 0.330, 2942, 5, 0.520, 499, 89, 19, 14, 94, 64.983, 59.113
Wed Apr 19 14:23:13 EDT 2017, 9001, 0.830, 7942, 1, 0.020, 349, 44, 10, 39, 49, 25.050, 24.257
Wed Apr 19 14:23:15 EDT 2017, 6526, 0.080, 5442, 8, 0.270, 574, 21, 15, 1, 27, 1.463, 1.347
Wed Apr 19 14:23:32 EDT 2017, 1576, 0.580, 442, 3, 0.770, 424, 66, 5, 26, 72, 15.843, 16.567
Wed Apr 19 14:23:40 EDT 2017, 2195, 0.390, 7317, 1, 0.950, 443, 83, 13, 17, 10, 8.510, 7.177
Wed Apr 19 14:23:48 EDT 2017, 7145, 0.890, 2317, 6, 0.450, 593, 38, 4, 42, 55, 6.977, 7.180
Wed Apr 19 14:23:52 EDT 2017, 9620, 0.140, 4817, 4, 0.200, 368, 16, 18, 4, 77, 4.590, 3.980
Wed Apr 19 14:24:01 EDT 2017, 4670, 0.640, 9816, 8, 0.700, 518, 61, 9, 29, 32, 7.557, 7.860
Wed Apr 19 14:24:17 EDT 2017, 3433, 0.020, 1067, 3, 0.080, 480, 95, 2, 23, 89, 13.853, 15.910
Wed Apr 19 14:24:28 EDT 2017, 8383, 0.520, 6067, 7, 0.580, 330, 50, 11, 48, 44, 10.720, 10.670
Wed Apr 19 14:24:29 EDT 2017, 5908, 0.270, 8567, 5, 0.830, 555, 27, 6, 11, 21, 1.367, 1.280
Wed Apr 19 14:25:01 EDT 2017, 958, 0.770, 3567, 9, 0.330, 405, 72, 16, 36, 66, 27.713, 29.863
Wed Apr 19 14:25:07 EDT 2017, 1267, 0.300, 2005, 7, 0.170, 321, 35, 10, 31, 52, 5.920, 6.063
Wed Apr 19 14:25:12 EDT 2017, 6217, 0.800, 7004, 3, 0.670, 471, 80, 1, 6, 97, 4.183, 5.120
Wed Apr 19 14:25:53 EDT 2017, 8692, 0.050, 9504, 5, 0.920, 396, 58, 15, 43, 75, 39.970, 38.643
Wed Apr 19 14:25:55 EDT 2017, 3742, 0.550, 4504, 1, 0.420, 546, 13, 6, 18, 30, 2.430, 2.353
Wed Apr 19 14:26:00 EDT 2017, 4979, 0.180, 5754, 8, 0.800, 583, 47, 3, 25, 63, 4.420, 4.820
Wed Apr 19 14:26:05 EDT 2017, 9929, 0.680, 755, 4, 0.300, 433, 92, 13, 0, 18, 4.277, 3.663
Wed Apr 19 14:26:20 EDT 2017, 7454, 0.430, 3255, 6, 0.050, 508, 69, 8, 37, 41, 14.787, 15.140
Wed Apr 19 14:26:36 EDT 2017, 2504, 0.930, 8254, 2, 0.550, 358, 24, 18, 12, 86, 15.470, 13.220
Wed Apr 19 14:26:44 EDT 2017, 1886, 0.110, 3880, 4, 0.740, 340, 41, 9, 28, 46, 7.683, 7.627
Wed Apr 19 14:27:13 EDT 2017, 6836, 0.610, 8879, 9, 0.240, 490, 86, 19, 3, 91, 27.717, 26.563
Wed Apr 19 14:27:39 EDT 2017, 9311, 0.360, 6379, 2, 0.490, 415, 64, 5, 40, 69, 25.173, 24.620
Wed Apr 19 14:27:41 EDT 2017, 4361, 0.860, 1380, 7, 0.990, 565, 19, 14, 15, 24, 2.130, 2.013
Wed Apr 19 14:28:29 EDT 2017, 3123, 0.490, 7629, 3, 0.360, 527, 52, 16, 34, 58, 47.217, 44.073
Wed Apr 19 14:28:31 EDT 2017, 8073, 0.990, 2630, 8, 0.860, 377, 97, 7, 9, 13, 1.683, 1.790
Wed Apr 19 14:29:27 EDT 2017, 5598, 0.240, 130, 1, 0.610, 452, 75, 12, 47, 35, 54.583, 50.030
Wed Apr 19 14:29:29 EDT 2017, 648, 0.740, 5129, 6, 0.110, 302, 30, 2, 22, 80, 1.777, 1.953
Wed Apr 19 14:30:02 EDT 2017, 493, 0.440, 4661, 3, 0.810, 579, 57, 18, 49, 20, 29.073, 25.817
Wed Apr 19 14:30:05 EDT 2017, 5443, 0.940, 9660, 7, 0.310, 429, 12, 9, 24, 65, 2.663, 2.653
Wed Apr 19 14:30:35 EDT 2017, 7918, 0.190, 7160, 5, 0.060, 504, 34, 14, 36, 87, 28.883, 28.940
Wed Apr 19 14:30:38 EDT 2017, 2968, 0.690, 2161, 9, 0.560, 354, 79, 4, 11, 42, 2.660, 3.047
Wed Apr 19 14:31:21 EDT 2017, 4206, 0.070, 8410, 2, 0.190, 316, 68, 7, 43, 99, 42.030, 41.313
Wed Apr 19 14:31:27 EDT 2017, 9156, 0.570, 3411, 6, 0.690, 466, 23, 16, 18, 54, 6.780, 6.483
Wed Apr 19 14:31:29 EDT 2017, 6681, 0.320, 911, 4, 0.940, 391, 45, 2, 30, 31, 1.633, 1.743
Wed Apr 19 14:31:50 EDT 2017, 1731, 0.820, 5911, 8, 0.440, 541, 90, 11, 5, 76, 18.213, 19.347
Wed Apr 19 14:31:51 EDT 2017, 2350, 0.130, 1536, 5, 0.250, 560, 62, 1, 40, 14, 0.997, 1.100
Wed Apr 19 14:31:58 EDT 2017, 7300, 0.630, 6535, 1, 0.750, 410, 17, 10, 15, 59, 6.910, 6.090
Wed Apr 19 14:32:05 EDT 2017, 9775, 0.380, 9035, 8, 0.500, 485, 40, 5, 27, 82, 6.733, 7.340
Wed Apr 19 14:32:17 EDT 2017, 4825, 0.880, 4036, 3, 0.000, 335, 85, 15, 2, 37, 10.730, 8.680
Wed Apr 19 14:33:00 EDT 2017, 3587, 0.250, 5286, 7, 0.630, 372, 73, 13, 46, 93, 43.397, 42.553
Wed Apr 19 14:33:04 EDT 2017, 8537, 0.750, 286, 2, 0.130, 522, 28, 3, 21, 48, 3.723, 3.850
Wed Apr 19 14:33:12 EDT 2017, 6062, 0.000, 2786, 9, 0.380, 447, 51, 17, 33, 25, 7.863, 7.763
Wed Apr 19 14:33:38 EDT 2017, 1112, 0.500, 7785, 4, 0.880, 597, 96, 8, 8, 70, 24.443, 24.123
Wed Apr 19 14:33:40 EDT 2017, 803, 0.040, 6848, 3, 0.590, 513, 14, 4, 10, 51, 1.380, 1.417
Wed Apr 19 14:34:09 EDT 2017, 5753, 0.540, 1848, 8, 0.090, 363, 59, 13, 35, 96, 27.403, 27.827
Wed Apr 19 14:35:18 EDT 2017, 8228, 0.290, 4348, 1, 0.340, 588, 82, 8, 22, 73, 68.570, 61.193
Wed Apr 19 14:35:30 EDT 2017, 3278, 0.790, 9348, 6, 0.840, 438, 37, 18, 47, 28, 11.703, 11.567
Wed Apr 19 14:35:34 EDT 2017, 4515, 0.410, 599, 5, 0.470, 401, 26, 11, 4, 62, 3.557, 3.260
Wed Apr 19 14:35:35 EDT 2017, 9465, 0.910, 5598, 9, 0.970, 551, 71, 1, 29, 17, 0.623, 0.707
Wed Apr 19 14:36:00 EDT 2017, 6990, 0.160, 8098, 2, 0.720, 326, 93, 15, 16, 39, 24.883, 21.307
Wed Apr 19 14:36:16 EDT 2017, 2040, 0.660, 3098, 7, 0.220, 476, 48, 6, 41, 84, 14.497, 15.477
Wed Apr 19 14:36:17 EDT 2017, 1422, 0.350, 9973, 9, 0.030, 457, 20, 17, 0, 45, 1.587, 1.580
Wed Apr 19 14:36:36 EDT 2017, 6372, 0.850, 4973, 4, 0.530, 307, 65, 7, 25, 90, 16.887, 17.377
Wed Apr 19 14:37:02 EDT 2017, 8847, 0.100, 2473, 6, 0.780, 532, 87, 12, 13, 68, 25.440, 24.310
Wed Apr 19 14:37:04 EDT 2017, 3897, 0.600, 7473, 2, 0.280, 382, 42, 2, 38, 23, 2.060, 2.080
Wed Apr 19 14:37:07 EDT 2017, 2659, 0.220, 3723, 7, 0.910, 419, 31, 10, 7, 56, 3.350, 3.403
Wed Apr 19 14:37:23 EDT 2017, 7609, 0.720, 8723, 3, 0.410, 569, 76, 19, 32, 11, 15.130, 13.893
Wed Apr 19 14:37:29 EDT 2017, 5134, 0.470, 6223, 5, 0.160, 344, 99, 5, 19, 34, 5.893, 6.293
Wed Apr 19 14:39:15 EDT 2017, 184, 0.970, 1224, 1, 0.660, 494, 54, 14, 44, 79, 104.107, 97.463
Wed Apr 19 14:40:31 EDT 2017, 223, 0.020, 3137, 6, 0.140, 599, 83, 11, 46, 87, 72.387, 73.927
Wed Apr 19 14:40:35 EDT 2017, 5173, 0.520, 8137, 1, 0.640, 449, 38, 2, 21, 42, 3.307, 3.490
Wed Apr 19 14:40:38 EDT 2017, 7648, 0.270, 5637, 8, 0.890, 524, 15, 16, 33, 19, 2.263, 2.223
Wed Apr 19 14:40:46 EDT 2017, 2698, 0.770, 638, 4, 0.390, 374, 60, 7, 8, 64, 7.647, 8.047
Wed Apr 19 14:40:52 EDT 2017, 3935, 0.390, 9387, 7, 0.760, 336, 94, 4, 40, 31, 4.967, 5.343
Wed Apr 19 14:41:28 EDT 2017, 8885, 0.890, 4387, 2, 0.260, 486, 49, 14, 15, 76, 36.217, 31.303
Wed Apr 19 14:41:36 EDT 2017, 6410, 0.140, 1888, 9, 0.010, 411, 27, 9, 27, 98, 7.810, 7.830
Wed Apr 19 14:41:56 EDT 2017, 1460, 0.640, 6887, 5, 0.510, 561, 72, 18, 2, 53, 18.457, 15.627
Wed Apr 19 14:43:13 EDT 2017, 2079, 0.330, 13, 2, 0.700, 542, 77, 8, 43, 81, 76.060, 69.430
Wed Apr 19 14:43:19 EDT 2017, 7029, 0.830, 5012, 6, 0.200, 392, 32, 17, 18, 36, 5.993, 5.417
Wed Apr 19 14:43:20 EDT 2017, 9504, 0.080, 7512, 4, 0.450, 467, 10, 3, 30, 14, 0.610, 0.573
Wed Apr 19 14:43:25 EDT 2017, 4554, 0.580, 2512, 9, 0.950, 317, 55, 12, 5, 59, 4.570, 4.600
Wed Apr 19 14:44:12 EDT 2017, 3317, 0.200, 6262, 1, 0.330, 355, 89, 15, 49, 25, 45.797, 43.413
Wed Apr 19 14:44:21 EDT 2017, 8267, 0.700, 1263, 5, 0.830, 505, 44, 5, 24, 70, 8.877, 8.783
Wed Apr 19 14:44:38 EDT 2017, 5792, 0.450, 3762, 3, 0.580, 430, 21, 10, 37, 93, 16.397, 15.787
Wed Apr 19 14:44:40 EDT 2017, 842, 0.950, 8762, 7, 0.080, 580, 66, 1, 12, 48, 1.647, 1.960
Wed Apr 19 14:44:45 EDT 2017, 1151, 0.480, 5325, 9, 0.420, 495, 41, 6, 7, 73, 4.197, 4.783
Wed Apr 19 14:45:00 EDT 2017, 6101, 0.980, 325, 5, 0.920, 345, 86, 15, 32, 28, 15.050, 14.400
Wed Apr 19 14:45:02 EDT 2017, 8576, 0.230, 2825, 7, 0.670, 570, 63, 1, 19, 50, 1.630, 1.817
Wed Apr 19 14:45:20 EDT 2017, 3626, 0.730, 7824, 3, 0.170, 420, 18, 11, 44, 95, 17.323, 16.913
Wed Apr 19 14:45:24 EDT 2017, 4863, 0.110, 1575, 8, 0.540, 383, 52, 18, 1, 39, 4.290, 3.993
Wed Apr 19 14:46:14 EDT 2017, 9813, 0.610, 6575, 4, 0.040, 533, 97, 8, 26, 84, 48.407, 49.413
Wed Apr 19 14:46:27 EDT 2017, 7338, 0.360, 9074, 6, 0.290, 308, 74, 13, 13, 62, 12.793, 12.717
Wed Apr 19 14:46:30 EDT 2017, 2388, 0.860, 4075, 2, 0.790, 458, 29, 4, 38, 17, 2.413, 2.207
Wed Apr 19 14:46:40 EDT 2017, 1770, 0.170, 8449, 3, 0.980, 477, 35, 14, 4, 67, 9.947, 7.917
Wed Apr 19 14:46:43 EDT 2017, 6720, 0.670, 3450, 8, 0.480, 327, 80, 5, 29, 22, 2.777, 2.863
Wed Apr 19 14:47:36 EDT 2017, 9195, 0.420, 950, 1, 0.230, 552, 58, 19, 16, 45, 51.210, 43.973
Wed Apr 19 14:47:42 EDT 2017, 4245, 0.920, 5950, 6, 0.730, 402, 13, 9, 41, 90, 5.707, 5.577
Wed Apr 19 14:47:43 EDT 2017, 3007, 0.300, 4700, 4, 0.110, 439, 46, 2, 10, 33, 1.353, 1.477
Wed Apr 19 14:48:40 EDT 2017, 7957, 0.800, 9699, 9, 0.610, 589, 91, 12, 35, 78, 49.493, 45.487
Wed Apr 19 14:48:58 EDT 2017, 5482, 0.050, 7199, 2, 0.860, 364, 69, 7, 23, 56, 17.460, 16.730
Wed Apr 19 14:49:01 EDT 2017, 532, 0.550, 2200, 7, 0.360, 514, 24, 17, 48, 11, 3.020, 2.990
Wed Apr 19 14:49:28 EDT 2017, 687, 0.250, 7981, 1, 0.560, 406, 62, 5, 23, 83, 24.773, 25.583
Wed Apr 19 14:49:36 EDT 2017, 5637, 0.750, 2981, 5, 0.060, 556, 17, 15, 48, 38, 8.780, 8.567
Wed Apr 19 14:49:38 EDT 2017, 8112, 0.000, 481, 3, 0.310, 331, 39, 10, 11, 15, 1.797, 1.683
Wed Apr 19 14:50:29 EDT 2017, 3162, 0.500, 5481, 7, 0.810, 481, 84, 19, 36, 60, 49.563, 46.973
Wed Apr 19 14:50:46 EDT 2017, 4399, 0.130, 4231, 2, 0.430, 519, 73, 12, 17, 26, 17.133, 15.260
Wed Apr 19 14:50:50 EDT 2017, 9349, 0.630, 9231, 6, 0.930, 369, 28, 3, 42, 71, 3.303, 3.430
Wed Apr 19 14:51:23 EDT 2017, 6874, 0.380, 6731, 4, 0.680, 594, 51, 17, 5, 94, 31.530, 27.920
Wed Apr 19 14:51:38 EDT 2017, 1924, 0.880, 1731, 8, 0.180, 444, 96, 7, 30, 49, 13.677, 14.657
Wed Apr 19 14:51:58 EDT 2017, 2543, 0.060, 6106, 7, 0.000, 425, 56, 16, 14, 77, 19.177, 19.733
Wed Apr 19 14:52:02 EDT 2017, 7493, 0.560, 1106, 2, 0.500, 575, 11, 6, 39, 32, 3.013, 2.883
Wed Apr 19 14:52:02 EDT 2017, 9968, 0.310, 3606, 9, 0.750, 350, 34, 11, 1, 10, 0.443, 0.427
Wed Apr 19 14:52:06 EDT 2017, 5018, 0.810, 8606, 5, 0.250, 500, 79, 1, 26, 55, 3.060, 3.633
Wed Apr 19 14:52:11 EDT 2017, 3781, 0.440, 2356, 6, 0.870, 463, 67, 9, 20, 21, 4.820, 4.833
Wed Apr 19 14:52:41 EDT 2017, 8731, 0.940, 7356, 1, 0.370, 313, 22, 18, 45, 66, 29.107, 27.370
Wed Apr 19 14:52:46 EDT 2017, 6256, 0.190, 9855, 8, 0.120, 538, 45, 4, 8, 88, 4.510, 5.333
Wed Apr 19 14:53:23 EDT 2017, 1306, 0.690, 4856, 3, 0.620, 388, 90, 13, 33, 43, 36.247, 33.077
Wed Apr 19 14:53:36 EDT 2017, 996, 0.220, 794, 4, 0.840, 303, 20, 18, 34, 74, 11.743, 11.753
Wed Apr 19 14:53:40 EDT 2017, 5946, 0.720, 5793, 9, 0.340, 453, 65, 8, 9, 29, 3.137, 3.503
Wed Apr 19 14:54:47 EDT 2017, 8421, 0.470, 8293, 2, 0.090, 378, 87, 13, 47, 52, 65.607, 62.693
Wed Apr 19 14:54:54 EDT 2017, 3471, 0.970, 3294, 6, 0.590, 528, 42, 3, 22, 97, 6.627, 7.417
Wed Apr 19 14:55:01 EDT 2017, 4709, 0.340, 7043, 3, 0.220, 566, 31, 6, 28, 41, 7.053, 6.880
Wed Apr 19 14:55:17 EDT 2017, 9659, 0.840, 2044, 8, 0.720, 416, 76, 15, 3, 86, 14.710, 14.593
Wed Apr 19 14:55:29 EDT 2017, 7184, 0.090, 4544, 1, 0.970, 491, 98, 1, 40, 63, 11.357, 12.150
Wed Apr 19 14:55:32 EDT 2017, 2234, 0.590, 9543, 5, 0.470, 341, 53, 10, 15, 18, 2.703, 2.603
Wed Apr 19 14:55:33 EDT 2017, 1615, 0.410, 2669, 8, 0.280, 359, 14, 2, 25, 69, 0.753, 0.717
Wed Apr 19 14:55:36 EDT 2017, 6565, 0.910, 7668, 4, 0.780, 509, 59, 12, 0, 24, 3.453, 2.840
Wed Apr 19 14:55:52 EDT 2017, 9040, 0.160, 5168, 6, 0.530, 434, 82, 7, 37, 46, 14.633, 14.980
Wed Apr 19 14:56:47 EDT 2017, 4090, 0.660, 169, 1, 0.030, 584, 37, 16, 12, 91, 53.707, 44.170
Wed Apr 19 14:56:52 EDT 2017, 2852, 0.030, 8918, 9, 0.650, 547, 25, 14, 31, 35, 5.263, 5.167
Wed Apr 19 14:57:00 EDT 2017, 7802, 0.530, 3919, 5, 0.150, 397, 70, 4, 6, 80, 6.273, 7.490
Wed Apr 19 14:58:02 EDT 2017, 5327, 0.280, 1419, 7, 0.400, 472, 93, 19, 44, 57, 60.333, 59.900
Wed Apr 19 14:58:05 EDT 2017, 377, 0.780, 6418, 3, 0.900, 322, 48, 9, 19, 12, 2.027, 1.977
Wed Apr 19 14:58:13 EDT 2017, 300, 0.380, 1341, 4, 0.070, 338, 74, 3, 41, 55, 7.913, 8.523
Wed Apr 19 14:58:15 EDT 2017, 5250, 0.880, 6340, 8, 0.570, 488, 29, 13, 16, 10, 1.160, 1.153
Wed Apr 19 14:58:29 EDT 2017, 7725, 0.130, 8840, 1, 0.820, 413, 51, 8, 28, 33, 14.163, 13.100
Wed Apr 19 14:59:05 EDT 2017, 2775, 0.630, 3840, 6, 0.320, 563, 96, 17, 3, 78, 34.583, 32.327
Wed Apr 19 14:59:30 EDT 2017, 4013, 0.010, 5090, 5, 0.940, 526, 63, 10, 47, 44, 24.163, 23.433
Wed Apr 19 14:59:30 EDT 2017, 8963, 0.510, 91, 9, 0.440, 376, 18, 1, 22, 89, 0.653, 0.713
Wed Apr 19 15:00:13 EDT 2017, 6488, 0.260, 2591, 2, 0.190, 451, 40, 15, 35, 67, 42.007, 38.887
Wed Apr 19 15:00:15 EDT 2017, 1538, 0.760, 7590, 7, 0.690, 301, 85, 5, 10, 22, 1.707, 2.060
Wed Apr 19 15:00:37 EDT 2017, 2156, 0.200, 4465, 9, 0.510, 320, 68, 16, 44, 61, 21.993, 22.197
Wed Apr 19 15:00:39 EDT 2017, 7106, 0.700, 9465, 4, 0.010, 470, 23, 7, 19, 16, 1.310, 1.360
Wed Apr 19 15:00:47 EDT 2017, 9581, 0.450, 6965, 6, 0.260, 395, 46, 11, 31, 38, 8.190, 8.133
Wed Apr 19 15:00:59 EDT 2017, 4631, 0.950, 1966, 2, 0.760, 545, 91, 2, 6, 83, 10.140, 11.250
Wed Apr 19 15:01:15 EDT 2017, 3394, 0.320, 8215, 8, 0.380, 582, 57, 9, 38, 50, 15.513, 16.003
Wed Apr 19 15:01:24 EDT 2017, 8344, 0.820, 3216, 3, 0.880, 432, 12, 19, 13, 95, 8.783, 7.703
Wed Apr 19 15:01:30 EDT 2017, 5869, 0.070, 716, 5, 0.630, 507, 34, 4, 25, 72, 5.757, 6.117
Wed Apr 19 15:01:40 EDT 2017, 919, 0.570, 5715, 1, 0.130, 357, 79, 14, 0, 27, 9.073, 6.623
Wed Apr 19 15:02:03 EDT 2017, 1228, 0.100, 9777, 2, 0.350, 442, 32, 19, 5, 92, 22.533, 18.253
Wed Apr 19 15:02:24 EDT 2017, 6178, 0.600, 4778, 7, 0.850, 592, 77, 10, 30, 47, 20.603, 20.337
Wed Apr 19 15:02:36 EDT 2017, 8653, 0.350, 2278, 4, 0.600, 367, 99, 14, 17, 24, 11.870, 11.307
Wed Apr 19 15:02:48 EDT 2017, 3703, 0.850, 7278, 9, 0.100, 517, 54, 5, 42, 69, 10.150, 11.300
Wed Apr 19 15:02:49 EDT 2017, 4941, 0.480, 3528, 1, 0.720, 479, 20, 7, 11, 13, 1.293, 1.130
Wed Apr 19 15:03:15 EDT 2017, 9891, 0.980, 8527, 6, 0.220, 329, 65, 17, 36, 58, 25.490, 25.203
Wed Apr 19 15:03:37 EDT 2017, 7416, 0.230, 6028, 3, 0.470, 554, 88, 3, 24, 81, 19.403, 21.077
Wed Apr 19 15:03:46 EDT 2017, 2466, 0.730, 1028, 8, 0.970, 404, 43, 12, 49, 36, 9.137, 9.033
Wed Apr 19 15:03:47 EDT 2017, 1847, 0.290, 6653, 5, 0.790, 385, 26, 1, 8, 97, 0.940, 1.093
Wed Apr 19 15:04:52 EDT 2017, 6797, 0.790, 1653, 1, 0.290, 535, 71, 11, 33, 52, 64.440, 59.263
Wed Apr 19 15:04:57 EDT 2017, 9272, 0.040, 4153, 7, 0.040, 310, 93, 6, 21, 30, 4.413, 4.690
Wed Apr 19 15:05:59 EDT 2017, 4322, 0.540, 9152, 3, 0.540, 460, 48, 16, 46, 75, 60.127, 57.697
Wed Apr 19 15:06:00 EDT 2017, 3084, 0.160, 403, 6, 0.160, 498, 15, 13, 2, 19, 0.810, 0.723
Wed Apr 19 15:06:12 EDT 2017, 8034, 0.660, 5403, 2, 0.660, 348, 60, 4, 27, 64, 11.057, 10.937
Wed Apr 19 15:06:57 EDT 2017, 5559, 0.410, 7903, 8, 0.910, 573, 82, 18, 14, 86, 42.657, 38.990
Wed Apr 19 15:07:06 EDT 2017, 609, 0.910, 2903, 4, 0.410, 423, 37, 8, 39, 41, 8.557, 8.647
Wed Apr 19 15:07:24 EDT 2017, 455, 0.150, 7434, 8, 0.650, 456, 95, 11, 14, 59, 16.883, 17.683
Wed Apr 19 15:07:26 EDT 2017, 5405, 0.650, 2434, 3, 0.150, 306, 50, 2, 39, 14, 1.280, 1.287
Wed Apr 19 15:07:29 EDT 2017, 7880, 0.400, 4934, 5, 0.400, 531, 27, 16, 1, 37, 3.353, 2.733
Wed Apr 19 15:08:06 EDT 2017, 2930, 0.900, 9934, 1, 0.900, 381, 72, 6, 26, 82, 35.433, 32.260
Wed Apr 19 15:08:12 EDT 2017, 4167, 0.270, 1184, 9, 0.270, 418, 84, 4, 20, 48, 4.783, 5.573
Wed Apr 19 15:09:02 EDT 2017, 9117, 0.770, 6184, 4, 0.770, 568, 39, 13, 45, 93, 49.627, 47.377
Wed Apr 19 15:09:04 EDT 2017, 6642, 0.020, 8684, 7, 0.520, 343, 16, 9, 7, 71, 1.703, 1.777
Wed Apr 19 15:09:34 EDT 2017, 1692, 0.520, 3684, 2, 0.020, 493, 61, 18, 32, 26, 29.610, 27.930
Wed Apr 19 15:10:09 EDT 2017, 2311, 0.460, 9309, 5, 0.210, 512, 89, 10, 23, 65, 34.460, 32.357
Wed Apr 19 15:10:16 EDT 2017, 7261, 0.960, 4309, 9, 0.710, 362, 44, 19, 48, 20, 6.400, 6.377
Wed Apr 19 15:10:18 EDT 2017, 9736, 0.210, 1809, 3, 0.960, 587, 22, 5, 10, 43, 2.463, 2.390
Wed Apr 19 15:11:03 EDT 2017, 4786, 0.710, 6809, 7, 0.460, 437, 67, 15, 35, 88, 42.947, 42.763
Wed Apr 19 15:11:32 EDT 2017, 3549, 0.090, 3059, 4, 0.830, 399, 78, 17, 17, 54, 28.200, 24.943
Wed Apr 19 15:11:49 EDT 2017, 8499, 0.590, 8059, 8, 0.330, 549, 33, 8, 42, 99, 15.983, 16.580
Wed Apr 19 15:11:52 EDT 2017, 6024, 0.340, 5559, 1, 0.080, 324, 10, 12, 4, 76, 3.280, 2.593
Wed Apr 19 15:11:56 EDT 2017, 1074, 0.840, 560, 6, 0.580, 474, 55, 3, 29, 31, 2.780, 3.067
Wed Apr 19 15:12:16 EDT 2017, 764, 0.370, 3997, 6, 0.930, 559, 53, 7, 28, 90, 19.797, 20.367
Wed Apr 19 15:12:43 EDT 2017, 5714, 0.870, 8996, 2, 0.430, 409, 98, 16, 3, 45, 26.623, 19.053
Wed Apr 19 15:12:46 EDT 2017, 8189, 0.120, 6496, 9, 0.180, 484, 75, 2, 40, 23, 1.923, 2.027
Wed Apr 19 15:12:54 EDT 2017, 3239, 0.620, 1497, 4, 0.680, 334, 30, 12, 15, 68, 7.860, 7.263
Wed Apr 19 15:12:59 EDT 2017, 4477, 0.240, 7746, 5, 0.050, 371, 41, 19, 34, 12, 4.363, 4.133
Wed Apr 19 15:13:34 EDT 2017, 9427, 0.740, 2747, 1, 0.550, 521, 86, 9, 9, 57, 34.967, 28.773
Wed Apr 19 15:14:15 EDT 2017, 6952, 0.490, 247, 7, 0.800, 446, 64, 14, 46, 79, 40.243, 39.720
Wed Apr 19 15:14:18 EDT 2017, 2002, 0.990, 5247, 3, 0.300, 596, 19, 5, 21, 34, 3.127, 2.990
Wed Apr 19 15:16:11 EDT 2017, 1383, 0.050, 2122, 1, 0.490, 577, 47, 13, 37, 96, 110.123, 100.007
Wed Apr 19 15:16:16 EDT 2017, 6333, 0.550, 7121, 6, 0.990, 427, 92, 3, 12, 51, 4.680, 5.180
Wed Apr 19 15:16:59 EDT 2017, 8808, 0.300, 9621, 3, 0.740, 502, 70, 18, 49, 29, 42.953, 40.870
Wed Apr 19 15:17:04 EDT 2017, 3858, 0.800, 4622, 8, 0.240, 352, 25, 8, 24, 74, 4.320, 4.317
Wed Apr 19 15:17:05 EDT 2017, 2620, 0.430, 5871, 2, 0.610, 315, 36, 1, 31, 17, 0.573, 0.610
Wed Apr 19 15:17:18 EDT 2017, 7570, 0.930, 872, 7, 0.110, 465, 81, 11, 6, 62, 12.300, 13.227
Wed Apr 19 15:17:39 EDT 2017, 5095, 0.180, 3372, 5, 0.360, 390, 58, 6, 43, 85, 19.390, 20.130
Wed Apr 19 15:17:41 EDT 2017, 145, 0.680, 8371, 9, 0.860, 540, 13, 15, 18, 40, 2.190, 2.203
Wed Apr 19 15:17:51 EDT 2017, 165, 0.180, 2454, 2, 0.520, 428, 38, 14, 8, 45, 9.580, 8.370
Wed Apr 19 15:18:18 EDT 2017, 5115, 0.680, 7453, 7, 0.020, 578, 83, 5, 33, 90, 25.327, 27.030
Wed Apr 19 15:18:51 EDT 2017, 7590, 0.430, 9953, 4, 0.270, 353, 60, 19, 20, 68, 31.720, 29.610
Wed Apr 19 15:18:53 EDT 2017, 2640, 0.930, 4954, 9, 0.770, 503, 15, 9, 45, 23, 1.663, 1.713
Wed Apr 19 15:18:56 EDT 2017, 3877, 0.310, 6203, 1, 0.390, 466, 49, 2, 2, 56, 3.450, 3.400
Wed Apr 19 15:19:00 EDT 2017, 8827, 0.810, 1204, 6, 0.890, 316, 94, 12, 27, 11, 3.897, 3.763
Wed Apr 19 15:19:11 EDT 2017, 6352, 0.060, 3704, 3, 0.640, 541, 71, 7, 14, 34, 9.943, 9.547
Wed Apr 19 15:19:24 EDT 2017, 1402, 0.560, 8703, 8, 0.140, 391, 26, 16, 39, 79, 13.217, 13.287
Wed Apr 19 15:19:26 EDT 2017, 2021, 0.490, 4329, 6, 0.080, 409, 32, 6, 5, 51, 2.147, 2.263
Wed Apr 19 15:21:52 EDT 2017, 6971, 0.990, 9328, 2, 0.580, 559, 77, 15, 30, 96, 138.677, 123.177
Wed Apr 19 15:21:54 EDT 2017, 9446, 0.240, 6828, 8, 0.830, 334, 55, 1, 17, 73, 1.100, 1.310
Wed Apr 19 15:21:57 EDT 2017, 4496, 0.740, 1829, 4, 0.330, 484, 10, 11, 42, 28, 2.713, 2.723
Wed Apr 19 15:22:10 EDT 2017, 3259, 0.120, 8078, 7, 0.960, 522, 43, 18, 11, 62, 13.400, 12.657
Wed Apr 19 15:22:19 EDT 2017, 8209, 0.620, 3079, 3, 0.460, 372, 88, 8, 36, 17, 8.560, 8.263
Wed Apr 19 15:22:33 EDT 2017, 5734, 0.370, 579, 9, 0.210, 597, 66, 13, 23, 40, 13.583, 13.873
Wed Apr 19 15:22:38 EDT 2017, 784, 0.870, 5579, 5, 0.710, 447, 21, 3, 48, 85, 4.330, 4.530
Wed Apr 19 15:22:46 EDT 2017, 1093, 0.340, 9016, 3, 0.800, 362, 86, 9, 44, 14, 8.423, 8.440
Wed Apr 19 15:23:01 EDT 2017, 6043, 0.840, 4016, 8, 0.300, 512, 41, 18, 19, 59, 14.243, 13.940
Wed Apr 19 15:23:09 EDT 2017, 8518, 0.090, 1516, 1, 0.050, 437, 18, 4, 31, 82, 7.607, 7.437
Wed Apr 19 15:23:19 EDT 2017, 3568, 0.590, 6516, 5, 0.550, 587, 63, 14, 6, 37, 10.633, 9.793
Wed Apr 19 15:25:41 EDT 2017, 4805, 0.210, 2766, 4, 0.170, 550, 97, 16, 37, 93, 136.187, 137.913
Wed Apr 19 15:25:44 EDT 2017, 9755, 0.710, 7766, 9, 0.670, 400, 52, 6, 12, 48, 3.223, 3.353
Wed Apr 19 15:25:51 EDT 2017, 7280, 0.460, 5266, 2, 0.920, 475, 29, 11, 25, 26, 6.643, 6.127
Wed Apr 19 15:25:54 EDT 2017, 2330, 0.960, 267, 6, 0.420, 325, 74, 2, 0, 71, 1.973, 2.550
Wed Apr 19 15:26:00 EDT 2017, 1712, 0.030, 7141, 9, 0.360, 306, 80, 12, 41, 20, 5.770, 5.897
Wed Apr 19 15:26:03 EDT 2017, 6662, 0.530, 2141, 5, 0.860, 456, 35, 3, 16, 65, 2.910, 3.233
Wed Apr 19 15:26:10 EDT 2017, 9137, 0.280, 4641, 7, 0.610, 381, 12, 17, 28, 87, 6.013, 5.737
Wed Apr 19 15:26:18 EDT 2017, 4187, 0.780, 9641, 2, 0.110, 531, 57, 8, 3, 42, 8.580, 7.653
Wed Apr 19 15:26:54 EDT 2017, 2949, 0.400, 892, 8, 0.740, 569, 91, 5, 47, 99, 32.850, 35.323
Wed Apr 19 15:27:13 EDT 2017, 7899, 0.900, 5891, 4, 0.240, 419, 46, 15, 22, 54, 17.763, 17.227
Wed Apr 19 15:27:17 EDT 2017, 5424, 0.150, 8391, 6, 0.490, 494, 24, 10, 34, 31, 4.350, 4.263
Wed Apr 19 15:28:12 EDT 2017, 474, 0.650, 3391, 1, 0.990, 344, 69, 19, 9, 76, 51.403, 33.780
Wed Apr 19 15:28:13 EDT 2017, 629, 0.420, 6360, 7, 0.190, 536, 17, 3, 37, 47, 1.660, 1.647
Wed Apr 19 15:28:42 EDT 2017, 5579, 0.920, 1360, 3, 0.690, 386, 62, 12, 12, 92, 27.860, 24.150
Wed Apr 19 15:29:04 EDT 2017, 8054, 0.170, 3860, 9, 0.940, 461, 84, 7, 49, 69, 21.430, 22.247
Wed Apr 19 15:29:10 EDT 2017, 3104, 0.670, 8859, 5, 0.440, 311, 39, 17, 24, 24, 5.090, 4.747
Wed Apr 19 15:29:18 EDT 2017, 4341, 0.040, 110, 6, 0.820, 348, 28, 14, 30, 58, 8.127, 7.940
Wed Apr 19 15:29:21 EDT 2017, 9291, 0.540, 5110, 1, 0.320, 498, 73, 5, 5, 13, 2.720, 2.450
Wed Apr 19 15:29:51 EDT 2017, 6816, 0.290, 7610, 8, 0.070, 423, 95, 19, 43, 35, 29.923, 29.213
Wed Apr 19 15:30:15 EDT 2017, 1866, 0.790, 2610, 4, 0.570, 573, 50, 10, 18, 80, 23.497, 23.653
Wed Apr 19 15:30:30 EDT 2017, 2485, 0.230, 9484, 1, 0.630, 592, 11, 18, 27, 52, 14.587, 12.863
Wed Apr 19 15:30:41 EDT 2017, 7435, 0.730, 4485, 5, 0.130, 442, 56, 8, 2, 97, 10.487, 10.867
Wed Apr 19 15:32:06 EDT 2017, 9910, 0.480, 1985, 3, 0.380, 517, 79, 13, 40, 75, 82.390, 80.077
Wed Apr 19 15:32:07 EDT 2017, 4960, 0.980, 6985, 8, 0.880, 367, 34, 4, 15, 30, 0.957, 0.963
Wed Apr 19 15:32:13 EDT 2017, 3723, 0.350, 3235, 2, 0.250, 330, 22, 6, 34, 64, 6.500, 6.303
Wed Apr 19 15:32:18 EDT 2017, 8673, 0.850, 8235, 7, 0.750, 480, 67, 16, 9, 19, 4.647, 4.377
Wed Apr 19 15:32:22 EDT 2017, 6198, 0.100, 5735, 4, 0.500, 405, 90, 1, 46, 41, 3.407, 3.667
Wed Apr 19 15:32:39 EDT 2017, 1248, 0.600, 735, 9, 0.000, 555, 45, 11, 21, 86, 15.207, 16.850
Wed Apr 19 15:32:43 EDT 2017, 938, 0.070, 4797, 8, 0.470, 470, 64, 15, 23, 10, 3.147, 3.093
Wed Apr 19 15:32:48 EDT 2017, 5888, 0.570, 9797, 3, 0.970, 320, 19, 6, 48, 55, 4.853, 4.767
Wed Apr 19 15:33:00 EDT 2017, 8363, 0.320, 7297, 6, 0.720, 545, 42, 10, 10, 78, 11.050, 11.050
Wed Apr 19 15:33:04 EDT 2017, 3413, 0.820, 2298, 1, 0.220, 395, 87, 1, 35, 33, 3.973, 4.317
Wed Apr 19 15:33:20 EDT 2017, 4651, 0.450, 8547, 9, 0.600, 433, 76, 8, 16, 89, 14.407, 15.463
Wed Apr 19 15:33:40 EDT 2017, 9601, 0.950, 3548, 5, 0.100, 583, 31, 17, 41, 44, 20.070, 19.870
Wed Apr 19 15:33:41 EDT 2017, 7126, 0.200, 1048, 7, 0.350, 358, 53, 3, 4, 21, 0.697, 0.760
Wed Apr 19 15:35:14 EDT 2017, 2176, 0.700, 6047, 2, 0.850, 508, 98, 13, 29, 66, 87.820, 79.893
Wed Apr 19 15:35:16 EDT 2017, 1557, 0.260, 1673, 4, 0.910, 489, 59, 4, 13, 16, 1.730, 1.740
Wed Apr 19 15:35:20 EDT 2017, 6507, 0.760, 6672, 9, 0.410, 339, 14, 14, 38, 61, 3.533, 3.607
Wed Apr 19 15:35:32 EDT 2017, 8982, 0.010, 9172, 2, 0.160, 564, 36, 9, 1, 83, 12.123, 11.017
Wed Apr 19 15:35:56 EDT 2017, 4032, 0.510, 4172, 6, 0.660, 414, 81, 19, 26, 38, 22.793, 21.903
Wed Apr 19 15:36:36 EDT 2017, 2794, 0.130, 5422, 3, 0.030, 376, 70, 11, 19, 94, 37.457, 37.310
Wed Apr 19 15:36:38 EDT 2017, 7744, 0.630, 423, 7, 0.530, 526, 25, 2, 44, 49, 1.793, 1.783
Wed Apr 19 15:36:45 EDT 2017, 5269, 0.380, 2923, 1, 0.780, 301, 48, 16, 7, 27, 7.280, 5.727
Wed Apr 19 15:37:16 EDT 2017, 319, 0.880, 7922, 5, 0.280, 451, 93, 7, 32, 72, 29.267, 30.200
Wed Apr 19 15:37:16 EDT 2017, 397, 0.280, 3001, 8, 0.680, 510, 29, 1, 3, 30, 0.300, 0.337
Wed Apr 19 15:37:46 EDT 2017, 5347, 0.780, 8000, 4, 0.180, 360, 74, 10, 28, 75, 29.350, 28.720
Wed Apr 19 15:38:21 EDT 2017, 7822, 0.030, 5500, 6, 0.430, 585, 96, 6, 16, 98, 29.127, 34.070
Wed Apr 19 15:39:07 EDT 2017, 2872, 0.530, 501, 2, 0.930, 435, 51, 15, 41, 53, 44.767, 41.093
Wed Apr 19 15:39:11 EDT 2017, 4109, 0.160, 9250, 7, 0.310, 398, 17, 13, 10, 87, 4.107, 4.147
Wed Apr 19 15:39:20 EDT 2017, 9059, 0.660, 4251, 3, 0.810, 548, 62, 3, 35, 42, 8.707, 8.780
Wed Apr 19 15:39:30 EDT 2017, 6584, 0.410, 1751, 5, 0.560, 323, 85, 18, 22, 19, 9.020, 8.537
Wed Apr 19 15:40:08 EDT 2017, 1634, 0.910, 6750, 1, 0.060, 473, 40, 8, 47, 64, 37.577, 36.973
Wed Apr 19 15:40:12 EDT 2017, 2253, 0.100, 1126, 3, 0.120, 454, 23, 19, 7, 25, 3.683, 3.050
Wed Apr 19 15:40:25 EDT 2017, 7203, 0.600, 6125, 8, 0.620, 304, 68, 9, 32, 70, 12.157, 12.533
Wed Apr 19 15:42:54 EDT 2017, 9678, 0.350, 8625, 1, 0.870, 529, 90, 14, 19, 92, 144.377, 106.840
Wed Apr 19 15:43:00 EDT 2017, 4728, 0.850, 3626, 6, 0.370, 379, 45, 4, 44, 47, 4.807, 5.093
Wed Apr 19 15:43:01 EDT 2017, 3491, 0.470, 7375, 5, 0.750, 416, 12, 7, 0, 81, 1.120, 1.157
Wed Apr 19 15:43:14 EDT 2017, 8441, 0.970, 2376, 9, 0.250, 566, 57, 16, 25, 36, 12.750, 12.767
Wed Apr 19 15:43:15 EDT 2017, 5966, 0.220, 4876, 2, 0.000, 341, 79, 2, 13, 14, 1.170, 1.217
Wed Apr 19 15:43:29 EDT 2017, 1016, 0.720, 9875, 7, 0.500, 491, 34, 12, 38, 59, 13.030, 13.470
Wed Apr 19 15:44:13 EDT 2017, 1325, 0.190, 5813, 5, 0.960, 576, 76, 17, 43, 39, 43.860, 41.547
Wed Apr 19 15:44:29 EDT 2017, 6275, 0.690, 813, 1, 0.460, 426, 31, 7, 18, 84, 15.463, 14.513
Wed Apr 19 15:44:47 EDT 2017, 8750, 0.440, 3313, 8, 0.210, 501, 54, 12, 30, 61, 17.450, 17.543
Wed Apr 19 15:44:49 EDT 2017, 3800, 0.940, 8313, 3, 0.710, 351, 99, 3, 5, 16, 1.353, 1.520
Wed Apr 19 15:45:13 EDT 2017, 5037, 0.310, 2063, 6, 0.090, 313, 65, 10, 49, 73, 23.190, 23.590
Wed Apr 19 15:45:21 EDT 2017, 9987, 0.810, 7063, 2, 0.590, 463, 20, 19, 24, 28, 8.240, 7.367
Wed Apr 19 15:45:26 EDT 2017, 7512, 0.060, 9563, 9, 0.840, 388, 43, 5, 36, 50, 4.123, 4.270
Wed Apr 19 15:46:29 EDT 2017, 2562, 0.560, 4563, 4, 0.340, 538, 88, 15, 11, 95, 61.833, 54.253
Wed Apr 19 15:46:43 EDT 2017, 1944, 0.380, 7688, 3, 0.400, 557, 71, 4, 46, 33, 12.643, 12.787
Wed Apr 19 15:46:51 EDT 2017, 6894, 0.880, 2688, 7, 0.900, 407, 26, 13, 21, 78, 8.050, 7.763
Wed Apr 19 15:47:06 EDT 2017, 9369, 0.130, 188, 5, 0.650, 482, 48, 9, 33, 56, 15.070, 14.893
Wed Apr 19 15:47:09 EDT 2017, 4419, 0.630, 5188, 9, 0.150, 332, 93, 18, 8, 11, 2.390, 2.380
Wed Apr 19 15:48:04 EDT 2017, 3181, 0.000, 3938, 1, 0.530, 369, 60, 11, 39, 67, 53.947, 50.290
Wed Apr 19 15:48:05 EDT 2017, 8131, 0.500, 8938, 6, 0.030, 519, 15, 2, 14, 22, 0.537, 0.523
Wed Apr 19 15:48:20 EDT 2017, 5656, 0.250, 6438, 4, 0.280, 444, 37, 16, 27, 45, 15.060, 14.797
Wed Apr 19 15:48:33 EDT 2017, 706, 0.750, 1438, 8, 0.780, 594, 82, 6, 2, 90, 10.800, 12.773
Wed Apr 19 15:48:40 EDT 2017, 551, 0.050, 8156, 5, 0.010, 327, 50, 13, 25, 29, 6.643, 6.783
Wed Apr 19 15:48:47 EDT 2017, 5501, 0.550, 3157, 9, 0.510, 477, 95, 4, 0, 74, 4.923, 6.403
Wed Apr 19 15:50:53 EDT 2017, 7976, 0.300, 657, 2, 0.760, 402, 72, 18, 37, 97, 124.223, 109.203
Wed Apr 19 15:50:57 EDT 2017, 3026, 0.800, 5657, 7, 0.260, 552, 27, 8, 12, 52, 3.753, 4.010
Wed Apr 19 15:51:01 EDT 2017, 4264, 0.420, 4407, 4, 0.890, 590, 38, 1, 31, 85, 3.470, 3.507
Wed Apr 19 15:51:08 EDT 2017, 9214, 0.920, 9406, 8, 0.390, 440, 83, 11, 6, 40, 6.980, 7.263
Wed Apr 19 15:51:21 EDT 2017, 6739, 0.170, 6907, 1, 0.140, 515, 61, 6, 43, 18, 12.193, 11.490
Wed Apr 19 15:51:25 EDT 2017, 1789, 0.670, 1907, 6, 0.640, 365, 16, 15, 18, 63, 4.137, 4.000
Wed Apr 19 15:51:28 EDT 2017, 2408, 0.360, 5032, 7, 0.570, 346, 44, 7, 34, 23, 2.657, 2.727
Wed Apr 19 15:52:17 EDT 2017, 7358, 0.860, 32, 3, 0.070, 496, 89, 17, 9, 68, 46.457, 40.007
Wed Apr 19 15:52:27 EDT 2017, 9833, 0.110, 2532, 5, 0.320, 421, 67, 2, 46, 91, 9.493, 10.330
Wed Apr 19 15:52:41 EDT 2017, 4883, 0.610, 7531, 1, 0.820, 571, 22, 12, 21, 46, 14.117, 12.617
Wed Apr 19 15:53:02 EDT 2017, 3645, 0.240, 1282, 9, 0.450, 534, 33, 19, 28, 80, 19.647, 19.810
Wed Apr 19 15:53:08 EDT 2017, 8595, 0.740, 6282, 4, 0.950, 384, 78, 10, 3, 35, 5.623, 5.033
Wed Apr 19 15:53:13 EDT 2017, 6120, 0.490, 8781, 6, 0.700, 459, 55, 14, 40, 12, 5.420, 5.247
Wed Apr 19 15:53:15 EDT 2017, 1170, 0.990, 3782, 2, 0.200, 309, 10, 5, 15, 57, 1.233, 1.163
Wed Apr 19 15:53:35 EDT 2017, 861, 0.460, 345, 2, 0.290, 393, 98, 9, 14, 43, 19.947, 19.023
Wed Apr 19 15:54:34 EDT 2017, 5811, 0.960, 5344, 6, 0.790, 543, 53, 18, 39, 88, 57.773, 55.103
Wed Apr 19 15:54:35 EDT 2017, 8286, 0.210, 7844, 4, 0.540, 318, 30, 4, 1, 66, 1.503, 1.670
Wed Apr 19 15:54:43 EDT 2017, 3336, 0.710, 2844, 8, 0.040, 468, 75, 14, 26, 21, 7.893, 7.957
Wed Apr 19 15:55:57 EDT 2017, 4573, 0.080, 6594, 3, 0.670, 505, 86, 16, 20, 77, 72.863, 62.150
Wed Apr 19 15:56:01 EDT 2017, 9523, 0.580, 1595, 7, 0.170, 355, 41, 7, 45, 32, 4.277, 4.373
Wed Apr 19 15:56:05 EDT 2017, 7048, 0.330, 4094, 5, 0.420, 580, 19, 11, 7, 54, 3.587, 3.373
Wed Apr 19 15:56:12 EDT 2017, 2098, 0.830, 9094, 9, 0.920, 430, 64, 2, 32, 99, 5.643, 6.743
Wed Apr 19 15:56:26 EDT 2017, 1480, 0.140, 3469, 7, 0.850, 449, 92, 10, 23, 38, 12.793, 13.013
Wed Apr 19 15:56:34 EDT 2017, 6430, 0.640, 8469, 2, 0.350, 599, 47, 1, 48, 83, 7.627, 8.213
Wed Apr 19 15:56:38 EDT 2017, 8905, 0.390, 5969, 9, 0.100, 374, 24, 15, 10, 60, 3.480, 3.433
Wed Apr 19 15:56:42 EDT 2017, 3955, 0.890, 970, 4, 0.600, 524, 69, 5, 35, 15, 4.373, 4.403
Wed Apr 19 15:56:53 EDT 2017, 2717, 0.270, 9719, 5, 0.230, 487, 81, 3, 17, 71, 8.900, 10.217
Wed Apr 19 15:57:06 EDT 2017, 7667, 0.770, 4719, 1, 0.730, 337, 36, 12, 42, 26, 12.700, 11.940
Wed Apr 19 15:57:07 EDT 2017, 5192, 0.020, 2220, 8, 0.980, 562, 13, 8, 4, 49, 0.997, 0.973
Wed Apr 19 15:58:16 EDT 2017, 242, 0.520, 7219, 3, 0.480, 412, 58, 17, 29, 94, 65.130, 59.787
Wed Apr 19 15:58:26 EDT 2017, 203, 0.470, 9680, 8, 0.940, 307, 23, 16, 28, 96, 8.777, 8.627
Wed Apr 19 15:58:32 EDT 2017, 5153, 0.970, 4680, 4, 0.440, 457, 68, 6, 3, 51, 6.153, 6.190
Wed Apr 19 15:58:47 EDT 2017, 7628, 0.220, 2180, 6, 0.190, 382, 91, 11, 40, 29, 14.527, 14.837
Wed Apr 19 15:58:51 EDT 2017, 2678, 0.720, 7180, 2, 0.690, 532, 46, 1, 15, 74, 3.117, 3.453
Wed Apr 19 15:58:52 EDT 2017, 3916, 0.100, 3430, 9, 0.060, 570, 12, 8, 34, 17, 0.943, 1.000
Wed Apr 19 15:59:10 EDT 2017, 8866, 0.600, 8430, 5, 0.560, 420, 57, 18, 9, 62, 17.780, 15.110
Wed Apr 19 15:59:30 EDT 2017, 6391, 0.350, 5930, 7, 0.810, 495, 80, 4, 47, 85, 19.007, 19.807
Wed Apr 19 15:59:40 EDT 2017, 1441, 0.850, 931, 3, 0.310, 345, 35, 13, 22, 40, 8.873, 8.240
Wed Apr 19 15:59:49 EDT 2017, 2060, 0.160, 6555, 4, 0.370, 364, 29, 5, 31, 91, 7.937, 7.610
Wed Apr 19 15:59:58 EDT 2017, 7010, 0.660, 1556, 9, 0.870, 514, 74, 14, 6, 46, 8.943, 8.750
Wed Apr 19 16:00:25 EDT 2017, 9485, 0.410, 4055, 2, 0.620, 439, 96, 10, 44, 23, 26.587, 24.910
Wed Apr 19 16:00:54 EDT 2017, 4535, 0.910, 9055, 7, 0.120, 589, 51, 19, 19, 68, 28.327, 27.673
Wed Apr 19 16:00:56 EDT 2017, 3297, 0.290, 306, 3, 0.500, 551, 18, 12, 25, 12, 2.197, 2.053
Wed Apr 19 16:00:58 EDT 2017, 8247, 0.790, 5305, 8, 0.000, 401, 63, 2, 0, 57, 1.280, 1.593
Wed Apr 19 16:04:06 EDT 2017, 5772, 0.040, 7805, 1, 0.250, 476, 85, 17, 37, 79, 187.197, 165.863
Wed Apr 19 16:04:08 EDT 2017, 822, 0.540, 2805, 6, 0.750, 326, 40, 7, 12, 34, 1.983, 2.127
Wed Apr 19 16:04:12 EDT 2017, 1132, 0.010, 1868, 7, 0.720, 410, 71, 2, 17, 65, 3.443, 3.893
Wed Apr 19 16:04:21 EDT 2017, 6082, 0.510, 6867, 2, 0.220, 560, 26, 11, 42, 20, 8.290, 7.893
Wed Apr 19 16:04:23 EDT 2017, 8557, 0.260, 9367, 9, 0.470, 335, 49, 7, 4, 43, 1.953, 2.113
Wed Apr 19 16:05:43 EDT 2017, 3607, 0.760, 4368, 5, 0.970, 485, 94, 16, 29, 88, 77.953, 69.703
Wed Apr 19 16:06:06 EDT 2017, 4844, 0.380, 5618, 6, 0.340, 523, 60, 14, 23, 54, 22.527, 21.883
Wed Apr 19 16:06:14 EDT 2017, 9794, 0.880, 618, 1, 0.840, 373, 15, 4, 48, 99, 8.563, 8.463
Wed Apr 19 16:06:31 EDT 2017, 7319, 0.130, 3118, 8, 0.590, 598, 37, 19, 11, 77, 15.753, 15.617
Wed Apr 19 16:06:48 EDT 2017, 2369, 0.630, 8117, 4, 0.090, 448, 82, 9, 36, 32, 17.303, 17.287
Wed Apr 19 16:08:05 EDT 2017, 1750, 0.320, 4993, 1, 0.160, 429, 77, 17, 20, 60, 73.633, 64.603
Wed Apr 19 16:08:09 EDT 2017, 6700, 0.820, 9992, 5, 0.660, 579, 32, 8, 45, 15, 3.627, 3.733
Wed Apr 19 16:08:17 EDT 2017, 9175, 0.070, 7492, 3, 0.910, 354, 54, 13, 8, 37, 7.237, 5.967
Wed Apr 19 16:08:33 EDT 2017, 4225, 0.570, 2493, 7, 0.410, 504, 99, 3, 33, 82, 14.517, 16.310
Wed Apr 19 16:08:45 EDT 2017, 2988, 0.190, 8742, 2, 0.780, 467, 66, 5, 14, 48, 10.560, 10.243
Wed Apr 19 16:08:56 EDT 2017, 7938, 0.690, 3743, 6, 0.280, 317, 21, 15, 39, 93, 11.743, 11.580
Wed Apr 19 16:08:58 EDT 2017, 5463, 0.440, 1243, 4, 0.030, 542, 43, 1, 1, 71, 1.133, 1.460
Wed Apr 19 16:09:06 EDT 2017, 513, 0.940, 6243, 9, 0.530, 392, 88, 10, 26, 26, 6.553, 7.103
Wed Apr 19 16:09:17 EDT 2017, 667, 0.240, 4212, 3, 0.260, 490, 44, 8, 1, 98, 11.237, 10.897
Wed Apr 19 16:09:40 EDT 2017, 5617, 0.740, 9211, 8, 0.760, 340, 89, 18, 26, 53, 22.587, 21.807
Wed Apr 19 16:09:46 EDT 2017, 8092, 0.490, 6711, 1, 0.510, 565, 67, 3, 13, 30, 6.007, 6.247
Wed Apr 19 16:09:59 EDT 2017, 3142, 0.990, 1712, 5, 0.010, 415, 22, 13, 38, 75, 12.697, 12.300
Wed Apr 19 16:10:02 EDT 2017, 4380, 0.370, 7961, 4, 0.640, 378, 33, 15, 7, 19, 2.217, 2.017
Wed Apr 19 16:10:17 EDT 2017, 9330, 0.870, 2962, 9, 0.140, 528, 78, 6, 32, 64, 13.847, 15.187
Wed Apr 19 16:10:40 EDT 2017, 6855, 0.120, 462, 2, 0.390, 303, 56, 10, 19, 86, 22.563, 21.743
Wed Apr 19 16:10:41 EDT 2017, 1905, 0.620, 5461, 7, 0.890, 453, 11, 1, 44, 41, 0.393, 0.367
Wed Apr 19 16:10:53 EDT 2017, 2524, 0.430, 2337, 9, 0.830, 471, 50, 12, 10, 92, 12.080, 12.357
Wed Apr 19 16:10:58 EDT 2017, 7474, 0.930, 7336, 5, 0.330, 321, 95, 2, 35, 47, 4.493, 4.877
Wed Apr 19 16:11:12 EDT 2017, 9949, 0.180, 9836, 7, 0.080, 546, 73, 16, 22, 25, 12.413, 13.077
Wed Apr 19 16:11:24 EDT 2017, 4999, 0.680, 4836, 3, 0.580, 396, 28, 7, 47, 70, 12.790, 12.497
Wed Apr 19 16:11:26 EDT 2017, 3761, 0.050, 6086, 8, 0.200, 434, 39, 5, 4, 13, 0.993, 1.007
Wed Apr 19 16:12:21 EDT 2017, 8711, 0.550, 1087, 4, 0.700, 584, 84, 14, 29, 58, 54.560, 52.177
Wed Apr 19 16:12:33 EDT 2017, 6236, 0.300, 3587, 6, 0.950, 359, 61, 9, 16, 81, 12.140, 11.970
Wed Apr 19 16:12:52 EDT 2017, 1286, 0.800, 8586, 1, 0.450, 509, 16, 19, 41, 36, 18.497, 16.987
Wed Apr 19 16:15:10 EDT 2017, 977, 0.270, 7024, 2, 0.050, 593, 92, 15, 40, 61, 133.180, 127.643
Wed Apr 19 16:15:12 EDT 2017, 5927, 0.770, 2024, 6, 0.550, 443, 47, 5, 15, 16, 1.350, 1.400
Wed Apr 19 16:15:24 EDT 2017, 8402, 0.020, 4524, 4, 0.800, 518, 25, 19, 27, 39, 11.683, 10.687
Wed Apr 19 16:15:34 EDT 2017, 3452, 0.520, 9523, 8, 0.300, 368, 70, 10, 2, 84, 8.677, 9.550
Wed Apr 19 16:15:50 EDT 2017, 4689, 0.150, 774, 1, 0.920, 331, 81, 3, 46, 50, 15.937, 15.680
Wed Apr 19 16:16:09 EDT 2017, 9639, 0.650, 5774, 5, 0.420, 481, 36, 12, 21, 95, 19.550, 19.007
Wed Apr 19 16:16:15 EDT 2017, 7164, 0.400, 8274, 3, 0.170, 406, 13, 8, 33, 72, 5.540, 5.540
Wed Apr 19 16:16:22 EDT 2017, 2214, 0.900, 3274, 7, 0.670, 556, 58, 17, 8, 27, 6.923, 6.460
Wed Apr 19 16:16:52 EDT 2017, 1596, 0.080, 8899, 6, 0.610, 537, 98, 6, 49, 55, 28.467, 28.807
Wed Apr 19 16:16:59 EDT 2017, 6546, 0.580, 3899, 1, 0.110, 387, 53, 16, 24, 10, 7.267, 6.730
Wed Apr 19 16:17:01 EDT 2017, 9021, 0.330, 1399, 8, 0.360, 462, 30, 2, 36, 33, 1.080, 1.130
Wed Apr 19 16:17:21 EDT 2017, 4071, 0.830, 6399, 3, 0.860, 312, 75, 11, 11, 78, 20.327, 17.257
Wed Apr 19 16:17:51 EDT 2017, 2833, 0.460, 2649, 7, 0.480, 350, 87, 18, 43, 44, 29.573, 29.060
Wed Apr 19 16:18:16 EDT 2017, 7783, 0.960, 7649, 2, 0.980, 500, 42, 9, 18, 89, 24.690, 21.877
Wed Apr 19 16:18:22 EDT 2017, 5308, 0.210, 5149, 9, 0.730, 425, 19, 13, 30, 67, 5.490, 5.507
Wed Apr 19 16:18:24 EDT 2017, 358, 0.710, 149, 5, 0.230, 575, 64, 4, 5, 22, 1.870, 2.100
Wed Apr 19 16:18:56 EDT 2017, 281, 0.110, 5227, 1, 0.770, 553, 32, 9, 34, 69, 31.807, 29.627
Wed Apr 19 16:19:04 EDT 2017, 5231, 0.610, 228, 6, 0.270, 403, 77, 19, 9, 24, 7.493, 7.193
Wed Apr 19 16:19:20 EDT 2017, 7706, 0.360, 2727, 3, 0.020, 478, 55, 5, 46, 46, 14.223, 14.790
Wed Apr 19 16:19:23 EDT 2017, 2756, 0.860, 7727, 8, 0.520, 328, 10, 14, 21, 91, 2.817, 2.767
