# 'Timestamp', '--gvt-delay 100 10000', '--imbalance% 0 100', '--delay 0 12', '--selfEvents% 0 100', '--simEndTime 300 600', '--rows 10 100', '--eventsPerAgent 1 20', '--granularity 0 50', '--cols 10 100', 2tLadderQ_timing_secs, 3tHeap_timing_secs
Tue Jan 10 13:18:53 EST 2017, 3072, 0.390, 10, 0.150, 356, 53, 11, 39, 48, 18.780, 18.700
Tue Jan 10 14:22:38 EST 2017, 8022, 0.890, 4, 0.650, 506, 98, 1, 14, 93, 7.307, 8.373
Tue Jan 10 14:26:34 EST 2017, 5547, 0.140, 1, 0.400, 581, 31, 6, 26, 26, 1.610, 1.713
Tue Jan 10 14:28:55 EST 2017, 597, 0.640, 7, 0.900, 431, 76, 15, 1, 71, 20.797, 13.183
Tue Jan 10 14:32:21 EST 2017, 443, 0.400, 3, 0.260, 520, 38, 9, 46, 22, 10.120, 8.767
Tue Jan 10 14:37:17 EST 2017, 5393, 0.900, 9, 0.760, 370, 83, 19, 21, 67, 63.857, 54.593
Tue Jan 10 15:40:49 EST 2017, 7868, 0.150, 6, 0.010, 445, 15, 14, 33, 44, 6.037, 6.133
Tue Jan 10 15:45:00 EST 2017, 2918, 0.650, 0, 0.510, 595, 60, 4, 8, 89, 12.803, 13.253
Tue Jan 10 15:47:56 EST 2017, 4155, 0.030, 11, 0.390, 407, 72, 7, 15, 10, 1.630, 1.527
Tue Jan 10 15:49:17 EST 2017, 9105, 0.530, 5, 0.890, 557, 27, 16, 40, 55, 23.347, 21.593
Tue Jan 10 15:53:08 EST 2017, 6630, 0.280, 2, 0.140, 482, 94, 12, 2, 33, 7.050, 8.863
Tue Jan 10 15:57:14 EST 2017, 1680, 0.780, 8, 0.640, 332, 49, 2, 27, 78, 5.273, 5.387
Tue Jan 10 16:00:10 EST 2017, 2299, 0.220, 0, 0.950, 351, 43, 8, 5, 16, 0.980, 0.843
Tue Jan 10 16:03:56 EST 2017, 7249, 0.720, 6, 0.450, 501, 88, 18, 30, 61, 101.247, 86.953
Tue Jan 10 16:05:27 EST 2017, 9724, 0.470, 9, 0.700, 576, 21, 13, 18, 38, 7.070, 6.743
Tue Jan 10 16:06:43 EST 2017, 4774, 0.970, 3, 0.200, 426, 66, 3, 43, 83, 0.190, 19.930
Tue Jan 10 16:10:34 EST 2017, 3536, 0.340, 7, 0.820, 539, 55, 6, 36, 27, 7.850, 7.130
Tue Jan 10 16:14:35 EST 2017, 8486, 0.840, 1, 0.320, 389, 10, 15, 11, 72, 4.333, 5.080
Tue Jan 10 16:16:50 EST 2017, 6011, 0.090, 4, 0.570, 314, 77, 10, 49, 50, 17.230, 16.767
Tue Jan 10 16:18:41 EST 2017, 1061, 0.590, 10, 0.070, 464, 32, 1, 24, 95, 3.023, 3.500
Tue Jan 10 16:20:46 EST 2017, 752, 0.060, 6, 0.170, 586, 12, 19, 10, 92, 9.190, 8.850
Tue Jan 10 16:25:03 EST 2017, 5702, 0.560, 0, 0.670, 436, 57, 10, 35, 47, 20.593, 19.983
Tue Jan 10 16:28:53 EST 2017, 8177, 0.310, 3, 0.420, 361, 35, 5, 22, 69, 4.637, 4.883
Tue Jan 10 16:32:44 EST 2017, 3227, 0.810, 9, 0.920, 511, 80, 15, 47, 24, 36.640, 33.803
Tue Jan 10 16:34:50 EST 2017, 4465, 0.440, 1, 0.040, 323, 91, 17, 29, 81, 34.870, 35.233
Tue Jan 10 16:37:25 EST 2017, 9415, 0.940, 7, 0.540, 473, 46, 7, 4, 36, 0.133, 6.047
Tue Jan 10 16:38:31 EST 2017, 6940, 0.190, 10, 0.290, 548, 69, 3, 41, 58, 11.173, 11.670
Tue Jan 10 16:40:27 EST 2017, 1990, 0.690, 4, 0.790, 398, 24, 12, 16, 13, 1.733, 1.687
Tue Jan 10 16:42:52 EST 2017, 1371, 0.250, 10, 0.600, 417, 29, 18, 38, 86, 29.663, 28.697
Tue Jan 10 16:46:18 EST 2017, 6321, 0.750, 4, 0.100, 567, 74, 9, 13, 41, 52.870, 30.267
Tue Jan 10 16:49:34 EST 2017, 8796, 0.000, 1, 0.850, 492, 52, 4, 25, 64, 2.763, 2.743
Tue Jan 10 16:53:40 EST 2017, 3846, 0.500, 7, 0.350, 342, 97, 13, 0, 19, 3.890, 3.493
Tue Jan 10 16:56:31 EST 2017, 2608, 0.120, 5, 0.730, 454, 86, 16, 19, 98, 52.503, 44.953
Tue Jan 10 16:58:52 EST 2017, 7558, 0.620, 11, 0.230, 304, 41, 6, 44, 53, 9.767, 10.330
Tue Jan 10 16:59:47 EST 2017, 5083, 0.370, 8, 0.980, 379, 63, 1, 7, 75, 1.763, 1.777
Tue Jan 10 17:00:52 EST 2017, 133, 0.870, 2, 0.480, 529, 18, 11, 32, 30, 2.343, 7.340
Tue Jan 10 17:03:18 EST 2017, 124, 0.120, 6, 0.500, 442, 80, 8, 36, 83, 30.097, 30.083
Tue Jan 10 17:04:59 EST 2017, 5074, 0.620, 0, 0.000, 592, 35, 17, 11, 38, 14.283, 14.257
Tue Jan 10 17:06:24 EST 2017, 7549, 0.370, 3, 0.750, 517, 58, 12, 48, 61, 34.947, 34.003
Tue Jan 10 17:07:50 EST 2017, 2599, 0.870, 9, 0.250, 367, 13, 3, 23, 16, 0.080, 0.837
Tue Jan 10 17:09:55 EST 2017, 3836, 0.250, 2, 0.630, 480, 24, 5, 4, 95, 2.277, 2.537
Tue Jan 10 17:12:31 EST 2017, 8786, 0.750, 8, 0.130, 330, 69, 15, 29, 50, 34.013, 32.297
Tue Jan 10 17:14:07 EST 2017, 6311, 0.000, 11, 0.880, 405, 46, 10, 17, 72, 9.467, 8.220
Tue Jan 10 17:16:02 EST 2017, 1361, 0.500, 5, 0.380, 555, 91, 1, 42, 27, 2.990, 3.183
Tue Jan 10 17:20:48 EST 2017, 1980, 0.430, 10, 0.190, 574, 97, 9, 14, 89, 47.797, 47.590
Tue Jan 10 17:24:49 EST 2017, 6930, 0.930, 4, 0.690, 424, 52, 18, 39, 44, 41.990, 39.487
Tue Jan 10 17:28:15 EST 2017, 9405, 0.180, 1, 0.440, 349, 74, 14, 1, 66, 4.637, 5.270
Tue Jan 10 17:30:11 EST 2017, 4455, 0.680, 7, 0.940, 499, 29, 4, 26, 21, 2.020, 1.937
Tue Jan 10 17:31:16 EST 2017, 3217, 0.060, 5, 0.060, 311, 18, 6, 45, 78, 4.263, 4.327
Tue Jan 10 17:33:32 EST 2017, 8167, 0.560, 11, 0.560, 461, 63, 16, 20, 33, 19.583, 18.593
Tue Jan 10 17:37:38 EST 2017, 5692, 0.310, 8, 0.310, 536, 41, 11, 32, 55, 20.807, 20.377
Tue Jan 10 17:41:24 EST 2017, 742, 0.810, 2, 0.810, 386, 86, 2, 7, 10, 0.907, 0.633
Tue Jan 10 17:43:30 EST 2017, 1052, 0.340, 4, 0.910, 358, 60, 18, 18, 19, 5.977, 5.397
Tue Jan 10 17:44:40 EST 2017, 6002, 0.840, 10, 0.410, 508, 15, 8, 43, 64, 0.090, 12.323
Tue Jan 10 17:45:36 EST 2017, 8477, 0.090, 7, 0.660, 583, 83, 3, 6, 41, 2.977, 3.260
Tue Jan 10 17:47:56 EST 2017, 3527, 0.590, 1, 0.160, 433, 38, 13, 31, 86, 24.590, 24.340
Tue Jan 10 17:51:52 EST 2017, 4764, 0.210, 11, 0.780, 545, 49, 15, 37, 30, 16.763, 15.743
Tue Jan 10 17:55:03 EST 2017, 9714, 0.710, 5, 0.280, 395, 94, 6, 12, 75, 19.420, 20.657
Tue Jan 10 17:55:48 EST 2017, 7239, 0.460, 2, 0.530, 320, 27, 1, 25, 52, 0.700, 0.770
Tue Jan 10 18:00:24 EST 2017, 2289, 0.960, 8, 0.030, 470, 72, 11, 0, 97, 0.160, 37.580
Tue Jan 10 18:03:10 EST 2017, 1671, 0.030, 0, 0.340, 489, 66, 19, 28, 24, 14.407, 13.150
Tue Jan 10 18:07:02 EST 2017, 6621, 0.530, 6, 0.840, 339, 21, 9, 3, 69, 2.663, 2.913
Tue Jan 10 18:11:20 EST 2017, 9096, 0.280, 9, 0.090, 414, 88, 5, 40, 47, 14.307, 15.050
Tue Jan 10 18:15:52 EST 2017, 4146, 0.780, 3, 0.590, 564, 43, 14, 15, 92, 42.390, 40.110
Tue Jan 10 19:20:39 EST 2017, 2908, 0.400, 7, 0.470, 377, 32, 17, 9, 13, 2.327, 2.270
Tue Jan 10 19:21:55 EST 2017, 7858, 0.900, 1, 0.970, 527, 77, 7, 34, 58, 14.697, 14.527
Tue Jan 10 19:24:46 EST 2017, 5383, 0.150, 4, 0.220, 452, 10, 2, 21, 36, 0.637, 0.647
Tue Jan 10 19:27:27 EST 2017, 433, 0.650, 10, 0.720, 302, 55, 12, 46, 81, 37.463, 36.187
Tue Jan 10 19:30:13 EST 2017, 588, 0.390, 0, 0.080, 541, 48, 3, 4, 34, 2.133, 2.640
Tue Jan 10 19:33:29 EST 2017, 5538, 0.890, 6, 0.580, 391, 93, 13, 29, 79, 74.400, 69.963
Tue Jan 10 19:35:20 EST 2017, 8013, 0.140, 9, 0.330, 316, 25, 17, 16, 12, 1.577, 1.630
Tue Jan 10 19:36:45 EST 2017, 3063, 0.640, 3, 0.830, 466, 70, 8, 41, 57, 25.510, 24.077
Tue Jan 10 19:40:27 EST 2017, 4300, 0.010, 8, 0.200, 353, 59, 1, 35, 45, 1.457, 1.533
Tue Jan 10 19:42:33 EST 2017, 9250, 0.510, 2, 0.700, 503, 14, 10, 10, 90, 4.437, 4.153
Tue Jan 10 19:46:59 EST 2017, 6775, 0.260, 5, 0.450, 578, 81, 15, 47, 23, 30.617, 28.183
Tue Jan 10 19:50:45 EST 2017, 1825, 0.760, 11, 0.950, 428, 36, 6, 22, 68, 8.967, 8.197
Tue Jan 10 19:52:41 EST 2017, 2444, 0.200, 3, 0.640, 410, 42, 4, 44, 51, 4.833, 4.927
Tue Jan 10 19:56:33 EST 2017, 7394, 0.700, 9, 0.140, 560, 87, 14, 19, 96, 109.180, 93.793
Tue Jan 10 19:59:55 EST 2017, 9869, 0.450, 6, 0.890, 485, 20, 19, 32, 29, 7.947, 7.460
Tue Jan 10 20:01:07 EST 2017, 4919, 0.950, 0, 0.390, 335, 65, 9, 7, 74, 0.103, 17.980
Tue Jan 10 20:01:57 EST 2017, 3681, 0.320, 10, 0.520, 522, 76, 2, 13, 40, 3.220, 3.433
Tue Jan 10 20:05:33 EST 2017, 8631, 0.820, 4, 0.020, 372, 31, 12, 38, 85, 31.577, 35.913
Tue Jan 10 20:09:51 EST 2017, 6156, 0.070, 1, 0.770, 447, 98, 16, 0, 17, 1.630, 1.393
Tue Jan 10 20:11:16 EST 2017, 1206, 0.570, 7, 0.270, 597, 53, 7, 25, 62, 22.920, 23.683
Tue Jan 10 20:13:07 EST 2017, 897, 0.100, 9, 0.480, 456, 28, 13, 39, 59, 13.707, 13.487
Tue Jan 10 20:15:48 EST 2017, 5847, 0.600, 3, 0.980, 306, 73, 4, 14, 14, 1.167, 1.100
Tue Jan 10 20:17:14 EST 2017, 8322, 0.350, 0, 0.230, 381, 51, 9, 27, 82, 19.313, 20.407
Tue Jan 10 20:19:25 EST 2017, 3372, 0.850, 6, 0.730, 531, 96, 18, 2, 37, 25.210, 17.143
Tue Jan 10 20:23:36 EST 2017, 4610, 0.480, 4, 0.360, 419, 84, 11, 21, 71, 37.030, 35.220
Tue Jan 10 20:27:08 EST 2017, 9560, 0.980, 10, 0.860, 569, 39, 1, 46, 26, 0.080, 1.957
Tue Jan 10 20:29:23 EST 2017, 7085, 0.230, 7, 0.110, 494, 62, 6, 8, 93, 12.303, 14.133
Tue Jan 10 20:32:19 EST 2017, 2135, 0.730, 1, 0.610, 344, 17, 16, 33, 48, 4.380, 4.907
Tue Jan 10 20:34:20 EST 2017, 1516, 0.290, 7, 0.800, 325, 11, 14, 11, 76, 3.110, 2.860
Tue Jan 10 20:36:26 EST 2017, 6466, 0.790, 1, 0.300, 475, 56, 5, 36, 31, 4.677, 5.193
Tue Jan 10 20:38:42 EST 2017, 8941, 0.040, 4, 0.550, 550, 34, 10, 24, 99, 15.573, 14.710
Tue Jan 10 20:43:38 EST 2017, 3991, 0.540, 10, 0.050, 400, 79, 19, 49, 54, 74.657, 73.170
Tue Jan 10 20:46:59 EST 2017, 2753, 0.170, 2, 0.920, 588, 90, 12, 30, 65, 31.470, 29.213
Tue Jan 10 20:48:30 EST 2017, 7703, 0.670, 8, 0.420, 438, 45, 3, 5, 20, 1.200, 1.297
Tue Jan 10 20:51:01 EST 2017, 5228, 0.420, 11, 0.670, 363, 67, 7, 43, 88, 29.443, 28.883
Tue Jan 10 20:54:58 EST 2017, 278, 0.920, 5, 0.170, 513, 22, 17, 18, 43, 0.093, 20.117
Tue Jan 10 20:58:44 EST 2017, 356, 0.270, 11, 0.310, 393, 17, 1, 2, 93, 0.730, 0.833
Tue Jan 10 21:00:34 EST 2017, 5306, 0.770, 5, 0.810, 543, 62, 10, 27, 48, 25.680, 24.163
Tue Jan 10 21:02:50 EST 2017, 7781, 0.020, 2, 0.060, 468, 40, 15, 14, 70, 9.330, 8.670
Tue Jan 10 21:06:51 EST 2017, 2831, 0.520, 8, 0.560, 318, 85, 6, 39, 25, 7.767, 7.750
Tue Jan 10 21:10:02 EST 2017, 4068, 0.140, 4, 0.430, 506, 96, 3, 33, 81, 14.487, 14.937
Tue Jan 10 21:10:58 EST 2017, 9018, 0.640, 10, 0.930, 356, 51, 13, 8, 36, 6.510, 5.293
Tue Jan 10 21:13:09 EST 2017, 6543, 0.390, 7, 0.180, 431, 74, 18, 45, 59, 71.410, 67.890
Tue Jan 10 21:17:01 EST 2017, 1593, 0.890, 1, 0.680, 581, 29, 8, 20, 14, 1.553, 1.640
Tue Jan 10 21:19:07 EST 2017, 2212, 0.080, 8, 0.990, 562, 23, 2, 48, 87, 3.660, 3.600
Tue Jan 10 21:21:23 EST 2017, 7162, 0.580, 2, 0.490, 412, 68, 12, 23, 42, 16.110, 15.800
Tue Jan 10 21:25:34 EST 2017, 9637, 0.330, 5, 0.740, 337, 46, 16, 36, 64, 22.973, 21.830
Tue Jan 10 21:29:20 EST 2017, 4687, 0.830, 11, 0.240, 487, 91, 7, 11, 19, 7.047, 7.047
Tue Jan 10 21:30:36 EST 2017, 3449, 0.460, 0, 0.870, 374, 79, 5, 17, 98, 15.493, 14.363
Tue Jan 10 21:35:02 EST 2017, 8399, 0.960, 6, 0.370, 524, 34, 14, 42, 53, 0.107, 39.990
Tue Jan 10 21:38:48 EST 2017, 5924, 0.210, 9, 0.620, 599, 57, 19, 5, 76, 27.290, 22.363
Tue Jan 10 21:40:39 EST 2017, 974, 0.710, 3, 0.120, 449, 12, 9, 30, 31, 5.503, 4.943
Tue Jan 10 21:42:35 EST 2017, 1284, 0.240, 1, 0.150, 309, 37, 11, 41, 22, 2.367, 2.480
Tue Jan 10 21:44:41 EST 2017, 6234, 0.740, 7, 0.650, 459, 82, 2, 16, 67, 7.467, 7.847
Tue Jan 10 21:47:38 EST 2017, 8709, 0.490, 10, 0.400, 534, 15, 6, 28, 45, 4.043, 4.203
Tue Jan 10 21:50:04 EST 2017, 3759, 0.990, 4, 0.900, 384, 60, 16, 3, 90, 25.877, 17.993
Tue Jan 10 21:53:50 EST 2017, 4996, 0.360, 6, 0.020, 571, 71, 13, 22, 11, 9.643, 7.713
Tue Jan 10 21:57:52 EST 2017, 9946, 0.860, 0, 0.520, 421, 26, 4, 47, 56, 0.083, 7.453
Tue Jan 10 22:00:57 EST 2017, 7471, 0.110, 3, 0.270, 346, 93, 9, 9, 33, 4.750, 5.077
Tue Jan 10 22:03:58 EST 2017, 2521, 0.610, 9, 0.770, 496, 48, 18, 34, 78, 59.353, 57.003
Tue Jan 10 22:05:54 EST 2017, 1903, 0.430, 5, 0.590, 477, 54, 12, 6, 17, 3.473, 3.373
Tue Jan 10 22:07:10 EST 2017, 6853, 0.930, 11, 0.090, 327, 99, 3, 31, 62, 0.120, 16.877
Tue Jan 10 22:09:01 EST 2017, 9328, 0.180, 8, 0.840, 402, 32, 8, 19, 39, 3.567, 3.403
Tue Jan 10 22:14:38 EST 2017, 4378, 0.680, 2, 0.340, 552, 77, 17, 44, 84, 215.700, 153.693
Tue Jan 10 22:17:09 EST 2017, 3140, 0.050, 9, 0.710, 440, 65, 15, 25, 28, 10.630, 10.057
Tue Jan 10 22:21:06 EST 2017, 8090, 0.550, 3, 0.210, 590, 20, 5, 0, 73, 3.107, 3.740
Tue Jan 10 22:23:37 EST 2017, 5615, 0.300, 0, 0.960, 515, 88, 10, 38, 50, 33.740, 30.813
Tue Jan 10 22:25:49 EST 2017, 665, 0.800, 6, 0.460, 365, 43, 19, 13, 95, 40.563, 34.213
Tue Jan 10 22:29:25 EST 2017, 510, 0.000, 4, 0.850, 595, 72, 5, 32, 52, 10.173, 10.487
Tue Jan 10 22:30:30 EST 2017, 5460, 0.500, 10, 0.350, 445, 27, 15, 7, 97, 15.690, 14.830
Tue Jan 10 22:32:36 EST 2017, 7935, 0.250, 7, 0.600, 370, 95, 10, 45, 29, 16.920, 16.793
Tue Jan 10 22:34:28 EST 2017, 2985, 0.750, 1, 0.100, 520, 50, 1, 20, 74, 1.787, 2.063
Tue Jan 10 22:35:30 EST 2017, 4223, 0.380, 9, 0.980, 332, 39, 8, 1, 40, 1.683, 1.323
Tue Jan 10 22:40:16 EST 2017, 9173, 0.880, 3, 0.480, 482, 84, 17, 26, 85, 169.130, 120.983
Tue Jan 10 22:41:37 EST 2017, 6698, 0.130, 0, 0.730, 557, 16, 13, 13, 18, 1.663, 1.607
Tue Jan 10 22:43:48 EST 2017, 1748, 0.630, 6, 0.230, 407, 61, 3, 38, 63, 10.507, 11.283
Tue Jan 10 22:47:45 EST 2017, 2367, 0.320, 2, 0.410, 426, 55, 7, 16, 35, 4.023, 4.147
Tue Jan 10 22:50:00 EST 2017, 7317, 0.820, 8, 0.910, 576, 10, 16, 41, 80, 17.390, 16.520
Tue Jan 10 22:53:46 EST 2017, 9792, 0.070, 11, 0.160, 501, 78, 11, 4, 12, 2.330, 2.250
Tue Jan 10 22:55:52 EST 2017, 4842, 0.570, 5, 0.660, 351, 33, 2, 29, 57, 2.373, 2.423
Tue Jan 10 22:58:08 EST 2017, 3604, 0.190, 6, 0.290, 463, 44, 9, 48, 46, 15.417, 15.267
Tue Jan 10 23:02:09 EST 2017, 8554, 0.690, 0, 0.790, 313, 89, 18, 23, 91, 70.050, 60.060
Tue Jan 10 23:03:09 EST 2017, 6079, 0.440, 3, 0.040, 388, 22, 14, 35, 24, 8.713, 5.927
Tue Jan 10 23:05:10 EST 2017, 1129, 0.940, 9, 0.540, 538, 67, 4, 10, 69, 0.180, 14.997
Tue Jan 10 23:07:11 EST 2017, 820, 0.470, 8, 0.700, 510, 92, 16, 24, 71, 72.830, 65.170
Tue Jan 10 23:10:12 EST 2017, 5770, 0.970, 2, 0.200, 360, 47, 6, 49, 26, 0.073, 7.870
Tue Jan 10 23:14:08 EST 2017, 8245, 0.220, 5, 0.950, 435, 69, 1, 12, 94, 2.687, 2.763
Tue Jan 10 23:16:29 EST 2017, 3295, 0.720, 11, 0.450, 585, 24, 11, 37, 49, 17.640, 17.470
Tue Jan 10 23:20:20 EST 2017, 4532, 0.100, 1, 0.570, 398, 13, 18, 43, 60, 3.673, 3.697
Tue Jan 10 23:22:26 EST 2017, 9482, 0.600, 7, 0.070, 548, 58, 8, 18, 15, 5.780, 5.770
Tue Jan 10 23:24:32 EST 2017, 7007, 0.350, 10, 0.820, 473, 36, 4, 30, 83, 8.157, 8.080
Tue Jan 10 23:26:43 EST 2017, 2057, 0.850, 4, 0.320, 323, 81, 13, 5, 38, 14.830, 12.093
Tue Jan 10 23:28:59 EST 2017, 1439, 0.160, 10, 0.010, 342, 86, 17, 27, 55, 31.090, 30.697
Tue Jan 10 23:31:25 EST 2017, 6389, 0.660, 4, 0.510, 492, 41, 7, 2, 10, 1.017, 1.107
Tue Jan 10 23:33:36 EST 2017, 8864, 0.410, 1, 0.260, 567, 64, 2, 40, 77, 5.123, 5.597
Tue Jan 10 23:37:37 EST 2017, 3914, 0.910, 7, 0.760, 417, 19, 12, 15, 32, 4.440, 4.253
Tue Jan 10 23:39:53 EST 2017, 2676, 0.280, 3, 0.130, 529, 30, 19, 9, 66, 17.240, 15.657
Tue Jan 10 23:43:49 EST 2017, 7626, 0.780, 9, 0.630, 379, 75, 10, 34, 21, 11.583, 11.257
Tue Jan 10 23:46:50 EST 2017, 5151, 0.030, 6, 0.380, 304, 53, 5, 21, 88, 6.333, 6.223
Tue Jan 10 23:51:46 EST 2017, 201, 0.530, 0, 0.880, 454, 98, 14, 46, 43, 55.323, 52.463
Tue Jan 10 23:59:04 EST 2017, 240, 0.450, 3, 0.430, 317, 67, 2, 38, 46, 3.400, 3.560
Wed Jan 11 00:02:10 EST 2017, 5190, 0.950, 9, 0.930, 467, 22, 12, 13, 91, 13.277, 11.500
Wed Jan 11 00:05:26 EST 2017, 7665, 0.200, 6, 0.180, 542, 90, 16, 26, 24, 22.963, 20.957
Wed Jan 11 00:07:07 EST 2017, 2715, 0.700, 0, 0.680, 392, 45, 7, 1, 69, 5.163, 4.720
Wed Jan 11 00:09:07 EST 2017, 3952, 0.080, 10, 0.310, 579, 33, 5, 19, 35, 3.247, 3.277
Wed Jan 11 00:13:19 EST 2017, 8902, 0.580, 4, 0.810, 429, 78, 14, 44, 80, 71.290, 67.283
Wed Jan 11 00:17:15 EST 2017, 6427, 0.330, 1, 0.060, 354, 11, 19, 7, 13, 0.640, 0.707
Wed Jan 11 00:21:46 EST 2017, 1477, 0.830, 7, 0.560, 504, 56, 9, 32, 58, 30.460, 29.863
Wed Jan 11 00:22:22 EST 2017, 2096, 0.140, 1, 0.750, 486, 61, 1, 10, 41, 0.573, 0.610
Wed Jan 11 00:23:32 EST 2017, 7046, 0.640, 7, 0.250, 336, 16, 11, 35, 86, 12.230, 11.893
Wed Jan 11 00:25:33 EST 2017, 9521, 0.390, 10, 0.500, 411, 84, 15, 22, 18, 11.080, 10.343
Wed Jan 11 00:28:04 EST 2017, 4571, 0.890, 4, 0.000, 561, 39, 6, 47, 63, 0.107, 33.780
Wed Jan 11 00:29:40 EST 2017, 3333, 0.270, 8, 0.870, 448, 50, 3, 29, 52, 4.627, 4.550
Wed Jan 11 00:32:05 EST 2017, 8283, 0.770, 2, 0.370, 598, 95, 13, 4, 97, 85.377, 76.233
Wed Jan 11 00:34:51 EST 2017, 5808, 0.020, 5, 0.620, 523, 28, 18, 41, 30, 9.180, 9.110
Wed Jan 11 00:39:02 EST 2017, 858, 0.520, 11, 0.120, 373, 73, 8, 16, 75, 19.673, 20.880
Wed Jan 11 00:43:03 EST 2017, 1168, 0.050, 7, 0.090, 383, 98, 12, 5, 66, 14.240, 13.247
Wed Jan 11 00:46:54 EST 2017, 6118, 0.550, 1, 0.590, 533, 53, 3, 30, 21, 1.540, 1.590
Wed Jan 11 00:49:25 EST 2017, 8593, 0.300, 4, 0.340, 458, 75, 8, 18, 89, 24.350, 25.053
Wed Jan 11 00:52:21 EST 2017, 3643, 0.800, 10, 0.840, 308, 30, 17, 43, 44, 16.773, 16.040
Wed Jan 11 00:55:22 EST 2017, 4880, 0.420, 2, 0.220, 495, 19, 15, 37, 55, 19.820, 13.900
Wed Jan 11 00:59:08 EST 2017, 9830, 0.920, 8, 0.720, 345, 64, 5, 12, 10, 1.493, 1.480
Wed Jan 11 01:02:34 EST 2017, 7355, 0.170, 11, 0.470, 420, 42, 10, 49, 77, 23.680, 23.390
Wed Jan 11 01:06:56 EST 2017, 2405, 0.670, 5, 0.970, 570, 87, 19, 24, 32, 38.077, 33.947
Wed Jan 11 01:11:22 EST 2017, 1787, 0.360, 9, 0.650, 551, 81, 11, 46, 61, 57.040, 54.773
Wed Jan 11 01:14:28 EST 2017, 6737, 0.860, 3, 0.150, 401, 36, 2, 21, 16, 0.080, 1.053
Wed Jan 11 01:18:44 EST 2017, 9212, 0.110, 0, 0.900, 326, 59, 6, 33, 83, 11.237, 10.550
Wed Jan 11 01:22:40 EST 2017, 4262, 0.610, 6, 0.400, 476, 14, 16, 8, 38, 4.893, 4.537
Wed Jan 11 01:24:52 EST 2017, 3024, 0.230, 5, 0.530, 364, 25, 14, 15, 72, 7.927, 7.737
Wed Jan 11 01:28:53 EST 2017, 7974, 0.730, 11, 0.030, 514, 70, 4, 40, 27, 9.557, 10.060
Wed Jan 11 01:31:53 EST 2017, 5499, 0.480, 8, 0.780, 589, 47, 9, 2, 94, 12.897, 10.927
Wed Jan 11 01:36:15 EST 2017, 549, 0.980, 2, 0.280, 439, 92, 18, 27, 49, 0.470, 86.740
Wed Jan 11 01:37:56 EST 2017, 704, 0.190, 10, 0.890, 518, 12, 7, 20, 98, 4.017, 3.943
Wed Jan 11 01:39:51 EST 2017, 5654, 0.690, 4, 0.390, 368, 57, 16, 45, 53, 54.930, 45.483
Wed Jan 11 01:41:02 EST 2017, 8129, 0.440, 1, 0.640, 443, 35, 11, 8, 76, 4.713, 4.900
Wed Jan 11 01:45:14 EST 2017, 3179, 0.940, 7, 0.140, 593, 80, 2, 33, 31, 0.107, 8.087
Wed Jan 11 01:48:55 EST 2017, 4416, 0.310, 5, 0.760, 406, 91, 9, 39, 87, 44.550, 42.597
Wed Jan 11 02:54:36 EST 2017, 9366, 0.810, 11, 0.260, 556, 46, 19, 14, 42, 27.010, 24.470
Wed Jan 11 02:58:39 EST 2017, 6891, 0.060, 8, 0.510, 481, 68, 14, 26, 65, 31.427, 27.713
Wed Jan 11 03:02:15 EST 2017, 1941, 0.560, 2, 0.010, 331, 23, 4, 1, 20, 0.527, 0.590
Wed Jan 11 03:04:26 EST 2017, 2560, 0.370, 6, 0.320, 350, 29, 6, 30, 82, 8.070, 8.330
Wed Jan 11 03:05:37 EST 2017, 7510, 0.870, 0, 0.820, 500, 74, 15, 5, 37, 15.860, 12.197
Wed Jan 11 03:07:37 EST 2017, 9985, 0.120, 3, 0.070, 575, 52, 10, 42, 59, 22.593, 24.073
Wed Jan 11 03:10:18 EST 2017, 5035, 0.620, 9, 0.570, 425, 97, 1, 17, 14, 1.033, 1.087
Wed Jan 11 03:14:34 EST 2017, 3797, 0.000, 2, 0.450, 537, 85, 8, 11, 93, 13.807, 13.130
Wed Jan 11 03:18:45 EST 2017, 8747, 0.500, 8, 0.950, 387, 40, 17, 36, 48, 20.170, 18.907
Wed Jan 11 03:22:52 EST 2017, 6272, 0.250, 11, 0.200, 312, 63, 13, 23, 70, 20.037, 19.693
Wed Jan 11 03:26:43 EST 2017, 1322, 0.750, 5, 0.700, 462, 18, 3, 48, 25, 1.880, 1.803
Wed Jan 11 03:27:58 EST 2017, 1013, 0.280, 0, 0.540, 584, 43, 17, 34, 28, 17.087, 16.643
Wed Jan 11 03:30:14 EST 2017, 5963, 0.780, 6, 0.040, 434, 88, 7, 9, 73, 25.200, 26.580
Wed Jan 11 03:32:50 EST 2017, 8438, 0.030, 9, 0.790, 359, 21, 3, 47, 51, 1.950, 1.960
Wed Jan 11 03:35:11 EST 2017, 3488, 0.530, 3, 0.290, 509, 66, 12, 22, 96, 74.907, 62.250
Wed Jan 11 03:39:03 EST 2017, 4726, 0.160, 7, 0.670, 322, 77, 19, 3, 17, 3.220, 2.857
Wed Jan 11 03:41:13 EST 2017, 9676, 0.660, 1, 0.170, 472, 32, 10, 28, 62, 12.727, 13.080
Wed Jan 11 05:46:32 EST 2017, 7201, 0.410, 4, 0.920, 547, 99, 5, 15, 39, 9.140, 8.343
Wed Jan 11 05:49:33 EST 2017, 2251, 0.910, 10, 0.420, 397, 54, 14, 40, 84, 68.120, 65.663
Wed Jan 11 05:52:34 EST 2017, 1632, 0.090, 3, 0.230, 415, 49, 16, 12, 11, 2.100, 2.053
Wed Jan 11 05:57:11 EST 2017, 6582, 0.590, 9, 0.730, 565, 94, 6, 37, 56, 33.923, 33.153
Wed Jan 11 05:58:41 EST 2017, 9057, 0.340, 6, 0.480, 490, 26, 1, 0, 34, 0.423, 0.433
Wed Jan 11 06:00:17 EST 2017, 4107, 0.840, 0, 0.980, 340, 71, 11, 25, 79, 31.887, 29.493
Wed Jan 11 06:02:13 EST 2017, 2869, 0.470, 11, 0.110, 453, 60, 18, 44, 23, 23.897, 23.270
Wed Jan 11 06:08:00 EST 2017, 7819, 0.970, 5, 0.610, 303, 15, 8, 19, 68, 0.083, 4.560
Wed Jan 11 06:10:06 EST 2017, 5344, 0.220, 2, 0.360, 378, 82, 4, 31, 45, 5.197, 5.490
Wed Jan 11 06:12:17 EST 2017, 394, 0.720, 8, 0.860, 528, 37, 13, 6, 90, 18.107, 15.273
Wed Jan 11 06:16:09 EST 2017, 317, 0.070, 2, 0.740, 366, 54, 9, 23, 40, 4.333, 4.220
Wed Jan 11 06:23:42 EST 2017, 5267, 0.570, 8, 0.240, 516, 99, 18, 48, 85, 201.410, 181.343
Wed Jan 11 06:27:23 EST 2017, 7742, 0.320, 11, 0.990, 591, 31, 14, 10, 18, 2.853, 2.433
Wed Jan 11 06:29:39 EST 2017, 2792, 0.820, 5, 0.490, 441, 76, 4, 35, 63, 18.473, 18.867
Wed Jan 11 06:31:50 EST 2017, 4030, 0.440, 7, 0.610, 554, 65, 7, 42, 51, 24.660, 24.687
Wed Jan 11 06:34:56 EST 2017, 8980, 0.940, 1, 0.110, 404, 20, 16, 17, 96, 14.113, 25.690
Wed Jan 11 06:38:47 EST 2017, 6505, 0.190, 4, 0.860, 329, 87, 11, 29, 29, 9.317, 8.643
Wed Jan 11 06:42:49 EST 2017, 1555, 0.690, 10, 0.360, 479, 42, 2, 4, 74, 3.270, 3.757
Wed Jan 11 06:46:57 EST 2017, 2173, 0.260, 4, 0.050, 497, 37, 8, 26, 46, 10.033, 9.720
Wed Jan 11 06:49:28 EST 2017, 7123, 0.760, 10, 0.550, 347, 82, 17, 1, 91, 36.400, 22.383
Wed Jan 11 06:50:58 EST 2017, 9598, 0.010, 7, 0.300, 422, 14, 12, 38, 23, 2.457, 2.263
Wed Jan 11 06:52:59 EST 2017, 4648, 0.510, 1, 0.800, 572, 59, 3, 13, 68, 3.447, 3.693
Wed Jan 11 06:55:00 EST 2017, 3411, 0.130, 9, 0.180, 385, 71, 5, 7, 35, 2.937, 3.327
Wed Jan 11 06:59:28 EST 2017, 8361, 0.630, 3, 0.680, 535, 26, 15, 32, 80, 27.880, 26.360
Wed Jan 11 07:02:20 EST 2017, 5886, 0.380, 0, 0.430, 460, 93, 10, 20, 12, 5.580, 5.513
Wed Jan 11 07:04:15 EST 2017, 936, 0.880, 6, 0.930, 310, 48, 1, 45, 57, 2.497, 2.640
Wed Jan 11 07:06:36 EST 2017, 1245, 0.410, 11, 0.830, 432, 23, 19, 34, 65, 19.433, 18.327
Wed Jan 11 07:08:32 EST 2017, 6195, 0.910, 5, 0.330, 582, 68, 10, 9, 20, 11.443, 10.523
Wed Jan 11 07:12:38 EST 2017, 8670, 0.160, 2, 0.580, 507, 45, 5, 46, 88, 11.173, 11.677
Wed Jan 11 07:16:59 EST 2017, 3720, 0.660, 8, 0.080, 357, 90, 14, 21, 43, 29.410, 27.730
Wed Jan 11 07:19:50 EST 2017, 4958, 0.040, 3, 0.960, 469, 79, 17, 3, 77, 14.447, 10.077
Wed Jan 11 07:20:46 EST 2017, 9908, 0.540, 9, 0.460, 319, 34, 7, 28, 32, 4.127, 4.350
Wed Jan 11 07:24:47 EST 2017, 7433, 0.290, 6, 0.710, 394, 56, 2, 15, 99, 4.597, 4.770
Wed Jan 11 07:27:59 EST 2017, 2483, 0.790, 0, 0.210, 544, 11, 12, 40, 54, 0.070, 11.613
Wed Jan 11 07:29:00 EST 2017, 1864, 0.230, 8, 0.390, 563, 17, 18, 18, 71, 12.867, 11.740
Wed Jan 11 07:30:00 EST 2017, 6814, 0.730, 2, 0.890, 413, 62, 8, 43, 26, 8.007, 7.577
Wed Jan 11 07:31:01 EST 2017, 9289, 0.480, 5, 0.140, 338, 40, 4, 6, 94, 4.730, 5.427
Wed Jan 11 07:32:57 EST 2017, 4339, 0.980, 11, 0.640, 488, 85, 13, 31, 49, 1.180, 57.507
Wed Jan 11 07:35:28 EST 2017, 3101, 0.350, 1, 0.270, 301, 96, 15, 49, 60, 24.457, 25.083
Wed Jan 11 07:39:09 EST 2017, 8051, 0.850, 7, 0.770, 451, 51, 6, 24, 15, 3.493, 3.410
Wed Jan 11 07:41:15 EST 2017, 5576, 0.100, 10, 0.020, 526, 73, 1, 37, 82, 5.293, 6.163
Wed Jan 11 07:45:16 EST 2017, 626, 0.600, 4, 0.520, 376, 28, 11, 12, 37, 4.403, 4.517
Wed Jan 11 07:47:43 EST 2017, 472, 0.340, 7, 0.160, 465, 86, 4, 42, 78, 24.037, 24.820
Wed Jan 11 07:51:24 EST 2017, 5422, 0.840, 1, 0.660, 315, 41, 14, 17, 33, 3.990, 3.843
Wed Jan 11 07:52:50 EST 2017, 7897, 0.090, 4, 0.410, 390, 64, 19, 30, 56, 26.440, 25.310
Wed Jan 11 07:53:25 EST 2017, 2947, 0.590, 10, 0.910, 540, 19, 9, 5, 11, 0.817, 0.753
Wed Jan 11 07:55:31 EST 2017, 4184, 0.210, 0, 0.040, 427, 30, 2, 24, 89, 3.127, 3.640
Wed Jan 11 07:58:32 EST 2017, 9134, 0.710, 6, 0.540, 577, 75, 12, 49, 44, 61.393, 58.507
Wed Jan 11 08:01:03 EST 2017, 6659, 0.460, 9, 0.290, 502, 52, 16, 11, 67, 27.377, 26.140
Wed Jan 11 08:04:49 EST 2017, 1709, 0.960, 3, 0.790, 352, 97, 7, 36, 22, 10.197, 9.623
Wed Jan 11 08:05:50 EST 2017, 2328, 0.020, 11, 0.600, 333, 92, 3, 8, 95, 5.500, 5.627
Wed Jan 11 08:09:26 EST 2017, 7278, 0.520, 5, 0.100, 483, 47, 13, 33, 50, 41.600, 30.200
Wed Jan 11 08:13:27 EST 2017, 9753, 0.270, 2, 0.850, 558, 69, 18, 21, 72, 33.083, 29.813
Wed Jan 11 08:15:03 EST 2017, 4803, 0.770, 8, 0.350, 408, 24, 8, 46, 27, 6.117, 6.320
Wed Jan 11 08:17:04 EST 2017, 3565, 0.400, 4, 0.720, 596, 13, 1, 27, 84, 1.073, 1.150
Wed Jan 11 08:19:05 EST 2017, 8515, 0.900, 10, 0.220, 446, 58, 10, 2, 39, 0.517, 9.310
Wed Jan 11 08:22:16 EST 2017, 6040, 0.150, 7, 0.970, 371, 35, 15, 39, 61, 15.480, 14.700
Wed Jan 11 08:25:02 EST 2017, 1090, 0.650, 1, 0.470, 521, 80, 6, 14, 16, 2.197, 2.357
Wed Jan 11 08:26:03 EST 2017, 781, 0.180, 5, 0.250, 530, 55, 15, 0, 13, 1.973, 2.090
Wed Jan 11 08:28:09 EST 2017, 5731, 0.680, 11, 0.750, 380, 10, 5, 25, 58, 2.080, 2.143
Wed Jan 11 08:31:15 EST 2017, 8206, 0.430, 8, 0.000, 305, 78, 10, 13, 36, 8.840, 9.000
Wed Jan 11 08:35:11 EST 2017, 3256, 0.930, 2, 0.500, 455, 33, 19, 38, 81, 62.427, 60.013
Wed Jan 11 08:38:22 EST 2017, 4494, 0.300, 9, 0.380, 343, 44, 12, 31, 25, 6.670, 6.473
Wed Jan 11 08:40:23 EST 2017, 9444, 0.800, 3, 0.880, 493, 89, 3, 6, 70, 7.537, 7.450
Wed Jan 11 08:44:29 EST 2017, 6969, 0.050, 0, 0.130, 568, 21, 7, 44, 47, 6.153, 6.237
Wed Jan 11 08:49:21 EST 2017, 2019, 0.550, 6, 0.630, 418, 66, 17, 19, 92, 51.037, 47.160
Wed Jan 11 08:52:42 EST 2017, 1400, 0.490, 1, 0.940, 399, 72, 13, 47, 30, 9.707, 9.410
Wed Jan 11 08:54:43 EST 2017, 6350, 0.990, 7, 0.440, 549, 27, 4, 22, 75, 0.073, 9.417
Wed Jan 11 08:57:09 EST 2017, 8825, 0.240, 10, 0.690, 474, 94, 9, 35, 53, 30.113, 28.723
Wed Jan 11 09:00:35 EST 2017, 3875, 0.740, 4, 0.190, 324, 49, 18, 10, 98, 53.187, 35.177
Wed Jan 11 09:02:51 EST 2017, 2637, 0.120, 6, 0.820, 511, 38, 11, 16, 19, 2.877, 2.680
Wed Jan 11 09:04:57 EST 2017, 7587, 0.620, 0, 0.320, 361, 83, 1, 41, 64, 5.203, 5.390
Wed Jan 11 09:06:52 EST 2017, 5112, 0.370, 3, 0.570, 436, 16, 6, 3, 42, 1.080, 1.533
Wed Jan 11 09:10:39 EST 2017, 162, 0.870, 9, 0.070, 586, 61, 16, 28, 87, 0.267, 104.057
Wed Jan 11 09:11:09 EST 2017, 143, 0.370, 1, 0.780, 502, 27, 12, 44, 71, 9.330, 9.177
Wed Jan 11 09:13:05 EST 2017, 5093, 0.870, 7, 0.280, 352, 72, 2, 19, 26, 2.457, 2.630
Wed Jan 11 09:15:21 EST 2017, 7568, 0.120, 10, 0.530, 427, 49, 7, 31, 93, 16.730, 16.787
Wed Jan 11 09:18:31 EST 2017, 2618, 0.620, 4, 0.030, 577, 94, 17, 6, 48, 86.497, 48.737
Wed Jan 11 09:19:27 EST 2017, 3856, 0.240, 6, 0.910, 389, 83, 14, 13, 60, 19.060, 16.413
Wed Jan 11 09:21:18 EST 2017, 8806, 0.740, 0, 0.410, 539, 38, 5, 38, 15, 3.560, 3.753
Wed Jan 11 09:22:23 EST 2017, 6331, 0.490, 3, 0.660, 464, 61, 9, 0, 82, 8.813, 8.193
Wed Jan 11 09:23:24 EST 2017, 1381, 0.990, 9, 0.160, 314, 16, 19, 25, 37, 0.107, 7.840
Wed Jan 11 09:25:19 EST 2017, 1999, 0.060, 5, 0.470, 370, 10, 11, 3, 65, 1.610, 1.563
Wed Jan 11 09:27:20 EST 2017, 6949, 0.560, 11, 0.970, 520, 55, 1, 28, 20, 1.160, 1.147
Wed Jan 11 09:29:36 EST 2017, 9424, 0.310, 8, 0.220, 595, 32, 6, 16, 88, 11.483, 12.207
Wed Jan 11 09:30:57 EST 2017, 4474, 0.810, 2, 0.720, 445, 77, 15, 41, 43, 35.490, 34.503
Wed Jan 11 09:33:53 EST 2017, 3237, 0.430, 10, 0.350, 558, 89, 13, 34, 77, 86.597, 83.443
Wed Jan 11 09:34:33 EST 2017, 8187, 0.930, 4, 0.850, 408, 44, 3, 9, 32, 1.773, 1.610
Wed Jan 11 09:36:49 EST 2017, 5712, 0.180, 1, 0.100, 333, 66, 8, 47, 99, 14.123, 15.150
Wed Jan 11 09:38:50 EST 2017, 762, 0.680, 7, 0.600, 483, 21, 18, 22, 54, 15.647, 14.463
Wed Jan 11 09:40:40 EST 2017, 1071, 0.150, 11, 0.630, 567, 46, 3, 11, 46, 2.697, 2.830
Wed Jan 11 09:44:36 EST 2017, 6021, 0.650, 5, 0.130, 417, 91, 12, 36, 91, 116.287, 95.100
Wed Jan 11 09:46:48 EST 2017, 8496, 0.400, 2, 0.880, 342, 24, 17, 24, 23, 2.557, 2.420
Wed Jan 11 09:48:38 EST 2017, 3546, 0.900, 8, 0.380, 492, 69, 8, 49, 68, 54.360, 54.570
Wed Jan 11 09:52:55 EST 2017, 4784, 0.270, 3, 0.500, 305, 58, 5, 30, 34, 3.477, 3.483
Wed Jan 11 09:55:06 EST 2017, 9734, 0.770, 9, 0.000, 455, 13, 15, 5, 79, 0.173, 10.840
Wed Jan 11 09:59:12 EST 2017, 7259, 0.020, 6, 0.750, 530, 80, 19, 42, 12, 11.293, 10.630
Wed Jan 11 10:02:18 EST 2017, 2309, 0.520, 0, 0.250, 380, 35, 10, 17, 57, 8.963, 9.313
Wed Jan 11 10:04:19 EST 2017, 1690, 0.460, 7, 0.060, 436, 41, 2, 39, 40, 3.187, 3.503
Wed Jan 11 10:07:00 EST 2017, 6640, 0.960, 1, 0.560, 586, 86, 11, 14, 85, 40.963, 44.440
Wed Jan 11 10:10:21 EST 2017, 9115, 0.210, 4, 0.310, 511, 18, 16, 27, 17, 3.097, 3.080
Wed Jan 11 10:12:37 EST 2017, 4165, 0.710, 10, 0.810, 361, 63, 6, 2, 62, 5.767, 4.700
Wed Jan 11 10:14:33 EST 2017, 2927, 0.090, 0, 0.190, 473, 75, 4, 20, 51, 6.657, 7.133
Wed Jan 11 10:16:03 EST 2017, 7877, 0.590, 6, 0.690, 323, 30, 14, 45, 96, 28.933, 30.277
Wed Jan 11 10:17:49 EST 2017, 5402, 0.340, 9, 0.440, 398, 97, 18, 8, 29, 13.713, 12.153
Wed Jan 11 10:19:10 EST 2017, 452, 0.840, 3, 0.940, 548, 52, 9, 33, 74, 31.017, 28.713
Wed Jan 11 11:25:50 EST 2017, 607, 0.100, 8, 0.360, 328, 62, 16, 15, 30, 6.820, 6.617
Wed Jan 11 11:29:56 EST 2017, 5557, 0.600, 2, 0.860, 478, 17, 7, 40, 75, 5.590, 5.473
Wed Jan 11 11:30:57 EST 2017, 8032, 0.350, 5, 0.110, 553, 84, 2, 2, 53, 3.503, 4.127
Wed Jan 11 11:33:28 EST 2017, 3082, 0.850, 11, 0.610, 403, 39, 11, 27, 98, 33.550, 32.583
Wed Jan 11 11:37:09 EST 2017, 4320, 0.480, 1, 0.490, 591, 51, 19, 46, 19, 12.233, 11.880
Wed Jan 11 11:39:40 EST 2017, 9270, 0.980, 7, 0.990, 441, 96, 9, 21, 64, 36.710, 32.937
Wed Jan 11 11:40:05 EST 2017, 6795, 0.230, 10, 0.240, 366, 28, 4, 34, 41, 2.920, 3.043
Wed Jan 11 11:41:51 EST 2017, 1845, 0.730, 4, 0.740, 516, 73, 14, 9, 86, 40.890, 35.827
Wed Jan 11 11:45:17 EST 2017, 2463, 0.290, 10, 0.920, 459, 68, 15, 37, 13, 8.883, 8.323
Wed Jan 11 11:49:18 EST 2017, 7413, 0.790, 4, 0.420, 309, 23, 6, 12, 58, 3.247, 3.430
Wed Jan 11 11:51:19 EST 2017, 9888, 0.040, 1, 0.670, 384, 90, 1, 49, 36, 1.117, 1.163
Wed Jan 11 11:53:55 EST 2017, 4938, 0.540, 7, 0.170, 534, 45, 10, 24, 81, 33.813, 32.807
Wed Jan 11 11:55:26 EST 2017, 3701, 0.170, 3, 0.800, 422, 34, 17, 6, 24, 2.457, 2.177
Wed Jan 11 11:58:12 EST 2017, 8651, 0.670, 9, 0.300, 572, 79, 8, 31, 69, 48.533, 48.710
Wed Jan 11 12:00:28 EST 2017, 6176, 0.420, 6, 0.550, 497, 11, 3, 18, 47, 1.237, 1.273
Wed Jan 11 12:03:39 EST 2017, 1226, 0.920, 0, 0.050, 347, 56, 13, 43, 92, 0.143, 66.943
Wed Jan 11 12:07:05 EST 2017, 916, 0.380, 5, 0.210, 394, 82, 7, 29, 95, 33.313, 33.500
Wed Jan 11 12:09:56 EST 2017, 5866, 0.880, 11, 0.710, 544, 37, 17, 4, 50, 15.067, 13.020
Wed Jan 11 12:11:17 EST 2017, 8341, 0.130, 8, 0.460, 469, 59, 12, 42, 72, 35.767, 35.077
Wed Jan 11 12:14:48 EST 2017, 3391, 0.630, 2, 0.960, 319, 14, 3, 17, 27, 0.443, 0.433
Wed Jan 11 12:16:59 EST 2017, 4629, 0.010, 9, 0.080, 506, 25, 10, 10, 84, 7.123, 6.740
Wed Jan 11 12:20:25 EST 2017, 9579, 0.510, 3, 0.580, 356, 70, 19, 35, 39, 29.103, 27.347
Wed Jan 11 12:22:11 EST 2017, 7104, 0.260, 0, 0.330, 431, 48, 14, 23, 61, 19.757, 19.210
Wed Jan 11 12:25:06 EST 2017, 2154, 0.760, 6, 0.830, 581, 93, 5, 48, 16, 10.407, 9.917
Wed Jan 11 12:27:17 EST 2017, 1535, 0.200, 2, 0.520, 525, 98, 6, 20, 78, 16.810, 17.797
Wed Jan 11 12:29:33 EST 2017, 6485, 0.700, 8, 0.020, 375, 53, 16, 45, 33, 27.490, 26.110
Wed Jan 11 12:31:19 EST 2017, 8960, 0.450, 11, 0.770, 300, 76, 11, 7, 55, 9.330, 8.160
Wed Jan 11 12:33:16 EST 2017, 4010, 0.950, 5, 0.270, 450, 31, 1, 32, 10, 0.080, 0.587
Wed Jan 11 12:35:27 EST 2017, 2773, 0.320, 7, 0.640, 337, 20, 9, 38, 89, 9.327, 9.150
Wed Jan 11 12:38:54 EST 2017, 7723, 0.820, 1, 0.140, 487, 65, 18, 13, 44, 35.070, 34.930
Wed Jan 11 12:42:40 EST 2017, 5248, 0.070, 4, 0.890, 562, 42, 13, 26, 67, 17.290, 15.690
Wed Jan 11 12:46:26 EST 2017, 298, 0.570, 10, 0.390, 412, 87, 4, 1, 22, 2.107, 2.287
Wed Jan 11 12:49:12 EST 2017, 375, 0.220, 4, 0.030, 480, 94, 18, 15, 60, 43.927, 40.137
Wed Jan 11 12:51:38 EST 2017, 5325, 0.720, 10, 0.530, 330, 49, 9, 40, 15, 5.013, 4.863
Wed Jan 11 12:54:44 EST 2017, 7800, 0.470, 7, 0.280, 405, 71, 4, 3, 83, 6.767, 7.743
Wed Jan 11 12:56:40 EST 2017, 2850, 0.970, 1, 0.780, 555, 26, 14, 28, 38, 6.800, 6.733
Wed Jan 11 12:57:55 EST 2017, 4088, 0.350, 11, 0.150, 443, 15, 16, 47, 72, 17.343, 17.270
Wed Jan 11 13:00:22 EST 2017, 9038, 0.850, 5, 0.650, 593, 60, 7, 22, 27, 10.597, 10.163
Wed Jan 11 13:04:18 EST 2017, 6563, 0.100, 2, 0.400, 518, 37, 2, 34, 94, 3.467, 3.783
Wed Jan 11 13:08:35 EST 2017, 1613, 0.600, 8, 0.900, 368, 82, 11, 9, 49, 13.390, 11.297
Wed Jan 11 13:11:05 EST 2017, 2231, 0.410, 0, 0.710, 312, 88, 17, 31, 66, 46.160, 42.103
Wed Jan 11 13:12:31 EST 2017, 7181, 0.910, 6, 0.210, 462, 43, 8, 6, 21, 0.090, 4.590
Wed Jan 11 13:14:42 EST 2017, 9656, 0.160, 9, 0.960, 537, 65, 3, 43, 88, 15.000, 14.600
Wed Jan 11 13:16:38 EST 2017, 4706, 0.660, 3, 0.460, 387, 20, 13, 18, 43, 6.543, 6.180
Wed Jan 11 13:18:34 EST 2017, 3469, 0.030, 8, 0.590, 574, 32, 15, 0, 55, 4.723, 3.780
Wed Jan 11 13:20:34 EST 2017, 8419, 0.530, 2, 0.090, 424, 77, 5, 25, 10, 2.077, 2.447
Wed Jan 11 13:22:40 EST 2017, 5944, 0.280, 5, 0.840, 349, 54, 1, 12, 77, 1.513, 1.637
Wed Jan 11 13:25:16 EST 2017, 994, 0.780, 11, 0.340, 499, 99, 10, 37, 32, 34.490, 34.697
Wed Jan 11 13:27:02 EST 2017, 1303, 0.250, 6, 0.430, 546, 74, 10, 26, 41, 20.120, 19.947
Wed Jan 11 13:28:53 EST 2017, 6253, 0.750, 0, 0.930, 396, 29, 19, 1, 86, 8.720, 6.057
Wed Jan 11 13:30:18 EST 2017, 8728, 0.000, 3, 0.180, 321, 96, 14, 39, 18, 7.793, 7.187
Wed Jan 11 13:31:49 EST 2017, 3778, 0.500, 9, 0.680, 471, 51, 5, 14, 63, 8.103, 7.993
Wed Jan 11 13:32:50 EST 2017, 5016, 0.130, 1, 0.310, 359, 40, 7, 8, 52, 1.590, 1.863
Wed Jan 11 13:37:06 EST 2017, 9966, 0.630, 7, 0.810, 509, 85, 17, 33, 97, 135.777, 115.867
Wed Jan 11 13:38:57 EST 2017, 7491, 0.380, 10, 0.060, 584, 18, 12, 20, 29, 5.127, 5.290
Wed Jan 11 13:41:08 EST 2017, 2541, 0.880, 4, 0.560, 434, 63, 2, 45, 74, 11.027, 11.573
Wed Jan 11 13:42:03 EST 2017, 1922, 0.060, 9, 0.870, 377, 57, 8, 23, 46, 6.760, 6.463
Wed Jan 11 13:47:30 EST 2017, 6872, 0.560, 3, 0.370, 527, 12, 18, 48, 91, 47.173, 28.600
Wed Jan 11 13:48:55 EST 2017, 9347, 0.310, 0, 0.620, 452, 80, 13, 11, 24, 8.143, 7.537
Wed Jan 11 13:51:01 EST 2017, 4397, 0.810, 6, 0.120, 302, 35, 4, 36, 69, 0.130, 8.157
Wed Jan 11 13:52:02 EST 2017, 3159, 0.440, 5, 0.990, 490, 46, 6, 42, 35, 8.067, 7.690
Wed Jan 11 13:54:03 EST 2017, 8109, 0.940, 11, 0.490, 340, 91, 15, 17, 80, 64.407, 59.183
Wed Jan 11 13:55:03 EST 2017, 5634, 0.190, 8, 0.740, 415, 23, 11, 29, 13, 1.817, 1.793
Wed Jan 11 13:57:09 EST 2017, 684, 0.690, 2, 0.240, 565, 68, 1, 4, 58, 1.720, 2.177
Wed Jan 11 13:59:15 EST 2017, 530, 0.490, 9, 0.570, 354, 36, 14, 49, 11, 4.633, 4.557
Wed Jan 11 14:00:35 EST 2017, 5480, 0.990, 3, 0.070, 504, 81, 4, 24, 56, 0.110, 24.057
Wed Jan 11 14:02:21 EST 2017, 7955, 0.240, 0, 0.820, 579, 13, 9, 36, 34, 3.330, 3.317
Wed Jan 11 14:05:07 EST 2017, 3005, 0.740, 6, 0.320, 429, 58, 19, 11, 79, 47.757, 39.537
Wed Jan 11 14:06:33 EST 2017, 4242, 0.110, 4, 0.700, 541, 70, 12, 18, 22, 7.150, 6.763
Wed Jan 11 14:08:28 EST 2017, 9192, 0.610, 10, 0.200, 391, 25, 2, 43, 67, 3.617, 3.843
Wed Jan 11 14:10:34 EST 2017, 6717, 0.360, 7, 0.950, 316, 92, 7, 5, 45, 4.940, 4.027
Wed Jan 11 14:13:15 EST 2017, 1767, 0.860, 1, 0.450, 466, 47, 16, 30, 90, 41.510, 41.793
Wed Jan 11 14:16:41 EST 2017, 2386, 0.170, 7, 0.140, 523, 53, 13, 2, 28, 4.300, 4.597
Wed Jan 11 14:18:47 EST 2017, 7336, 0.670, 1, 0.640, 373, 98, 3, 27, 73, 6.233, 6.650
Wed Jan 11 14:20:53 EST 2017, 9811, 0.420, 4, 0.390, 448, 30, 8, 15, 51, 5.810, 5.980
Wed Jan 11 14:25:59 EST 2017, 4861, 0.920, 10, 0.890, 598, 75, 18, 40, 96, 184.937, 166.937
Wed Jan 11 14:27:05 EST 2017, 3623, 0.300, 2, 0.010, 410, 64, 10, 33, 17, 6.153, 6.177
Wed Jan 11 14:29:00 EST 2017, 8573, 0.800, 8, 0.510, 560, 19, 1, 8, 62, 0.087, 1.317
Wed Jan 11 14:30:26 EST 2017, 6098, 0.050, 11, 0.260, 485, 87, 6, 46, 39, 14.327, 14.187
Wed Jan 11 14:32:22 EST 2017, 1148, 0.550, 5, 0.760, 335, 42, 15, 21, 84, 21.610, 20.267
Wed Jan 11 14:34:02 EST 2017, 839, 0.020, 1, 0.980, 419, 16, 5, 7, 81, 1.033, 1.350
Wed Jan 11 14:35:38 EST 2017, 5789, 0.520, 7, 0.480, 569, 61, 15, 32, 36, 31.880, 30.030
Wed Jan 11 14:36:34 EST 2017, 8264, 0.270, 10, 0.730, 494, 39, 19, 19, 59, 21.007, 19.550
Wed Jan 11 14:39:25 EST 2017, 3314, 0.770, 4, 0.230, 344, 84, 10, 44, 14, 12.787, 11.043
Wed Jan 11 14:40:40 EST 2017, 4552, 0.390, 8, 0.850, 457, 95, 3, 26, 93, 17.373, 16.927
Wed Jan 11 14:44:31 EST 2017, 9502, 0.890, 2, 0.350, 307, 50, 12, 1, 48, 6.783, 6.717
Wed Jan 11 14:47:12 EST 2017, 7027, 0.140, 5, 0.600, 382, 72, 17, 38, 70, 41.703, 39.330
Wed Jan 11 14:48:38 EST 2017, 2077, 0.640, 11, 0.100, 532, 27, 7, 13, 25, 3.513, 3.907
Wed Jan 11 14:50:44 EST 2017, 1458, 0.330, 3, 0.290, 588, 22, 4, 41, 98, 8.137, 8.620
Wed Jan 11 14:53:05 EST 2017, 6408, 0.830, 9, 0.790, 438, 67, 13, 16, 53, 26.597, 23.400
Wed Jan 11 14:55:06 EST 2017, 8883, 0.080, 6, 0.040, 363, 44, 18, 29, 76, 24.200, 23.063
Wed Jan 11 14:56:52 EST 2017, 3933, 0.580, 0, 0.540, 513, 89, 9, 4, 31, 8.313, 7.760
Wed Jan 11 14:58:53 EST 2017, 2695, 0.200, 11, 0.420, 326, 78, 2, 22, 87, 5.540, 5.990
Wed Jan 11 15:00:24 EST 2017, 7645, 0.700, 5, 0.920, 476, 33, 11, 47, 42, 16.093, 15.250
Wed Jan 11 15:02:50 EST 2017, 5170, 0.450, 2, 0.170, 551, 56, 16, 10, 65, 37.243, 32.973
Wed Jan 11 15:06:21 EST 2017, 220, 0.950, 8, 0.670, 401, 11, 6, 35, 20, 0.077, 1.633
Wed Jan 11 15:08:32 EST 2017, 182, 0.040, 10, 0.220, 557, 41, 17, 30, 17, 7.127, 6.937
Wed Jan 11 15:10:38 EST 2017, 5132, 0.540, 4, 0.720, 407, 86, 8, 5, 62, 11.080, 10.080
Wed Jan 11 15:11:29 EST 2017, 7607, 0.290, 1, 0.470, 332, 19, 3, 43, 40, 0.890, 0.937
Wed Jan 11 15:13:10 EST 2017, 2657, 0.790, 7, 0.970, 482, 64, 12, 18, 85, 38.167, 32.793
Wed Jan 11 15:14:46 EST 2017, 3894, 0.410, 3, 0.090, 369, 75, 15, 12, 28, 13.260, 11.207
Wed Jan 11 15:15:52 EST 2017, 8844, 0.910, 9, 0.590, 519, 30, 5, 37, 73, 0.100, 15.457
Wed Jan 11 15:16:48 EST 2017, 6369, 0.160, 6, 0.340, 594, 97, 1, 24, 51, 3.700, 4.137
Wed Jan 11 15:19:39 EST 2017, 1419, 0.660, 0, 0.840, 444, 52, 10, 49, 96, 54.023, 51.397
Wed Jan 11 15:20:54 EST 2017, 2038, 0.350, 8, 0.530, 388, 47, 18, 21, 23, 8.717, 8.187
Wed Jan 11 15:28:32 EST 2017, 6988, 0.850, 2, 0.030, 538, 92, 9, 46, 68, 0.000, 155.360
Wed Jan 11 15:31:43 EST 2017, 9463, 0.100, 5, 0.780, 463, 24, 4, 9, 45, 1.287, 1.273
Wed Jan 11 15:34:39 EST 2017, 4513, 0.600, 11, 0.280, 313, 69, 14, 34, 90, 50.110, 48.880
Wed Jan 11 15:36:00 EST 2017, 3275, 0.220, 0, 0.650, 500, 58, 16, 40, 11, 7.697, 7.537
Wed Jan 11 15:37:56 EST 2017, 8225, 0.720, 6, 0.150, 350, 13, 7, 15, 56, 0.530, 3.700
Wed Jan 11 15:40:03 EST 2017, 5750, 0.470, 9, 0.900, 425, 81, 2, 27, 34, 3.610, 3.623
Wed Jan 11 15:42:40 EST 2017, 800, 0.970, 3, 0.400, 575, 36, 11, 2, 79, 0.103, 35.237
Wed Jan 11 15:44:10 EST 2017, 1110, 0.440, 2, 0.310, 472, 10, 8, 13, 87, 3.307, 3.487
Wed Jan 11 15:46:41 EST 2017, 6060, 0.940, 8, 0.810, 322, 55, 18, 38, 42, 31.397, 30.157
Wed Jan 11 15:50:22 EST 2017, 8535, 0.190, 11, 0.060, 397, 33, 13, 1, 65, 5.630, 5.687
Wed Jan 11 15:52:23 EST 2017, 3585, 0.690, 5, 0.560, 547, 78, 4, 26, 20, 5.063, 5.117
Wed Jan 11 15:54:54 EST 2017, 4822, 0.070, 7, 0.440, 435, 89, 6, 44, 99, 32.037, 32.193
Wed Jan 11 15:58:41 EST 2017, 9772, 0.570, 1, 0.940, 585, 44, 15, 19, 54, 9.877, 8.960
Wed Jan 11 16:03:02 EST 2017, 7297, 0.320, 4, 0.190, 510, 66, 11, 32, 76, 50.857, 44.547
Wed Jan 11 16:03:33 EST 2017, 2347, 0.820, 10, 0.690, 360, 21, 1, 7, 31, 0.080, 0.483
Wed Jan 11 16:04:43 EST 2017, 1729, 0.130, 4, 0.870, 303, 27, 9, 35, 93, 7.320, 6.993
Wed Jan 11 16:06:04 EST 2017, 6679, 0.630, 10, 0.370, 453, 72, 19, 10, 48, 28.390, 25.333
Wed Jan 11 16:17:47 EST 2017, 9154, 0.380, 7, 0.620, 528, 50, 14, 48, 71, 53.797, 52.103
Wed Jan 11 16:19:03 EST 2017, 4204, 0.880, 1, 0.120, 378, 95, 5, 23, 26, 4.973, 5.477
Wed Jan 11 16:20:14 EST 2017, 2966, 0.260, 9, 0.750, 566, 83, 7, 4, 82, 13.953, 12.983
Wed Jan 11 16:22:35 EST 2017, 7916, 0.760, 3, 0.250, 416, 38, 17, 29, 37, 40.273, 24.967
Wed Jan 11 16:23:25 EST 2017, 5441, 0.010, 0, 0.500, 341, 61, 12, 16, 59, 10.100, 8.960
Wed Jan 11 16:24:16 EST 2017, 491, 0.510, 6, 0.000, 491, 16, 2, 41, 14, 0.080, 0.870
Wed Jan 11 16:26:22 EST 2017, 646, 0.300, 5, 0.670, 430, 99, 13, 9, 55, 19.197, 17.527
Wed Jan 11 16:27:07 EST 2017, 5596, 0.800, 11, 0.170, 580, 54, 3, 34, 10, 2.350, 2.473
Wed Jan 11 16:28:28 EST 2017, 8071, 0.050, 8, 0.920, 505, 76, 8, 22, 78, 19.240, 17.263
Wed Jan 11 16:29:24 EST 2017, 3121, 0.550, 2, 0.420, 355, 31, 17, 47, 33, 14.233, 12.253
Wed Jan 11 16:30:25 EST 2017, 4358, 0.180, 10, 0.550, 468, 20, 10, 28, 66, 8.013, 7.783
Wed Jan 11 16:32:15 EST 2017, 9308, 0.680, 4, 0.050, 318, 65, 1, 3, 21, 0.507, 0.667
Wed Jan 11 16:34:26 EST 2017, 6833, 0.430, 1, 0.800, 393, 43, 6, 41, 89, 6.950, 6.947
Wed Jan 11 16:37:12 EST 2017, 1883, 0.930, 7, 0.300, 543, 88, 15, 16, 44, 50.287, 46.440
Wed Jan 11 16:41:19 EST 2017, 2502, 0.110, 2, 0.110, 599, 82, 14, 37, 72, 45.450, 52.183
Wed Jan 11 16:44:35 EST 2017, 7452, 0.610, 8, 0.610, 449, 37, 4, 12, 27, 2.033, 2.040
Wed Jan 11 16:47:01 EST 2017, 9927, 0.360, 11, 0.360, 374, 59, 9, 25, 94, 24.140, 23.943
Wed Jan 11 16:48:47 EST 2017, 4977, 0.860, 5, 0.860, 524, 14, 19, 0, 49, 4.070, 3.290
Wed Jan 11 16:50:53 EST 2017, 3739, 0.490, 6, 0.230, 336, 26, 12, 19, 61, 9.387, 8.797
Wed Jan 11 16:52:54 EST 2017, 8689, 0.990, 0, 0.730, 486, 71, 2, 44, 16, 0.063, 3.147
Wed Jan 11 16:55:00 EST 2017, 6214, 0.240, 3, 0.480, 561, 48, 7, 6, 83, 8.093, 8.447
Wed Jan 11 16:56:30 EST 2017, 1264, 0.740, 9, 0.980, 411, 93, 16, 31, 38, 38.843, 34.780
Wed Jan 11 16:57:00 EST 2017, 955, 0.210, 7, 0.760, 346, 68, 4, 45, 35, 5.590, 5.627
Wed Jan 11 16:58:11 EST 2017, 5905, 0.710, 1, 0.260, 496, 23, 13, 20, 80, 14.640, 15.270
Wed Jan 11 16:59:22 EST 2017, 8380, 0.460, 4, 0.510, 571, 90, 18, 33, 13, 21.593, 19.443
Wed Jan 11 17:00:17 EST 2017, 3430, 0.960, 10, 0.010, 421, 45, 9, 8, 58, 0.100, 16.427
Wed Jan 11 17:01:08 EST 2017, 4668, 0.330, 0, 0.890, 533, 34, 1, 14, 47, 0.990, 1.010
Wed Jan 11 17:04:19 EST 2017, 9618, 0.830, 6, 0.390, 383, 79, 11, 39, 92, 72.967, 69.290
Wed Jan 11 17:05:15 EST 2017, 7143, 0.080, 9, 0.640, 308, 12, 16, 1, 24, 0.840, 0.790
Wed Jan 11 17:07:31 EST 2017, 2193, 0.580, 3, 0.140, 458, 57, 6, 26, 69, 20.507, 20.587
Wed Jan 11 17:09:22 EST 2017, 1574, 0.400, 11, 0.450, 514, 62, 5, 5, 52, 5.593, 6.103
Wed Jan 11 17:11:38 EST 2017, 6524, 0.900, 5, 0.950, 364, 17, 15, 30, 97, 15.737, 14.343
Wed Jan 11 17:12:34 EST 2017, 8999, 0.150, 2, 0.200, 439, 85, 19, 17, 30, 11.907, 12.837
Wed Jan 11 17:14:04 EST 2017, 4049, 0.650, 8, 0.700, 589, 40, 10, 42, 75, 39.217, 38.293
Wed Jan 11 17:15:30 EST 2017, 2811, 0.020, 3, 0.330, 402, 51, 3, 36, 41, 2.727, 3.220
Wed Jan 11 17:18:16 EST 2017, 7761, 0.520, 9, 0.830, 552, 96, 12, 11, 86, 47.193, 39.347
Wed Jan 11 17:19:42 EST 2017, 5286, 0.270, 6, 0.080, 477, 29, 17, 48, 19, 10.100, 9.100
Wed Jan 11 17:21:47 EST 2017, 336, 0.770, 0, 0.580, 327, 74, 7, 23, 64, 16.287, 16.287
Wed Jan 11 17:23:43 EST 2017, 259, 0.420, 6, 0.960, 578, 56, 11, 8, 25, 5.333, 4.607
Wed Jan 11 17:25:39 EST 2017, 5209, 0.920, 0, 0.460, 428, 11, 1, 33, 70, 0.063, 1.187
Wed Jan 11 17:27:45 EST 2017, 7684, 0.170, 3, 0.710, 353, 78, 6, 21, 47, 5.843, 5.667
Wed Jan 11 17:30:41 EST 2017, 2734, 0.670, 9, 0.210, 503, 33, 15, 46, 92, 59.820, 57.540
Wed Jan 11 17:32:47 EST 2017, 3972, 0.040, 2, 0.830, 315, 45, 13, 27, 14, 1.710, 1.643
Wed Jan 11 17:34:52 EST 2017, 8922, 0.540, 8, 0.330, 465, 90, 3, 2, 59, 5.313, 6.127
Wed Jan 11 17:36:53 EST 2017, 6447, 0.290, 11, 0.580, 540, 22, 8, 39, 36, 7.090, 5.790
Wed Jan 11 17:39:09 EST 2017, 1497, 0.790, 5, 0.080, 390, 67, 18, 14, 81, 76.720, 55.283
Wed Jan 11 17:41:05 EST 2017, 2115, 0.230, 9, 0.270, 446, 73, 12, 42, 19, 12.013, 11.797
Wed Jan 11 17:42:56 EST 2017, 7065, 0.730, 3, 0.770, 596, 28, 2, 17, 64, 2.420, 2.527
Wed Jan 11 17:44:16 EST 2017, 9540, 0.480, 0, 0.020, 521, 95, 7, 30, 42, 23.153, 24.157
Wed Jan 11 17:46:23 EST 2017, 4590, 0.980, 6, 0.520, 371, 50, 16, 5, 87, 0.217, 27.243
Wed Jan 11 17:48:08 EST 2017, 3353, 0.360, 4, 0.400, 484, 39, 14, 24, 30, 10.767, 9.733
Wed Jan 11 17:50:29 EST 2017, 8303, 0.860, 10, 0.900, 334, 84, 5, 49, 75, 28.060, 27.053
Wed Jan 11 17:52:05 EST 2017, 5828, 0.110, 7, 0.150, 409, 17, 9, 11, 53, 2.713, 2.963
Wed Jan 11 17:55:01 EST 2017, 878, 0.610, 1, 0.650, 559, 62, 19, 36, 98, 57.577, 56.323
