# 'Timestamp', '--imbalance% 0 100', '--moveIntervalMean 1 10', '--delay 1 10', '--selfEvents% 0 100', '--callIntervalMean 1 10', '--callDurationMean 1 10', '--maxChannels 10 100', '--simEndTime 300 600', '--rows 10 100', '--eventsPerAgent 1 20', '--granularity 0 50', '--cols 10 100', 2tLadderQ_timing_secs, heap_timing_secs
Mon Jun 26 18:26:58 EDT 2017, 0.300, 4, 9, 0.150, 2, 5, 58, 535, 48, 12, 39, 90, 25.423, 25.753
Mon Jun 26 18:27:06 EDT 2017, 0.800, 9, 4, 0.650, 7, 9, 13, 385, 93, 2, 14, 45, 7.617, 7.093
Mon Jun 26 18:27:11 EDT 2017, 0.550, 2, 2, 0.400, 9, 3, 35, 460, 26, 7, 26, 23, 4.897, 3.953
Mon Jun 26 18:27:42 EDT 2017, 0.050, 6, 6, 0.900, 4, 7, 80, 310, 71, 16, 1, 68, 30.560, 29.167
Mon Jun 26 18:27:44 EDT 2017, 0.030, 4, 3, 0.260, 7, 3, 51, 577, 22, 1, 13, 47, 1.937, 1.777
Mon Jun 26 18:28:13 EDT 2017, 0.530, 9, 8, 0.760, 3, 8, 96, 427, 67, 10, 38, 92, 28.790, 28.030
Mon Jun 26 18:28:40 EDT 2017, 0.780, 2, 6, 0.010, 5, 1, 73, 502, 44, 15, 1, 69, 26.830, 26.250
Mon Jun 26 18:28:55 EDT 2017, 0.280, 6, 1, 0.510, 9, 6, 28, 352, 89, 5, 26, 24, 14.170, 12.610
Mon Jun 26 18:28:59 EDT 2017, 0.400, 1, 9, 0.390, 4, 7, 39, 390, 10, 17, 7, 80, 4.263, 4.057
Mon Jun 26 18:29:12 EDT 2017, 0.900, 5, 5, 0.890, 8, 2, 84, 540, 55, 8, 32, 35, 12.343, 11.827
Mon Jun 26 18:29:14 EDT 2017, 0.650, 3, 2, 0.140, 6, 9, 62, 315, 33, 3, 19, 13, 1.410, 1.183
Mon Jun 26 18:29:43 EDT 2017, 0.150, 8, 7, 0.640, 1, 4, 17, 465, 78, 12, 44, 58, 28.103, 27.877
Mon Jun 26 18:29:46 EDT 2017, 0.220, 2, 1, 0.950, 2, 4, 45, 333, 16, 2, 47, 75, 3.500, 2.940
Mon Jun 26 18:30:01 EDT 2017, 0.720, 7, 5, 0.450, 7, 8, 90, 483, 61, 11, 22, 30, 13.900, 13.207
Mon Jun 26 18:30:14 EDT 2017, 0.970, 5, 7, 0.700, 9, 2, 68, 408, 38, 16, 35, 52, 13.377, 13.060
Mon Jun 26 18:31:18 EDT 2017, 0.470, 9, 3, 0.200, 4, 6, 23, 558, 83, 6, 10, 97, 60.413, 60.747
Mon Jun 26 18:31:23 EDT 2017, 0.340, 4, 6, 0.820, 8, 5, 34, 521, 27, 18, 29, 19, 5.270, 4.777
Mon Jun 26 18:32:07 EDT 2017, 0.840, 8, 2, 0.320, 3, 1, 79, 371, 72, 9, 4, 64, 43.683, 38.333
Mon Jun 26 18:32:28 EDT 2017, 0.590, 1, 4, 0.570, 1, 7, 56, 596, 50, 4, 41, 86, 19.753, 18.973
Mon Jun 26 18:32:53 EDT 2017, 0.090, 6, 8, 0.070, 5, 3, 11, 446, 95, 14, 16, 41, 24.457, 23.477
Mon Jun 26 18:33:22 EDT 2017, 0.060, 1, 5, 0.170, 9, 1, 98, 361, 92, 8, 8, 72, 28.440, 27.830
Mon Jun 26 18:34:02 EDT 2017, 0.560, 6, 1, 0.670, 5, 5, 53, 511, 47, 18, 33, 27, 39.217, 36.393
Mon Jun 26 18:34:39 EDT 2017, 0.810, 3, 3, 0.420, 2, 3, 31, 436, 69, 13, 21, 50, 37.267, 36.320
Mon Jun 26 18:34:45 EDT 2017, 0.310, 8, 8, 0.920, 7, 8, 76, 586, 24, 3, 46, 95, 5.127, 4.970
Mon Jun 26 18:35:03 EDT 2017, 0.440, 4, 2, 0.040, 1, 9, 87, 474, 81, 11, 15, 16, 18.193, 15.153
Mon Jun 26 18:35:05 EDT 2017, 0.940, 9, 6, 0.540, 6, 4, 42, 324, 36, 1, 40, 61, 1.607, 1.413
Mon Jun 26 18:35:22 EDT 2017, 0.690, 2, 9, 0.290, 8, 6, 20, 549, 58, 6, 2, 83, 16.257, 16.277
Mon Jun 26 18:35:27 EDT 2017, 0.190, 7, 4, 0.790, 3, 2, 65, 399, 13, 15, 27, 38, 4.440, 4.037
Mon Jun 26 18:35:46 EDT 2017, 0.120, 3, 8, 0.600, 4, 2, 93, 530, 86, 9, 30, 44, 18.953, 18.333
Mon Jun 26 18:36:30 EDT 2017, 0.620, 7, 4, 0.100, 9, 7, 48, 380, 41, 19, 5, 89, 43.910, 42.837
Mon Jun 26 18:38:42 EDT 2017, 0.870, 1, 1, 0.850, 6, 5, 25, 455, 64, 14, 43, 66, 129.420, 130.090
Mon Jun 26 18:38:43 EDT 2017, 0.370, 5, 6, 0.350, 2, 9, 70, 305, 19, 5, 18, 21, 1.163, 1.097
Mon Jun 26 18:39:40 EDT 2017, 0.250, 2, 5, 0.730, 5, 8, 82, 418, 98, 12, 49, 78, 56.217, 54.630
Mon Jun 26 18:39:42 EDT 2017, 0.750, 6, 9, 0.230, 1, 4, 37, 568, 53, 2, 24, 33, 2.417, 2.253
Mon Jun 26 18:39:45 EDT 2017, 0.500, 4, 7, 0.980, 3, 6, 14, 343, 75, 7, 36, 10, 2.307, 2.277
Mon Jun 26 18:40:10 EDT 2017, 0.000, 8, 3, 0.480, 7, 1, 59, 493, 30, 17, 11, 55, 24.963, 24.643
Mon Jun 26 18:40:28 EDT 2017, 0.000, 2, 6, 0.500, 5, 8, 43, 516, 83, 5, 5, 57, 17.453, 16.757
Mon Jun 26 18:40:36 EDT 2017, 0.500, 6, 1, 0.000, 9, 3, 88, 366, 38, 15, 30, 12, 8.240, 7.247
Mon Jun 26 18:41:01 EDT 2017, 0.750, 4, 3, 0.750, 7, 5, 66, 591, 61, 10, 17, 35, 23.820, 22.477
Mon Jun 26 18:41:02 EDT 2017, 0.250, 8, 8, 0.250, 3, 1, 21, 441, 16, 1, 42, 80, 1.050, 1.007
Mon Jun 26 18:41:26 EDT 2017, 0.370, 3, 2, 0.630, 6, 2, 32, 328, 95, 12, 23, 24, 23.583, 20.447
Mon Jun 26 18:41:33 EDT 2017, 0.870, 7, 7, 0.130, 1, 6, 77, 478, 50, 3, 48, 69, 7.217, 6.667
Mon Jun 26 18:41:54 EDT 2017, 0.620, 1, 9, 0.880, 4, 4, 55, 403, 72, 8, 11, 91, 20.743, 20.510
Mon Jun 26 18:42:13 EDT 2017, 0.120, 5, 4, 0.380, 8, 9, 10, 553, 27, 17, 36, 46, 17.943, 16.730
Mon Jun 26 18:42:24 EDT 2017, 0.180, 4, 8, 0.190, 9, 9, 49, 385, 89, 7, 33, 40, 11.067, 10.810
Mon Jun 26 18:43:20 EDT 2017, 0.680, 9, 4, 0.690, 4, 5, 94, 535, 44, 16, 8, 85, 54.107, 51.470
Mon Jun 26 18:44:00 EDT 2017, 0.930, 2, 2, 0.440, 2, 7, 72, 310, 66, 11, 45, 63, 39.423, 34.723
Mon Jun 26 18:44:01 EDT 2017, 0.430, 7, 6, 0.940, 6, 2, 27, 460, 21, 2, 20, 18, 0.697, 0.603
Mon Jun 26 18:45:46 EDT 2017, 0.310, 1, 5, 0.060, 1, 1, 38, 572, 78, 14, 39, 97, 100.880, 98.897
Mon Jun 26 18:45:50 EDT 2017, 0.810, 6, 9, 0.560, 5, 6, 83, 422, 33, 4, 14, 52, 3.240, 3.143
Mon Jun 26 18:45:58 EDT 2017, 0.560, 3, 7, 0.310, 8, 4, 60, 497, 55, 9, 26, 29, 7.773, 7.513
Mon Jun 26 18:46:06 EDT 2017, 0.060, 8, 3, 0.810, 3, 8, 15, 347, 10, 18, 1, 74, 8.480, 7.760
Mon Jun 26 18:46:09 EDT 2017, 0.090, 4, 4, 0.910, 2, 6, 91, 413, 19, 4, 22, 38, 2.280, 2.050
Mon Jun 26 18:46:50 EDT 2017, 0.590, 8, 8, 0.410, 7, 1, 46, 563, 64, 13, 47, 83, 39.487, 39.637
Mon Jun 26 18:47:08 EDT 2017, 0.840, 1, 6, 0.660, 9, 8, 24, 338, 41, 18, 9, 60, 17.990, 16.750
Mon Jun 26 18:47:25 EDT 2017, 0.340, 6, 1, 0.160, 5, 3, 69, 488, 86, 8, 34, 15, 17.453, 15.903
Mon Jun 26 18:47:45 EDT 2017, 0.470, 2, 9, 0.780, 8, 4, 80, 525, 30, 15, 3, 94, 18.913, 18.947
Mon Jun 26 18:47:59 EDT 2017, 0.970, 7, 5, 0.280, 3, 9, 35, 375, 75, 6, 28, 49, 13.500, 12.757
Mon Jun 26 18:48:02 EDT 2017, 0.720, 5, 2, 0.530, 1, 2, 12, 450, 52, 1, 16, 26, 2.340, 2.037
Mon Jun 26 18:48:30 EDT 2017, 0.220, 9, 7, 0.030, 6, 7, 57, 300, 97, 11, 41, 71, 27.323, 26.713
Mon Jun 26 18:48:41 EDT 2017, 0.150, 1, 1, 0.340, 6, 6, 97, 469, 24, 5, 37, 55, 11.070, 9.617
Mon Jun 26 18:48:45 EDT 2017, 0.650, 5, 5, 0.840, 2, 2, 52, 319, 69, 14, 12, 10, 4.110, 3.730
Mon Jun 26 18:49:01 EDT 2017, 0.900, 3, 7, 0.090, 4, 8, 29, 544, 47, 19, 25, 32, 15.700, 15.013
Mon Jun 26 18:50:00 EDT 2017, 0.400, 8, 3, 0.590, 8, 4, 74, 394, 92, 10, 0, 77, 57.710, 57.437
Mon Jun 26 18:50:02 EDT 2017, 0.280, 4, 6, 0.470, 3, 3, 86, 356, 13, 17, 31, 21, 1.840, 1.613
Mon Jun 26 18:50:43 EDT 2017, 0.780, 9, 2, 0.970, 7, 7, 41, 506, 58, 7, 6, 66, 39.820, 34.853
Mon Jun 26 18:50:50 EDT 2017, 0.530, 2, 4, 0.220, 5, 1, 18, 431, 36, 2, 44, 88, 6.277, 5.750
Mon Jun 26 18:51:14 EDT 2017, 0.030, 6, 9, 0.720, 1, 5, 63, 581, 81, 12, 19, 43, 23.230, 22.533
Mon Jun 26 18:51:31 EDT 2017, 0.040, 4, 1, 0.080, 8, 4, 22, 324, 34, 6, 9, 70, 17.053, 15.470
Mon Jun 26 18:51:50 EDT 2017, 0.540, 9, 6, 0.580, 3, 9, 67, 474, 79, 16, 34, 25, 18.240, 16.997
Mon Jun 26 18:51:52 EDT 2017, 0.790, 2, 8, 0.330, 1, 2, 90, 399, 12, 11, 21, 48, 2.290, 2.143
Mon Jun 26 18:52:09 EDT 2017, 0.290, 6, 3, 0.830, 5, 7, 45, 549, 57, 2, 46, 93, 15.687, 15.203
Mon Jun 26 18:52:13 EDT 2017, 0.420, 1, 7, 0.200, 2, 5, 11, 511, 45, 13, 15, 14, 4.103, 3.717
Mon Jun 26 18:52:38 EDT 2017, 0.920, 5, 2, 0.700, 7, 1, 56, 361, 90, 4, 40, 59, 24.460, 20.667
Mon Jun 26 18:52:52 EDT 2017, 0.670, 3, 5, 0.450, 9, 8, 79, 586, 23, 9, 2, 81, 13.693, 13.423
Mon Jun 26 18:53:09 EDT 2017, 0.170, 7, 9, 0.950, 4, 3, 34, 436, 68, 18, 27, 36, 16.627, 16.083
Mon Jun 26 18:53:32 EDT 2017, 0.230, 2, 3, 0.640, 4, 4, 28, 567, 51, 7, 30, 53, 21.623, 20.467
Mon Jun 26 18:54:51 EDT 2017, 0.730, 7, 7, 0.140, 8, 8, 73, 417, 96, 17, 5, 98, 78.597, 76.283
Mon Jun 26 18:55:10 EDT 2017, 0.980, 5, 5, 0.890, 6, 2, 95, 492, 29, 12, 43, 76, 17.930, 16.903
Mon Jun 26 18:55:20 EDT 2017, 0.480, 9, 1, 0.390, 2, 6, 50, 342, 74, 3, 18, 31, 9.727, 8.920
Mon Jun 26 18:55:40 EDT 2017, 0.360, 3, 8, 0.520, 7, 7, 17, 380, 40, 15, 49, 87, 19.393, 18.693
Mon Jun 26 18:55:58 EDT 2017, 0.860, 8, 4, 0.020, 3, 3, 62, 530, 85, 5, 24, 42, 18.047, 16.580
Mon Jun 26 18:56:01 EDT 2017, 0.610, 1, 2, 0.770, 5, 9, 84, 305, 17, 10, 37, 19, 2.507, 2.160
Mon Jun 26 18:56:44 EDT 2017, 0.110, 6, 6, 0.270, 9, 5, 39, 455, 62, 19, 12, 64, 42.703, 40.477
Mon Jun 26 18:56:50 EDT 2017, 0.080, 1, 8, 0.480, 5, 2, 70, 539, 59, 3, 13, 50, 5.817, 5.527
Mon Jun 26 18:57:03 EDT 2017, 0.580, 6, 3, 0.980, 1, 7, 25, 389, 14, 13, 38, 95, 12.593, 11.783
Mon Jun 26 19:02:09 EDT 2017, 0.830, 4, 1, 0.230, 3, 5, 48, 464, 82, 18, 1, 73, 296.433, 304.463
Mon Jun 26 19:02:13 EDT 2017, 0.330, 8, 5, 0.730, 7, 9, 93, 314, 37, 8, 26, 28, 3.970, 3.700
Mon Jun 26 19:03:20 EDT 2017, 0.450, 5, 4, 0.360, 4, 8, 59, 427, 71, 15, 7, 84, 66.880, 64.373
Mon Jun 26 19:03:23 EDT 2017, 0.950, 9, 9, 0.860, 9, 3, 14, 577, 26, 6, 32, 39, 3.447, 3.190
Mon Jun 26 19:03:25 EDT 2017, 0.700, 3, 6, 0.110, 6, 6, 36, 352, 93, 1, 19, 17, 1.077, 1.010
Mon Jun 26 19:04:05 EDT 2017, 0.200, 7, 2, 0.610, 2, 1, 81, 502, 48, 10, 44, 62, 40.733, 35.700
Mon Jun 26 19:04:17 EDT 2017, 0.140, 3, 6, 0.800, 1, 1, 76, 371, 76, 4, 48, 67, 11.333, 10.943
Mon Jun 26 19:04:34 EDT 2017, 0.640, 8, 1, 0.300, 6, 5, 31, 521, 31, 14, 23, 22, 16.590, 14.767
Mon Jun 26 19:05:36 EDT 2017, 0.890, 1, 4, 0.550, 8, 3, 53, 446, 99, 19, 35, 45, 61.527, 58.617
Mon Jun 26 19:06:06 EDT 2017, 0.390, 5, 8, 0.050, 4, 7, 98, 596, 54, 9, 10, 90, 28.673, 29.183
Mon Jun 26 19:06:16 EDT 2017, 0.260, 2, 3, 0.920, 9, 9, 64, 483, 65, 16, 29, 11, 9.423, 8.620
Mon Jun 26 19:06:19 EDT 2017, 0.760, 7, 7, 0.420, 5, 4, 19, 333, 20, 7, 4, 56, 3.110, 2.803
Mon Jun 26 19:06:30 EDT 2017, 0.510, 4, 9, 0.670, 2, 6, 42, 558, 88, 2, 41, 78, 10.313, 9.870
Mon Jun 26 19:06:39 EDT 2017, 0.010, 9, 5, 0.170, 7, 2, 87, 408, 43, 12, 16, 33, 9.410, 8.937
Mon Jun 26 19:06:41 EDT 2017, 0.020, 3, 9, 0.310, 3, 1, 12, 312, 93, 3, 35, 19, 1.947, 1.863
Mon Jun 26 19:07:06 EDT 2017, 0.520, 7, 5, 0.810, 8, 6, 57, 462, 48, 12, 10, 64, 24.020, 23.383
Mon Jun 26 19:08:45 EDT 2017, 0.770, 1, 3, 0.060, 6, 4, 79, 387, 70, 17, 47, 86, 97.203, 93.970
Mon Jun 26 19:08:50 EDT 2017, 0.270, 5, 7, 0.560, 1, 8, 34, 537, 25, 8, 22, 41, 5.040, 4.640
Mon Jun 26 19:11:01 EDT 2017, 0.400, 2, 4, 0.430, 7, 9, 23, 499, 81, 19, 41, 75, 123.790, 121.453
Mon Jun 26 19:11:05 EDT 2017, 0.900, 6, 8, 0.930, 2, 5, 68, 349, 36, 10, 16, 30, 4.090, 3.797
Mon Jun 26 19:11:18 EDT 2017, 0.650, 4, 6, 0.180, 4, 7, 90, 574, 59, 5, 28, 52, 12.480, 12.057
Mon Jun 26 19:11:47 EDT 2017, 0.150, 9, 1, 0.680, 9, 2, 45, 424, 14, 15, 3, 97, 29.287, 27.473
Mon Jun 26 19:12:02 EDT 2017, 0.210, 1, 7, 0.990, 8, 2, 17, 593, 87, 2, 0, 81, 13.243, 12.323
Mon Jun 26 19:12:21 EDT 2017, 0.710, 6, 2, 0.490, 4, 6, 62, 443, 42, 11, 25, 36, 19.283, 16.810
Mon Jun 26 19:12:31 EDT 2017, 0.960, 4, 4, 0.740, 2, 4, 85, 518, 64, 16, 13, 13, 10.143, 9.220
Mon Jun 26 19:12:34 EDT 2017, 0.460, 8, 9, 0.240, 6, 9, 40, 368, 19, 6, 38, 58, 2.477, 2.340
Mon Jun 26 19:15:39 EDT 2017, 0.330, 5, 1, 0.870, 3, 7, 29, 406, 98, 18, 19, 47, 180.657, 184.057
Mon Jun 26 19:16:17 EDT 2017, 0.830, 9, 5, 0.370, 7, 3, 74, 556, 53, 9, 44, 92, 37.143, 36.260
Mon Jun 26 19:16:27 EDT 2017, 0.580, 2, 8, 0.620, 9, 5, 96, 331, 76, 4, 7, 69, 9.477, 8.933
Mon Jun 26 19:16:36 EDT 2017, 0.080, 7, 3, 0.120, 5, 1, 51, 481, 31, 14, 32, 24, 8.813, 8.133
Mon Jun 26 19:16:59 EDT 2017, 0.110, 3, 2, 0.150, 1, 3, 60, 546, 22, 9, 42, 78, 21.970, 19.017
Mon Jun 26 19:17:19 EDT 2017, 0.610, 7, 6, 0.650, 5, 8, 15, 396, 67, 19, 17, 33, 19.917, 19.170
Mon Jun 26 19:17:22 EDT 2017, 0.860, 5, 9, 0.400, 8, 1, 37, 471, 45, 14, 30, 10, 2.447, 2.307
Mon Jun 26 19:17:37 EDT 2017, 0.360, 9, 4, 0.900, 3, 6, 82, 321, 90, 5, 5, 55, 15.443, 14.430
Mon Jun 26 19:17:41 EDT 2017, 0.490, 4, 5, 0.020, 9, 7, 71, 434, 11, 12, 36, 44, 3.283, 2.903
Mon Jun 26 19:18:08 EDT 2017, 0.990, 8, 1, 0.520, 4, 2, 26, 584, 56, 2, 11, 89, 26.857, 24.350
Mon Jun 26 19:18:20 EDT 2017, 0.740, 2, 3, 0.270, 2, 9, 48, 359, 33, 7, 49, 66, 11.413, 10.433
Mon Jun 26 19:18:35 EDT 2017, 0.240, 6, 7, 0.770, 6, 4, 93, 509, 78, 17, 24, 21, 14.690, 13.853
Mon Jun 26 19:18:37 EDT 2017, 0.180, 4, 5, 0.590, 6, 5, 65, 340, 17, 8, 21, 16, 1.110, 1.060
Mon Jun 26 19:19:08 EDT 2017, 0.680, 9, 9, 0.090, 1, 9, 20, 490, 62, 18, 46, 61, 30.167, 29.450
Mon Jun 26 19:19:27 EDT 2017, 0.930, 2, 7, 0.840, 4, 3, 43, 415, 39, 13, 8, 83, 18.540, 18.490
Mon Jun 26 19:19:45 EDT 2017, 0.430, 7, 2, 0.340, 8, 7, 88, 565, 84, 3, 33, 38, 17.923, 15.457
Mon Jun 26 19:19:55 EDT 2017, 0.300, 1, 8, 0.710, 5, 6, 76, 453, 28, 11, 2, 72, 10.210, 9.527
Mon Jun 26 19:19:57 EDT 2017, 0.800, 5, 3, 0.210, 9, 2, 31, 303, 73, 1, 27, 27, 1.923, 1.773
Mon Jun 26 19:20:27 EDT 2017, 0.550, 3, 1, 0.960, 7, 8, 54, 528, 50, 6, 14, 50, 29.257, 25.890
Mon Jun 26 19:21:38 EDT 2017, 0.050, 8, 6, 0.460, 2, 4, 99, 378, 95, 15, 39, 95, 70.613, 64.703
Mon Jun 26 19:21:42 EDT 2017, 0.040, 1, 4, 0.850, 9, 7, 33, 495, 52, 2, 25, 31, 3.390, 3.057
Mon Jun 26 19:22:12 EDT 2017, 0.540, 5, 8, 0.350, 5, 2, 78, 345, 97, 11, 0, 76, 29.747, 28.700
Mon Jun 26 19:22:44 EDT 2017, 0.790, 3, 6, 0.600, 3, 9, 55, 570, 29, 16, 37, 99, 31.353, 30.757
Mon Jun 26 19:23:19 EDT 2017, 0.290, 7, 2, 0.100, 7, 5, 10, 420, 74, 7, 12, 54, 34.303, 29.627
Mon Jun 26 19:23:35 EDT 2017, 0.410, 4, 7, 0.980, 1, 3, 44, 307, 40, 19, 43, 65, 15.570, 15.217
Mon Jun 26 19:23:49 EDT 2017, 0.910, 8, 3, 0.480, 6, 8, 89, 457, 85, 9, 18, 20, 14.013, 13.007
Mon Jun 26 19:23:54 EDT 2017, 0.660, 2, 1, 0.730, 8, 1, 67, 382, 18, 4, 31, 43, 4.550, 3.910
Mon Jun 26 19:24:56 EDT 2017, 0.160, 6, 5, 0.230, 4, 6, 22, 532, 63, 14, 6, 88, 61.127, 57.630
Mon Jun 26 19:25:02 EDT 2017, 0.220, 3, 2, 0.410, 4, 5, 38, 401, 35, 1, 9, 93, 5.307, 4.797
Mon Jun 26 19:25:27 EDT 2017, 0.720, 8, 7, 0.910, 9, 1, 83, 551, 80, 10, 34, 48, 23.937, 23.933
Mon Jun 26 19:25:29 EDT 2017, 0.970, 1, 9, 0.160, 7, 7, 61, 326, 12, 15, 21, 26, 1.277, 1.253
Mon Jun 26 19:25:51 EDT 2017, 0.470, 6, 4, 0.660, 2, 3, 16, 476, 57, 6, 46, 71, 21.287, 19.830
Mon Jun 26 19:26:10 EDT 2017, 0.350, 2, 6, 0.290, 5, 4, 50, 589, 46, 17, 15, 37, 19.363, 18.147
Mon Jun 26 19:28:38 EDT 2017, 0.850, 7, 1, 0.790, 1, 8, 95, 439, 91, 8, 40, 82, 141.007, 143.380
Mon Jun 26 19:28:44 EDT 2017, 0.600, 5, 3, 0.040, 3, 2, 72, 514, 24, 3, 3, 59, 5.183, 4.630
Mon Jun 26 19:28:49 EDT 2017, 0.100, 9, 8, 0.540, 8, 6, 27, 364, 69, 13, 28, 14, 4.490, 4.100
Mon Jun 26 19:29:24 EDT 2017, 0.070, 5, 7, 0.700, 7, 9, 81, 448, 71, 10, 45, 90, 34.373, 33.207
Mon Jun 26 19:29:58 EDT 2017, 0.570, 9, 2, 0.200, 2, 4, 36, 598, 26, 19, 20, 45, 33.820, 29.030
Mon Jun 26 19:30:14 EDT 2017, 0.820, 3, 5, 0.950, 5, 6, 13, 373, 94, 14, 32, 23, 15.260, 14.733
Mon Jun 26 19:30:23 EDT 2017, 0.320, 7, 9, 0.450, 9, 2, 58, 523, 49, 5, 7, 68, 9.370, 8.980
Mon Jun 26 19:31:09 EDT 2017, 0.440, 1, 1, 0.570, 3, 1, 92, 560, 60, 12, 26, 34, 45.393, 42.160
Mon Jun 26 19:31:12 EDT 2017, 0.940, 6, 6, 0.070, 8, 5, 47, 410, 15, 3, 1, 79, 2.260, 2.090
Mon Jun 26 19:31:30 EDT 2017, 0.690, 4, 8, 0.820, 6, 3, 24, 485, 83, 7, 39, 57, 17.673, 17.523
Mon Jun 26 19:31:34 EDT 2017, 0.190, 8, 4, 0.320, 1, 8, 69, 335, 38, 17, 14, 12, 3.977, 3.493
Mon Jun 26 19:31:40 EDT 2017, 0.130, 2, 9, 0.010, 2, 8, 86, 467, 55, 8, 17, 29, 5.660, 5.330
Mon Jun 26 19:31:47 EDT 2017, 0.630, 6, 4, 0.510, 6, 4, 41, 317, 10, 18, 42, 74, 6.190, 5.743
Mon Jun 26 19:35:21 EDT 2017, 0.880, 4, 2, 0.260, 9, 6, 19, 542, 77, 13, 4, 96, 206.607, 199.007
Mon Jun 26 19:35:25 EDT 2017, 0.380, 9, 6, 0.760, 4, 1, 64, 392, 32, 4, 29, 51, 3.790, 3.570
Mon Jun 26 19:35:56 EDT 2017, 0.260, 3, 3, 0.130, 7, 3, 98, 354, 66, 11, 10, 62, 31.387, 30.767
Mon Jun 26 19:35:57 EDT 2017, 0.760, 8, 8, 0.630, 3, 7, 53, 504, 21, 1, 35, 17, 0.403, 0.340
Mon Jun 26 19:36:12 EDT 2017, 0.510, 1, 5, 0.380, 1, 5, 30, 429, 88, 6, 23, 40, 14.077, 13.177
Mon Jun 26 19:39:13 EDT 2017, 0.010, 5, 1, 0.880, 5, 9, 75, 579, 43, 16, 48, 85, 179.433, 180.627
Mon Jun 26 19:40:09 EDT 2017, 0.010, 5, 3, 0.430, 1, 6, 18, 531, 46, 16, 27, 74, 55.087, 55.233
Mon Jun 26 19:40:17 EDT 2017, 0.510, 9, 8, 0.930, 6, 2, 63, 381, 91, 7, 2, 29, 7.987, 7.350
Mon Jun 26 19:40:20 EDT 2017, 0.760, 2, 5, 0.180, 8, 9, 85, 456, 24, 2, 39, 51, 2.380, 2.203
Mon Jun 26 19:42:07 EDT 2017, 0.260, 7, 1, 0.680, 3, 4, 40, 306, 69, 11, 14, 96, 99.983, 103.323
Mon Jun 26 19:42:09 EDT 2017, 0.380, 1, 9, 0.310, 9, 3, 29, 419, 35, 4, 45, 18, 1.363, 1.277
Mon Jun 26 19:43:19 EDT 2017, 0.880, 6, 4, 0.810, 4, 7, 74, 569, 80, 14, 20, 63, 69.587, 65.363
Mon Jun 26 19:43:36 EDT 2017, 0.630, 3, 2, 0.060, 2, 1, 96, 344, 13, 19, 33, 85, 17.283, 15.403
Mon Jun 26 19:43:51 EDT 2017, 0.130, 8, 6, 0.560, 7, 5, 51, 494, 58, 9, 8, 40, 14.160, 12.533
Mon Jun 26 19:44:25 EDT 2017, 0.200, 2, 1, 0.750, 6, 6, 12, 362, 41, 15, 11, 46, 33.960, 32.157
Mon Jun 26 19:44:55 EDT 2017, 0.700, 6, 6, 0.250, 2, 1, 57, 512, 86, 5, 36, 91, 29.577, 28.120
Mon Jun 26 19:44:56 EDT 2017, 0.950, 4, 8, 0.500, 4, 8, 80, 437, 18, 1, 24, 68, 0.880, 0.790
Mon Jun 26 19:45:10 EDT 2017, 0.450, 9, 4, 0.000, 8, 3, 35, 587, 63, 10, 49, 23, 13.887, 13.007
Mon Jun 26 19:45:18 EDT 2017, 0.320, 3, 7, 0.870, 5, 5, 23, 475, 52, 3, 17, 80, 8.390, 8.103
Mon Jun 26 19:45:59 EDT 2017, 0.820, 7, 2, 0.370, 9, 9, 68, 325, 97, 13, 42, 35, 39.833, 34.870
Mon Jun 26 19:46:03 EDT 2017, 0.570, 1, 5, 0.620, 7, 2, 91, 550, 30, 17, 5, 12, 4.033, 3.560
Mon Jun 26 19:46:17 EDT 2017, 0.070, 5, 9, 0.120, 3, 7, 46, 400, 75, 8, 30, 57, 14.057, 13.253
Mon Jun 26 19:46:36 EDT 2017, 0.100, 1, 6, 0.090, 3, 9, 66, 334, 66, 14, 44, 49, 18.280, 17.630
Mon Jun 26 19:46:49 EDT 2017, 0.600, 5, 2, 0.590, 7, 5, 21, 484, 21, 5, 19, 94, 13.397, 11.723
Mon Jun 26 19:47:38 EDT 2017, 0.850, 3, 4, 0.340, 5, 7, 43, 409, 89, 10, 31, 71, 46.757, 44.910
Mon Jun 26 19:47:49 EDT 2017, 0.350, 8, 8, 0.840, 1, 3, 88, 559, 44, 19, 6, 26, 10.923, 10.487
Mon Jun 26 19:48:23 EDT 2017, 0.480, 4, 3, 0.220, 6, 1, 77, 522, 55, 7, 25, 82, 33.403, 33.223
Mon Jun 26 19:48:26 EDT 2017, 0.980, 9, 7, 0.720, 2, 6, 32, 372, 10, 17, 0, 37, 2.473, 2.210
Mon Jun 26 19:48:33 EDT 2017, 0.730, 2, 9, 0.470, 4, 4, 54, 597, 77, 12, 38, 15, 7.070, 6.567
Mon Jun 26 19:48:36 EDT 2017, 0.230, 7, 5, 0.970, 9, 8, 99, 447, 32, 2, 13, 60, 3.227, 3.037
Mon Jun 26 19:49:13 EDT 2017, 0.170, 4, 8, 0.650, 8, 8, 60, 578, 61, 13, 16, 77, 35.593, 35.040
Mon Jun 26 19:49:15 EDT 2017, 0.670, 8, 3, 0.150, 4, 3, 15, 428, 16, 4, 41, 32, 1.983, 1.787
Mon Jun 26 19:50:23 EDT 2017, 0.920, 2, 1, 0.900, 1, 5, 37, 503, 83, 8, 3, 54, 66.917, 64.617
Mon Jun 26 19:50:54 EDT 2017, 0.420, 6, 6, 0.400, 6, 1, 82, 353, 38, 18, 28, 99, 29.660, 28.510
Mon Jun 26 19:51:00 EDT 2017, 0.290, 3, 4, 0.530, 2, 2, 71, 390, 72, 6, 9, 20, 5.953, 5.340
Mon Jun 26 19:51:13 EDT 2017, 0.790, 7, 9, 0.030, 7, 7, 26, 540, 27, 16, 34, 65, 13.263, 12.707
Mon Jun 26 19:51:48 EDT 2017, 0.540, 5, 7, 0.780, 9, 4, 49, 315, 94, 11, 22, 88, 34.050, 33.057
Mon Jun 26 19:51:52 EDT 2017, 0.040, 9, 2, 0.280, 5, 9, 94, 465, 49, 1, 47, 43, 4.027, 3.460
Mon Jun 26 19:52:35 EDT 2017, 0.060, 2, 8, 0.890, 7, 1, 39, 423, 98, 17, 37, 61, 42.183, 41.147
Mon Jun 26 19:52:41 EDT 2017, 0.560, 7, 4, 0.390, 3, 5, 84, 573, 53, 8, 12, 16, 6.287, 5.633
Mon Jun 26 19:52:54 EDT 2017, 0.810, 4, 1, 0.640, 5, 3, 61, 348, 76, 3, 49, 39, 12.743, 11.583
Mon Jun 26 19:53:14 EDT 2017, 0.310, 9, 6, 0.140, 9, 8, 16, 498, 31, 12, 24, 84, 19.487, 19.243
Mon Jun 26 19:53:24 EDT 2017, 0.430, 3, 5, 0.760, 4, 9, 50, 536, 87, 5, 43, 27, 9.937, 9.780
Mon Jun 26 19:53:40 EDT 2017, 0.930, 8, 9, 0.260, 8, 4, 95, 386, 42, 15, 18, 72, 15.777, 15.490
Mon Jun 26 19:54:39 EDT 2017, 0.680, 1, 7, 0.510, 6, 6, 73, 461, 65, 19, 31, 95, 58.657, 57.920
Mon Jun 26 19:54:46 EDT 2017, 0.180, 6, 3, 0.010, 1, 2, 28, 311, 20, 10, 6, 50, 6.137, 5.597
Mon Jun 26 19:55:14 EDT 2017, 0.240, 4, 5, 0.320, 2, 2, 33, 480, 82, 16, 2, 33, 27.430, 26.713
Mon Jun 26 19:55:35 EDT 2017, 0.740, 8, 1, 0.820, 7, 7, 78, 330, 37, 6, 27, 78, 21.533, 20.250
Mon Jun 26 19:55:45 EDT 2017, 0.990, 2, 3, 0.070, 9, 5, 56, 555, 59, 2, 15, 56, 9.633, 9.180
Mon Jun 26 19:55:46 EDT 2017, 0.490, 6, 8, 0.570, 4, 9, 11, 405, 14, 11, 40, 11, 0.780, 0.697
Mon Jun 26 19:56:24 EDT 2017, 0.370, 1, 2, 0.450, 8, 8, 44, 367, 93, 4, 21, 89, 37.683, 33.767
Mon Jun 26 19:56:40 EDT 2017, 0.870, 5, 7, 0.950, 3, 4, 89, 517, 48, 13, 46, 44, 15.213, 14.613
Mon Jun 26 19:56:50 EDT 2017, 0.620, 3, 9, 0.200, 1, 6, 67, 442, 70, 18, 9, 22, 10.320, 9.890
Mon Jun 26 19:57:05 EDT 2017, 0.120, 7, 4, 0.700, 5, 1, 22, 592, 25, 9, 34, 67, 14.757, 13.357
Mon Jun 26 19:57:29 EDT 2017, 0.090, 3, 1, 0.540, 9, 4, 87, 508, 28, 14, 42, 36, 23.743, 21.193
Mon Jun 26 19:57:47 EDT 2017, 0.590, 8, 5, 0.040, 5, 8, 42, 358, 73, 5, 17, 81, 17.763, 17.370
Mon Jun 26 19:58:05 EDT 2017, 0.840, 1, 7, 0.790, 2, 2, 19, 583, 51, 9, 29, 58, 17.250, 17.103
Mon Jun 26 19:58:24 EDT 2017, 0.340, 5, 3, 0.290, 7, 6, 64, 433, 96, 19, 4, 13, 18.397, 17.903
Mon Jun 26 19:58:29 EDT 2017, 0.460, 2, 6, 0.670, 1, 7, 98, 320, 17, 7, 35, 92, 4.623, 4.333
Mon Jun 26 19:59:27 EDT 2017, 0.960, 6, 2, 0.170, 6, 3, 53, 470, 62, 16, 10, 47, 58.370, 52.637
Mon Jun 26 19:59:35 EDT 2017, 0.710, 4, 4, 0.920, 8, 9, 30, 395, 39, 12, 48, 25, 7.277, 6.647
Mon Jun 26 19:59:45 EDT 2017, 0.210, 9, 8, 0.420, 3, 5, 75, 545, 84, 2, 23, 70, 9.550, 8.883
Mon Jun 26 19:59:51 EDT 2017, 0.150, 1, 3, 0.230, 4, 4, 81, 376, 11, 13, 20, 64, 5.993, 5.417
Mon Jun 26 19:59:54 EDT 2017, 0.650, 6, 8, 0.730, 8, 9, 36, 526, 56, 3, 45, 19, 2.053, 1.897
Mon Jun 26 19:59:58 EDT 2017, 0.900, 4, 6, 0.480, 6, 2, 13, 301, 34, 8, 7, 42, 4.293, 4.053
Mon Jun 26 20:05:45 EDT 2017, 0.400, 8, 1, 0.980, 2, 7, 58, 451, 79, 18, 32, 87, 329.567, 343.933
Mon Jun 26 20:05:48 EDT 2017, 0.270, 5, 9, 0.110, 5, 6, 92, 564, 23, 6, 1, 30, 2.560, 2.403
Mon Jun 26 20:06:33 EDT 2017, 0.770, 9, 5, 0.610, 1, 1, 47, 414, 68, 15, 26, 75, 44.530, 44.000
Mon Jun 26 20:07:32 EDT 2017, 0.520, 3, 2, 0.360, 3, 8, 25, 489, 45, 10, 13, 98, 58.837, 53.817
Mon Jun 26 20:07:36 EDT 2017, 0.020, 7, 7, 0.860, 7, 3, 70, 339, 90, 1, 38, 53, 3.260, 3.107
Mon Jun 26 20:07:47 EDT 2017, 0.020, 1, 2, 0.740, 2, 5, 49, 440, 40, 11, 7, 23, 10.960, 9.167
Mon Jun 26 20:07:53 EDT 2017, 0.520, 6, 7, 0.240, 7, 9, 94, 590, 85, 1, 32, 68, 6.510, 6.243
Mon Jun 26 20:07:57 EDT 2017, 0.770, 3, 9, 0.990, 9, 3, 72, 365, 18, 6, 19, 90, 3.463, 3.333
Mon Jun 26 20:08:29 EDT 2017, 0.270, 8, 5, 0.490, 5, 7, 27, 515, 63, 16, 44, 45, 31.903, 31.003
Mon Jun 26 20:08:48 EDT 2017, 0.390, 5, 6, 0.610, 8, 6, 38, 552, 51, 9, 13, 56, 18.260, 17.340
Mon Jun 26 20:09:13 EDT 2017, 0.890, 9, 1, 0.110, 4, 2, 83, 402, 96, 18, 38, 11, 25.403, 23.740
Mon Jun 26 20:09:23 EDT 2017, 0.640, 2, 4, 0.860, 1, 8, 61, 477, 29, 13, 1, 34, 9.383, 8.420
Mon Jun 26 20:09:33 EDT 2017, 0.140, 7, 8, 0.360, 6, 4, 16, 327, 74, 4, 26, 79, 9.717, 9.323
Mon Jun 26 20:10:14 EDT 2017, 0.200, 3, 4, 0.050, 6, 3, 44, 458, 46, 12, 29, 96, 40.687, 38.827
Mon Jun 26 20:10:19 EDT 2017, 0.700, 7, 9, 0.550, 2, 8, 89, 308, 91, 3, 4, 51, 5.383, 5.173
Mon Jun 26 20:10:22 EDT 2017, 0.950, 1, 6, 0.300, 4, 1, 66, 533, 23, 7, 41, 28, 2.907, 2.630
Mon Jun 26 20:12:16 EDT 2017, 0.450, 5, 2, 0.800, 9, 5, 21, 383, 68, 17, 16, 73, 109.880, 101.980
Mon Jun 26 20:12:22 EDT 2017, 0.330, 2, 7, 0.180, 3, 7, 32, 346, 35, 10, 47, 39, 5.220, 4.877
Mon Jun 26 20:15:26 EDT 2017, 0.830, 6, 3, 0.680, 8, 2, 77, 496, 80, 19, 22, 84, 174.230, 180.120
Mon Jun 26 20:15:41 EDT 2017, 0.580, 4, 1, 0.430, 5, 9, 55, 421, 12, 14, 35, 62, 14.787, 13.150
Mon Jun 26 20:15:45 EDT 2017, 0.080, 8, 5, 0.930, 1, 4, 10, 571, 57, 5, 10, 17, 4.260, 3.847
Mon Jun 26 20:16:35 EDT 2017, 0.110, 4, 9, 0.830, 4, 2, 97, 505, 65, 17, 15, 98, 49.463, 48.793
Mon Jun 26 20:16:41 EDT 2017, 0.610, 9, 4, 0.330, 9, 6, 52, 355, 20, 8, 40, 53, 5.250, 4.730
Mon Jun 26 20:16:56 EDT 2017, 0.860, 2, 2, 0.580, 7, 4, 30, 580, 88, 3, 2, 31, 14.950, 12.717
Mon Jun 26 20:17:16 EDT 2017, 0.360, 7, 7, 0.080, 2, 9, 75, 430, 43, 13, 27, 76, 20.340, 19.857
Mon Jun 26 20:17:20 EDT 2017, 0.490, 1, 3, 0.960, 6, 7, 86, 318, 77, 1, 8, 42, 3.227, 3.123
Mon Jun 26 20:17:33 EDT 2017, 0.990, 5, 8, 0.460, 1, 3, 41, 468, 32, 10, 33, 87, 13.233, 12.573
Mon Jun 26 20:18:28 EDT 2017, 0.740, 3, 5, 0.710, 3, 5, 18, 393, 99, 15, 21, 65, 54.383, 52.267
Mon Jun 26 20:18:41 EDT 2017, 0.240, 8, 1, 0.210, 8, 1, 63, 543, 54, 6, 46, 20, 12.817, 11.093
Mon Jun 26 20:18:55 EDT 2017, 0.170, 3, 7, 0.390, 8, 1, 92, 412, 71, 19, 49, 25, 13.620, 13.243
Mon Jun 26 20:19:13 EDT 2017, 0.670, 7, 3, 0.890, 4, 6, 47, 562, 26, 9, 24, 70, 17.947, 16.937
Mon Jun 26 20:19:34 EDT 2017, 0.920, 5, 5, 0.140, 2, 4, 24, 337, 94, 4, 36, 93, 20.613, 19.610
Mon Jun 26 20:19:49 EDT 2017, 0.420, 9, 9, 0.640, 6, 8, 69, 487, 49, 14, 11, 48, 14.713, 14.570
Mon Jun 26 20:20:05 EDT 2017, 0.300, 4, 2, 0.270, 1, 9, 80, 599, 60, 2, 30, 59, 15.327, 13.067
Mon Jun 26 20:20:06 EDT 2017, 0.800, 8, 6, 0.770, 5, 5, 35, 449, 15, 12, 5, 14, 1.423, 1.290
Mon Jun 26 20:20:30 EDT 2017, 0.550, 1, 8, 0.020, 7, 7, 13, 524, 82, 16, 43, 37, 23.420, 22.930
Mon Jun 26 20:20:44 EDT 2017, 0.050, 6, 4, 0.520, 3, 2, 58, 374, 37, 7, 18, 82, 13.940, 13.023
Mon Jun 26 20:20:49 EDT 2017, 0.030, 4, 6, 0.160, 5, 8, 28, 557, 78, 10, 3, 10, 5.390, 4.813
Mon Jun 26 20:20:53 EDT 2017, 0.530, 8, 2, 0.660, 1, 4, 73, 407, 33, 1, 28, 55, 3.447, 2.957
Mon Jun 26 20:21:12 EDT 2017, 0.780, 1, 4, 0.410, 3, 6, 96, 482, 56, 5, 15, 77, 19.203, 18.037
Mon Jun 26 20:21:14 EDT 2017, 0.280, 6, 9, 0.910, 8, 1, 51, 332, 11, 15, 40, 32, 1.563, 1.440
Mon Jun 26 20:22:49 EDT 2017, 0.410, 2, 1, 0.040, 4, 3, 17, 444, 89, 8, 22, 66, 91.780, 90.637
Mon Jun 26 20:23:01 EDT 2017, 0.910, 7, 5, 0.540, 9, 7, 62, 594, 44, 17, 47, 21, 12.017, 11.047
Mon Jun 26 20:23:15 EDT 2017, 0.660, 5, 8, 0.290, 7, 5, 85, 369, 67, 12, 9, 44, 13.010, 12.467
Mon Jun 26 20:23:22 EDT 2017, 0.160, 9, 3, 0.790, 2, 9, 40, 519, 22, 3, 34, 89, 7.510, 6.820
Mon Jun 26 20:23:52 EDT 2017, 0.220, 1, 9, 0.600, 2, 9, 23, 351, 95, 11, 31, 83, 28.987, 28.753
Mon Jun 26 20:23:56 EDT 2017, 0.720, 5, 5, 0.100, 6, 4, 68, 501, 50, 2, 6, 38, 3.587, 3.310
Mon Jun 26 20:24:02 EDT 2017, 0.970, 3, 3, 0.850, 8, 6, 90, 426, 72, 6, 43, 16, 5.933, 5.400
Mon Jun 26 20:24:18 EDT 2017, 0.470, 8, 7, 0.350, 4, 2, 45, 576, 27, 16, 18, 61, 15.610, 14.850
Mon Jun 26 20:24:47 EDT 2017, 0.350, 4, 4, 0.720, 9, 1, 11, 463, 84, 9, 37, 49, 29.180, 27.563
Mon Jun 26 20:25:08 EDT 2017, 0.850, 9, 8, 0.220, 5, 5, 56, 313, 39, 18, 12, 94, 20.313, 19.673
Mon Jun 26 20:25:48 EDT 2017, 0.600, 2, 6, 0.970, 3, 3, 79, 538, 61, 14, 25, 72, 40.527, 39.093
Mon Jun 26 20:25:51 EDT 2017, 0.100, 6, 1, 0.470, 7, 8, 34, 388, 16, 4, 0, 27, 2.700, 2.273
Mon Jun 26 20:26:00 EDT 2017, 0.060, 2, 4, 0.250, 7, 5, 76, 304, 13, 18, 23, 86, 8.950, 8.320
Mon Jun 26 20:26:09 EDT 2017, 0.560, 7, 9, 0.750, 3, 1, 31, 454, 58, 8, 48, 41, 8.187, 7.987
Mon Jun 26 20:26:10 EDT 2017, 0.810, 4, 7, 0.000, 1, 7, 54, 379, 36, 4, 11, 18, 1.427, 1.293
Mon Jun 26 20:28:12 EDT 2017, 0.310, 9, 2, 0.500, 5, 3, 99, 529, 81, 13, 36, 63, 120.910, 110.757
Mon Jun 26 20:28:14 EDT 2017, 0.440, 3, 8, 0.380, 2, 4, 65, 491, 25, 1, 4, 52, 1.160, 1.087
Mon Jun 26 20:29:08 EDT 2017, 0.940, 8, 3, 0.880, 6, 8, 20, 341, 70, 11, 29, 97, 52.743, 52.507
Mon Jun 26 20:31:40 EDT 2017, 0.690, 1, 1, 0.130, 9, 2, 42, 566, 47, 15, 17, 75, 151.023, 150.433
Mon Jun 26 20:31:50 EDT 2017, 0.190, 6, 6, 0.630, 4, 6, 87, 416, 92, 6, 42, 30, 9.693, 9.100
Mon Jun 26 20:32:01 EDT 2017, 0.130, 5, 2, 0.940, 3, 7, 70, 585, 30, 19, 39, 13, 10.403, 8.773
Mon Jun 26 20:32:23 EDT 2017, 0.630, 9, 6, 0.440, 8, 2, 25, 435, 75, 9, 14, 58, 22.357, 21.583
Mon Jun 26 20:32:36 EDT 2017, 0.880, 3, 8, 0.690, 6, 9, 48, 510, 53, 5, 26, 80, 12.523, 12.153
Mon Jun 26 20:33:05 EDT 2017, 0.380, 7, 4, 0.190, 1, 4, 93, 360, 98, 14, 1, 35, 28.840, 26.637
Mon Jun 26 20:33:07 EDT 2017, 0.250, 2, 5, 0.820, 7, 3, 59, 397, 19, 2, 33, 69, 1.917, 1.820
Mon Jun 26 20:33:42 EDT 2017, 0.750, 6, 1, 0.320, 2, 8, 14, 547, 64, 12, 8, 24, 34.530, 32.270
Mon Jun 26 20:34:02 EDT 2017, 0.500, 4, 3, 0.570, 5, 1, 37, 322, 42, 17, 45, 46, 19.253, 18.327
Mon Jun 26 20:34:35 EDT 2017, 0.000, 8, 7, 0.070, 9, 6, 82, 472, 87, 7, 20, 91, 33.283, 32.780
Mon Jun 26 20:35:34 EDT 2017, 0.000, 4, 2, 0.780, 7, 2, 63, 566, 71, 8, 32, 65, 58.210, 51.827
Mon Jun 26 20:35:38 EDT 2017, 0.500, 8, 6, 0.280, 2, 7, 18, 416, 26, 18, 7, 20, 4.380, 3.883
Mon Jun 26 20:36:01 EDT 2017, 0.750, 2, 9, 0.530, 4, 4, 40, 491, 93, 13, 44, 42, 22.210, 21.893
Mon Jun 26 20:36:12 EDT 2017, 0.250, 6, 4, 0.030, 9, 9, 85, 341, 48, 4, 19, 87, 11.430, 10.730
Mon Jun 26 20:36:23 EDT 2017, 0.370, 3, 5, 0.910, 3, 8, 74, 378, 60, 11, 38, 31, 10.603, 10.033
Mon Jun 26 20:36:27 EDT 2017, 0.870, 7, 1, 0.410, 8, 3, 29, 528, 15, 1, 13, 76, 3.120, 2.747
Mon Jun 26 20:36:59 EDT 2017, 0.620, 5, 3, 0.660, 5, 6, 52, 303, 82, 6, 25, 99, 32.310, 31.747
Mon Jun 26 20:37:13 EDT 2017, 0.120, 9, 8, 0.160, 1, 1, 97, 453, 37, 16, 0, 54, 13.540, 12.943
Mon Jun 26 20:37:24 EDT 2017, 0.190, 1, 5, 0.470, 3, 1, 57, 322, 65, 10, 4, 37, 10.493, 10.050
Mon Jun 26 20:37:36 EDT 2017, 0.690, 6, 9, 0.970, 7, 5, 12, 472, 20, 19, 29, 82, 12.193, 11.750
Mon Jun 26 20:38:08 EDT 2017, 0.940, 3, 7, 0.220, 9, 3, 35, 397, 88, 14, 16, 59, 31.583, 30.860
Mon Jun 26 20:38:11 EDT 2017, 0.440, 8, 3, 0.720, 5, 7, 80, 547, 43, 5, 41, 14, 3.407, 3.017
Mon Jun 26 20:38:58 EDT 2017, 0.310, 4, 8, 0.350, 8, 8, 69, 509, 77, 12, 22, 93, 46.003, 44.770
Mon Jun 26 20:39:02 EDT 2017, 0.810, 9, 4, 0.850, 4, 4, 24, 359, 32, 3, 47, 48, 3.657, 3.420
Mon Jun 26 20:39:39 EDT 2017, 0.560, 2, 1, 0.100, 1, 6, 46, 584, 99, 7, 10, 26, 37.130, 34.360
Mon Jun 26 20:40:15 EDT 2017, 0.060, 7, 6, 0.600, 6, 2, 91, 434, 54, 17, 35, 71, 34.943, 33.393
Mon Jun 26 20:40:16 EDT 2017, 0.090, 2, 9, 0.630, 9, 4, 21, 369, 46, 1, 39, 34, 0.973, 0.950
Mon Jun 26 20:41:13 EDT 2017, 0.590, 6, 5, 0.130, 4, 9, 66, 519, 91, 10, 14, 79, 57.280, 55.513
Mon Jun 26 20:41:35 EDT 2017, 0.840, 4, 2, 0.880, 2, 2, 88, 444, 23, 15, 27, 56, 21.163, 18.407
Mon Jun 26 20:41:38 EDT 2017, 0.340, 9, 7, 0.380, 6, 6, 43, 594, 68, 5, 2, 11, 2.613, 2.343
Mon Jun 26 20:42:25 EDT 2017, 0.470, 3, 3, 0.500, 1, 5, 32, 481, 34, 17, 33, 90, 46.740, 46.693
Mon Jun 26 20:42:36 EDT 2017, 0.970, 8, 8, 0.000, 5, 1, 77, 331, 79, 8, 8, 45, 10.623, 9.947
Mon Jun 26 20:42:37 EDT 2017, 0.720, 1, 6, 0.750, 7, 8, 99, 556, 12, 3, 46, 23, 0.840, 0.790
Mon Jun 26 20:44:05 EDT 2017, 0.220, 5, 1, 0.250, 3, 3, 54, 406, 57, 13, 21, 68, 85.227, 85.213
Mon Jun 26 20:44:10 EDT 2017, 0.160, 5, 6, 0.060, 5, 4, 15, 538, 40, 2, 24, 62, 4.870, 4.320
Mon Jun 26 20:44:27 EDT 2017, 0.660, 9, 2, 0.560, 9, 8, 60, 388, 85, 11, 49, 17, 16.903, 14.107
Mon Jun 26 20:44:35 EDT 2017, 0.910, 2, 4, 0.310, 7, 1, 83, 463, 17, 16, 11, 40, 7.203, 6.813
Mon Jun 26 20:44:48 EDT 2017, 0.410, 7, 8, 0.810, 2, 6, 38, 313, 62, 7, 36, 85, 12.957, 12.797
Mon Jun 26 20:45:25 EDT 2017, 0.280, 1, 1, 0.190, 6, 7, 26, 425, 51, 19, 5, 28, 37.337, 35.000
Mon Jun 26 20:46:22 EDT 2017, 0.780, 6, 5, 0.690, 1, 3, 71, 575, 96, 9, 30, 73, 55.280, 52.103
Mon Jun 26 20:46:27 EDT 2017, 0.530, 4, 7, 0.440, 3, 9, 94, 350, 29, 4, 18, 96, 5.230, 4.950
Mon Jun 26 20:47:20 EDT 2017, 0.030, 8, 3, 0.940, 8, 5, 49, 500, 74, 14, 43, 51, 51.480, 51.977
Mon Jun 26 20:47:28 EDT 2017, 0.050, 1, 7, 0.360, 1, 6, 84, 392, 30, 8, 28, 75, 8.100, 7.730
Mon Jun 26 20:48:25 EDT 2017, 0.550, 6, 2, 0.860, 6, 1, 39, 542, 75, 18, 3, 30, 57.053, 50.587
Mon Jun 26 20:48:41 EDT 2017, 0.800, 4, 5, 0.110, 8, 8, 16, 317, 53, 13, 40, 52, 15.520, 14.940
Mon Jun 26 20:48:58 EDT 2017, 0.300, 8, 9, 0.610, 4, 3, 61, 467, 98, 3, 15, 97, 16.403, 16.043
Mon Jun 26 20:49:06 EDT 2017, 0.420, 5, 1, 0.490, 9, 5, 95, 580, 19, 11, 46, 19, 7.587, 6.503
Mon Jun 26 20:49:09 EDT 2017, 0.920, 9, 6, 0.990, 5, 9, 50, 430, 64, 1, 21, 64, 3.637, 3.400
Mon Jun 26 20:49:21 EDT 2017, 0.670, 3, 8, 0.240, 2, 2, 28, 505, 41, 6, 34, 86, 11.943, 11.460
Mon Jun 26 20:49:53 EDT 2017, 0.170, 7, 4, 0.740, 7, 7, 73, 355, 86, 15, 9, 41, 31.303, 29.513
Mon Jun 26 20:49:56 EDT 2017, 0.230, 3, 9, 0.920, 5, 6, 78, 523, 13, 9, 6, 47, 2.670, 2.500
Mon Jun 26 20:51:00 EDT 2017, 0.730, 8, 4, 0.420, 1, 2, 33, 373, 58, 19, 31, 92, 63.860, 59.583
Mon Jun 26 20:51:54 EDT 2017, 0.980, 1, 2, 0.670, 3, 9, 11, 598, 36, 14, 18, 69, 52.627, 47.097
Mon Jun 26 20:52:00 EDT 2017, 0.480, 5, 6, 0.170, 8, 4, 56, 448, 81, 5, 43, 24, 6.450, 5.933
Mon Jun 26 20:52:15 EDT 2017, 0.360, 2, 3, 0.800, 4, 3, 90, 336, 24, 12, 12, 80, 14.220, 13.667
Mon Jun 26 20:52:19 EDT 2017, 0.860, 7, 7, 0.300, 9, 7, 45, 486, 69, 2, 37, 35, 3.777, 3.507
Mon Jun 26 20:52:21 EDT 2017, 0.610, 4, 5, 0.550, 6, 1, 22, 411, 47, 7, 0, 13, 2.527, 2.300
Mon Jun 26 20:57:00 EDT 2017, 0.110, 9, 1, 0.050, 2, 5, 67, 561, 92, 16, 25, 58, 266.223, 278.017
Mon Jun 26 20:57:10 EDT 2017, 0.080, 4, 4, 0.210, 3, 8, 42, 477, 95, 2, 48, 44, 9.083, 8.473
Mon Jun 26 20:57:25 EDT 2017, 0.580, 9, 9, 0.710, 8, 3, 87, 327, 50, 11, 23, 89, 15.490, 15.263
Mon Jun 26 20:58:11 EDT 2017, 0.830, 2, 7, 0.460, 6, 5, 64, 552, 72, 16, 36, 66, 44.973, 44.177
Mon Jun 26 20:58:15 EDT 2017, 0.330, 6, 2, 0.960, 1, 1, 19, 402, 27, 6, 11, 21, 3.597, 3.003
Mon Jun 26 20:58:58 EDT 2017, 0.450, 1, 8, 0.080, 7, 2, 53, 364, 84, 18, 29, 78, 42.540, 41.007
Mon Jun 26 20:59:09 EDT 2017, 0.950, 5, 3, 0.580, 2, 7, 98, 514, 39, 9, 4, 33, 11.490, 10.477
Mon Jun 26 20:59:14 EDT 2017, 0.700, 3, 1, 0.330, 4, 4, 76, 439, 61, 4, 42, 10, 3.873, 3.357
Mon Jun 26 20:59:23 EDT 2017, 0.200, 7, 5, 0.830, 9, 9, 31, 589, 16, 13, 17, 55, 9.080, 8.057
Mon Jun 26 20:59:40 EDT 2017, 0.140, 2, 3, 0.520, 7, 9, 36, 420, 78, 3, 14, 72, 17.200, 16.240
Mon Jun 26 20:59:47 EDT 2017, 0.640, 7, 7, 0.020, 3, 5, 81, 570, 33, 12, 39, 27, 6.177, 5.750
Mon Jun 26 21:00:00 EDT 2017, 0.890, 5, 9, 0.770, 1, 7, 59, 345, 55, 17, 1, 49, 13.600, 13.473
Mon Jun 26 21:00:06 EDT 2017, 0.390, 9, 5, 0.270, 5, 3, 14, 495, 10, 8, 26, 94, 5.197, 4.740
Mon Jun 26 21:00:22 EDT 2017, 0.270, 3, 6, 0.640, 2, 2, 47, 533, 89, 19, 7, 16, 16.030, 15.067
Mon Jun 26 21:00:51 EDT 2017, 0.770, 8, 2, 0.140, 6, 6, 92, 383, 44, 10, 32, 61, 28.283, 24.647
Mon Jun 26 21:01:15 EDT 2017, 0.520, 1, 4, 0.890, 8, 4, 70, 458, 67, 5, 20, 83, 23.997, 22.563
Mon Jun 26 21:01:19 EDT 2017, 0.020, 6, 8, 0.390, 4, 8, 25, 308, 22, 15, 45, 38, 3.737, 3.497
Mon Jun 26 21:01:22 EDT 2017, 0.020, 3, 4, 0.030, 6, 9, 95, 395, 60, 4, 2, 15, 2.593, 2.407
Mon Jun 26 21:01:28 EDT 2017, 0.520, 7, 8, 0.530, 1, 4, 50, 545, 15, 14, 27, 60, 6.257, 5.850
Mon Jun 26 21:02:23 EDT 2017, 0.770, 5, 6, 0.280, 4, 7, 27, 320, 83, 19, 14, 82, 54.320, 50.373
Mon Jun 26 21:02:44 EDT 2017, 0.270, 9, 1, 0.780, 8, 2, 72, 470, 38, 9, 39, 37, 20.737, 18.903
Mon Jun 26 21:03:27 EDT 2017, 0.400, 4, 9, 0.150, 5, 1, 83, 582, 72, 16, 20, 71, 42.047, 42.080
Mon Jun 26 21:03:30 EDT 2017, 0.900, 8, 5, 0.650, 9, 6, 38, 432, 27, 7, 45, 26, 3.030, 2.770
Mon Jun 26 21:03:42 EDT 2017, 0.650, 1, 3, 0.400, 7, 3, 16, 507, 94, 2, 8, 49, 12.107, 11.360
Mon Jun 26 21:04:05 EDT 2017, 0.150, 6, 7, 0.900, 3, 8, 61, 357, 49, 12, 33, 94, 22.440, 21.830
Mon Jun 26 21:04:40 EDT 2017, 0.210, 4, 1, 0.710, 1, 8, 89, 488, 66, 3, 36, 88, 35.320, 33.420
Mon Jun 26 21:04:46 EDT 2017, 0.710, 9, 5, 0.210, 5, 4, 44, 338, 21, 13, 11, 43, 5.427, 4.960
Mon Jun 26 21:05:03 EDT 2017, 0.960, 2, 8, 0.960, 8, 6, 21, 563, 88, 18, 48, 21, 16.763, 16.140
Mon Jun 26 21:05:22 EDT 2017, 0.460, 6, 3, 0.460, 3, 2, 66, 413, 43, 8, 23, 66, 18.583, 17.730
Mon Jun 26 21:05:36 EDT 2017, 0.340, 1, 7, 0.590, 9, 3, 78, 301, 55, 15, 42, 54, 13.930, 13.540
Mon Jun 26 21:05:43 EDT 2017, 0.840, 5, 2, 0.090, 4, 7, 33, 451, 10, 6, 17, 99, 7.183, 6.090
Mon Jun 26 21:05:49 EDT 2017, 0.590, 3, 4, 0.840, 2, 5, 10, 376, 77, 1, 30, 77, 6.207, 5.767
Mon Jun 26 21:05:54 EDT 2017, 0.090, 8, 9, 0.340, 6, 9, 55, 526, 32, 10, 5, 32, 5.030, 4.693
Mon Jun 26 21:06:12 EDT 2017, 0.120, 3, 5, 0.430, 8, 7, 52, 460, 41, 7, 19, 85, 17.063, 15.860
Mon Jun 26 21:07:21 EDT 2017, 0.620, 7, 1, 0.930, 3, 2, 97, 310, 86, 17, 44, 40, 66.277, 66.823
Mon Jun 26 21:07:25 EDT 2017, 0.870, 1, 3, 0.180, 1, 9, 75, 535, 18, 12, 6, 18, 3.837, 3.417
Mon Jun 26 21:07:31 EDT 2017, 0.370, 5, 7, 0.680, 6, 5, 30, 385, 63, 3, 31, 63, 6.573, 6.277
Mon Jun 26 21:08:08 EDT 2017, 0.490, 2, 2, 0.310, 2, 4, 41, 348, 52, 15, 0, 52, 36.640, 32.797
Mon Jun 26 21:08:44 EDT 2017, 0.990, 6, 6, 0.810, 7, 8, 86, 498, 97, 5, 25, 97, 35.430, 34.053
Mon Jun 26 21:08:53 EDT 2017, 0.740, 4, 9, 0.060, 9, 1, 64, 423, 29, 10, 13, 74, 8.433, 8.060
Mon Jun 26 21:09:30 EDT 2017, 0.240, 8, 4, 0.560, 5, 6, 19, 573, 74, 19, 38, 29, 37.110, 35.157
Mon Jun 26 21:09:32 EDT 2017, 0.180, 1, 8, 0.870, 3, 5, 47, 441, 46, 6, 41, 12, 1.510, 1.483
Mon Jun 26 21:11:34 EDT 2017, 0.680, 6, 3, 0.370, 7, 1, 92, 591, 91, 16, 16, 57, 118.703, 120.777
Mon Jun 26 21:12:01 EDT 2017, 0.930, 3, 1, 0.620, 5, 8, 69, 366, 24, 11, 28, 80, 26.703, 24.627
Mon Jun 26 21:12:04 EDT 2017, 0.430, 8, 6, 0.120, 1, 3, 24, 516, 69, 1, 3, 35, 2.427, 2.217
Mon Jun 26 21:12:27 EDT 2017, 0.300, 4, 5, 0.990, 6, 4, 35, 554, 35, 13, 34, 68, 22.730, 21.933
Mon Jun 26 21:12:30 EDT 2017, 0.800, 9, 9, 0.490, 2, 9, 80, 404, 80, 4, 9, 23, 3.167, 3.030
Mon Jun 26 21:12:33 EDT 2017, 0.550, 2, 7, 0.740, 4, 2, 58, 479, 13, 9, 47, 46, 2.597, 2.427
Mon Jun 26 21:14:23 EDT 2017, 0.050, 7, 2, 0.240, 8, 6, 13, 329, 58, 18, 22, 91, 106.850, 99.300
Mon Jun 26 21:14:25 EDT 2017, 0.040, 5, 8, 0.570, 2, 3, 73, 596, 11, 5, 12, 25, 1.113, 1.027
Mon Jun 26 21:15:13 EDT 2017, 0.540, 9, 3, 0.070, 7, 8, 28, 446, 56, 14, 37, 70, 48.130, 48.007
Mon Jun 26 21:17:53 EDT 2017, 0.790, 3, 1, 0.820, 9, 1, 51, 521, 34, 19, 24, 92, 155.410, 157.310
Mon Jun 26 21:18:12 EDT 2017, 0.290, 7, 5, 0.320, 4, 5, 96, 371, 79, 9, 49, 47, 18.420, 17.560
Mon Jun 26 21:18:26 EDT 2017, 0.410, 2, 4, 0.700, 8, 7, 62, 409, 22, 17, 18, 59, 13.297, 12.387
Mon Jun 26 21:18:29 EDT 2017, 0.910, 6, 9, 0.200, 3, 2, 17, 559, 67, 7, 43, 14, 3.410, 3.157
Mon Jun 26 21:18:31 EDT 2017, 0.660, 4, 6, 0.950, 1, 9, 40, 334, 45, 2, 5, 36, 1.830, 1.763
Mon Jun 26 21:21:19 EDT 2017, 0.160, 8, 2, 0.450, 6, 4, 85, 484, 90, 12, 30, 81, 162.597, 154.580
Mon Jun 26 21:21:24 EDT 2017, 0.230, 2, 6, 0.140, 7, 5, 68, 315, 28, 4, 27, 98, 5.317, 4.960
Mon Jun 26 21:23:14 EDT 2017, 0.730, 7, 1, 0.640, 3, 9, 23, 465, 73, 13, 2, 53, 104.343, 107.433
Mon Jun 26 21:23:31 EDT 2017, 0.980, 4, 4, 0.390, 5, 3, 45, 390, 51, 18, 40, 30, 16.340, 15.353
Mon Jun 26 21:24:06 EDT 2017, 0.480, 9, 8, 0.890, 9, 7, 90, 540, 96, 8, 15, 75, 35.137, 34.297
Mon Jun 26 21:24:19 EDT 2017, 0.350, 3, 2, 0.010, 4, 6, 57, 502, 17, 15, 46, 42, 12.837, 10.910
Mon Jun 26 21:24:34 EDT 2017, 0.850, 8, 7, 0.510, 8, 1, 12, 352, 62, 6, 21, 87, 14.767, 14.307
Mon Jun 26 21:24:37 EDT 2017, 0.600, 1, 9, 0.260, 6, 8, 34, 577, 39, 1, 34, 64, 2.097, 2.010
Mon Jun 26 21:24:47 EDT 2017, 0.100, 5, 5, 0.760, 2, 4, 79, 427, 84, 11, 9, 19, 10.180, 9.490
Mon Jun 26 21:25:40 EDT 2017, 0.070, 1, 2, 0.980, 4, 1, 31, 343, 81, 7, 16, 95, 52.197, 47.233
Mon Jun 26 21:25:57 EDT 2017, 0.570, 5, 6, 0.480, 9, 6, 76, 493, 36, 16, 41, 50, 16.663, 16.047
Mon Jun 26 21:26:04 EDT 2017, 0.820, 3, 8, 0.730, 6, 3, 99, 418, 59, 11, 4, 28, 7.407, 6.967
Mon Jun 26 21:26:07 EDT 2017, 0.320, 7, 4, 0.230, 2, 8, 54, 568, 14, 2, 29, 73, 2.453, 2.190
Mon Jun 26 21:26:33 EDT 2017, 0.440, 4, 7, 0.850, 5, 9, 20, 456, 93, 14, 10, 39, 24.993, 24.833
Mon Jun 26 21:26:44 EDT 2017, 0.940, 9, 3, 0.350, 1, 5, 65, 306, 48, 4, 35, 84, 11.453, 10.767
Mon Jun 26 21:27:14 EDT 2017, 0.690, 2, 5, 0.600, 3, 7, 88, 531, 70, 9, 23, 61, 29.507, 28.873
Mon Jun 26 21:27:16 EDT 2017, 0.190, 6, 9, 0.100, 7, 2, 43, 381, 25, 18, 48, 16, 2.340, 2.143
Mon Jun 26 21:27:29 EDT 2017, 0.130, 4, 3, 0.290, 9, 2, 26, 549, 98, 5, 45, 22, 12.443, 11.497
Mon Jun 26 21:27:50 EDT 2017, 0.630, 8, 8, 0.790, 5, 6, 71, 399, 53, 15, 20, 67, 20.943, 20.680
Mon Jun 26 21:28:33 EDT 2017, 0.880, 1, 6, 0.040, 2, 4, 93, 474, 76, 10, 32, 90, 42.627, 40.957
Mon Jun 26 21:28:36 EDT 2017, 0.380, 6, 1, 0.540, 7, 8, 48, 324, 31, 1, 7, 45, 2.440, 2.163
Mon Jun 26 21:28:59 EDT 2017, 0.260, 2, 9, 0.420, 1, 7, 14, 437, 87, 12, 26, 56, 23.590, 23.383
Mon Jun 26 21:29:01 EDT 2017, 0.760, 7, 4, 0.920, 6, 3, 59, 587, 42, 3, 1, 11, 1.683, 1.517
Mon Jun 26 21:29:18 EDT 2017, 0.510, 5, 2, 0.170, 8, 5, 82, 362, 65, 8, 38, 33, 16.837, 14.297
Mon Jun 26 21:29:32 EDT 2017, 0.010, 9, 7, 0.670, 4, 1, 37, 512, 20, 17, 13, 78, 13.543, 13.207
Mon Jun 26 21:29:41 EDT 2017, 0.000, 1, 8, 0.220, 8, 4, 89, 485, 17, 19, 10, 67, 8.987, 8.637
Mon Jun 26 21:29:48 EDT 2017, 0.500, 5, 4, 0.720, 4, 8, 44, 335, 62, 9, 35, 22, 6.710, 6.177
Mon Jun 26 21:30:02 EDT 2017, 0.750, 3, 2, 0.470, 1, 1, 21, 560, 40, 5, 22, 44, 13.677, 11.440
Mon Jun 26 21:31:01 EDT 2017, 0.250, 8, 6, 0.970, 6, 6, 66, 410, 85, 14, 47, 89, 58.793, 55.080
Mon Jun 26 21:31:02 EDT 2017, 0.380, 4, 3, 0.090, 3, 7, 77, 372, 28, 2, 16, 10, 0.703, 0.650
Mon Jun 26 21:31:31 EDT 2017, 0.880, 9, 7, 0.590, 7, 3, 32, 522, 73, 12, 41, 55, 28.123, 28.117
Mon Jun 26 21:32:12 EDT 2017, 0.630, 2, 5, 0.340, 9, 9, 10, 447, 51, 17, 4, 78, 40.960, 40.080
Mon Jun 26 21:33:02 EDT 2017, 0.130, 6, 1, 0.840, 5, 5, 55, 597, 96, 7, 29, 33, 48.520, 45.203
Mon Jun 26 21:33:11 EDT 2017, 0.190, 4, 7, 0.530, 3, 4, 94, 429, 23, 18, 26, 50, 8.923, 8.377
Mon Jun 26 21:34:50 EDT 2017, 0.690, 8, 2, 0.030, 8, 9, 49, 579, 68, 8, 1, 95, 97.770, 92.797
Mon Jun 26 21:34:57 EDT 2017, 0.940, 1, 4, 0.780, 5, 2, 27, 354, 45, 3, 38, 72, 7.063, 6.797
Mon Jun 26 21:35:12 EDT 2017, 0.440, 6, 9, 0.280, 1, 6, 72, 504, 90, 13, 13, 27, 14.573, 13.770
Mon Jun 26 21:35:15 EDT 2017, 0.320, 3, 1, 0.650, 7, 5, 83, 541, 11, 1, 44, 84, 2.507, 2.223
Mon Jun 26 21:35:27 EDT 2017, 0.820, 7, 6, 0.150, 2, 1, 38, 391, 56, 11, 19, 39, 11.343, 10.917
Mon Jun 26 21:35:30 EDT 2017, 0.570, 5, 8, 0.900, 4, 8, 15, 466, 34, 15, 32, 16, 3.430, 3.110
Mon Jun 26 21:35:51 EDT 2017, 0.070, 9, 3, 0.400, 9, 3, 60, 316, 79, 6, 7, 61, 20.110, 19.823
Mon Jun 26 21:36:45 EDT 2017, 0.100, 5, 2, 0.310, 6, 1, 46, 382, 87, 11, 18, 53, 53.430, 47.967
Mon Jun 26 21:36:52 EDT 2017, 0.600, 9, 7, 0.810, 1, 5, 91, 532, 42, 2, 43, 98, 6.770, 6.717
Mon Jun 26 21:37:03 EDT 2017, 0.850, 2, 9, 0.060, 3, 3, 69, 307, 65, 6, 5, 75, 10.193, 9.807
Mon Jun 26 21:37:08 EDT 2017, 0.350, 7, 5, 0.560, 8, 7, 24, 457, 20, 16, 30, 30, 5.647, 5.163
Mon Jun 26 21:38:08 EDT 2017, 0.470, 1, 6, 0.440, 5, 8, 35, 569, 99, 9, 12, 86, 58.747, 57.007
Mon Jun 26 21:39:05 EDT 2017, 0.970, 6, 1, 0.940, 9, 4, 80, 419, 54, 18, 37, 41, 56.480, 55.820
Mon Jun 26 21:39:20 EDT 2017, 0.720, 3, 4, 0.190, 7, 6, 58, 494, 76, 14, 24, 19, 15.340, 14.373
Mon Jun 26 21:39:24 EDT 2017, 0.220, 8, 8, 0.690, 2, 2, 13, 344, 31, 4, 49, 64, 3.433, 3.173
Mon Jun 26 21:40:22 EDT 2017, 0.160, 2, 4, 0.870, 1, 2, 52, 513, 93, 10, 46, 69, 57.547, 53.637
Mon Jun 26 21:40:23 EDT 2017, 0.660, 6, 9, 0.370, 5, 7, 97, 363, 48, 1, 21, 24, 0.797, 0.750
Mon Jun 26 21:40:38 EDT 2017, 0.910, 4, 6, 0.620, 7, 5, 74, 588, 71, 5, 33, 47, 14.177, 13.160
Mon Jun 26 21:41:21 EDT 2017, 0.410, 8, 2, 0.120, 3, 9, 29, 438, 26, 15, 8, 92, 42.250, 37.987
Mon Jun 26 21:41:24 EDT 2017, 0.280, 3, 8, 0.750, 8, 8, 41, 325, 82, 8, 27, 13, 3.030, 2.787
Mon Jun 26 21:41:57 EDT 2017, 0.780, 7, 3, 0.250, 4, 3, 86, 475, 37, 17, 2, 58, 32.197, 31.203
Mon Jun 26 21:43:41 EDT 2017, 0.530, 1, 1, 0.500, 2, 6, 63, 400, 59, 12, 40, 81, 99.900, 103.260
Mon Jun 26 21:43:43 EDT 2017, 0.030, 5, 5, 0.000, 6, 1, 18, 550, 14, 3, 15, 36, 1.580, 1.443
Mon Jun 26 21:44:12 EDT 2017, 0.050, 3, 5, 0.670, 4, 9, 67, 358, 55, 19, 0, 57, 28.887, 28.343
Mon Jun 26 21:44:13 EDT 2017, 0.550, 8, 9, 0.170, 9, 5, 22, 508, 10, 9, 25, 12, 0.660, 0.637
Mon Jun 26 21:44:20 EDT 2017, 0.800, 1, 7, 0.920, 7, 7, 45, 433, 78, 4, 12, 34, 6.150, 5.713
Mon Jun 26 21:45:01 EDT 2017, 0.300, 6, 3, 0.420, 2, 3, 90, 583, 33, 14, 37, 79, 40.220, 38.817
Mon Jun 26 21:45:03 EDT 2017, 0.430, 2, 8, 0.550, 6, 2, 56, 471, 66, 2, 19, 23, 1.933, 1.813
Mon Jun 26 21:45:11 EDT 2017, 0.930, 7, 4, 0.050, 1, 6, 11, 321, 21, 11, 44, 68, 8.433, 7.687
Mon Jun 26 21:50:17 EDT 2017, 0.680, 4, 2, 0.800, 3, 4, 34, 546, 89, 16, 6, 91, 297.110, 287.903
Mon Jun 26 21:50:25 EDT 2017, 0.180, 9, 6, 0.300, 8, 8, 79, 396, 44, 7, 31, 46, 7.707, 7.380
Mon Jun 26 21:51:33 EDT 2017, 0.240, 2, 2, 0.110, 9, 8, 73, 527, 72, 17, 34, 40, 67.153, 60.500
Mon Jun 26 21:51:41 EDT 2017, 0.740, 6, 7, 0.610, 5, 3, 28, 377, 27, 8, 9, 85, 8.057, 7.770
Mon Jun 26 21:51:51 EDT 2017, 0.990, 4, 9, 0.360, 3, 5, 51, 452, 94, 3, 47, 62, 9.577, 9.183
Mon Jun 26 21:51:56 EDT 2017, 0.490, 8, 4, 0.860, 7, 1, 96, 302, 49, 13, 22, 17, 5.097, 4.643
Mon Jun 26 21:52:02 EDT 2017, 0.360, 5, 5, 0.230, 2, 2, 62, 414, 61, 1, 40, 96, 5.647, 5.260
Mon Jun 26 21:52:18 EDT 2017, 0.860, 9, 1, 0.730, 6, 7, 17, 564, 16, 10, 15, 51, 15.923, 14.413
Mon Jun 26 21:52:41 EDT 2017, 0.610, 3, 3, 0.480, 8, 4, 39, 339, 83, 15, 28, 29, 22.617, 21.777
Mon Jun 26 21:52:51 EDT 2017, 0.110, 7, 8, 0.980, 4, 9, 84, 489, 38, 6, 3, 74, 9.783, 9.397
Mon Jun 26 21:53:04 EDT 2017, 0.080, 2, 6, 0.760, 2, 6, 25, 574, 35, 12, 20, 43, 12.120, 11.310
Mon Jun 26 21:53:34 EDT 2017, 0.580, 7, 2, 0.260, 6, 2, 70, 424, 80, 3, 45, 88, 30.033, 26.407
Mon Jun 26 21:53:39 EDT 2017, 0.830, 5, 4, 0.510, 9, 9, 93, 499, 13, 7, 8, 65, 4.973, 4.520
Mon Jun 26 21:53:45 EDT 2017, 0.330, 9, 9, 0.010, 4, 4, 48, 349, 58, 17, 33, 20, 5.857, 5.577
Mon Jun 26 21:55:00 EDT 2017, 0.460, 4, 1, 0.890, 8, 3, 14, 386, 47, 10, 1, 99, 70.313, 71.290
Mon Jun 26 21:56:13 EDT 2017, 0.960, 8, 5, 0.390, 3, 7, 59, 536, 92, 19, 26, 54, 72.117, 70.217
Mon Jun 26 21:56:16 EDT 2017, 0.710, 1, 7, 0.640, 1, 1, 82, 311, 24, 14, 14, 32, 3.357, 3.140
Mon Jun 26 21:56:44 EDT 2017, 0.210, 6, 3, 0.140, 5, 5, 37, 461, 69, 5, 39, 77, 27.007, 26.203
Mon Jun 26 21:56:54 EDT 2017, 0.140, 4, 9, 0.450, 7, 6, 31, 330, 52, 11, 42, 60, 10.310, 10.423
Mon Jun 26 21:56:56 EDT 2017, 0.640, 9, 5, 0.950, 2, 1, 76, 480, 97, 1, 17, 15, 1.473, 1.383
Mon Jun 26 21:57:03 EDT 2017, 0.890, 2, 2, 0.200, 5, 8, 98, 405, 30, 6, 30, 37, 7.187, 6.173
Mon Jun 26 21:58:05 EDT 2017, 0.390, 6, 7, 0.700, 9, 4, 53, 555, 75, 16, 5, 82, 61.153, 59.997
Mon Jun 26 21:58:14 EDT 2017, 0.270, 1, 3, 0.330, 4, 5, 20, 518, 41, 9, 36, 26, 9.130, 8.497
Mon Jun 26 21:58:55 EDT 2017, 0.770, 5, 8, 0.830, 8, 9, 65, 368, 86, 18, 11, 71, 41.113, 39.623
Mon Jun 26 21:59:12 EDT 2017, 0.520, 3, 6, 0.080, 6, 2, 87, 593, 19, 13, 48, 93, 15.880, 15.520
Mon Jun 26 21:59:33 EDT 2017, 0.020, 7, 1, 0.580, 1, 7, 42, 443, 64, 4, 23, 48, 21.217, 19.747
Mon Jun 26 21:59:37 EDT 2017, 0.010, 4, 6, 0.960, 9, 5, 57, 351, 25, 13, 30, 27, 3.547, 3.233
Mon Jun 26 22:00:09 EDT 2017, 0.510, 9, 1, 0.460, 4, 1, 12, 501, 70, 3, 5, 72, 31.327, 28.833
Mon Jun 26 22:00:39 EDT 2017, 0.760, 2, 3, 0.710, 2, 7, 34, 426, 47, 8, 42, 94, 30.370, 29.707
Mon Jun 26 22:01:26 EDT 2017, 0.260, 7, 8, 0.210, 7, 3, 79, 576, 92, 18, 17, 49, 45.900, 44.647
Mon Jun 26 22:01:32 EDT 2017, 0.390, 1, 2, 0.830, 1, 4, 68, 464, 14, 6, 49, 60, 6.083, 5.160
Mon Jun 26 22:01:36 EDT 2017, 0.890, 5, 7, 0.330, 5, 9, 23, 314, 59, 15, 24, 15, 4.280, 3.987
Mon Jun 26 22:01:43 EDT 2017, 0.640, 3, 9, 0.580, 8, 2, 46, 539, 36, 10, 36, 38, 6.493, 6.040
Mon Jun 26 22:01:50 EDT 2017, 0.140, 8, 5, 0.080, 3, 6, 91, 389, 81, 1, 11, 83, 6.300, 5.983
Mon Jun 26 22:02:04 EDT 2017, 0.200, 3, 7, 0.270, 5, 7, 63, 557, 19, 14, 8, 88, 13.563, 12.837
Mon Jun 26 22:02:16 EDT 2017, 0.700, 7, 3, 0.770, 9, 2, 18, 407, 64, 5, 33, 43, 12.323, 11.450
Mon Jun 26 22:02:30 EDT 2017, 0.950, 5, 1, 0.020, 7, 9, 40, 482, 42, 9, 21, 21, 13.257, 11.703
Mon Jun 26 22:03:22 EDT 2017, 0.450, 9, 5, 0.520, 3, 5, 85, 332, 87, 19, 46, 66, 52.077, 50.023
Mon Jun 26 22:03:28 EDT 2017, 0.320, 4, 4, 0.400, 6, 3, 74, 445, 30, 7, 14, 32, 5.130, 4.583
Mon Jun 26 22:04:25 EDT 2017, 0.820, 8, 8, 0.900, 2, 8, 29, 595, 75, 16, 39, 77, 56.587, 55.383
Mon Jun 26 22:04:41 EDT 2017, 0.570, 2, 6, 0.150, 4, 1, 51, 370, 53, 12, 2, 55, 15.660, 14.973
Mon Jun 26 22:04:44 EDT 2017, 0.070, 6, 2, 0.650, 8, 6, 96, 520, 98, 2, 27, 10, 3.320, 2.773
