# Timestamp, procs, --delay, --selfEvents%, --eventsPerAgent, runtime_mean, runtime_sd, runtime_ci, runtime_ci, runtime_min, runtime_box_q1, runtime_median, runtime_box_q2, runtime_max, memory_mean, memory_sd, memory_ci, memory_ci, memory_min, memory_box_q1, memory_median, memory_box_q2, memory_max, rollbacks_mean, rollbacks_sd, rollbacks_ci, rollbacks_ci, rollbacks_min, rollbacks_box_q1, rollbacks_median, rollbacks_box_q2, rollbacks_max, mpiMsgs_mean, mpiMsgs_sd, mpiMsgs_ci, mpiMsgs_ci, mpiMsgs_min, mpiMsgs_box_q1, mpiMsgs_median, mpiMsgs_box_q2, mpiMsgs_max, topCancl_mean, topCancl_sd, topCancl_ci, topCancl_ci, topCancl_min, topCancl_box_q1, topCancl_median, topCancl_box_q2, topCancl_max, ladCancl_mean, ladCancl_sd, ladCancl_ci, ladCancl_ci, ladCancl_min, ladCancl_box_q1, ladCancl_median, ladCancl_box_q2, ladCancl_max, botCancl_mean, botCancl_sd, botCancl_ci, botCancl_ci, botCancl_min, botCancl_box_q1, botCancl_median, botCancl_box_q2, botCancl_max, topScan_mean, topScan_sd, topScan_ci, topScan_ci, topScan_min, topScan_box_q1, topScan_median, topScan_box_q2, topScan_max, ladScan_mean, ladScan_sd, ladScan_ci, ladScan_ci, ladScan_min, ladScan_box_q1, ladScan_median, ladScan_box_q2, ladScan_max, botScan_mean, botScan_sd, botScan_ci, botScan_ci, botScan_min, botScan_box_q1, botScan_median, botScan_box_q2, botScan_max, NuBotScan_mean, NuBotScan_sd, NuBotScan_ci, NuBotScan_ci, NuBotScan_min, NuBotScan_box_q1, NuBotScan_median, NuBotScan_box_q2, NuBotScan_max, NoCBotSc_mean, NoCBotSc_sd, NoCBotSc_ci, NoCBotSc_ci, NoCBotSc_min, NoCBotSc_box_q1, NoCBotSc_median, NoCBotSc_box_q2, NoCBotSc_max, NuNoCBotSc_mean, NuNoCBotSc_sd, NuNoCBotSc_ci, NuNoCBotSc_ci, NuNoCBotSc_min, NuNoCBotSc_box_q1, NuNoCBotSc_median, NuNoCBotSc_box_q2, NuNoCBotSc_max, topIns_mean, topIns_sd, topIns_ci, topIns_ci, topIns_min, topIns_box_q1, topIns_median, topIns_box_q2, topIns_max, ladIns_mean, ladIns_sd, ladIns_ci, ladIns_ci, ladIns_min, ladIns_box_q1, ladIns_median, ladIns_box_q2, ladIns_max, botIns_mean, botIns_sd, botIns_ci, botIns_ci, botIns_min, botIns_box_q1, botIns_median, botIns_box_q2, botIns_max, rungs_mean, rungs_sd, rungs_ci, rungs_ci, rungs_min, rungs_box_q1, rungs_median, rungs_box_q2, rungs_max, bktRung_mean, bktRung_sd, bktRung_ci, bktRung_ci, bktRung_min, bktRung_box_q1, bktRung_median, bktRung_box_q2, bktRung_max, botSize_mean, botSize_sd, botSize_ci, botSize_ci, botSize_min, botSize_box_q1, botSize_median, botSize_box_q2, botSize_max, bktSize_mean, bktSize_sd, bktSize_ci, bktSize_ci, bktSize_min, bktSize_box_q1, bktSize_median, bktSize_box_q2, bktSize_max
Sat Jan 14 09:06:25 EST 2017, 1, 1, 0.000, 1, 5.026, 0.0537029, 4.98816, 5.06384, 4.93, 5, 5.055, 5.08, 5.08, 49698.8, 3.1241, 49696.6, 49701, 49696, 49696, 49700, 49704, 49704, 0, 0, 0, 0, 0, 0, 0, 0, 0, 0, 0, 0, 0, 0, 0, 0, 0, 0, 0, 0, 0, 0, 0, 0, 0, 0, 0, 0, 0, 0, 0, 0, 0, 0, 0, 0, 0, 0, 0, 0, 0, 0, 0, 0, 0, 0, 0, 0, 0, 0, 0, 0, 0, 0, 0, 0, 0, 0, 0, 0, 0, 0, 0, 0, 0, 0, 0, 0, 0, 0, 0, 0, 0, 0, 0, 0, 0, 0, 0, 0, 0, 0, 0, 0, 0, 0, 0, 0, 0, 0, 0, 0, 0, 0, 0, 0, 0, 0, 0, 259984, 0, 259984, 259984, 259984, 259984, 259984, 259984, 259984, 1704388, 0, 1704388, 1704388, 1704388, 1704388, 1704388, 1704388, 1704388, 0, 0, 0, 0, 0, 0, 0, 0, 0, 8, 0, 8, 8, 8, 8, 8, 8, 8, 0.0222548, 4.65661e-10, 0.0222548, 0.0222548, 0.0222548, 0.0222548, 0.0222548, 0.0222548, 0.0222548, 3936.62, 0, 3936.62, 3936.62, 3936.62, 3936.62, 3936.62, 3936.62, 3936.62, 1, 0, 1, 1, 1, 1, 1, 1, 1
Sat Jan 14 09:12:39 EST 2017, 1, 2, 0.000, 1, 6.798, 0.15413, 6.68941, 6.90659, 6.56, 6.69, 6.905, 6.97, 7, 50991.6, 2.15407, 50990.1, 50993.1, 50988, 50992, 50992, 50992, 50996, 0, 0, 0, 0, 0, 0, 0, 0, 0, 0, 0, 0, 0, 0, 0, 0, 0, 0, 0, 0, 0, 0, 0, 0, 0, 0, 0, 0, 0, 0, 0, 0, 0, 0, 0, 0, 0, 0, 0, 0, 0, 0, 0, 0, 0, 0, 0, 0, 0, 0, 0, 0, 0, 0, 0, 0, 0, 0, 0, 0, 0, 0, 0, 0, 0, 0, 0, 0, 0, 0, 0, 0, 0, 0, 0, 0, 0, 0, 0, 0, 0, 0, 0, 0, 0, 0, 0, 0, 0, 0, 0, 0, 0, 0, 0, 0, 0, 0, 0, 499982, 0, 499982, 499982, 499982, 499982, 499982, 499982, 499982, 2655188, 0, 2655188, 2655188, 2655188, 2655188, 2655188, 2655188, 2655188, 0, 0, 0, 0, 0, 0, 0, 0, 0, 8, 0, 8, 8, 8, 8, 8, 8, 8, 0.0125636, 2.32831e-10, 0.0125636, 0.0125636, 0.0125636, 0.0125636, 0.0125636, 0.0125636, 0.0125636, 6322.99, 8.63167e-05, 6322.99, 6322.99, 6322.99, 6322.99, 6322.99, 6322.99, 6322.99, 1, 0, 1, 1, 1, 1, 1, 1, 1
Sat Jan 14 09:18:48 EST 2017, 1, 5, 0.000, 1, 9.045, 0.138293, 8.94756, 9.14244, 8.81, 8.88, 9.1, 9.2, 9.23, 52854.4, 3.2, 52852.1, 52856.7, 52852, 52852, 52854, 52860, 52860, 0, 0, 0, 0, 0, 0, 0, 0, 0, 0, 0, 0, 0, 0, 0, 0, 0, 0, 0, 0, 0, 0, 0, 0, 0, 0, 0, 0, 0, 0, 0, 0, 0, 0, 0, 0, 0, 0, 0, 0, 0, 0, 0, 0, 0, 0, 0, 0, 0, 0, 0, 0, 0, 0, 0, 0, 0, 0, 0, 0, 0, 0, 0, 0, 0, 0, 0, 0, 0, 0, 0, 0, 0, 0, 0, 0, 0, 0, 0, 0, 0, 0, 0, 0, 0, 0, 0, 0, 0, 0, 0, 0, 0, 0, 0, 0, 0, 0, 0, 1149927, 0, 1149927, 1149927, 1149927, 1149927, 1149927, 1149927, 1149927, 3430217, 0, 3430217, 3430217, 3430217, 3430217, 3430217, 3430217, 3430217, 0, 0, 0, 0, 0, 0, 0, 0, 0, 8, 0, 8, 8, 8, 8, 8, 8, 8, 0.00729695, 1.16415e-10, 0.00729695, 0.00729695, 0.00729695, 0.00729695, 0.00729695, 0.00729695, 0.00729695, 9178.65, 0.000172633, 9178.65, 9178.65, 9178.65, 9178.65, 9178.65, 9178.65, 9178.65, 1, 0, 1, 1, 1, 1, 1, 1, 1
Sat Jan 14 09:24:57 EST 2017, 1, 10, 0.000, 1, 9.759, 0.0697782, 9.70984, 9.80816, 9.63, 9.71, 9.79, 9.84, 9.86, 53555.6, 2.8, 53553.6, 53557.6, 53552, 53552, 53556, 53560, 53560, 0, 0, 0, 0, 0, 0, 0, 0, 0, 0, 0, 0, 0, 0, 0, 0, 0, 0, 0, 0, 0, 0, 0, 0, 0, 0, 0, 0, 0, 0, 0, 0, 0, 0, 0, 0, 0, 0, 0, 0, 0, 0, 0, 0, 0, 0, 0, 0, 0, 0, 0, 0, 0, 0, 0, 0, 0, 0, 0, 0, 0, 0, 0, 0, 0, 0, 0, 0, 0, 0, 0, 0, 0, 0, 0, 0, 0, 0, 0, 0, 0, 0, 0, 0, 0, 0, 0, 0, 0, 0, 0, 0, 0, 0, 0, 0, 0, 0, 0, 2099933, 0, 2099933, 2099933, 2099933, 2099933, 2099933, 2099933, 2099933, 2856147, 0, 2856147, 2856147, 2856147, 2856147, 2856147, 2856147, 2856147, 0, 0, 0, 0, 0, 0, 0, 0, 0, 8, 0, 8, 8, 8, 8, 8, 8, 8, 0.0038382, 4.1159e-11, 0.0038382, 0.0038382, 0.0038382, 0.0038382, 0.0038382, 0.0038382, 0.0038382, 9932.02, 0.00012207, 9932.02, 9932.02, 9932.02, 9932.02, 9932.02, 9932.02, 9932.02, 1, 0, 1, 1, 1, 1, 1, 1, 1
Sat Jan 14 09:30:16 EST 2017, 1, 1, 0.250, 1, 4.927, 0.205526, 4.7822, 5.0718, 4.41, 4.86, 5, 5.06, 5.24, 45522.4, 2.6533, 45520.5, 45524.3, 45520, 45520, 45524, 45524, 45528, 0, 0, 0, 0, 0, 0, 0, 0, 0, 0, 0, 0, 0, 0, 0, 0, 0, 0, 0, 0, 0, 0, 0, 0, 0, 0, 0, 0, 0, 0, 0, 0, 0, 0, 0, 0, 0, 0, 0, 0, 0, 0, 0, 0, 0, 0, 0, 0, 0, 0, 0, 0, 0, 0, 0, 0, 0, 0, 0, 0, 0, 0, 0, 0, 0, 0, 0, 0, 0, 0, 0, 0, 0, 0, 0, 0, 0, 0, 0, 0, 0, 0, 0, 0, 0, 0, 0, 0, 0, 0, 0, 0, 0, 0, 0, 0, 0, 0, 0, 267719, 0, 267719, 267719, 267719, 267719, 267719, 267719, 267719, 1696966, 0, 1696966, 1696966, 1696966, 1696966, 1696966, 1696966, 1696966, 0, 0, 0, 0, 0, 0, 0, 0, 0, 8, 0, 8, 8, 8, 8, 8, 8, 8, 0.0284291, 5.70316e-10, 0.0284291, 0.0284291, 0.0284291, 0.0284291, 0.0284291, 0.0284291, 0.0284291, 3937.24, 9.65051e-05, 3937.24, 3937.24, 3937.24, 3937.24, 3937.24, 3937.24, 3937.24, 1, 0, 1, 1, 1, 1, 1, 1, 1
Sat Jan 14 09:36:24 EST 2017, 1, 2, 0.250, 1, 6.954, 0.0390384, 6.9265, 6.9815, 6.88, 6.91, 6.98, 6.99, 6.99, 45960.4, 4.54313, 45957.2, 45963.6, 45956, 45956, 45960, 45964, 45972, 0, 0, 0, 0, 0, 0, 0, 0, 0, 0, 0, 0, 0, 0, 0, 0, 0, 0, 0, 0, 0, 0, 0, 0, 0, 0, 0, 0, 0, 0, 0, 0, 0, 0, 0, 0, 0, 0, 0, 0, 0, 0, 0, 0, 0, 0, 0, 0, 0, 0, 0, 0, 0, 0, 0, 0, 0, 0, 0, 0, 0, 0, 0, 0, 0, 0, 0, 0, 0, 0, 0, 0, 0, 0, 0, 0, 0, 0, 0, 0, 0, 0, 0, 0, 0, 0, 0, 0, 0, 0, 0, 0, 0, 0, 0, 0, 0, 0, 0, 509952, 0, 509952, 509952, 509952, 509952, 509952, 509952, 509952, 2645181, 0, 2645181, 2645181, 2645181, 2645181, 2645181, 2645181, 2645181, 0, 0, 0, 0, 0, 0, 0, 0, 0, 8, 0, 8, 8, 8, 8, 8, 8, 8, 0.00868263, 2.01637e-10, 0.00868263, 0.00868263, 0.00868263, 0.00868263, 0.00868263, 0.00868263, 0.00868263, 6322.91, 0.00012207, 6322.91, 6322.91, 6322.91, 6322.91, 6322.91, 6322.91, 6322.91, 1, 0, 1, 1, 1, 1, 1, 1, 1
Sat Jan 14 09:42:39 EST 2017, 1, 5, 0.250, 1, 8.714, 0.596795, 8.29352, 9.13448, 6.98, 8.64, 8.975, 9.03, 9.05, 46445.6, 1.95959, 46444.2, 46447, 46444, 46444, 46446, 46448, 46448, 0, 0, 0, 0, 0, 0, 0, 0, 0, 0, 0, 0, 0, 0, 0, 0, 0, 0, 0, 0, 0, 0, 0, 0, 0, 0, 0, 0, 0, 0, 0, 0, 0, 0, 0, 0, 0, 0, 0, 0, 0, 0, 0, 0, 0, 0, 0, 0, 0, 0, 0, 0, 0, 0, 0, 0, 0, 0, 0, 0, 0, 0, 0, 0, 0, 0, 0, 0, 0, 0, 0, 0, 0, 0, 0, 0, 0, 0, 0, 0, 0, 0, 0, 0, 0, 0, 0, 0, 0, 0, 0, 0, 0, 0, 0, 0, 0, 0, 0, 1139998, 0, 1139998, 1139998, 1139998, 1139998, 1139998, 1139998, 1139998, 3440300, 0, 3440300, 3440300, 3440300, 3440300, 3440300, 3440300, 3440300, 0, 0, 0, 0, 0, 0, 0, 0, 0, 8, 0, 8, 8, 8, 8, 8, 8, 8, 0.00539511, 1.00819e-10, 0.00539511, 0.00539511, 0.00539511, 0.00539511, 0.00539511, 0.00539511, 0.00539511, 9178.95, 0.00012207, 9178.95, 9178.95, 9178.95, 9178.95, 9178.95, 9178.95, 9178.95, 1, 0, 1, 1, 1, 1, 1, 1, 1
Sat Jan 14 09:48:47 EST 2017, 1, 10, 0.250, 1, 9.193, 0.610411, 8.76293, 9.62307, 7.57, 9.42, 9.465, 9.54, 9.56, 46608, 2.52982, 46606.2, 46609.8, 46604, 46608, 46608, 46612, 46612, 0, 0, 0, 0, 0, 0, 0, 0, 0, 0, 0, 0, 0, 0, 0, 0, 0, 0, 0, 0, 0, 0, 0, 0, 0, 0, 0, 0, 0, 0, 0, 0, 0, 0, 0, 0, 0, 0, 0, 0, 0, 0, 0, 0, 0, 0, 0, 0, 0, 0, 0, 0, 0, 0, 0, 0, 0, 0, 0, 0, 0, 0, 0, 0, 0, 0, 0, 0, 0, 0, 0, 0, 0, 0, 0, 0, 0, 0, 0, 0, 0, 0, 0, 0, 0, 0, 0, 0, 0, 0, 0, 0, 0, 0, 0, 0, 0, 0, 0, 2089953, 0, 2089953, 2089953, 2089953, 2089953, 2089953, 2089953, 2089953, 2866146, 0, 2866146, 2866146, 2866146, 2866146, 2866146, 2866146, 2866146, 0, 0, 0, 0, 0, 0, 0, 0, 0, 8, 0, 8, 8, 8, 8, 8, 8, 8, 0.00384388, 4.1159e-11, 0.00384388, 0.00384388, 0.00384388, 0.00384388, 0.00384388, 0.00384388, 0.00384388, 9932.06, 0.00012207, 9932.06, 9932.06, 9932.06, 9932.06, 9932.06, 9932.06, 9932.06, 1, 0, 1, 1, 1, 1, 1, 1, 1
Sat Jan 14 09:54:57 EST 2017, 1, 1, 0.000, 2, 8.015, 0.122413, 7.92875, 8.10125, 7.83, 7.87, 8.115, 8.13, 8.14, 51379.6, 2.8, 51377.6, 51381.6, 51376, 51376, 51380, 51384, 51384, 0, 0, 0, 0, 0, 0, 0, 0, 0, 0, 0, 0, 0, 0, 0, 0, 0, 0, 0, 0, 0, 0, 0, 0, 0, 0, 0, 0, 0, 0, 0, 0, 0, 0, 0, 0, 0, 0, 0, 0, 0, 0, 0, 0, 0, 0, 0, 0, 0, 0, 0, 0, 0, 0, 0, 0, 0, 0, 0, 0, 0, 0, 0, 0, 0, 0, 0, 0, 0, 0, 0, 0, 0, 0, 0, 0, 0, 0, 0, 0, 0, 0, 0, 0, 0, 0, 0, 0, 0, 0, 0, 0, 0, 0, 0, 0, 0, 0, 0, 497256, 0, 497256, 497256, 497256, 497256, 497256, 497256, 497256, 3429235, 0, 3429235, 3429235, 3429235, 3429235, 3429235, 3429235, 3429235, 0, 0, 0, 0, 0, 0, 0, 0, 0, 8, 0, 8, 8, 8, 8, 8, 8, 8, 0.0222287, 3.29272e-10, 0.0222287, 0.0222287, 0.0222287, 0.0222287, 0.0222287, 0.0222287, 0.0222287, 7868.72, 0.000149505, 7868.72, 7868.72, 7868.72, 7868.72, 7868.72, 7868.72, 7868.72, 1, 0, 1, 1, 1, 1, 1, 1, 1
Sat Jan 14 10:00:20 EST 2017, 1, 2, 0.000, 2, 11.188, 0.343302, 10.9461, 11.4299, 10.19, 11.2, 11.31, 11.37, 11.49, 53595.2, 3.48712, 53592.7, 53597.7, 53592, 53592, 53596, 53600, 53600, 0, 0, 0, 0, 0, 0, 0, 0, 0, 0, 0, 0, 0, 0, 0, 0, 0, 0, 0, 0, 0, 0, 0, 0, 0, 0, 0, 0, 0, 0, 0, 0, 0, 0, 0, 0, 0, 0, 0, 0, 0, 0, 0, 0, 0, 0, 0, 0, 0, 0, 0, 0, 0, 0, 0, 0, 0, 0, 0, 0, 0, 0, 0, 0, 0, 0, 0, 0, 0, 0, 0, 0, 0, 0, 0, 0, 0, 0, 0, 0, 0, 0, 0, 0, 0, 0, 0, 0, 0, 0, 0, 0, 0, 0, 0, 0, 0, 0, 0, 920000, 0, 920000, 920000, 920000, 920000, 920000, 920000, 920000, 5390497, 0, 5390497, 5390497, 5390497, 5390497, 5390497, 5390497, 5390497, 0, 0, 0, 0, 0, 0, 0, 0, 0, 8, 0, 8, 8, 8, 8, 8, 8, 8, 0.0164803, 2.32831e-10, 0.0164803, 0.0164803, 0.0164803, 0.0164803, 0.0164803, 0.0164803, 0.0164803, 12646.3, 0.000172633, 12646.3, 12646.3, 12646.3, 12646.3, 12646.3, 12646.3, 12646.3, 1, 0, 1, 1, 1, 1, 1, 1, 1
Sat Jan 14 10:04:29 EST 2017, 1, 5, 0.000, 2, 14.331, 0.357112, 14.0794, 14.5826, 13.89, 13.93, 14.445, 14.47, 15.15, 56284, 3.57771, 56281.5, 56286.5, 56280, 56280, 56286, 56288, 56288, 0, 0, 0, 0, 0, 0, 0, 0, 0, 0, 0, 0, 0, 0, 0, 0, 0, 0, 0, 0, 0, 0, 0, 0, 0, 0, 0, 0, 0, 0, 0, 0, 0, 0, 0, 0, 0, 0, 0, 0, 0, 0, 0, 0, 0, 0, 0, 0, 0, 0, 0, 0, 0, 0, 0, 0, 0, 0, 0, 0, 0, 0, 0, 0, 0, 0, 0, 0, 0, 0, 0, 0, 0, 0, 0, 0, 0, 0, 0, 0, 0, 0, 0, 0, 0, 0, 0, 0, 0, 0, 0, 0, 0, 0, 0, 0, 0, 0, 0, 2178378, 0, 2178378, 2178378, 2178378, 2178378, 2178378, 2178378, 2178378, 6983143, 0, 6983143, 6983143, 6983143, 6983143, 6983143, 6983143, 6983143, 0, 0, 0, 0, 0, 0, 0, 0, 0, 8, 0, 8, 8, 8, 8, 8, 8, 8, 0.00518609, 8.23181e-11, 0.00518609, 0.00518609, 0.00518609, 0.00518609, 0.00518609, 0.00518609, 0.00518609, 18359.8, 0.000345267, 18359.8, 18359.8, 18359.8, 18359.8, 18359.8, 18359.8, 18359.8, 1, 0, 1, 1, 1, 1, 1, 1, 1
Sat Jan 14 10:08:38 EST 2017, 1, 10, 0.000, 2, 14.794, 0.26609, 14.6065, 14.9815, 14.39, 14.39, 14.95, 15, 15.02, 56674.8, 3.1241, 56672.6, 56677, 56672, 56672, 56676, 56680, 56680, 0, 0, 0, 0, 0, 0, 0, 0, 0, 0, 0, 0, 0, 0, 0, 0, 0, 0, 0, 0, 0, 0, 0, 0, 0, 0, 0, 0, 0, 0, 0, 0, 0, 0, 0, 0, 0, 0, 0, 0, 0, 0, 0, 0, 0, 0, 0, 0, 0, 0, 0, 0, 0, 0, 0, 0, 0, 0, 0, 0, 0, 0, 0, 0, 0, 0, 0, 0, 0, 0, 0, 0, 0, 0, 0, 0, 0, 0, 0, 0, 0, 0, 0, 0, 0, 0, 0, 0, 0, 0, 0, 0, 0, 0, 0, 0, 0, 0, 0, 3960000, 0, 3960000, 3960000, 3960000, 3960000, 3960000, 3960000, 3960000, 5952766, 0, 5952766, 5952766, 5952766, 5952766, 5952766, 5952766, 5952766, 0, 0, 0, 0, 0, 0, 0, 0, 0, 8, 0, 8, 8, 8, 8, 8, 8, 8, 0.00383368, 4.1159e-11, 0.00383368, 0.00383368, 0.00383368, 0.00383368, 0.00383368, 0.00383368, 0.00383368, 19865.3, 0.000422864, 19865.3, 19865.3, 19865.3, 19865.3, 19865.3, 19865.3, 19865.3, 1, 0, 1, 1, 1, 1, 1, 1, 1
Sat Jan 14 10:12:36 EST 2017, 1, 1, 0.250, 2, 8.115, 0.13132, 8.02248, 8.20752, 7.85, 8.15, 8.175, 8.21, 8.21, 48206.4, 2.6533, 48204.5, 48208.3, 48204, 48204, 48208, 48208, 48212, 0, 0, 0, 0, 0, 0, 0, 0, 0, 0, 0, 0, 0, 0, 0, 0, 0, 0, 0, 0, 0, 0, 0, 0, 0, 0, 0, 0, 0, 0, 0, 0, 0, 0, 0, 0, 0, 0, 0, 0, 0, 0, 0, 0, 0, 0, 0, 0, 0, 0, 0, 0, 0, 0, 0, 0, 0, 0, 0, 0, 0, 0, 0, 0, 0, 0, 0, 0, 0, 0, 0, 0, 0, 0, 0, 0, 0, 0, 0, 0, 0, 0, 0, 0, 0, 0, 0, 0, 0, 0, 0, 0, 0, 0, 0, 0, 0, 0, 0, 495428, 0, 495428, 495428, 495428, 495428, 495428, 495428, 495428, 3430996, 0, 3430996, 3430996, 3430996, 3430996, 3430996, 3430996, 3430996, 0, 0, 0, 0, 0, 0, 0, 0, 0, 8, 0, 8, 8, 8, 8, 8, 8, 8, 0.0160866, 2.32831e-10, 0.0160866, 0.0160866, 0.0160866, 0.0160866, 0.0160866, 0.0160866, 0.0160866, 7868.59, 0.000172633, 7868.59, 7868.59, 7868.59, 7868.59, 7868.59, 7868.59, 7868.59, 1, 0, 1, 1, 1, 1, 1, 1, 1
Sat Jan 14 10:16:50 EST 2017, 1, 2, 0.250, 2, 11.317, 0.0414849, 11.2878, 11.3462, 11.24, 11.29, 11.33, 11.35, 11.4, 49418.4, 1.95959, 49417, 49419.8, 49416, 49416, 49420, 49420, 49420, 0, 0, 0, 0, 0, 0, 0, 0, 0, 0, 0, 0, 0, 0, 0, 0, 0, 0, 0, 0, 0, 0, 0, 0, 0, 0, 0, 0, 0, 0, 0, 0, 0, 0, 0, 0, 0, 0, 0, 0, 0, 0, 0, 0, 0, 0, 0, 0, 0, 0, 0, 0, 0, 0, 0, 0, 0, 0, 0, 0, 0, 0, 0, 0, 0, 0, 0, 0, 0, 0, 0, 0, 0, 0, 0, 0, 0, 0, 0, 0, 0, 0, 0, 0, 0, 0, 0, 0, 0, 0, 0, 0, 0, 0, 0, 0, 0, 0, 0, 919998, 0, 919998, 919998, 919998, 919998, 919998, 919998, 919998, 5390406, 0, 5390406, 5390406, 5390406, 5390406, 5390406, 5390406, 5390406, 0, 0, 0, 0, 0, 0, 0, 0, 0, 8, 0, 8, 8, 8, 8, 8, 8, 8, 0.0126582, 2.85158e-10, 0.0126582, 0.0126582, 0.0126582, 0.0126582, 0.0126582, 0.0126582, 0.0126582, 12646.1, 0.000244141, 12646.1, 12646.1, 12646.1, 12646.1, 12646.1, 12646.1, 12646.1, 1, 0, 1, 1, 1, 1, 1, 1, 1
Sat Jan 14 10:20:58 EST 2017, 1, 5, 0.250, 2, 14.227, 0.29445, 14.0195, 14.4345, 13.64, 14.25, 14.36, 14.44, 14.48, 50533.6, 1.95959, 50532.2, 50535, 50532, 50532, 50534, 50536, 50536, 0, 0, 0, 0, 0, 0, 0, 0, 0, 0, 0, 0, 0, 0, 0, 0, 0, 0, 0, 0, 0, 0, 0, 0, 0, 0, 0, 0, 0, 0, 0, 0, 0, 0, 0, 0, 0, 0, 0, 0, 0, 0, 0, 0, 0, 0, 0, 0, 0, 0, 0, 0, 0, 0, 0, 0, 0, 0, 0, 0, 0, 0, 0, 0, 0, 0, 0, 0, 0, 0, 0, 0, 0, 0, 0, 0, 0, 0, 0, 0, 0, 0, 0, 0, 0, 0, 0, 0, 0, 0, 0, 0, 0, 0, 0, 0, 0, 0, 0, 2140000, 0, 2140000, 2140000, 2140000, 2140000, 2140000, 2140000, 2140000, 7021558, 0, 7021558, 7021558, 7021558, 7021558, 7021558, 7021558, 7021558, 0, 0, 0, 0, 0, 0, 0, 0, 0, 8, 0, 8, 8, 8, 8, 8, 8, 8, 0.00518451, 1.00819e-10, 0.00518451, 0.00518451, 0.00518451, 0.00518451, 0.00518451, 0.00518451, 0.00518451, 18359.8, 0.000345267, 18359.8, 18359.8, 18359.8, 18359.8, 18359.8, 18359.8, 18359.8, 1, 0, 1, 1, 1, 1, 1, 1, 1
Sat Jan 14 10:25:02 EST 2017, 1, 10, 0.250, 2, 14.967, 0.0538609, 14.9291, 15.0049, 14.9, 14.93, 14.96, 15.05, 15.06, 50623.6, 2.15407, 50622.1, 50625.1, 50620, 50624, 50624, 50624, 50628, 0, 0, 0, 0, 0, 0, 0, 0, 0, 0, 0, 0, 0, 0, 0, 0, 0, 0, 0, 0, 0, 0, 0, 0, 0, 0, 0, 0, 0, 0, 0, 0, 0, 0, 0, 0, 0, 0, 0, 0, 0, 0, 0, 0, 0, 0, 0, 0, 0, 0, 0, 0, 0, 0, 0, 0, 0, 0, 0, 0, 0, 0, 0, 0, 0, 0, 0, 0, 0, 0, 0, 0, 0, 0, 0, 0, 0, 0, 0, 0, 0, 0, 0, 0, 0, 0, 0, 0, 0, 0, 0, 0, 0, 0, 0, 0, 0, 0, 0, 3859999, 0, 3859999, 3859999, 3859999, 3859999, 3859999, 3859999, 3859999, 6052786, 0, 6052786, 6052786, 6052786, 6052786, 6052786, 6052786, 6052786, 0, 0, 0, 0, 0, 0, 0, 0, 0, 8, 0, 8, 8, 8, 8, 8, 8, 8, 0.0038806, 0, 0.0038806, 0.0038806, 0.0038806, 0.0038806, 0.0038806, 0.0038806, 0.0038806, 19865.3, 0.000422864, 19865.3, 19865.3, 19865.3, 19865.3, 19865.3, 19865.3, 19865.3, 1, 0, 1, 1, 1, 1, 1, 1, 1
Sat Jan 14 10:29:10 EST 2017, 1, 1, 0.000, 5, 15.613, 0.304698, 15.3983, 15.8277, 15.15, 15.17, 15.79, 15.79, 15.98, 58172.8, 2.99333, 58170.7, 58174.9, 58168, 58172, 58174, 58176, 58176, 0, 0, 0, 0, 0, 0, 0, 0, 0, 0, 0, 0, 0, 0, 0, 0, 0, 0, 0, 0, 0, 0, 0, 0, 0, 0, 0, 0, 0, 0, 0, 0, 0, 0, 0, 0, 0, 0, 0, 0, 0, 0, 0, 0, 0, 0, 0, 0, 0, 0, 0, 0, 0, 0, 0, 0, 0, 0, 0, 0, 0, 0, 0, 0, 0, 0, 0, 0, 0, 0, 0, 0, 0, 0, 0, 0, 0, 0, 0, 0, 0, 0, 0, 0, 0, 0, 0, 0, 0, 0, 0, 0, 0, 0, 0, 0, 0, 0, 0, 1099975, 0, 1099975, 1099975, 1099975, 1099975, 1099975, 1099975, 1099975, 8720465, 0, 8720465, 8720465, 8720465, 8720465, 8720465, 8720465, 8720465, 0, 0, 0, 0, 0, 0, 0, 0, 0, 8, 0, 8, 8, 8, 8, 8, 8, 8, 0.0110177, 2.60313e-10, 0.0110177, 0.0110177, 0.0110177, 0.0110177, 0.0110177, 0.0110177, 0.0110177, 19680.2, 0.000422864, 19680.2, 19680.2, 19680.2, 19680.2, 19680.2, 19680.2, 19680.2, 1, 0, 1, 1, 1, 1, 1, 1, 1
Sat Jan 14 11:02:35 EST 2017, 1, 2, 0.000, 5, 23.104, 1.92119, 21.7504, 24.4576, 19.61, 21.17, 24.125, 25.15, 25.21, 62143.6, 2.8, 62141.6, 62145.6, 62140, 62140, 62144, 62148, 62148, 0, 0, 0, 0, 0, 0, 0, 0, 0, 0, 0, 0, 0, 0, 0, 0, 0, 0, 0, 0, 0, 0, 0, 0, 0, 0, 0, 0, 0, 0, 0, 0, 0, 0, 0, 0, 0, 0, 0, 0, 0, 0, 0, 0, 0, 0, 0, 0, 0, 0, 0, 0, 0, 0, 0, 0, 0, 0, 0, 0, 0, 0, 0, 0, 0, 0, 0, 0, 0, 0, 0, 0, 0, 0, 0, 0, 0, 0, 0, 0, 0, 0, 0, 0, 0, 0, 0, 0, 0, 0, 0, 0, 0, 0, 0, 0, 0, 0, 0, 2147377, 0, 2147377, 2147377, 2147377, 2147377, 2147377, 2147377, 2147377, 13632674, 0, 13632674, 13632674, 13632674, 13632674, 13632674, 13632674, 13632674, 0, 0, 0, 0, 0, 0, 0, 0, 0, 8, 0, 8, 8, 8, 8, 8, 8, 8, 0.00675081, 1.16415e-10, 0.00675081, 0.00675081, 0.00675081, 0.00675081, 0.00675081, 0.00675081, 0.00675081, 31623.3, 0.000488281, 31623.3, 31623.3, 31623.3, 31623.3, 31623.3, 31623.3, 31623.3, 1, 0, 1, 1, 1, 1, 1, 1, 1
Sat Jan 14 11:06:54 EST 2017, 1, 5, 0.000, 5, 30.48, 2.24415, 28.8989, 32.0611, 26.01, 31.36, 31.505, 31.82, 32.1, 66282.8, 2.56125, 66281, 66284.6, 66280, 66280, 66284, 66284, 66288, 0, 0, 0, 0, 0, 0, 0, 0, 0, 0, 0, 0, 0, 0, 0, 0, 0, 0, 0, 0, 0, 0, 0, 0, 0, 0, 0, 0, 0, 0, 0, 0, 0, 0, 0, 0, 0, 0, 0, 0, 0, 0, 0, 0, 0, 0, 0, 0, 0, 0, 0, 0, 0, 0, 0, 0, 0, 0, 0, 0, 0, 0, 0, 0, 0, 0, 0, 0, 0, 0, 0, 0, 0, 0, 0, 0, 0, 0, 0, 0, 0, 0, 0, 0, 0, 0, 0, 0, 0, 0, 0, 0, 0, 0, 0, 0, 0, 0, 0, 5095911, 0, 5095911, 5095911, 5095911, 5095911, 5095911, 5095911, 5095911, 17810247, 0, 17810247, 17810247, 17810247, 17810247, 17810247, 17810247, 17810247, 0, 0, 0, 0, 0, 0, 0, 0, 0, 8, 0, 8, 8, 8, 8, 8, 8, 8, 0.00425273, 8.23181e-11, 0.00425273, 0.00425273, 0.00425273, 0.00425273, 0.00425273, 0.00425273, 0.00425273, 45904.1, 0.000845728, 45904.1, 45904.1, 45904.1, 45904.1, 45904.1, 45904.1, 45904.1, 1, 0, 1, 1, 1, 1, 1, 1, 1
Sat Jan 14 11:10:57 EST 2017, 1, 10, 0.000, 5, 30.233, 0.871826, 29.6188, 30.8472, 29.04, 29.09, 30.635, 31.26, 31.35, 67626, 2, 67624.6, 67627.4, 67624, 67624, 67628, 67628, 67628, 0, 0, 0, 0, 0, 0, 0, 0, 0, 0, 0, 0, 0, 0, 0, 0, 0, 0, 0, 0, 0, 0, 0, 0, 0, 0, 0, 0, 0, 0, 0, 0, 0, 0, 0, 0, 0, 0, 0, 0, 0, 0, 0, 0, 0, 0, 0, 0, 0, 0, 0, 0, 0, 0, 0, 0, 0, 0, 0, 0, 0, 0, 0, 0, 0, 0, 0, 0, 0, 0, 0, 0, 0, 0, 0, 0, 0, 0, 0, 0, 0, 0, 0, 0, 0, 0, 0, 0, 0, 0, 0, 0, 0, 0, 0, 0, 0, 0, 0, 8749646, 0, 8749646, 8749646, 8749646, 8749646, 8749646, 8749646, 8749646, 16033238, 0, 16033238, 16033238, 16033238, 16033238, 16033238, 16033238, 16033238, 0, 0, 0, 0, 0, 0, 0, 0, 0, 8, 0, 8, 8, 8, 8, 8, 8, 8, 0.00340557, 0, 0.00340557, 0.00340557, 0.00340557, 0.00340557, 0.00340557, 0.00340557, 0.00340557, 49665.1, 0, 49665.1, 49665.1, 49665.1, 49665.1, 49665.1, 49665.1, 49665.1, 1, 0, 1, 1, 1, 1, 1, 1, 1
Sat Jan 14 11:12:45 EST 2017, 1, 1, 0.250, 5, 15.413, 0.295095, 15.2051, 15.6209, 15.13, 15.16, 15.475, 15.79, 15.8, 57059.2, 2.4, 57057.5, 57060.9, 57056, 57056, 57060, 57060, 57064, 0, 0, 0, 0, 0, 0, 0, 0, 0, 0, 0, 0, 0, 0, 0, 0, 0, 0, 0, 0, 0, 0, 0, 0, 0, 0, 0, 0, 0, 0, 0, 0, 0, 0, 0, 0, 0, 0, 0, 0, 0, 0, 0, 0, 0, 0, 0, 0, 0, 0, 0, 0, 0, 0, 0, 0, 0, 0, 0, 0, 0, 0, 0, 0, 0, 0, 0, 0, 0, 0, 0, 0, 0, 0, 0, 0, 0, 0, 0, 0, 0, 0, 0, 0, 0, 0, 0, 0, 0, 0, 0, 0, 0, 0, 0, 0, 0, 0, 0, 1138848, 0, 1138848, 1138848, 1138848, 1138848, 1138848, 1138848, 1138848, 8681490, 0, 8681490, 8681490, 8681490, 8681490, 8681490, 8681490, 8681490, 0, 0, 0, 0, 0, 0, 0, 0, 0, 8, 0, 8, 8, 8, 8, 8, 8, 8, 0.0110241, 0, 0.0110241, 0.0110241, 0.0110241, 0.0110241, 0.0110241, 0.0110241, 0.0110241, 19680, 0, 19680, 19680, 19680, 19680, 19680, 19680, 19680, 1, 0, 1, 1, 1, 1, 1, 1, 1
Sat Jan 14 11:14:59 EST 2017, 1, 2, 0.250, 5, 22.308, 0.575687, 21.9024, 22.7136, 21.45, 21.47, 22.635, 22.66, 23.11, 59727.2, 2.4, 59725.5, 59728.9, 59724, 59724, 59728, 59728, 59732, 0, 0, 0, 0, 0, 0, 0, 0, 0, 0, 0, 0, 0, 0, 0, 0, 0, 0, 0, 0, 0, 0, 0, 0, 0, 0, 0, 0, 0, 0, 0, 0, 0, 0, 0, 0, 0, 0, 0, 0, 0, 0, 0, 0, 0, 0, 0, 0, 0, 0, 0, 0, 0, 0, 0, 0, 0, 0, 0, 0, 0, 0, 0, 0, 0, 0, 0, 0, 0, 0, 0, 0, 0, 0, 0, 0, 0, 0, 0, 0, 0, 0, 0, 0, 0, 0, 0, 0, 0, 0, 0, 0, 0, 0, 0, 0, 0, 0, 0, 2149679, 0, 2149679, 2149679, 2149679, 2149679, 2149679, 2149679, 2149679, 13630335, 0, 13630335, 13630335, 13630335, 13630335, 13630335, 13630335, 13630335, 0, 0, 0, 0, 0, 0, 0, 0, 0, 8, 0, 8, 8, 8, 8, 8, 8, 8, 0.00675081, 1.16415e-10, 0.00675081, 0.00675081, 0.00675081, 0.00675081, 0.00675081, 0.00675081, 0.00675081, 31623.3, 0.000488281, 31623.3, 31623.3, 31623.3, 31623.3, 31623.3, 31623.3, 31623.3, 1, 0, 1, 1, 1, 1, 1, 1, 1
Sat Jan 14 11:19:12 EST 2017, 1, 5, 0.250, 5, 30.258, 1.27317, 29.361, 31.155, 28.59, 29.29, 30.58, 31.9, 31.93, 62731.2, 2.4, 62729.5, 62732.9, 62728, 62728, 62732, 62732, 62736, 0, 0, 0, 0, 0, 0, 0, 0, 0, 0, 0, 0, 0, 0, 0, 0, 0, 0, 0, 0, 0, 0, 0, 0, 0, 0, 0, 0, 0, 0, 0, 0, 0, 0, 0, 0, 0, 0, 0, 0, 0, 0, 0, 0, 0, 0, 0, 0, 0, 0, 0, 0, 0, 0, 0, 0, 0, 0, 0, 0, 0, 0, 0, 0, 0, 0, 0, 0, 0, 0, 0, 0, 0, 0, 0, 0, 0, 0, 0, 0, 0, 0, 0, 0, 0, 0, 0, 0, 0, 0, 0, 0, 0, 0, 0, 0, 0, 0, 0, 4899998, 0, 4899998, 4899998, 4899998, 4899998, 4899998, 4899998, 4899998, 18005958, 0, 18005958, 18005958, 18005958, 18005958, 18005958, 18005958, 18005958, 0, 0, 0, 0, 0, 0, 0, 0, 0, 8, 0, 8, 8, 8, 8, 8, 8, 8, 0.00424628, 5.82077e-11, 0.00424628, 0.00424628, 0.00424628, 0.00424628, 0.00424628, 0.00424628, 0.00424628, 45903.7, 0.000690534, 45903.7, 45903.7, 45903.7, 45903.7, 45903.7, 45903.7, 45903.7, 1, 0, 1, 1, 1, 1, 1, 1, 1
Sat Jan 14 11:21:15 EST 2017, 1, 10, 0.250, 5, 30.486, 1.81942, 29.2041, 31.7679, 26.53, 29.38, 31.19, 31.8, 33.61, 62482.4, 1.95959, 62481, 62483.8, 62480, 62480, 62484, 62484, 62484, 0, 0, 0, 0, 0, 0, 0, 0, 0, 0, 0, 0, 0, 0, 0, 0, 0, 0, 0, 0, 0, 0, 0, 0, 0, 0, 0, 0, 0, 0, 0, 0, 0, 0, 0, 0, 0, 0, 0, 0, 0, 0, 0, 0, 0, 0, 0, 0, 0, 0, 0, 0, 0, 0, 0, 0, 0, 0, 0, 0, 0, 0, 0, 0, 0, 0, 0, 0, 0, 0, 0, 0, 0, 0, 0, 0, 0, 0, 0, 0, 0, 0, 0, 0, 0, 0, 0, 0, 0, 0, 0, 0, 0, 0, 0, 0, 0, 0, 0, 8550000, 0, 8550000, 8550000, 8550000, 8550000, 8550000, 8550000, 8550000, 16232780, 0, 16232780, 16232780, 16232780, 16232780, 16232780, 16232780, 16232780, 0, 0, 0, 0, 0, 0, 0, 0, 0, 8, 0, 8, 8, 8, 8, 8, 8, 8, 0.00342253, 4.1159e-11, 0.00342253, 0.00342253, 0.00342253, 0.00342253, 0.00342253, 0.00342253, 0.00342253, 49664.9, 0, 49664.9, 49664.9, 49664.9, 49664.9, 49664.9, 49664.9, 49664.9, 1, 0, 1, 1, 1, 1, 1, 1, 1
Sat Jan 14 11:23:19 EST 2017, 1, 1, 0.000, 10, 27.434, 2.15491, 25.9157, 28.9523, 23.47, 24.97, 28.545, 29.6, 29.62, 71378, 2, 71376.6, 71379.4, 71376, 71376, 71380, 71380, 71380, 0, 0, 0, 0, 0, 0, 0, 0, 0, 0, 0, 0, 0, 0, 0, 0, 0, 0, 0, 0, 0, 0, 0, 0, 0, 0, 0, 0, 0, 0, 0, 0, 0, 0, 0, 0, 0, 0, 0, 0, 0, 0, 0, 0, 0, 0, 0, 0, 0, 0, 0, 0, 0, 0, 0, 0, 0, 0, 0, 0, 0, 0, 0, 0, 0, 0, 0, 0, 0, 0, 0, 0, 0, 0, 0, 0, 0, 0, 0, 0, 0, 0, 0, 0, 0, 0, 0, 0, 0, 0, 0, 0, 0, 0, 0, 0, 0, 0, 0, 2099981, 0, 2099981, 2099981, 2099981, 2099981, 2099981, 2099981, 2099981, 17547297, 0, 17547297, 17547297, 17547297, 17547297, 17547297, 17547297, 17547297, 0, 0, 0, 0, 0, 0, 0, 0, 0, 8, 0, 8, 8, 8, 8, 8, 8, 8, 0.0110113, 0, 0.0110113, 0.0110113, 0.0110113, 0.0110113, 0.0110113, 0.0110113, 0.0110113, 39373.3, 0.000690534, 39373.3, 39373.3, 39373.3, 39373.3, 39373.3, 39373.3, 39373.3, 1, 0, 1, 1, 1, 1, 1, 1, 1
Sat Jan 14 11:25:37 EST 2017, 1, 2, 0.000, 10, 44.329, 2.61032, 42.4899, 46.1681, 38.51, 42.22, 45.575, 46.86, 46.94, 76678.4, 2.6533, 76676.5, 76680.3, 76676, 76676, 76680, 76680, 76684, 0, 0, 0, 0, 0, 0, 0, 0, 0, 0, 0, 0, 0, 0, 0, 0, 0, 0, 0, 0, 0, 0, 0, 0, 0, 0, 0, 0, 0, 0, 0, 0, 0, 0, 0, 0, 0, 0, 0, 0, 0, 0, 0, 0, 0, 0, 0, 0, 0, 0, 0, 0, 0, 0, 0, 0, 0, 0, 0, 0, 0, 0, 0, 0, 0, 0, 0, 0, 0, 0, 0, 0, 0, 0, 0, 0, 0, 0, 0, 0, 0, 0, 0, 0, 0, 0, 0, 0, 0, 0, 0, 0, 0, 0, 0, 0, 0, 0, 0, 4194988, 0, 4194988, 4194988, 4194988, 4194988, 4194988, 4194988, 4194988, 27355176, 0, 27355176, 27355176, 27355176, 27355176, 27355176, 27355176, 27355176, 0, 0, 0, 0, 0, 0, 0, 0, 0, 8, 0, 8, 8, 8, 8, 8, 8, 8, 0.00674685, 0, 0.00674685, 0.00674685, 0.00674685, 0.00674685, 0.00674685, 0.00674685, 0.00674685, 63226.8, 0, 63226.8, 63226.8, 63226.8, 63226.8, 63226.8, 63226.8, 63226.8, 1, 0, 1, 1, 1, 1, 1, 1, 1
Sat Jan 14 11:30:00 EST 2017, 1, 5, 0.000, 10, 60.556, 4.16695, 57.6202, 63.4918, 49.88, 58.64, 61.64, 64.67, 64.68, 84058.8, 3.1241, 84056.6, 84061, 84056, 84056, 84060, 84064, 84064, 0, 0, 0, 0, 0, 0, 0, 0, 0, 0, 0, 0, 0, 0, 0, 0, 0, 0, 0, 0, 0, 0, 0, 0, 0, 0, 0, 0, 0, 0, 0, 0, 0, 0, 0, 0, 0, 0, 0, 0, 0, 0, 0, 0, 0, 0, 0, 0, 0, 0, 0, 0, 0, 0, 0, 0, 0, 0, 0, 0, 0, 0, 0, 0, 0, 0, 0, 0, 0, 0, 0, 0, 0, 0, 0, 0, 0, 0, 0, 0, 0, 0, 0, 0, 0, 0, 0, 0, 0, 0, 0, 0, 0, 0, 0, 0, 0, 0, 0, 9499942, 0, 9499942, 9499942, 9499942, 9499942, 9499942, 9499942, 9499942, 36308843, 0.5, 3.63088e+07, 3.63088e+07, 36308843, 36308843, 36308843, 36308843, 36308843, 0, 0, 0, 0, 0, 0, 0, 0, 0, 8, 0, 8, 8, 8, 8, 8, 8, 8, 0.00423857, 1.00819e-10, 0.00423857, 0.00423857, 0.00423857, 0.00423857, 0.00423857, 0.00423857, 0.00423857, 91801.2, 0.00195312, 91801.2, 91801.2, 91801.2, 91801.2, 91801.2, 91801.2, 91801.2, 1, 0, 1, 1, 1, 1, 1, 1, 1
Sat Jan 14 11:33:15 EST 2017, 1, 10, 0.000, 10, 60.792, 1.37274, 59.8248, 61.7592, 59.48, 59.56, 61.08, 62.46, 62.7, 85539.2, 2.99333, 85537.1, 85541.3, 85536, 85536, 85540, 85544, 85544, 0, 0, 0, 0, 0, 0, 0, 0, 0, 0, 0, 0, 0, 0, 0, 0, 0, 0, 0, 0, 0, 0, 0, 0, 0, 0, 0, 0, 0, 0, 0, 0, 0, 0, 0, 0, 0, 0, 0, 0, 0, 0, 0, 0, 0, 0, 0, 0, 0, 0, 0, 0, 0, 0, 0, 0, 0, 0, 0, 0, 0, 0, 0, 0, 0, 0, 0, 0, 0, 0, 0, 0, 0, 0, 0, 0, 0, 0, 0, 0, 0, 0, 0, 0, 0, 0, 0, 0, 0, 0, 0, 0, 0, 0, 0, 0, 0, 0, 0, 16599990, 0, 16599990, 16599990, 16599990, 16599990, 16599990, 16599990, 16599990, 32964613, 0.5, 3.29646e+07, 3.29646e+07, 32964613, 32964613, 32964613, 32964613, 32964613, 0, 0, 0, 0, 0, 0, 0, 0, 0, 8, 0, 8, 8, 8, 8, 8, 8, 8, 0.00346021, 5.82077e-11, 0.00346021, 0.00346021, 0.00346021, 0.00346021, 0.00346021, 0.00346021, 0.00346021, 99327.9, 0.00138107, 99327.9, 99327.9, 99327.9, 99327.9, 99327.9, 99327.9, 99327.9, 1, 0, 1, 1, 1, 1, 1, 1, 1
Sat Jan 14 12:00:38 EST 2017, 1, 1, 0.250, 10, 27.092, 2.44369, 25.3703, 28.8137, 23.38, 24.91, 28.93, 29.26, 29.26, 70394.8, 2.56125, 70393, 70396.6, 70392, 70392, 70396, 70396, 70400, 0, 0, 0, 0, 0, 0, 0, 0, 0, 0, 0, 0, 0, 0, 0, 0, 0, 0, 0, 0, 0, 0, 0, 0, 0, 0, 0, 0, 0, 0, 0, 0, 0, 0, 0, 0, 0, 0, 0, 0, 0, 0, 0, 0, 0, 0, 0, 0, 0, 0, 0, 0, 0, 0, 0, 0, 0, 0, 0, 0, 0, 0, 0, 0, 0, 0, 0, 0, 0, 0, 0, 0, 0, 0, 0, 0, 0, 0, 0, 0, 0, 0, 0, 0, 0, 0, 0, 0, 0, 0, 0, 0, 0, 0, 0, 0, 0, 0, 0, 2099336, 0, 2099336, 2099336, 2099336, 2099336, 2099336, 2099336, 2099336, 17547663, 0, 17547663, 17547663, 17547663, 17547663, 17547663, 17547663, 17547663, 0, 0, 0, 0, 0, 0, 0, 0, 0, 8, 0, 8, 8, 8, 8, 8, 8, 8, 0.0110113, 0, 0.0110113, 0.0110113, 0.0110113, 0.0110113, 0.0110113, 0.0110113, 0.0110113, 39372.7, 0.000976562, 39372.7, 39372.7, 39372.7, 39372.7, 39372.7, 39372.7, 39372.7, 1, 0, 1, 1, 1, 1, 1, 1, 1
Sat Jan 14 12:03:02 EST 2017, 1, 2, 0.250, 10, 44.685, 1.36182, 43.7255, 45.6445, 43.47, 43.51, 45.085, 46.36, 46.49, 75558, 2, 75556.6, 75559.4, 75556, 75556, 75560, 75560, 75560, 0, 0, 0, 0, 0, 0, 0, 0, 0, 0, 0, 0, 0, 0, 0, 0, 0, 0, 0, 0, 0, 0, 0, 0, 0, 0, 0, 0, 0, 0, 0, 0, 0, 0, 0, 0, 0, 0, 0, 0, 0, 0, 0, 0, 0, 0, 0, 0, 0, 0, 0, 0, 0, 0, 0, 0, 0, 0, 0, 0, 0, 0, 0, 0, 0, 0, 0, 0, 0, 0, 0, 0, 0, 0, 0, 0, 0, 0, 0, 0, 0, 0, 0, 0, 0, 0, 0, 0, 0, 0, 0, 0, 0, 0, 0, 0, 0, 0, 0, 4098102, 0, 4098102, 4098102, 4098102, 4098102, 4098102, 4098102, 4098102, 27451647, 0, 27451647, 27451647, 27451647, 27451647, 27451647, 27451647, 27451647, 0, 0, 0, 0, 0, 0, 0, 0, 0, 8, 0, 8, 8, 8, 8, 8, 8, 8, 0.00674289, 8.23181e-11, 0.00674289, 0.00674289, 0.00674289, 0.00674289, 0.00674289, 0.00674289, 0.00674289, 63225.9, 0.000690534, 63225.9, 63225.9, 63225.9, 63225.9, 63225.9, 63225.9, 63225.9, 1, 0, 1, 1, 1, 1, 1, 1, 1
Sat Jan 14 12:05:20 EST 2017, 1, 5, 0.250, 10, 61.137, 3.20325, 58.8801, 63.3939, 55.26, 60.81, 62.64, 64.09, 64.12, 79326.8, 2.56125, 79325, 79328.6, 79324, 79324, 79328, 79328, 79332, 0, 0, 0, 0, 0, 0, 0, 0, 0, 0, 0, 0, 0, 0, 0, 0, 0, 0, 0, 0, 0, 0, 0, 0, 0, 0, 0, 0, 0, 0, 0, 0, 0, 0, 0, 0, 0, 0, 0, 0, 0, 0, 0, 0, 0, 0, 0, 0, 0, 0, 0, 0, 0, 0, 0, 0, 0, 0, 0, 0, 0, 0, 0, 0, 0, 0, 0, 0, 0, 0, 0, 0, 0, 0, 0, 0, 0, 0, 0, 0, 0, 0, 0, 0, 0, 0, 0, 0, 0, 0, 0, 0, 0, 0, 0, 0, 0, 0, 0, 9300000, 0, 9300000, 9300000, 9300000, 9300000, 9300000, 9300000, 9300000, 36508859, 0.5, 3.65089e+07, 3.65089e+07, 36508859, 36508859, 36508859, 36508859, 36508859, 0, 0, 0, 0, 0, 0, 0, 0, 0, 8, 0, 8, 8, 8, 8, 8, 8, 8, 0.00423344, 8.23181e-11, 0.00423344, 0.00423344, 0.00423344, 0.00423344, 0.00423344, 0.00423344, 0.00423344, 91801.3, 0.00169146, 91801.3, 91801.3, 91801.3, 91801.3, 91801.3, 91801.3, 91801.3, 1, 0, 1, 1, 1, 1, 1, 1, 1
Sat Jan 14 12:21:47 EST 2017, 1, 10, 0.250, 10, 57.866, 4.3706, 54.7867, 60.9453, 51, 54.2, 59.65, 62.78, 63.01, 80135.6, 2.8, 80133.6, 80137.6, 80132, 80132, 80136, 80140, 80140, 0, 0, 0, 0, 0, 0, 0, 0, 0, 0, 0, 0, 0, 0, 0, 0, 0, 0, 0, 0, 0, 0, 0, 0, 0, 0, 0, 0, 0, 0, 0, 0, 0, 0, 0, 0, 0, 0, 0, 0, 0, 0, 0, 0, 0, 0, 0, 0, 0, 0, 0, 0, 0, 0, 0, 0, 0, 0, 0, 0, 0, 0, 0, 0, 0, 0, 0, 0, 0, 0, 0, 0, 0, 0, 0, 0, 0, 0, 0, 0, 0, 0, 0, 0, 0, 0, 0, 0, 0, 0, 0, 0, 0, 0, 0, 0, 0, 0, 0, 16499350, 0, 16499350, 16499350, 16499350, 16499350, 16499350, 16499350, 16499350, 33065246, 0, 33065246, 33065246, 33065246, 33065246, 33065246, 33065246, 33065246, 0, 0, 0, 0, 0, 0, 0, 0, 0, 8, 0, 8, 8, 8, 8, 8, 8, 8, 0.00347113, 4.1159e-11, 0.00347113, 0.00347113, 0.00347113, 0.00347113, 0.00347113, 0.00347113, 0.00347113, 99327.8, 0.00239208, 99327.8, 99327.8, 99327.8, 99327.8, 99327.8, 99327.8, 99327.8, 1, 0, 1, 1, 1, 1, 1, 1, 1
Sat Jan 14 12:30:56 EST 2017, 1, 1, 0.000, 15, 40.639, 4.13451, 37.726, 43.552, 32.99, 40.14, 43.64, 43.83, 44.86, 86006.4, 1.95959, 86005, 86007.8, 86004, 86004, 86008, 86008, 86008, 0, 0, 0, 0, 0, 0, 0, 0, 0, 0, 0, 0, 0, 0, 0, 0, 0, 0, 0, 0, 0, 0, 0, 0, 0, 0, 0, 0, 0, 0, 0, 0, 0, 0, 0, 0, 0, 0, 0, 0, 0, 0, 0, 0, 0, 0, 0, 0, 0, 0, 0, 0, 0, 0, 0, 0, 0, 0, 0, 0, 0, 0, 0, 0, 0, 0, 0, 0, 0, 0, 0, 0, 0, 0, 0, 0, 0, 0, 0, 0, 0, 0, 0, 0, 0, 0, 0, 0, 0, 0, 0, 0, 0, 0, 0, 0, 0, 0, 0, 2999859, 0, 2999859, 2999859, 2999859, 2999859, 2999859, 2999859, 2999859, 26460429, 0, 26460429, 26460429, 26460429, 26460429, 26460429, 26460429, 26460429, 0, 0, 0, 0, 0, 0, 0, 0, 0, 8, 0, 8, 8, 8, 8, 8, 8, 8, 0.0202722, 4.65661e-10, 0.0202722, 0.0202722, 0.0202722, 0.0202722, 0.0202722, 0.0202722, 0.0202722, 59038.7, 0, 59038.7, 59038.7, 59038.7, 59038.7, 59038.7, 59038.7, 59038.7, 1, 0, 1, 1, 1, 1, 1, 1, 1
Sat Jan 14 12:33:25 EST 2017, 1, 2, 0.000, 15, 64.346, 5.73472, 60.3056, 68.3864, 50.92, 60.25, 67.975, 69.6, 69.62, 91816.4, 3.32265, 91814.1, 91818.7, 91812, 91812, 91818, 91820, 91820, 0, 0, 0, 0, 0, 0, 0, 0, 0, 0, 0, 0, 0, 0, 0, 0, 0, 0, 0, 0, 0, 0, 0, 0, 0, 0, 0, 0, 0, 0, 0, 0, 0, 0, 0, 0, 0, 0, 0, 0, 0, 0, 0, 0, 0, 0, 0, 0, 0, 0, 0, 0, 0, 0, 0, 0, 0, 0, 0, 0, 0, 0, 0, 0, 0, 0, 0, 0, 0, 0, 0, 0, 0, 0, 0, 0, 0, 0, 0, 0, 0, 0, 0, 0, 0, 0, 0, 0, 0, 0, 0, 0, 0, 0, 0, 0, 0, 0, 0, 5979683, 0, 5979683, 5979683, 5979683, 5979683, 5979683, 5979683, 5979683, 41344475, 0.5, 4.13445e+07, 4.13445e+07, 41344475, 41344475, 41344475, 41344475, 41344475, 0, 0, 0, 0, 0, 0, 0, 0, 0, 8, 0, 8, 8, 8, 8, 8, 8, 8, 0.00673302, 8.23181e-11, 0.00673302, 0.00673302, 0.00673302, 0.00673302, 0.00673302, 0.00673302, 0.00673302, 94838, 0, 94838, 94838, 94838, 94838, 94838, 94838, 94838, 1, 0, 1, 1, 1, 1, 1, 1, 1
Sat Jan 14 12:44:10 EST 2017, 1, 5, 0.000, 15, 93.696, 6.315, 89.2467, 98.1453, 79.22, 87.37, 97.42, 98.04, 98.57, 102587, 291.073, 102382, 102792, 102488, 102488, 102492, 102492, 103460, 0, 0, 0, 0, 0, 0, 0, 0, 0, 0, 0, 0, 0, 0, 0, 0, 0, 0, 0, 0, 0, 0, 0, 0, 0, 0, 0, 0, 0, 0, 0, 0, 0, 0, 0, 0, 0, 0, 0, 0, 0, 0, 0, 0, 0, 0, 0, 0, 0, 0, 0, 0, 0, 0, 0, 0, 0, 0, 0, 0, 0, 0, 0, 0, 0, 0, 0, 0, 0, 0, 0, 0, 0, 0, 0, 0, 0, 0, 0, 0, 0, 0, 0, 0, 0, 0, 0, 0, 0, 0, 0, 0, 0, 0, 0, 0, 0, 0, 0, 13648981, 0, 13648981, 13648981, 13648981, 13648981, 13648981, 13648981, 13648981, 55061226, 0, 55061226, 55061226, 55061226, 55061226, 55061226, 55061226, 55061226, 0, 0, 0, 0, 0, 0, 0, 0, 0, 8, 0, 8, 8, 8, 8, 8, 8, 8, 0.0042245, 5.82077e-11, 0.0042245, 0.0042245, 0.0042245, 0.0042245, 0.0042245, 0.0042245, 0.0042245, 137696, 0, 137696, 137696, 137696, 137696, 137696, 137696, 137696, 1, 0, 1, 1, 1, 1, 1, 1, 1
Sat Jan 14 12:52:19 EST 2017, 1, 10, 0.000, 15, 89.778, 4.13835, 86.8623, 92.6937, 83.08, 85.57, 90.425, 95.5, 95.67, 104085, 2643.74, 102222, 105948, 103200, 103200, 103206, 103208, 112016, 0, 0, 0, 0, 0, 0, 0, 0, 0, 0, 0, 0, 0, 0, 0, 0, 0, 0, 0, 0, 0, 0, 0, 0, 0, 0, 0, 0, 0, 0, 0, 0, 0, 0, 0, 0, 0, 0, 0, 0, 0, 0, 0, 0, 0, 0, 0, 0, 0, 0, 0, 0, 0, 0, 0, 0, 0, 0, 0, 0, 0, 0, 0, 0, 0, 0, 0, 0, 0, 0, 0, 0, 0, 0, 0, 0, 0, 0, 0, 0, 0, 0, 0, 0, 0, 0, 0, 0, 0, 0, 0, 0, 0, 0, 0, 0, 0, 0, 0, 24749998, 0, 24749998, 24749998, 24749998, 24749998, 24749998, 24749998, 24749998, 49596112, 0, 49596112, 49596112, 49596112, 49596112, 49596112, 49596112, 49596112, 0, 0, 0, 0, 0, 0, 0, 0, 0, 8, 0, 8, 8, 8, 8, 8, 8, 8, 0.00347113, 4.1159e-11, 0.00347113, 0.00347113, 0.00347113, 0.00347113, 0.00347113, 0.00347113, 0.00347113, 148990, 0, 148990, 148990, 148990, 148990, 148990, 148990, 148990, 1, 0, 1, 1, 1, 1, 1, 1, 1
Sat Jan 14 12:59:43 EST 2017, 1, 1, 0.250, 15, 42.1, 2.77415, 40.1455, 44.0545, 36.57, 43.25, 43.39, 43.51, 44.21, 83196, 2.52982, 83194.2, 83197.8, 83192, 83196, 83196, 83200, 83200, 0, 0, 0, 0, 0, 0, 0, 0, 0, 0, 0, 0, 0, 0, 0, 0, 0, 0, 0, 0, 0, 0, 0, 0, 0, 0, 0, 0, 0, 0, 0, 0, 0, 0, 0, 0, 0, 0, 0, 0, 0, 0, 0, 0, 0, 0, 0, 0, 0, 0, 0, 0, 0, 0, 0, 0, 0, 0, 0, 0, 0, 0, 0, 0, 0, 0, 0, 0, 0, 0, 0, 0, 0, 0, 0, 0, 0, 0, 0, 0, 0, 0, 0, 0, 0, 0, 0, 0, 0, 0, 0, 0, 0, 0, 0, 0, 0, 0, 0, 2979841, 0, 2979841, 2979841, 2979841, 2979841, 2979841, 2979841, 2979841, 26479566, 0, 26479566, 26479566, 26479566, 26479566, 26479566, 26479566, 26479566, 0, 0, 0, 0, 0, 0, 0, 0, 0, 8, 0, 8, 8, 8, 8, 8, 8, 8, 0.0110049, 0, 0.0110049, 0.0110049, 0.0110049, 0.0110049, 0.0110049, 0.0110049, 0.0110049, 59036.9, 0.00119604, 59036.9, 59036.9, 59036.9, 59036.9, 59036.9, 59036.9, 59036.9, 1, 0, 1, 1, 1, 1, 1, 1, 1
Sat Jan 14 13:07:28 EST 2017, 1, 2, 0.250, 15, 64.559, 7.05335, 59.5895, 69.5285, 50.48, 66.49, 68.315, 68.84, 69.36, 90366.8, 2.56125, 90365, 90368.6, 90364, 90364, 90368, 90368, 90372, 0, 0, 0, 0, 0, 0, 0, 0, 0, 0, 0, 0, 0, 0, 0, 0, 0, 0, 0, 0, 0, 0, 0, 0, 0, 0, 0, 0, 0, 0, 0, 0, 0, 0, 0, 0, 0, 0, 0, 0, 0, 0, 0, 0, 0, 0, 0, 0, 0, 0, 0, 0, 0, 0, 0, 0, 0, 0, 0, 0, 0, 0, 0, 0, 0, 0, 0, 0, 0, 0, 0, 0, 0, 0, 0, 0, 0, 0, 0, 0, 0, 0, 0, 0, 0, 0, 0, 0, 0, 0, 0, 0, 0, 0, 0, 0, 0, 0, 0, 5794837, 0, 5794837, 5794837, 5794837, 5794837, 5794837, 5794837, 5794837, 41529475, 0.5, 4.15295e+07, 4.15295e+07, 41529475, 41529475, 41529475, 41529475, 41529475, 0, 0, 0, 0, 0, 0, 0, 0, 0, 8, 0, 8, 8, 8, 8, 8, 8, 8, 0.0114102, 1.64636e-10, 0.0114102, 0.0114102, 0.0114102, 0.0114102, 0.0114102, 0.0114102, 0.0114102, 94838.3, 0.00138107, 94838.3, 94838.3, 94838.3, 94838.3, 94838.3, 94838.3, 94838.3, 1, 0, 1, 1, 1, 1, 1, 1, 1
Sat Jan 14 13:16:07 EST 2017, 1, 5, 0.250, 15, 90.843, 3.5447, 88.3456, 93.3404, 86.32, 86.55, 93.56, 93.83, 94.29, 96628.4, 291.876, 96422.8, 96834, 96528, 96528, 96532, 96536, 97504, 0, 0, 0, 0, 0, 0, 0, 0, 0, 0, 0, 0, 0, 0, 0, 0, 0, 0, 0, 0, 0, 0, 0, 0, 0, 0, 0, 0, 0, 0, 0, 0, 0, 0, 0, 0, 0, 0, 0, 0, 0, 0, 0, 0, 0, 0, 0, 0, 0, 0, 0, 0, 0, 0, 0, 0, 0, 0, 0, 0, 0, 0, 0, 0, 0, 0, 0, 0, 0, 0, 0, 0, 0, 0, 0, 0, 0, 0, 0, 0, 0, 0, 0, 0, 0, 0, 0, 0, 0, 0, 0, 0, 0, 0, 0, 0, 0, 0, 0, 13650000, 0, 13650000, 13650000, 13650000, 13650000, 13650000, 13650000, 13650000, 55060376, 0, 55060376, 55060376, 55060376, 55060376, 55060376, 55060376, 55060376, 0, 0, 0, 0, 0, 0, 0, 0, 0, 8, 0, 8, 8, 8, 8, 8, 8, 8, 0.00422833, 1.00819e-10, 0.00422833, 0.00422833, 0.00422833, 0.00422833, 0.00422833, 0.00422833, 0.00422833, 137696, 0, 137696, 137696, 137696, 137696, 137696, 137696, 137696, 1, 0, 1, 1, 1, 1, 1, 1, 1
Sat Jan 14 13:22:16 EST 2017, 1, 10, 0.250, 15, 89.249, 8.09094, 83.5485, 94.9495, 72.94, 81.32, 94.09, 96.58, 96.63, 96728, 529.338, 96355.1, 97100.9, 96548, 96552, 96552, 96556, 98316, 0, 0, 0, 0, 0, 0, 0, 0, 0, 0, 0, 0, 0, 0, 0, 0, 0, 0, 0, 0, 0, 0, 0, 0, 0, 0, 0, 0, 0, 0, 0, 0, 0, 0, 0, 0, 0, 0, 0, 0, 0, 0, 0, 0, 0, 0, 0, 0, 0, 0, 0, 0, 0, 0, 0, 0, 0, 0, 0, 0, 0, 0, 0, 0, 0, 0, 0, 0, 0, 0, 0, 0, 0, 0, 0, 0, 0, 0, 0, 0, 0, 0, 0, 0, 0, 0, 0, 0, 0, 0, 0, 0, 0, 0, 0, 0, 0, 0, 0, 24600000, 0, 24600000, 24600000, 24600000, 24600000, 24600000, 24600000, 24600000, 49746162, 0, 49746162, 49746162, 49746162, 49746162, 49746162, 49746162, 49746162, 0, 0, 0, 0, 0, 0, 0, 0, 0, 8, 0, 8, 8, 8, 8, 8, 8, 8, 0.00346894, 4.1159e-11, 0.00346894, 0.00346894, 0.00346894, 0.00346894, 0.00346894, 0.00346894, 0.00346894, 148990, 0, 148990, 148990, 148990, 148990, 148990, 148990, 148990, 1, 0, 1, 1, 1, 1, 1, 1, 1
Sat Jan 14 13:27:50 EST 2017, 1, 1, 0.000, 20, 57.259, 2.02969, 55.829, 58.689, 54.01, 56.54, 57.95, 59.32, 60.09, 98670, 1702, 97470.8, 99869.2, 98100, 98100, 98104, 98108, 103776, 0, 0, 0, 0, 0, 0, 0, 0, 0, 0, 0, 0, 0, 0, 0, 0, 0, 0, 0, 0, 0, 0, 0, 0, 0, 0, 0, 0, 0, 0, 0, 0, 0, 0, 0, 0, 0, 0, 0, 0, 0, 0, 0, 0, 0, 0, 0, 0, 0, 0, 0, 0, 0, 0, 0, 0, 0, 0, 0, 0, 0, 0, 0, 0, 0, 0, 0, 0, 0, 0, 0, 0, 0, 0, 0, 0, 0, 0, 0, 0, 0, 0, 0, 0, 0, 0, 0, 0, 0, 0, 0, 0, 0, 0, 0, 0, 0, 0, 0, 3878647, 0, 3878647, 3878647, 3878647, 3878647, 3878647, 3878647, 3878647, 35402335, 0.5, 3.54023e+07, 3.54023e+07, 35402335, 35402335, 35402335, 35402335, 35402335, 0, 0, 0, 0, 0, 0, 0, 0, 0, 8, 0, 8, 8, 8, 8, 8, 8, 8, 0.0202546, 2.32831e-10, 0.0202546, 0.0202546, 0.0202546, 0.0202546, 0.0202546, 0.0202546, 0.0202546, 78719.4, 0.00138107, 78719.4, 78719.4, 78719.4, 78719.4, 78719.4, 78719.4, 78719.4, 1, 0, 1, 1, 1, 1, 1, 1, 1
Sat Jan 14 13:35:45 EST 2017, 1, 2, 0.000, 20, 90.401, 3.79891, 87.7245, 93.0775, 80.21, 89.73, 91.975, 93.54, 93.57, 111151, 206.942, 111005, 111297, 111080, 111080, 111084, 111084, 111772, 0, 0, 0, 0, 0, 0, 0, 0, 0, 0, 0, 0, 0, 0, 0, 0, 0, 0, 0, 0, 0, 0, 0, 0, 0, 0, 0, 0, 0, 0, 0, 0, 0, 0, 0, 0, 0, 0, 0, 0, 0, 0, 0, 0, 0, 0, 0, 0, 0, 0, 0, 0, 0, 0, 0, 0, 0, 0, 0, 0, 0, 0, 0, 0, 0, 0, 0, 0, 0, 0, 0, 0, 0, 0, 0, 0, 0, 0, 0, 0, 0, 0, 0, 0, 0, 0, 0, 0, 0, 0, 0, 0, 0, 0, 0, 0, 0, 0, 0, 7600000, 0, 7600000, 7600000, 7600000, 7600000, 7600000, 7600000, 7600000, 55494369, 0.707107, 5.54944e+07, 5.54944e+07, 55494369, 55494369, 55494369, 55494369, 55494369, 0, 0, 0, 0, 0, 0, 0, 0, 0, 8, 0, 8, 8, 8, 8, 8, 8, 8, 0.0114135, 1.64636e-10, 0.0114135, 0.0114135, 0.0114135, 0.0114135, 0.0114135, 0.0114135, 0.0114135, 126442, 0, 126442, 126442, 126442, 126442, 126442, 126442, 126442, 1, 0, 1, 1, 1, 1, 1, 1, 1
Sat Jan 14 13:40:34 EST 2017, 1, 5, 0.000, 20, 125.313, 10.4056, 117.982, 132.644, 105.17, 124.7, 131.525, 133.51, 133.98, 123678, 2120.67, 122184, 125172, 122968, 122968, 122972, 122976, 130040, 0, 0, 0, 0, 0, 0, 0, 0, 0, 0, 0, 0, 0, 0, 0, 0, 0, 0, 0, 0, 0, 0, 0, 0, 0, 0, 0, 0, 0, 0, 0, 0, 0, 0, 0, 0, 0, 0, 0, 0, 0, 0, 0, 0, 0, 0, 0, 0, 0, 0, 0, 0, 0, 0, 0, 0, 0, 0, 0, 0, 0, 0, 0, 0, 0, 0, 0, 0, 0, 0, 0, 0, 0, 0, 0, 0, 0, 0, 0, 0, 0, 0, 0, 0, 0, 0, 0, 0, 0, 0, 0, 0, 0, 0, 0, 0, 0, 0, 0, 18598714, 0, 18598714, 18598714, 18598714, 18598714, 18598714, 18598714, 18598714, 73012980, 0, 73012980, 73012980, 73012980, 73012980, 73012980, 73012980, 73012980, 0, 0, 0, 0, 0, 0, 0, 0, 0, 8, 0, 8, 8, 8, 8, 8, 8, 8, 0.00634441, 0, 0.00634441, 0.00634441, 0.00634441, 0.00634441, 0.00634441, 0.00634441, 0.00634441, 183591, 0, 183591, 183591, 183591, 183591, 183591, 183591, 183591, 1, 0, 1, 1, 1, 1, 1, 1, 1
Sat Jan 14 13:46:33 EST 2017, 1, 10, 0.000, 20, 125.833, 4.60172, 122.591, 129.075, 116.57, 127.64, 128.14, 128.38, 128.39, 119094, 2, 119093, 119095, 119092, 119092, 119096, 119096, 119096, 0, 0, 0, 0, 0, 0, 0, 0, 0, 0, 0, 0, 0, 0, 0, 0, 0, 0, 0, 0, 0, 0, 0, 0, 0, 0, 0, 0, 0, 0, 0, 0, 0, 0, 0, 0, 0, 0, 0, 0, 0, 0, 0, 0, 0, 0, 0, 0, 0, 0, 0, 0, 0, 0, 0, 0, 0, 0, 0, 0, 0, 0, 0, 0, 0, 0, 0, 0, 0, 0, 0, 0, 0, 0, 0, 0, 0, 0, 0, 0, 0, 0, 0, 0, 0, 0, 0, 0, 0, 0, 0, 0, 0, 0, 0, 0, 0, 0, 0, 32799994, 0, 32799994, 32799994, 32799994, 32799994, 32799994, 32799994, 32799994, 66328357, 0, 66328357, 66328357, 66328357, 66328357, 66328357, 66328357, 66328357, 0, 0, 0, 0, 0, 0, 0, 0, 0, 8, 0, 8, 8, 8, 8, 8, 8, 8, 0.00347222, 5.82077e-11, 0.00347222, 0.00347222, 0.00347222, 0.00347222, 0.00347222, 0.00347222, 0.00347222, 198654, 0, 198654, 198654, 198654, 198654, 198654, 198654, 198654, 1, 0, 1, 1, 1, 1, 1, 1, 1
Sat Jan 14 13:49:31 EST 2017, 1, 1, 0.250, 20, 57.668, 1.5001, 56.6111, 58.7249, 55.71, 55.75, 58.785, 59.05, 59.07, 98194.8, 1.83303, 98193.5, 98196.1, 98192, 98192, 98196, 98196, 98196, 0, 0, 0, 0, 0, 0, 0, 0, 0, 0, 0, 0, 0, 0, 0, 0, 0, 0, 0, 0, 0, 0, 0, 0, 0, 0, 0, 0, 0, 0, 0, 0, 0, 0, 0, 0, 0, 0, 0, 0, 0, 0, 0, 0, 0, 0, 0, 0, 0, 0, 0, 0, 0, 0, 0, 0, 0, 0, 0, 0, 0, 0, 0, 0, 0, 0, 0, 0, 0, 0, 0, 0, 0, 0, 0, 0, 0, 0, 0, 0, 0, 0, 0, 0, 0, 0, 0, 0, 0, 0, 0, 0, 0, 0, 0, 0, 0, 0, 0, 3990144, 0, 3990144, 3990144, 3990144, 3990144, 3990144, 3990144, 3990144, 35291079, 0.5, 3.52911e+07, 3.52911e+07, 35291079, 35291079, 35291079, 35291079, 35291079, 0, 0, 0, 0, 0, 0, 0, 0, 0, 8, 0, 8, 8, 8, 8, 8, 8, 8, 0.0208514, 4.03275e-10, 0.0208514, 0.0208514, 0.0208514, 0.0208514, 0.0208514, 0.0208514, 0.0208514, 78719.9, 0.000976562, 78719.9, 78719.9, 78719.9, 78719.9, 78719.9, 78719.9, 78719.9, 1, 0, 1, 1, 1, 1, 1, 1, 1
Sat Jan 14 13:52:10 EST 2017, 1, 2, 0.250, 20, 91.532, 7.05415, 86.562, 96.502, 70.6, 92.53, 93.935, 95.19, 95.32, 107344, 206.823, 107198, 107490, 107272, 107272, 107276, 107280, 107964, 0, 0, 0, 0, 0, 0, 0, 0, 0, 0, 0, 0, 0, 0, 0, 0, 0, 0, 0, 0, 0, 0, 0, 0, 0, 0, 0, 0, 0, 0, 0, 0, 0, 0, 0, 0, 0, 0, 0, 0, 0, 0, 0, 0, 0, 0, 0, 0, 0, 0, 0, 0, 0, 0, 0, 0, 0, 0, 0, 0, 0, 0, 0, 0, 0, 0, 0, 0, 0, 0, 0, 0, 0, 0, 0, 0, 0, 0, 0, 0, 0, 0, 0, 0, 0, 0, 0, 0, 0, 0, 0, 0, 0, 0, 0, 0, 0, 0, 0, 7789961, 0, 7789961, 7789961, 7789961, 7789961, 7789961, 7789961, 7789961, 55304308, 0, 55304308, 55304308, 55304308, 55304308, 55304308, 55304308, 55304308, 0, 0, 0, 0, 0, 0, 0, 0, 0, 8, 0, 8, 8, 8, 8, 8, 8, 8, 0.0114202, 2.32831e-10, 0.0114202, 0.0114202, 0.0114202, 0.0114202, 0.0114202, 0.0114202, 0.0114202, 126441, 0, 126441, 126441, 126441, 126441, 126441, 126441, 126441, 1, 0, 1, 1, 1, 1, 1, 1, 1
Sat Jan 14 13:56:49 EST 2017, 1, 5, 0.250, 20, 122.271, 9.79258, 115.372, 129.17, 103.45, 113.72, 130.215, 131.96, 132.01, 115412, 3.32265, 115410, 115414, 115408, 115408, 115412, 115416, 115416, 0, 0, 0, 0, 0, 0, 0, 0, 0, 0, 0, 0, 0, 0, 0, 0, 0, 0, 0, 0, 0, 0, 0, 0, 0, 0, 0, 0, 0, 0, 0, 0, 0, 0, 0, 0, 0, 0, 0, 0, 0, 0, 0, 0, 0, 0, 0, 0, 0, 0, 0, 0, 0, 0, 0, 0, 0, 0, 0, 0, 0, 0, 0, 0, 0, 0, 0, 0, 0, 0, 0, 0, 0, 0, 0, 0, 0, 0, 0, 0, 0, 0, 0, 0, 0, 0, 0, 0, 0, 0, 0, 0, 0, 0, 0, 0, 0, 0, 0, 18199898, 0, 18199898, 18199898, 18199898, 18199898, 18199898, 18199898, 18199898, 73411589, 0, 73411589, 73411589, 73411589, 73411589, 73411589, 73411589, 73411589, 0, 0, 0, 0, 0, 0, 0, 0, 0, 8, 0, 8, 8, 8, 8, 8, 8, 8, 0.00422833, 1.00819e-10, 0.00422833, 0.00422833, 0.00422833, 0.00422833, 0.00422833, 0.00422833, 0.00422833, 183590, 0, 183590, 183590, 183590, 183590, 183590, 183590, 183590, 1, 0, 1, 1, 1, 1, 1, 1, 1
Sat Jan 14 14:00:47 EST 2017, 1, 10, 0.250, 20, 117.615, 10.2009, 110.428, 124.802, 100.06, 111.61, 124.43, 127.52, 127.59, 116348, 2182.11, 114811, 117885, 114712, 114720, 115456, 119660, 119664, 0, 0, 0, 0, 0, 0, 0, 0, 0, 0, 0, 0, 0, 0, 0, 0, 0, 0, 0, 0, 0, 0, 0, 0, 0, 0, 0, 0, 0, 0, 0, 0, 0, 0, 0, 0, 0, 0, 0, 0, 0, 0, 0, 0, 0, 0, 0, 0, 0, 0, 0, 0, 0, 0, 0, 0, 0, 0, 0, 0, 0, 0, 0, 0, 0, 0, 0, 0, 0, 0, 0, 0, 0, 0, 0, 0, 0, 0, 0, 0, 0, 0, 0, 0, 0, 0, 0, 0, 0, 0, 0, 0, 0, 0, 0, 0, 0, 0, 0, 32999991, 0.5, 3.3e+07, 3.3e+07, 32999991, 32999991, 32999991, 32999991, 32999991, 66128362, 1, 6.61284e+07, 6.61284e+07, 66128362, 66128362, 66128362, 66128362, 66128362, 0, 0, 0, 0, 0, 0, 0, 0, 0, 8, 0, 8, 8, 8, 8, 8, 8, 8, 0.00347442, 4.1159e-11, 0.00347442, 0.00347442, 0.00347442, 0.00347442, 0.00347442, 0.00347442, 0.00347442, 198654, 0, 198654, 198654, 198654, 198654, 198654, 198654, 198654, 1, 0, 1, 1, 1, 1, 1, 1, 1
