# 'Timestamp', '--gvt-delay 100 10000', '--imbalance% 0 100', '--delay 0 12', '--selfEvents% 0 100', '--simEndTime 300 600', '--rows 10 100', '--eventsPerAgent 1 20', '--granularity 0 50', '--cols 10 100', 2tLadderQ_timing_secs, ladderQ_timing_secs
Tue Jan 10 12:36:28 EST 2017, 1187, 0.080, 3, 0.620, 493, 87, 2, 47, 90, 10.793, 10.577
Tue Jan 10 12:38:28 EST 2017, 6137, 0.580, 9, 0.120, 343, 42, 11, 22, 45, 11.147, 11.927
Tue Jan 10 12:40:59 EST 2017, 8612, 0.330, 6, 0.870, 418, 64, 16, 35, 67, 40.880, 41.943
Tue Jan 10 12:42:25 EST 2017, 3662, 0.830, 0, 0.370, 568, 19, 6, 10, 22, 0.070, 0.110
Tue Jan 10 12:44:31 EST 2017, 4900, 0.450, 11, 0.740, 381, 31, 4, 16, 78, 4.127, 4.150
Tue Jan 10 12:46:27 EST 2017, 9850, 0.950, 5, 0.240, 531, 76, 13, 41, 33, 0.160, 0.147
Tue Jan 10 12:48:38 EST 2017, 7375, 0.200, 2, 0.990, 456, 53, 18, 3, 56, 6.783, 6.740
Tue Jan 10 12:50:33 EST 2017, 2425, 0.700, 8, 0.490, 306, 98, 9, 28, 11, 5.033, 5.040
Tue Jan 10 12:51:34 EST 2017, 1806, 0.260, 1, 0.180, 362, 93, 3, 0, 84, 2.633, 2.640
Tue Jan 10 12:53:50 EST 2017, 6756, 0.760, 7, 0.680, 512, 48, 12, 25, 39, 18.783, 19.890
Tue Jan 10 12:55:00 EST 2017, 9231, 0.010, 10, 0.430, 587, 70, 17, 13, 61, 26.870, 30.503
Tue Jan 10 12:56:36 EST 2017, 4281, 0.510, 4, 0.930, 437, 25, 8, 38, 16, 2.260, 2.333
Tue Jan 10 12:58:36 EST 2017, 3043, 0.140, 8, 0.050, 550, 14, 5, 32, 95, 5.820, 6.337
Tue Jan 10 13:01:07 EST 2017, 7993, 0.640, 2, 0.550, 400, 59, 15, 7, 50, 12.350, 46.183
Tue Jan 10 13:02:48 EST 2017, 5518, 0.390, 5, 0.300, 325, 36, 19, 44, 73, 36.423, 35.963
Tue Jan 10 13:04:38 EST 2017, 568, 0.890, 11, 0.800, 475, 81, 10, 19, 28, 15.743, 15.883
Tue Jan 10 13:05:29 EST 2017, 414, 0.150, 0, 0.380, 404, 21, 15, 25, 77, 10.970, 12.150
Tue Jan 10 13:09:25 EST 2017, 5364, 0.650, 6, 0.880, 554, 66, 5, 0, 32, 2.980, 2.887
Tue Jan 10 13:10:25 EST 2017, 7839, 0.400, 9, 0.130, 479, 43, 1, 37, 99, 4.533, 4.440
Tue Jan 10 13:12:51 EST 2017, 2889, 0.900, 3, 0.630, 329, 88, 10, 12, 54, 16.277, 86.890
Tue Jan 10 13:19:13 EST 2017, 4126, 0.280, 8, 0.260, 517, 77, 17, 6, 66, 29.997, 0.000
Tue Jan 10 14:22:31 EST 2017, 9076, 0.780, 2, 0.760, 367, 32, 8, 31, 21, 2.647, 2.627
Tue Jan 10 14:26:38 EST 2017, 6601, 0.030, 5, 0.010, 442, 55, 3, 18, 88, 5.737, 5.757
Tue Jan 10 14:30:19 EST 2017, 1651, 0.530, 11, 0.510, 592, 10, 13, 43, 43, 8.167, 8.300
Tue Jan 10 14:32:25 EST 2017, 2270, 0.470, 4, 0.820, 535, 15, 16, 21, 60, 8.500, 8.577
Tue Jan 10 14:36:16 EST 2017, 7220, 0.970, 10, 0.320, 385, 60, 7, 46, 15, 0.093, 0.087
Tue Jan 10 15:40:48 EST 2017, 9695, 0.220, 7, 0.570, 310, 38, 2, 9, 82, 1.700, 1.623
Tue Jan 10 15:43:14 EST 2017, 4745, 0.720, 1, 0.070, 460, 83, 11, 34, 37, 26.727, 21.710
Tue Jan 10 15:47:50 EST 2017, 3507, 0.090, 11, 0.940, 348, 94, 19, 40, 71, 59.170, 60.653
Tue Jan 10 15:49:01 EST 2017, 8457, 0.590, 5, 0.440, 498, 49, 9, 15, 26, 7.090, 6.877
Tue Jan 10 15:51:12 EST 2017, 5982, 0.340, 2, 0.690, 573, 71, 4, 28, 94, 14.690, 14.377
Tue Jan 10 15:55:03 EST 2017, 1032, 0.840, 8, 0.190, 423, 26, 14, 3, 49, 0.097, 0.337
Tue Jan 10 15:57:13 EST 2017, 723, 0.310, 10, 0.040, 320, 52, 6, 17, 52, 5.817, 5.897
Tue Jan 10 16:05:56 EST 2017, 5673, 0.810, 4, 0.540, 470, 97, 16, 42, 97, 211.057, 0.000
Tue Jan 10 16:08:27 EST 2017, 8148, 0.060, 1, 0.290, 545, 29, 11, 4, 29, 1.230, 1.270
Tue Jan 10 16:12:33 EST 2017, 3198, 0.560, 7, 0.790, 395, 74, 1, 29, 74, 4.087, 3.950
Tue Jan 10 16:16:54 EST 2017, 4436, 0.180, 5, 0.160, 582, 63, 8, 48, 40, 21.353, 20.183
Tue Jan 10 16:21:06 EST 2017, 9386, 0.680, 11, 0.660, 432, 18, 18, 23, 85, 18.943, 25.673
Tue Jan 10 16:24:56 EST 2017, 6911, 0.430, 8, 0.410, 357, 85, 13, 35, 18, 11.857, 12.083
Tue Jan 10 16:28:52 EST 2017, 1961, 0.930, 2, 0.910, 507, 40, 4, 10, 63, 3.857, 3.907
Tue Jan 10 16:30:13 EST 2017, 1342, 0.000, 6, 0.720, 451, 35, 7, 32, 35, 4.033, 4.027
Tue Jan 10 16:37:55 EST 2017, 6292, 0.500, 0, 0.220, 301, 80, 17, 7, 80, 28.553, 0.000
Tue Jan 10 16:38:25 EST 2017, 8767, 0.250, 3, 0.970, 376, 12, 12, 45, 12, 1.140, 1.040
Tue Jan 10 16:40:31 EST 2017, 3817, 0.750, 9, 0.470, 526, 57, 2, 20, 57, 5.913, 5.820
Tue Jan 10 16:42:27 EST 2017, 2579, 0.370, 1, 0.600, 414, 69, 10, 1, 46, 3.030, 3.100
Tue Jan 10 16:43:27 EST 2017, 7529, 0.870, 7, 0.100, 564, 24, 19, 26, 91, 0.153, 0.143
Tue Jan 10 16:47:38 EST 2017, 5054, 0.120, 10, 0.850, 489, 91, 14, 14, 23, 9.970, 9.670
Tue Jan 10 16:51:44 EST 2017, 104, 0.620, 4, 0.350, 339, 46, 5, 39, 68, 10.900, 10.893
Tue Jan 10 16:54:00 EST 2017, 107, 0.310, 7, 0.400, 397, 62, 13, 46, 40, 24.727, 24.340
Tue Jan 10 17:57:47 EST 2017, 5057, 0.810, 1, 0.900, 547, 17, 3, 21, 85, 1.697, 1.697
Tue Jan 10 17:59:53 EST 2017, 7532, 0.060, 4, 0.150, 472, 84, 8, 33, 18, 6.030, 6.120
Tue Jan 10 18:04:49 EST 2017, 2582, 0.560, 10, 0.650, 322, 39, 18, 8, 63, 11.730, 92.633
Tue Jan 10 18:07:10 EST 2017, 3819, 0.180, 2, 0.270, 510, 50, 11, 14, 51, 8.760, 8.937
Tue Jan 10 18:11:13 EST 2017, 8769, 0.680, 8, 0.770, 360, 95, 1, 39, 96, 8.037, 8.343
Tue Jan 10 18:15:10 EST 2017, 6294, 0.430, 11, 0.020, 435, 28, 6, 2, 29, 1.773, 1.847
Tue Jan 10 18:24:41 EST 2017, 1344, 0.930, 5, 0.520, 585, 73, 15, 27, 74, 109.873, 0.000
Tue Jan 10 18:25:32 EST 2017, 1963, 0.000, 9, 0.840, 529, 67, 14, 5, 46, 8.967, 9.037
Tue Jan 10 18:27:34 EST 2017, 6913, 0.500, 3, 0.340, 379, 22, 5, 30, 91, 5.947, 6.293
Tue Jan 10 18:29:32 EST 2017, 9388, 0.250, 0, 0.590, 304, 90, 9, 17, 23, 5.043, 4.923
Tue Jan 10 18:32:04 EST 2017, 4438, 0.750, 6, 0.090, 454, 45, 19, 42, 68, 92.347, 91.243
Tue Jan 10 18:34:46 EST 2017, 3200, 0.370, 4, 0.960, 341, 33, 12, 36, 34, 6.213, 6.080
Tue Jan 10 18:35:47 EST 2017, 8150, 0.870, 10, 0.460, 491, 78, 2, 11, 79, 9.140, 8.973
Tue Jan 10 18:37:43 EST 2017, 5675, 0.120, 7, 0.710, 566, 11, 7, 49, 12, 1.130, 1.210
Tue Jan 10 18:40:09 EST 2017, 726, 0.620, 1, 0.210, 416, 56, 17, 24, 57, 23.030, 21.360
Tue Jan 10 18:42:24 EST 2017, 1035, 0.150, 3, 0.050, 332, 81, 4, 10, 65, 4.520, 4.543
Tue Jan 10 18:46:12 EST 2017, 5985, 0.650, 9, 0.550, 482, 36, 14, 35, 20, 9.647, 9.873
Tue Jan 10 18:53:49 EST 2017, 8460, 0.400, 6, 0.300, 557, 59, 18, 22, 88, 88.167, 0.000
Tue Jan 10 18:54:19 EST 2017, 3510, 0.900, 0, 0.800, 407, 14, 9, 47, 43, 6.347, 6.333
Tue Jan 10 18:55:15 EST 2017, 4747, 0.280, 10, 0.180, 594, 25, 2, 28, 77, 3.730, 3.933
Tue Jan 10 18:56:20 EST 2017, 9697, 0.780, 4, 0.680, 444, 70, 11, 3, 32, 7.213, 7.753
Tue Jan 10 18:57:36 EST 2017, 7222, 0.030, 1, 0.430, 369, 48, 16, 41, 99, 16.770, 15.307
Tue Jan 10 18:58:37 EST 2017, 2272, 0.530, 7, 0.930, 519, 93, 6, 16, 54, 16.527, 16.610
Tue Jan 10 19:00:38 EST 2017, 1654, 0.460, 0, 0.740, 463, 98, 5, 38, 71, 29.500, 29.523
Tue Jan 10 19:04:14 EST 2017, 6604, 0.960, 6, 0.240, 313, 53, 15, 13, 26, 0.093, 0.093
Tue Jan 10 19:07:15 EST 2017, 9079, 0.210, 9, 0.990, 388, 76, 19, 25, 93, 51.650, 55.860
Tue Jan 10 19:09:50 EST 2017, 4129, 0.710, 3, 0.490, 538, 31, 10, 0, 48, 5.143, 17.643
Tue Jan 10 19:12:26 EST 2017, 2891, 0.090, 8, 0.620, 426, 19, 3, 19, 60, 1.507, 1.550
Tue Jan 10 19:13:57 EST 2017, 7841, 0.590, 2, 0.120, 576, 64, 12, 44, 15, 27.883, 21.187
Tue Jan 10 19:16:53 EST 2017, 5366, 0.340, 5, 0.870, 501, 42, 17, 7, 82, 16.430, 17.570
Tue Jan 10 19:21:00 EST 2017, 416, 0.840, 11, 0.370, 351, 87, 8, 32, 37, 19.030, 19.330
Tue Jan 10 19:22:55 EST 2017, 571, 0.070, 0, 0.950, 571, 26, 17, 12, 78, 11.053, 10.930
Tue Jan 10 19:27:02 EST 2017, 5521, 0.570, 6, 0.450, 421, 71, 8, 37, 33, 15.230, 15.353
Tue Jan 10 19:30:08 EST 2017, 7996, 0.320, 9, 0.700, 346, 49, 3, 0, 55, 1.500, 1.373
Tue Jan 10 19:32:34 EST 2017, 3046, 0.820, 3, 0.200, 496, 94, 13, 25, 10, 23.020, 18.663
Tue Jan 10 19:36:25 EST 2017, 4283, 0.450, 7, 0.820, 308, 83, 15, 43, 89, 65.463, 68.730
Tue Jan 10 19:38:26 EST 2017, 9233, 0.950, 1, 0.320, 458, 38, 6, 18, 44, 4.683, 3.433
Tue Jan 10 19:40:27 EST 2017, 6758, 0.200, 4, 0.570, 533, 60, 1, 31, 67, 2.877, 2.917
Tue Jan 10 19:42:28 EST 2017, 1808, 0.700, 10, 0.070, 383, 15, 10, 6, 22, 0.320, 0.410
Tue Jan 10 19:44:48 EST 2017, 2427, 0.260, 3, 0.260, 440, 10, 19, 34, 95, 14.563, 14.657
Tue Jan 10 19:46:44 EST 2017, 7377, 0.760, 9, 0.760, 590, 55, 9, 9, 50, 14.090, 14.580
Tue Jan 10 19:50:40 EST 2017, 9852, 0.010, 6, 0.010, 515, 32, 4, 46, 72, 7.037, 7.130
Tue Jan 10 19:52:51 EST 2017, 4902, 0.510, 0, 0.510, 365, 77, 14, 21, 27, 12.833, 13.333
Tue Jan 10 20:01:55 EST 2017, 3665, 0.140, 11, 0.380, 477, 88, 16, 3, 84, 26.770, 0.000
Tue Jan 10 20:03:00 EST 2017, 8615, 0.640, 5, 0.880, 327, 43, 7, 28, 39, 5.913, 5.813
Tue Jan 10 20:04:51 EST 2017, 6140, 0.390, 2, 0.130, 402, 66, 2, 15, 61, 2.830, 2.753
Tue Jan 10 20:05:47 EST 2017, 1190, 0.890, 8, 0.630, 552, 21, 11, 40, 16, 0.087, 0.113
Tue Jan 10 20:07:54 EST 2017, 880, 0.420, 10, 0.600, 505, 46, 9, 29, 13, 3.887, 3.903
Tue Jan 10 20:15:32 EST 2017, 5830, 0.920, 4, 0.100, 355, 91, 18, 4, 58, 59.507, 0.000
Tue Jan 10 20:15:57 EST 2017, 8305, 0.170, 1, 0.850, 430, 24, 13, 42, 36, 3.050, 3.103
Tue Jan 10 20:17:13 EST 2017, 3355, 0.670, 7, 0.350, 580, 69, 4, 17, 81, 18.277, 19.020
Tue Jan 10 20:18:58 EST 2017, 4593, 0.040, 5, 0.730, 393, 57, 6, 10, 25, 1.873, 1.790
Tue Jan 10 20:21:19 EST 2017, 9543, 0.540, 11, 0.230, 543, 12, 16, 35, 70, 17.383, 19.417
Tue Jan 10 20:25:26 EST 2017, 7068, 0.290, 8, 0.980, 468, 80, 11, 23, 47, 19.737, 20.837
Tue Jan 10 20:29:12 EST 2017, 2118, 0.790, 2, 0.480, 318, 35, 1, 48, 92, 2.313, 2.293
Tue Jan 10 20:32:18 EST 2017, 1499, 0.230, 6, 0.160, 374, 41, 10, 20, 30, 5.007, 4.837
Tue Jan 10 20:37:15 EST 2017, 6449, 0.730, 0, 0.660, 524, 86, 19, 45, 75, 164.037, 174.583
Tue Jan 10 20:40:31 EST 2017, 8924, 0.480, 3, 0.410, 599, 18, 14, 7, 53, 10.153, 9.937
Tue Jan 10 20:45:02 EST 2017, 3974, 0.980, 9, 0.910, 449, 63, 5, 32, 98, 32.643, 30.950
Tue Jan 10 20:48:44 EST 2017, 2736, 0.360, 2, 0.040, 561, 74, 7, 39, 19, 10.957, 8.450
Tue Jan 10 20:52:55 EST 2017, 7686, 0.860, 8, 0.540, 411, 29, 17, 14, 64, 15.517, 14.143
Tue Jan 10 20:56:56 EST 2017, 5211, 0.110, 11, 0.290, 336, 97, 12, 26, 41, 16.573, 17.653
Tue Jan 10 21:00:12 EST 2017, 261, 0.610, 5, 0.790, 486, 52, 3, 1, 86, 4.237, 4.290
Tue Jan 10 21:01:48 EST 2017, 339, 0.210, 11, 0.660, 419, 36, 15, 18, 46, 9.410, 9.503
Tue Jan 10 21:05:39 EST 2017, 5289, 0.710, 5, 0.160, 569, 81, 5, 43, 91, 55.143, 54.850
Tue Jan 10 21:06:45 EST 2017, 7764, 0.460, 2, 0.910, 494, 13, 1, 5, 24, 0.237, 0.230
Tue Jan 10 21:08:46 EST 2017, 2814, 0.960, 8, 0.410, 344, 58, 10, 30, 69, 0.113, 0.113
Tue Jan 10 21:10:27 EST 2017, 4051, 0.330, 3, 0.530, 456, 69, 17, 49, 35, 35.237, 32.480
Tue Jan 10 21:11:53 EST 2017, 9001, 0.830, 9, 0.030, 306, 24, 8, 24, 80, 0.110, 0.113
Tue Jan 10 21:12:59 EST 2017, 6526, 0.080, 6, 0.780, 381, 92, 3, 37, 13, 1.913, 1.820
Tue Jan 10 21:17:21 EST 2017, 1576, 0.580, 0, 0.280, 531, 47, 13, 12, 58, 19.290, 111.283
Tue Jan 10 21:21:43 EST 2017, 2195, 0.390, 8, 0.090, 587, 52, 16, 33, 41, 36.607, 34.663
Tue Jan 10 21:27:14 EST 2017, 7145, 0.890, 2, 0.590, 437, 97, 7, 8, 86, 20.463, 122.793
Tue Jan 10 21:29:15 EST 2017, 9620, 0.140, 5, 0.340, 362, 30, 2, 46, 18, 0.883, 0.877
Tue Jan 10 21:30:56 EST 2017, 4670, 0.640, 11, 0.840, 512, 75, 11, 21, 63, 35.053, 36.190
Tue Jan 10 21:35:17 EST 2017, 3433, 0.020, 1, 0.220, 325, 64, 18, 2, 52, 3.503, 37.310
Tue Jan 10 21:38:38 EST 2017, 8383, 0.520, 7, 0.720, 475, 19, 9, 27, 97, 11.820, 12.763
Tue Jan 10 21:40:39 EST 2017, 5908, 0.270, 10, 0.470, 550, 86, 4, 15, 29, 5.190, 4.987
Tue Jan 10 21:43:05 EST 2017, 958, 0.770, 4, 0.970, 400, 41, 14, 40, 74, 32.417, 32.637
Tue Jan 10 21:45:37 EST 2017, 1267, 0.300, 2, 0.750, 353, 16, 6, 26, 66, 2.020, 2.063
Tue Jan 10 21:49:58 EST 2017, 6217, 0.800, 8, 0.250, 503, 61, 15, 1, 21, 7.083, 16.270
Tue Jan 10 21:54:10 EST 2017, 8692, 0.050, 11, 0.500, 578, 38, 11, 38, 89, 26.970, 30.333
Tue Jan 10 21:57:52 EST 2017, 3742, 0.550, 5, 0.000, 428, 83, 1, 13, 44, 2.193, 2.160
Tue Jan 10 22:01:03 EST 2017, 4979, 0.180, 6, 0.880, 540, 95, 8, 7, 55, 12.033, 12.487
Tue Jan 10 22:04:54 EST 2017, 9929, 0.680, 0, 0.380, 390, 50, 18, 32, 10, 6.470, 6.383
Tue Jan 10 22:06:20 EST 2017, 7454, 0.430, 3, 0.630, 315, 72, 13, 19, 77, 21.540, 23.710
Tue Jan 10 22:07:56 EST 2017, 2504, 0.930, 9, 0.130, 465, 27, 4, 44, 32, 0.080, 0.077
Tue Jan 10 22:09:01 EST 2017, 1886, 0.110, 4, 0.440, 522, 22, 7, 23, 60, 4.650, 4.810
Tue Jan 10 22:11:12 EST 2017, 6836, 0.610, 10, 0.940, 372, 67, 17, 48, 15, 14.190, 14.327
Tue Jan 10 22:16:09 EST 2017, 9311, 0.360, 7, 0.190, 447, 44, 12, 10, 83, 18.140, 212.340
Tue Jan 10 22:19:05 EST 2017, 4361, 0.860, 1, 0.690, 597, 89, 2, 35, 38, 3.833, 3.820
Tue Jan 10 22:21:51 EST 2017, 3123, 0.490, 9, 0.310, 409, 78, 10, 41, 72, 47.040, 49.177
Tue Jan 10 22:24:07 EST 2017, 8073, 0.990, 3, 0.810, 559, 33, 19, 16, 27, 0.233, 0.180
Tue Jan 10 22:30:40 EST 2017, 5598, 0.240, 0, 0.060, 484, 55, 14, 29, 94, 45.757, 0.000
Tue Jan 10 22:32:20 EST 2017, 648, 0.740, 6, 0.560, 334, 10, 5, 4, 49, 0.853, 1.060
Tue Jan 10 22:38:50 EST 2017, 493, 0.440, 5, 0.230, 545, 93, 10, 47, 98, 123.030, 0.000
Tue Jan 10 23:41:40 EST 2017, 5443, 0.940, 11, 0.730, 395, 48, 1, 22, 53, 0.103, 0.103
Tue Jan 10 23:43:55 EST 2017, 7918, 0.190, 8, 0.480, 320, 71, 6, 34, 76, 14.417, 14.147
Tue Jan 10 23:46:46 EST 2017, 2968, 0.690, 2, 0.980, 470, 26, 15, 9, 31, 2.973, 2.837
Tue Jan 10 23:48:52 EST 2017, 4206, 0.070, 10, 0.110, 358, 14, 13, 16, 87, 5.423, 5.550
Tue Jan 10 23:50:58 EST 2017, 9156, 0.570, 4, 0.610, 508, 59, 3, 41, 42, 7.350, 7.307
Tue Jan 10 23:54:56 EST 2017, 6681, 0.320, 1, 0.360, 583, 37, 8, 3, 65, 3.280, 3.307
Tue Jan 10 23:57:18 EST 2017, 1731, 0.820, 7, 0.860, 433, 82, 18, 28, 20, 21.647, 21.967
Wed Jan 11 00:00:39 EST 2017, 2350, 0.130, 1, 0.550, 376, 88, 12, 0, 82, 5.790, 13.800
Wed Jan 11 00:03:05 EST 2017, 7300, 0.630, 7, 0.050, 526, 43, 2, 25, 37, 3.217, 3.130
Wed Jan 11 00:07:11 EST 2017, 9775, 0.380, 10, 0.800, 451, 65, 7, 12, 59, 10.323, 10.320
Wed Jan 11 00:09:02 EST 2017, 4825, 0.880, 4, 0.300, 301, 20, 16, 37, 14, 0.080, 0.080
Wed Jan 11 00:12:33 EST 2017, 3587, 0.250, 6, 0.670, 489, 31, 14, 31, 93, 26.043, 26.847
Wed Jan 11 00:15:14 EST 2017, 8537, 0.750, 0, 0.170, 339, 76, 4, 6, 48, 4.997, 5.160
Wed Jan 11 00:17:30 EST 2017, 6062, 0.000, 3, 0.920, 414, 54, 9, 44, 70, 16.007, 14.290
Wed Jan 11 00:21:46 EST 2017, 1112, 0.500, 9, 0.420, 564, 99, 19, 19, 25, 31.810, 32.743
Wed Jan 11 00:22:21 EST 2017, 803, 0.040, 8, 0.330, 479, 74, 2, 8, 28, 1.343, 1.303
Wed Jan 11 00:23:32 EST 2017, 5753, 0.540, 2, 0.830, 329, 29, 11, 33, 73, 8.813, 8.853
Wed Jan 11 00:25:03 EST 2017, 8228, 0.290, 5, 0.080, 404, 96, 16, 20, 51, 38.017, 34.747
Wed Jan 11 00:28:14 EST 2017, 3278, 0.790, 11, 0.580, 554, 51, 6, 45, 96, 43.340, 46.043
Wed Jan 11 00:29:34 EST 2017, 4515, 0.410, 0, 0.450, 442, 40, 4, 26, 17, 1.897, 1.883
Wed Jan 11 00:31:05 EST 2017, 9465, 0.910, 6, 0.950, 592, 85, 13, 1, 62, 29.570, 30.040
Wed Jan 11 00:34:51 EST 2017, 6990, 0.160, 9, 0.200, 517, 17, 18, 39, 39, 9.983, 10.430
Wed Jan 11 00:37:02 EST 2017, 2040, 0.660, 3, 0.700, 367, 62, 9, 14, 84, 16.480, 17.293
Wed Jan 11 00:40:48 EST 2017, 1422, 0.350, 11, 0.890, 311, 57, 3, 42, 11, 1.280, 1.263
Wed Jan 11 00:42:54 EST 2017, 6372, 0.850, 5, 0.390, 461, 12, 12, 17, 56, 0.153, 0.150
Wed Jan 11 00:45:10 EST 2017, 8847, 0.100, 2, 0.640, 536, 79, 17, 30, 34, 18.183, 17.950
Wed Jan 11 00:49:56 EST 2017, 3897, 0.600, 8, 0.140, 386, 34, 7, 5, 79, 7.147, 53.303
Wed Jan 11 00:54:02 EST 2017, 2659, 0.220, 4, 0.770, 573, 45, 5, 23, 22, 2.683, 2.740
Wed Jan 11 00:56:58 EST 2017, 7609, 0.720, 10, 0.270, 423, 90, 15, 48, 67, 104.347, 116.567
Wed Jan 11 00:59:14 EST 2017, 5134, 0.470, 7, 0.520, 348, 23, 19, 11, 45, 6.853, 7.333
Wed Jan 11 01:02:15 EST 2017, 184, 0.970, 1, 0.020, 498, 68, 10, 36, 90, 0.863, 1.043
Wed Jan 11 01:05:01 EST 2017, 223, 0.020, 3, 0.580, 342, 99, 16, 28, 93, 40.203, 41.983
Wed Jan 11 01:08:57 EST 2017, 5173, 0.520, 9, 0.080, 492, 54, 6, 3, 48, 6.097, 33.373
Wed Jan 11 01:12:38 EST 2017, 7648, 0.270, 6, 0.830, 567, 77, 2, 40, 71, 10.580, 10.390
Wed Jan 11 01:16:34 EST 2017, 2698, 0.770, 0, 0.330, 417, 32, 11, 15, 26, 5.170, 5.457
Wed Jan 11 01:21:25 EST 2017, 3935, 0.390, 11, 0.710, 530, 20, 18, 9, 82, 12.083, 48.173
Wed Jan 11 01:25:01 EST 2017, 8885, 0.890, 5, 0.210, 380, 65, 9, 34, 37, 21.217, 22.983
Wed Jan 11 01:28:47 EST 2017, 6410, 0.140, 2, 0.960, 305, 43, 4, 22, 59, 2.097, 2.100
Wed Jan 11 01:30:28 EST 2017, 1460, 0.640, 8, 0.460, 455, 88, 14, 47, 14, 18.967, 18.640
Wed Jan 11 01:38:15 EST 2017, 2079, 0.330, 0, 0.140, 511, 82, 15, 18, 87, 59.043, 0.000
Wed Jan 11 01:40:06 EST 2017, 7029, 0.830, 6, 0.640, 361, 37, 5, 43, 42, 7.050, 7.220
Wed Jan 11 01:41:02 EST 2017, 9504, 0.080, 9, 0.390, 436, 60, 1, 6, 65, 1.310, 1.317
Wed Jan 11 01:43:07 EST 2017, 4554, 0.580, 3, 0.890, 586, 15, 10, 31, 20, 2.387, 2.467
Wed Jan 11 01:47:39 EST 2017, 3317, 0.200, 7, 0.020, 399, 26, 17, 37, 99, 28.120, 31.327
Wed Jan 11 01:49:24 EST 2017, 8267, 0.700, 1, 0.520, 549, 71, 8, 12, 54, 9.583, 10.220
Wed Jan 11 01:53:16 EST 2017, 5792, 0.450, 4, 0.270, 474, 49, 3, 25, 76, 7.590, 7.520
Wed Jan 11 01:54:41 EST 2017, 842, 0.950, 10, 0.770, 324, 94, 12, 0, 31, 7.073, 23.507
Wed Jan 11 01:56:18 EST 2017, 1151, 0.480, 6, 0.990, 427, 68, 7, 14, 23, 3.887, 3.890
Wed Jan 11 01:58:14 EST 2017, 6101, 0.980, 0, 0.490, 577, 23, 17, 39, 68, 0.097, 0.077
Wed Jan 11 02:00:16 EST 2017, 8576, 0.230, 3, 0.740, 502, 91, 12, 1, 45, 8.250, 8.343
Wed Jan 11 02:02:21 EST 2017, 3626, 0.730, 9, 0.240, 352, 46, 2, 26, 90, 6.177, 6.103
Wed Jan 11 02:04:17 EST 2017, 4863, 0.110, 1, 0.860, 464, 35, 9, 45, 12, 1.330, 1.293
Wed Jan 11 02:10:44 EST 2017, 9813, 0.610, 7, 0.360, 314, 80, 19, 20, 57, 37.367, 269.660
Wed Jan 11 02:11:24 EST 2017, 7338, 0.360, 10, 0.610, 389, 12, 14, 33, 34, 3.923, 4.117
Wed Jan 11 02:13:40 EST 2017, 2388, 0.860, 4, 0.110, 539, 57, 5, 8, 79, 5.467, 0.117
Wed Jan 11 02:15:31 EST 2017, 1770, 0.170, 10, 0.300, 595, 63, 6, 36, 17, 5.503, 5.550
Wed Jan 11 02:17:37 EST 2017, 6720, 0.670, 4, 0.800, 445, 18, 15, 11, 62, 6.960, 7.643
Wed Jan 11 02:19:48 EST 2017, 9195, 0.420, 1, 0.050, 370, 85, 11, 48, 40, 16.103, 15.647
Wed Jan 11 02:23:36 EST 2017, 4245, 0.920, 7, 0.550, 520, 40, 1, 23, 85, 0.083, 0.087
Wed Jan 11 02:25:42 EST 2017, 3007, 0.300, 5, 0.430, 333, 51, 8, 4, 28, 2.103, 2.133
Wed Jan 11 02:29:39 EST 2017, 7957, 0.800, 11, 0.930, 483, 96, 18, 29, 73, 117.917, 115.050
Wed Jan 11 02:30:55 EST 2017, 5482, 0.050, 8, 0.180, 558, 29, 13, 17, 51, 8.753, 9.243
Wed Jan 11 02:32:55 EST 2017, 532, 0.550, 2, 0.680, 408, 74, 4, 42, 96, 17.267, 17.140
Wed Jan 11 02:33:51 EST 2017, 687, 0.250, 9, 0.000, 469, 42, 12, 11, 52, 10.180, 10.820
Wed Jan 11 02:35:55 EST 2017, 5637, 0.750, 3, 0.500, 319, 87, 2, 36, 97, 10.513, 10.403
Wed Jan 11 02:37:51 EST 2017, 8112, 0.000, 0, 0.250, 394, 19, 7, 24, 30, 1.800, 1.820
Wed Jan 11 02:41:27 EST 2017, 3162, 0.500, 6, 0.750, 544, 64, 16, 49, 75, 91.157, 95.667
Wed Jan 11 02:44:25 EST 2017, 4399, 0.130, 5, 0.130, 431, 75, 14, 30, 41, 23.907, 21.080
Wed Jan 11 02:46:07 EST 2017, 9349, 0.630, 11, 0.630, 581, 30, 4, 5, 86, 5.343, 5.260
Wed Jan 11 02:48:21 EST 2017, 6874, 0.380, 8, 0.380, 506, 98, 9, 43, 19, 16.140, 15.887
Wed Jan 11 02:50:32 EST 2017, 1924, 0.880, 2, 0.880, 356, 53, 19, 18, 64, 21.713, 28.600
Wed Jan 11 02:54:15 EST 2017, 2543, 0.060, 7, 0.690, 300, 47, 10, 40, 35, 6.550, 6.593
Wed Jan 11 02:56:17 EST 2017, 7493, 0.560, 1, 0.190, 450, 92, 1, 15, 80, 2.460, 2.313
Wed Jan 11 02:58:17 EST 2017, 9968, 0.310, 4, 0.940, 525, 25, 6, 27, 13, 1.243, 1.307
Wed Jan 11 03:07:55 EST 2017, 5018, 0.810, 10, 0.440, 375, 70, 15, 2, 58, 17.913, 0.000
Wed Jan 11 03:10:36 EST 2017, 3781, 0.440, 2, 0.570, 563, 58, 13, 21, 47, 18.953, 18.450
Wed Jan 11 03:14:22 EST 2017, 8731, 0.940, 8, 0.070, 413, 13, 3, 46, 92, 0.090, 0.090
Wed Jan 11 03:16:28 EST 2017, 6256, 0.190, 11, 0.820, 338, 81, 8, 8, 24, 3.100, 3.040
Wed Jan 11 03:19:29 EST 2017, 1306, 0.690, 5, 0.320, 488, 36, 17, 33, 69, 60.780, 57.113
Wed Jan 11 03:22:35 EST 2017, 996, 0.220, 0, 0.410, 553, 11, 3, 44, 72, 2.793, 2.790
Wed Jan 11 03:24:46 EST 2017, 5946, 0.720, 6, 0.910, 403, 56, 12, 19, 27, 8.883, 8.880
Wed Jan 11 03:29:27 EST 2017, 8421, 0.470, 9, 0.160, 328, 33, 17, 32, 95, 31.587, 88.770
Wed Jan 11 03:31:18 EST 2017, 3471, 0.970, 3, 0.660, 478, 78, 7, 7, 50, 12.513, 30.847
Wed Jan 11 03:33:59 EST 2017, 4709, 0.340, 8, 0.290, 366, 89, 5, 13, 61, 9.413, 9.460
Wed Jan 11 03:35:04 EST 2017, 9659, 0.840, 2, 0.790, 516, 44, 15, 38, 16, 8.270, 8.310
Wed Jan 11 03:44:42 EST 2017, 7184, 0.090, 5, 0.040, 591, 67, 19, 0, 83, 24.607, 0.000
Wed Jan 11 03:45:13 EST 2017, 2234, 0.590, 11, 0.540, 441, 22, 10, 25, 38, 6.150, 6.390
Wed Jan 11 03:47:08 EST 2017, 1615, 0.410, 3, 0.850, 385, 27, 1, 4, 55, 0.487, 0.480
Wed Jan 11 03:49:14 EST 2017, 6565, 0.910, 9, 0.350, 535, 72, 11, 29, 10, 0.097, 0.113
Wed Jan 11 03:54:41 EST 2017, 9040, 0.160, 6, 0.600, 460, 50, 16, 16, 78, 21.850, 113.993
Wed Jan 11 03:55:32 EST 2017, 4090, 0.660, 0, 0.100, 310, 95, 6, 41, 33, 12.937, 13.310
Wed Jan 11 03:57:32 EST 2017, 2852, 0.030, 10, 0.970, 497, 84, 4, 35, 66, 13.143, 13.113
Wed Jan 11 03:59:23 EST 2017, 7802, 0.530, 4, 0.470, 347, 39, 13, 10, 21, 3.420, 3.453
Wed Jan 11 04:00:54 EST 2017, 5327, 0.280, 1, 0.720, 422, 61, 18, 47, 89, 32.560, 34.343
Wed Jan 11 04:02:20 EST 2017, 377, 0.780, 7, 0.220, 572, 16, 9, 22, 44, 0.110, 0.110
Wed Jan 11 04:04:26 EST 2017, 300, 0.380, 1, 0.340, 321, 21, 14, 6, 84, 3.197, 3.657
Wed Jan 11 04:06:39 EST 2017, 5250, 0.880, 7, 0.840, 471, 66, 5, 31, 39, 12.447, 12.317
Wed Jan 11 04:08:45 EST 2017, 7725, 0.130, 10, 0.090, 546, 44, 9, 19, 61, 12.577, 15.883
Wed Jan 11 04:10:55 EST 2017, 2775, 0.630, 4, 0.590, 396, 89, 19, 44, 16, 23.070, 22.957
Wed Jan 11 04:13:31 EST 2017, 4013, 0.010, 6, 0.460, 584, 77, 12, 25, 95, 46.127, 55.860
Wed Jan 11 04:14:32 EST 2017, 8963, 0.510, 0, 0.960, 434, 32, 2, 0, 50, 0.747, 0.697
Wed Jan 11 04:16:55 EST 2017, 6488, 0.260, 3, 0.210, 359, 55, 7, 38, 73, 14.400, 14.397
Wed Jan 11 04:17:41 EST 2017, 1538, 0.760, 9, 0.710, 509, 10, 16, 13, 28, 3.097, 3.263
Wed Jan 11 04:18:52 EST 2017, 2156, 0.200, 5, 0.900, 453, 16, 13, 41, 90, 11.267, 11.480
Wed Jan 11 04:22:48 EST 2017, 7106, 0.700, 11, 0.400, 303, 61, 3, 16, 45, 3.570, 3.553
Wed Jan 11 04:24:59 EST 2017, 9581, 0.450, 8, 0.650, 378, 38, 8, 28, 67, 11.007, 11.213
Wed Jan 11 04:26:50 EST 2017, 4631, 0.950, 2, 0.150, 528, 83, 18, 3, 22, 0.120, 0.097
Wed Jan 11 04:29:26 EST 2017, 3394, 0.320, 9, 0.780, 415, 94, 11, 22, 78, 35.747, 35.987
Wed Jan 11 04:29:52 EST 2017, 8344, 0.820, 3, 0.280, 565, 49, 1, 47, 33, 0.823, 0.093
Wed Jan 11 04:30:57 EST 2017, 5869, 0.070, 0, 0.530, 490, 72, 6, 9, 56, 6.577, 6.947
Wed Jan 11 04:32:58 EST 2017, 919, 0.570, 6, 0.030, 340, 27, 15, 34, 11, 3.793, 3.660
Wed Jan 11 04:34:59 EST 2017, 1228, 0.100, 11, 0.180, 406, 52, 5, 49, 19, 3.580, 3.620
Wed Jan 11 04:40:27 EST 2017, 6178, 0.600, 5, 0.680, 556, 97, 15, 24, 64, 72.803, 145.293
Wed Jan 11 04:41:18 EST 2017, 8653, 0.350, 2, 0.430, 481, 30, 19, 36, 42, 17.147, 15.493
Wed Jan 11 04:43:29 EST 2017, 3703, 0.850, 8, 0.930, 331, 75, 10, 11, 87, 23.630, 23.820
Wed Jan 11 05:47:28 EST 2017, 4941, 0.480, 4, 0.060, 518, 63, 3, 17, 31, 3.493, 3.483
Wed Jan 11 05:50:29 EST 2017, 9891, 0.980, 10, 0.560, 368, 18, 12, 42, 76, 0.093, 0.087
Wed Jan 11 05:59:47 EST 2017, 7416, 0.230, 7, 0.310, 443, 86, 17, 5, 53, 20.333, 0.000
Wed Jan 11 06:01:03 EST 2017, 2466, 0.730, 1, 0.810, 593, 41, 8, 30, 98, 15.503, 15.703
Wed Jan 11 06:02:54 EST 2017, 1847, 0.290, 7, 0.500, 537, 35, 4, 2, 25, 1.083, 1.130
Wed Jan 11 06:06:10 EST 2017, 6797, 0.790, 1, 0.000, 387, 80, 13, 27, 70, 51.443, 65.620
Wed Jan 11 06:07:56 EST 2017, 9272, 0.040, 4, 0.750, 312, 13, 18, 14, 47, 2.287, 2.167
Wed Jan 11 06:11:47 EST 2017, 4322, 0.540, 10, 0.250, 462, 58, 9, 39, 92, 46.013, 86.687
Wed Jan 11 06:14:04 EST 2017, 3084, 0.160, 0, 0.620, 349, 69, 2, 33, 14, 1.087, 1.133
Wed Jan 11 06:18:32 EST 2017, 8034, 0.660, 6, 0.120, 499, 24, 11, 8, 59, 10.933, 20.753
Wed Jan 11 06:23:14 EST 2017, 5559, 0.410, 9, 0.870, 574, 91, 16, 45, 36, 56.863, 57.883
Wed Jan 11 06:27:20 EST 2017, 609, 0.910, 3, 0.370, 424, 46, 6, 20, 81, 0.127, 0.533
Wed Jan 11 06:29:42 EST 2017, 455, 0.150, 8, 0.790, 495, 56, 19, 27, 35, 19.503, 18.847
Wed Jan 11 06:31:33 EST 2017, 5405, 0.650, 2, 0.290, 345, 11, 9, 2, 80, 2.497, 3.753
Wed Jan 11 06:32:34 EST 2017, 7880, 0.400, 5, 0.540, 420, 79, 4, 40, 12, 2.897, 2.850
Wed Jan 11 06:34:34 EST 2017, 2930, 0.900, 11, 0.040, 570, 34, 14, 15, 57, 0.107, 0.097
Wed Jan 11 06:38:41 EST 2017, 4167, 0.270, 1, 0.920, 382, 45, 16, 9, 46, 3.467, 3.320
Wed Jan 11 06:41:57 EST 2017, 9117, 0.770, 7, 0.420, 532, 90, 7, 34, 91, 65.167, 73.730
Wed Jan 11 06:44:49 EST 2017, 6642, 0.020, 10, 0.670, 457, 23, 2, 21, 23, 0.703, 0.713
Wed Jan 11 06:47:30 EST 2017, 1692, 0.520, 4, 0.170, 307, 68, 11, 46, 68, 40.883, 36.807
Wed Jan 11 06:50:27 EST 2017, 2311, 0.460, 11, 0.480, 363, 73, 17, 24, 52, 31.663, 34.047
Wed Jan 11 06:53:28 EST 2017, 7261, 0.960, 5, 0.980, 513, 28, 8, 49, 97, 30.113, 29.730
Wed Jan 11 06:57:01 EST 2017, 9736, 0.210, 2, 0.230, 588, 96, 3, 12, 29, 2.947, 2.873
Wed Jan 11 07:00:54 EST 2017, 4786, 0.710, 8, 0.730, 438, 51, 13, 37, 74, 44.803, 46.430
Wed Jan 11 07:04:30 EST 2017, 3549, 0.090, 3, 0.360, 551, 39, 15, 43, 40, 15.490, 16.063
Wed Jan 11 07:07:36 EST 2017, 8499, 0.590, 9, 0.860, 401, 84, 5, 18, 85, 17.137, 17.173
Wed Jan 11 07:10:27 EST 2017, 6024, 0.340, 6, 0.110, 326, 17, 1, 31, 18, 0.290, 0.107
Wed Jan 11 07:16:59 EST 2017, 1074, 0.840, 0, 0.610, 476, 62, 10, 6, 63, 15.950, 150.350
Wed Jan 11 07:20:00 EST 2017, 764, 0.370, 4, 0.640, 579, 87, 10, 17, 60, 27.833, 27.660
Wed Jan 11 07:22:41 EST 2017, 5714, 0.870, 10, 0.140, 429, 42, 19, 42, 15, 0.093, 0.097
Wed Jan 11 07:24:52 EST 2017, 8189, 0.120, 7, 0.890, 354, 65, 14, 4, 83, 11.533, 11.800
Wed Jan 11 07:27:48 EST 2017, 3239, 0.620, 1, 0.390, 504, 20, 5, 29, 38, 1.900, 1.937
Wed Jan 11 07:28:59 EST 2017, 4477, 0.240, 9, 0.510, 317, 31, 7, 48, 71, 9.527, 9.583
Wed Jan 11 07:31:10 EST 2017, 9427, 0.740, 3, 0.010, 467, 76, 17, 23, 26, 75.270, 42.583
Wed Jan 11 07:33:55 EST 2017, 6952, 0.490, 0, 0.760, 542, 54, 12, 35, 94, 54.493, 56.537
Wed Jan 11 07:37:02 EST 2017, 2002, 0.990, 6, 0.260, 392, 99, 2, 10, 49, 0.100, 0.100
Wed Jan 11 07:39:28 EST 2017, 1383, 0.050, 2, 0.070, 448, 93, 8, 32, 77, 20.380, 21.353
Wed Jan 11 07:44:20 EST 2017, 6333, 0.550, 8, 0.570, 598, 48, 18, 7, 32, 13.010, 49.767
Wed Jan 11 07:52:59 EST 2017, 8808, 0.300, 11, 0.320, 523, 70, 13, 45, 99, 85.077, 0.000
Wed Jan 11 07:57:35 EST 2017, 3858, 0.800, 5, 0.820, 373, 25, 4, 20, 54, 3.087, 3.037
Wed Jan 11 08:00:36 EST 2017, 2620, 0.430, 7, 0.200, 485, 14, 6, 1, 66, 2.437, 2.780
Wed Jan 11 08:02:42 EST 2017, 7570, 0.930, 1, 0.700, 335, 59, 16, 26, 21, 5.397, 6.100
Wed Jan 11 08:06:13 EST 2017, 5095, 0.180, 4, 0.450, 410, 37, 11, 13, 88, 10.477, 39.010
Wed Jan 11 08:08:55 EST 2017, 145, 0.680, 10, 0.950, 560, 82, 1, 38, 43, 5.170, 4.873
Wed Jan 11 08:12:56 EST 2017, 165, 0.180, 2, 0.180, 457, 48, 6, 35, 24, 3.327, 3.270
Wed Jan 11 08:19:23 EST 2017, 5115, 0.680, 8, 0.680, 307, 93, 16, 10, 69, 32.927, 0.000
Wed Jan 11 08:24:09 EST 2017, 7590, 0.430, 11, 0.430, 382, 26, 11, 48, 47, 11.413, 11.720
Wed Jan 11 08:26:15 EST 2017, 2640, 0.930, 5, 0.930, 532, 71, 2, 23, 92, 12.493, 12.403
Wed Jan 11 08:30:01 EST 2017, 3877, 0.310, 7, 0.060, 419, 59, 9, 4, 13, 1.880, 1.777
Wed Jan 11 08:32:17 EST 2017, 8827, 0.810, 1, 0.560, 569, 14, 18, 29, 58, 10.153, 13.383
Wed Jan 11 08:34:23 EST 2017, 6352, 0.060, 4, 0.310, 494, 82, 14, 17, 36, 13.500, 14.837
Wed Jan 11 08:36:24 EST 2017, 1402, 0.560, 10, 0.810, 344, 37, 4, 42, 81, 9.003, 8.893
Wed Jan 11 08:40:15 EST 2017, 2021, 0.490, 5, 0.620, 325, 42, 5, 13, 19, 1.340, 1.317
Wed Jan 11 08:42:21 EST 2017, 6971, 0.990, 11, 0.120, 475, 87, 15, 38, 64, 0.130, 0.133
Wed Jan 11 08:44:22 EST 2017, 9446, 0.240, 8, 0.870, 550, 20, 10, 1, 41, 1.690, 1.687
Wed Jan 11 08:46:28 EST 2017, 4496, 0.740, 2, 0.370, 400, 65, 1, 26, 86, 3.493, 3.373
Wed Jan 11 08:48:43 EST 2017, 3259, 0.120, 9, 0.740, 588, 76, 8, 45, 30, 16.397, 16.423
Wed Jan 11 08:55:55 EST 2017, 8209, 0.620, 3, 0.240, 438, 31, 17, 20, 75, 47.147, 109.167
Wed Jan 11 08:59:11 EST 2017, 5734, 0.370, 0, 0.990, 363, 99, 12, 32, 53, 29.513, 29.613
Wed Jan 11 09:00:57 EST 2017, 784, 0.870, 6, 0.490, 513, 54, 3, 7, 98, 10.287, 10.623
Wed Jan 11 09:07:43 EST 2017, 1093, 0.340, 10, 0.280, 541, 28, 17, 21, 89, 27.850, 163.103
Wed Jan 11 10:10:43 EST 2017, 6043, 0.840, 4, 0.780, 391, 73, 7, 46, 44, 20.933, 20.110
Wed Jan 11 10:14:29 EST 2017, 8518, 0.090, 1, 0.030, 316, 51, 2, 9, 67, 0.923, 0.920
Wed Jan 11 10:15:49 EST 2017, 3568, 0.590, 7, 0.530, 466, 96, 12, 34, 22, 21.380, 21.593
Wed Jan 11 10:18:35 EST 2017, 4805, 0.210, 3, 0.400, 353, 85, 19, 40, 78, 62.613, 59.697
Wed Jan 11 10:20:46 EST 2017, 9755, 0.710, 9, 0.900, 503, 40, 9, 15, 33, 6.680, 6.623
Wed Jan 11 10:25:02 EST 2017, 7280, 0.460, 6, 0.150, 578, 62, 5, 28, 55, 16.120, 16.173
Wed Jan 11 10:26:48 EST 2017, 2330, 0.960, 0, 0.650, 428, 17, 14, 3, 10, 0.077, 0.057
Wed Jan 11 10:30:14 EST 2017, 1712, 0.030, 8, 0.960, 410, 11, 15, 31, 83, 5.633, 5.593
Wed Jan 11 10:32:15 EST 2017, 6662, 0.530, 2, 0.460, 560, 56, 6, 6, 38, 4.500, 4.273
Wed Jan 11 10:34:16 EST 2017, 9137, 0.280, 5, 0.710, 485, 34, 1, 43, 61, 1.893, 1.903
Wed Jan 11 10:36:22 EST 2017, 4187, 0.780, 11, 0.210, 335, 79, 11, 18, 16, 6.793, 6.443
Wed Jan 11 10:37:52 EST 2017, 2949, 0.400, 1, 0.840, 522, 90, 18, 12, 95, 29.313, 32.613
Wed Jan 11 10:40:18 EST 2017, 7899, 0.900, 7, 0.340, 372, 45, 8, 37, 50, 0.107, 0.103
Wed Jan 11 10:41:29 EST 2017, 5424, 0.150, 10, 0.590, 447, 68, 3, 24, 72, 7.467, 7.437
Wed Jan 11 10:43:14 EST 2017, 474, 0.650, 4, 0.090, 597, 23, 13, 49, 27, 50.617, 41.593
Wed Jan 11 10:48:26 EST 2017, 629, 0.420, 7, 0.730, 358, 80, 2, 5, 76, 3.617, 3.533
Wed Jan 11 10:50:42 EST 2017, 5579, 0.920, 1, 0.230, 508, 35, 12, 30, 31, 12.093, 13.063
Wed Jan 11 10:55:08 EST 2017, 8054, 0.170, 4, 0.980, 583, 58, 16, 17, 99, 36.947, 38.457
Wed Jan 11 10:58:44 EST 2017, 3104, 0.670, 10, 0.480, 433, 13, 7, 42, 54, 5.717, 5.950
Wed Jan 11 11:00:15 EST 2017, 4341, 0.040, 0, 0.600, 546, 24, 4, 36, 65, 4.580, 4.603
Wed Jan 11 11:02:21 EST 2017, 9291, 0.540, 6, 0.100, 396, 69, 14, 11, 20, 8.750, 7.990
Wed Jan 11 11:06:02 EST 2017, 6816, 0.290, 9, 0.850, 321, 47, 19, 49, 88, 45.907, 45.863
Wed Jan 11 12:09:16 EST 2017, 1866, 0.790, 3, 0.350, 471, 92, 9, 24, 43, 36.037, 29.647
Wed Jan 11 12:10:47 EST 2017, 2485, 0.230, 11, 0.040, 489, 97, 1, 46, 60, 5.810, 5.837
Wed Jan 11 12:12:48 EST 2017, 7435, 0.730, 5, 0.540, 339, 52, 10, 21, 15, 3.967, 3.903
Wed Jan 11 12:19:50 EST 2017, 9910, 0.480, 2, 0.290, 414, 75, 15, 33, 82, 65.467, 225.180
Wed Jan 11 12:20:56 EST 2017, 4960, 0.980, 8, 0.790, 564, 30, 6, 8, 37, 0.080, 0.080
Wed Jan 11 12:21:52 EST 2017, 3723, 0.350, 3, 0.170, 377, 19, 3, 14, 71, 1.770, 1.797
Wed Jan 11 12:23:27 EST 2017, 8673, 0.850, 9, 0.670, 527, 64, 13, 39, 26, 26.897, 29.763
Wed Jan 11 12:30:35 EST 2017, 6198, 0.100, 6, 0.420, 452, 41, 17, 2, 93, 12.233, 0.000
Wed Jan 11 12:32:26 EST 2017, 1248, 0.600, 0, 0.920, 302, 86, 8, 27, 48, 14.367, 14.713
Wed Jan 11 12:35:38 EST 2017, 938, 0.070, 5, 0.820, 443, 61, 12, 38, 51, 19.523, 19.017
Wed Jan 11 12:38:20 EST 2017, 5888, 0.570, 11, 0.320, 593, 16, 3, 13, 96, 4.037, 4.440
Wed Jan 11 12:42:31 EST 2017, 8363, 0.320, 8, 0.570, 518, 83, 7, 25, 29, 10.193, 10.143
Wed Jan 11 12:51:33 EST 2017, 3413, 0.820, 2, 0.070, 368, 38, 17, 0, 74, 26.093, 0.000
Wed Jan 11 12:54:50 EST 2017, 4651, 0.450, 10, 0.950, 480, 49, 14, 19, 40, 13.690, 13.683
Wed Jan 11 12:58:46 EST 2017, 9601, 0.950, 4, 0.450, 330, 94, 5, 44, 85, 33.667, 70.643
Wed Jan 11 13:02:12 EST 2017, 7126, 0.200, 1, 0.700, 405, 27, 10, 6, 17, 0.617, 0.607
Wed Jan 11 13:06:08 EST 2017, 2176, 0.700, 7, 0.200, 555, 72, 19, 31, 62, 109.753, 104.803
Wed Jan 11 13:10:30 EST 2017, 1557, 0.260, 2, 0.380, 574, 66, 11, 10, 34, 7.727, 7.090
Wed Jan 11 13:12:25 EST 2017, 6507, 0.760, 8, 0.880, 424, 21, 1, 35, 79, 1.673, 1.717
Wed Jan 11 13:14:26 EST 2017, 8982, 0.010, 11, 0.130, 349, 89, 6, 22, 12, 2.010, 1.960
Wed Jan 11 13:17:12 EST 2017, 4032, 0.510, 5, 0.630, 499, 44, 16, 47, 57, 42.830, 43.527
Wed Jan 11 13:20:38 EST 2017, 2794, 0.130, 6, 0.260, 311, 33, 13, 28, 45, 6.863, 7.153
Wed Jan 11 13:22:44 EST 2017, 7744, 0.630, 0, 0.760, 461, 78, 4, 3, 90, 9.317, 9.270
Wed Jan 11 13:24:45 EST 2017, 5269, 0.380, 3, 0.010, 536, 10, 9, 41, 23, 3.050, 3.157
Wed Jan 11 13:32:01 EST 2017, 319, 0.880, 9, 0.510, 386, 55, 18, 16, 68, 38.000, 0.000
Wed Jan 11 13:32:47 EST 2017, 397, 0.280, 3, 0.880, 506, 73, 5, 1, 17, 1.137, 1.067
Wed Jan 11 13:35:13 EST 2017, 5347, 0.780, 9, 0.380, 356, 28, 14, 26, 62, 16.410, 24.910
Wed Jan 11 13:37:09 EST 2017, 7822, 0.030, 6, 0.630, 431, 95, 19, 13, 39, 18.407, 20.503
Wed Jan 11 13:39:45 EST 2017, 2872, 0.530, 0, 0.130, 581, 50, 9, 38, 84, 44.177, 49.157
Wed Jan 11 13:41:55 EST 2017, 4109, 0.160, 11, 0.750, 393, 39, 2, 32, 28, 1.323, 1.313
Wed Jan 11 13:52:23 EST 2017, 9059, 0.660, 5, 0.250, 543, 84, 12, 7, 73, 47.377, 0.000
Wed Jan 11 13:54:09 EST 2017, 6584, 0.410, 2, 0.500, 468, 16, 16, 44, 50, 9.890, 10.697
Wed Jan 11 13:54:59 EST 2017, 1634, 0.910, 8, 0.000, 318, 61, 7, 19, 95, 0.160, 0.130
Wed Jan 11 13:57:05 EST 2017, 2253, 0.100, 1, 0.310, 337, 56, 3, 47, 22, 1.077, 1.067
Wed Jan 11 13:59:16 EST 2017, 7203, 0.600, 7, 0.810, 487, 11, 13, 22, 67, 6.437, 6.923
Wed Jan 11 14:01:12 EST 2017, 9678, 0.350, 10, 0.060, 562, 78, 18, 35, 45, 59.783, 60.763
Wed Jan 11 14:11:24 EST 2017, 4728, 0.850, 4, 0.560, 412, 33, 8, 10, 90, 11.767, 55.903
Wed Jan 11 14:12:35 EST 2017, 3491, 0.470, 8, 0.440, 525, 45, 1, 16, 11, 0.510, 0.523
Wed Jan 11 14:15:06 EST 2017, 8441, 0.970, 2, 0.940, 375, 90, 10, 41, 56, 30.687, 31.000
Wed Jan 11 14:16:41 EST 2017, 5966, 0.220, 5, 0.190, 300, 22, 15, 4, 34, 2.133, 2.377
Wed Jan 11 14:19:07 EST 2017, 1016, 0.720, 11, 0.690, 450, 67, 6, 29, 79, 24.980, 25.640
Wed Jan 11 14:22:48 EST 2017, 1325, 0.190, 6, 0.530, 590, 92, 15, 43, 87, 115.987, 118.693
Wed Jan 11 14:24:59 EST 2017, 6275, 0.690, 0, 0.030, 440, 47, 5, 18, 42, 6.217, 6.557
Wed Jan 11 14:26:15 EST 2017, 8750, 0.440, 3, 0.780, 365, 70, 10, 30, 64, 19.453, 19.900
Wed Jan 11 14:27:01 EST 2017, 3800, 0.940, 9, 0.280, 515, 25, 19, 5, 19, 0.100, 0.080
Wed Jan 11 14:29:07 EST 2017, 5037, 0.310, 2, 0.660, 328, 14, 12, 24, 98, 4.733, 5.193
Wed Jan 11 14:30:22 EST 2017, 9987, 0.810, 8, 0.160, 478, 59, 3, 49, 53, 13.840, 13.903
Wed Jan 11 14:32:08 EST 2017, 7512, 0.060, 11, 0.910, 553, 36, 7, 12, 76, 6.377, 6.540
Wed Jan 11 14:33:33 EST 2017, 2562, 0.560, 5, 0.410, 403, 81, 17, 37, 31, 33.710, 31.240
Wed Jan 11 14:39:50 EST 2017, 1944, 0.380, 9, 0.220, 421, 87, 13, 8, 93, 37.383, 0.000
Wed Jan 11 14:50:43 EST 2017, 6894, 0.880, 3, 0.720, 571, 42, 4, 33, 48, 8.667, 8.390
Wed Jan 11 14:52:59 EST 2017, 9369, 0.130, 0, 0.470, 496, 64, 9, 21, 70, 17.963, 20.670
Wed Jan 11 14:54:50 EST 2017, 4419, 0.630, 6, 0.970, 346, 19, 18, 46, 25, 6.273, 6.193
Wed Jan 11 14:56:56 EST 2017, 3181, 0.000, 4, 0.100, 459, 30, 11, 27, 81, 10.903, 11.113
Wed Jan 11 14:58:47 EST 2017, 8131, 0.500, 10, 0.600, 309, 75, 2, 2, 36, 1.327, 1.280
Wed Jan 11 15:00:23 EST 2017, 5656, 0.250, 7, 0.350, 384, 53, 6, 40, 59, 11.633, 11.490
Wed Jan 11 15:02:19 EST 2017, 706, 0.750, 1, 0.850, 534, 98, 16, 15, 14, 5.377, 5.343
Wed Jan 11 15:04:20 EST 2017, 551, 0.050, 9, 0.460, 304, 18, 9, 33, 55, 3.403, 3.490
Wed Jan 11 15:06:20 EST 2017, 5501, 0.550, 3, 0.960, 454, 63, 18, 8, 10, 2.760, 2.703
Wed Jan 11 15:09:07 EST 2017, 7976, 0.300, 0, 0.210, 529, 40, 14, 45, 77, 40.737, 45.623
Wed Jan 11 15:10:33 EST 2017, 3026, 0.800, 6, 0.710, 379, 85, 4, 20, 32, 6.173, 6.117
Wed Jan 11 15:15:41 EST 2017, 4264, 0.420, 5, 0.330, 567, 97, 7, 1, 66, 13.210, 201.097
Wed Jan 11 15:16:57 EST 2017, 9214, 0.920, 11, 0.830, 417, 52, 16, 26, 21, 13.483, 13.800
Wed Jan 11 15:23:54 EST 2017, 6739, 0.170, 8, 0.080, 342, 74, 11, 14, 88, 20.247, 0.000
Wed Jan 11 15:24:59 EST 2017, 1789, 0.670, 2, 0.580, 492, 29, 2, 39, 43, 2.000, 2.043
Wed Jan 11 15:27:05 EST 2017, 2408, 0.360, 6, 0.770, 473, 23, 8, 17, 71, 5.820, 5.863
Wed Jan 11 15:28:26 EST 2017, 7358, 0.860, 0, 0.270, 323, 68, 17, 42, 26, 24.333, 25.827
Wed Jan 11 15:31:17 EST 2017, 9833, 0.110, 3, 0.520, 398, 46, 13, 4, 94, 8.820, 113.273
Wed Jan 11 15:38:09 EST 2017, 4883, 0.610, 9, 0.020, 548, 91, 3, 29, 49, 13.813, 13.627
Wed Jan 11 15:40:06 EST 2017, 3645, 0.240, 1, 0.890, 436, 80, 5, 48, 60, 8.260, 8.130
Wed Jan 11 15:42:12 EST 2017, 8595, 0.740, 7, 0.390, 586, 35, 15, 23, 15, 8.503, 8.410
Wed Jan 11 15:43:52 EST 2017, 6120, 0.490, 10, 0.640, 511, 57, 10, 36, 83, 43.283, 46.340
Wed Jan 11 15:54:25 EST 2017, 1170, 0.990, 4, 0.140, 361, 12, 1, 11, 38, 0.090, 0.093
Wed Jan 11 15:56:41 EST 2017, 861, 0.460, 0, 0.110, 389, 38, 19, 22, 35, 12.337, 12.857
Wed Jan 11 16:04:14 EST 2017, 5811, 0.960, 6, 0.610, 539, 83, 10, 47, 80, 107.477, 0.000
Wed Jan 11 16:05:39 EST 2017, 8286, 0.210, 9, 0.360, 464, 15, 5, 9, 12, 0.573, 0.623
Wed Jan 11 16:07:05 EST 2017, 3336, 0.710, 3, 0.860, 314, 60, 14, 34, 57, 22.207, 23.163
Wed Jan 11 16:09:26 EST 2017, 4573, 0.080, 7, 0.240, 501, 71, 17, 40, 46, 39.250, 41.163
Wed Jan 11 16:10:47 EST 2017, 9523, 0.580, 1, 0.740, 351, 26, 7, 15, 91, 3.130, 3.220
Wed Jan 11 16:12:48 EST 2017, 7048, 0.330, 4, 0.490, 426, 94, 2, 28, 24, 2.577, 2.543
Wed Jan 11 16:15:04 EST 2017, 2098, 0.830, 10, 0.990, 576, 49, 12, 3, 69, 13.933, 14.927
Wed Jan 11 16:17:20 EST 2017, 1480, 0.140, 4, 0.670, 557, 54, 18, 25, 52, 25.670, 26.890
Wed Jan 11 16:23:36 EST 2017, 6430, 0.640, 10, 0.170, 407, 99, 8, 0, 97, 24.197, 0.000
Wed Jan 11 16:24:22 EST 2017, 8905, 0.390, 7, 0.920, 332, 32, 4, 37, 29, 2.170, 2.200
Wed Jan 11 16:29:14 EST 2017, 3955, 0.890, 1, 0.420, 482, 77, 13, 12, 74, 28.897, 176.293
Wed Jan 11 16:31:14 EST 2017, 2717, 0.270, 11, 0.550, 370, 66, 16, 6, 41, 8.983, 52.743
Wed Jan 11 16:34:20 EST 2017, 7667, 0.770, 5, 0.050, 520, 21, 6, 31, 86, 0.110, 0.110
Wed Jan 11 16:36:21 EST 2017, 5192, 0.020, 2, 0.800, 595, 88, 1, 19, 18, 0.770, 0.733
Wed Jan 11 16:38:57 EST 2017, 242, 0.520, 8, 0.300, 445, 43, 11, 44, 63, 29.207, 29.680
Wed Jan 11 16:40:33 EST 2017, 203, 0.470, 11, 0.870, 582, 12, 3, 39, 61, 2.667, 2.603
Wed Jan 11 16:42:34 EST 2017, 5153, 0.970, 5, 0.370, 432, 57, 13, 14, 16, 0.083, 0.080
Wed Jan 11 16:44:50 EST 2017, 7628, 0.220, 2, 0.620, 357, 34, 18, 27, 83, 14.450, 14.863
Wed Jan 11 16:48:06 EST 2017, 2678, 0.720, 8, 0.120, 507, 79, 8, 2, 38, 9.473, 57.183
Wed Jan 11 16:50:46 EST 2017, 3916, 0.100, 4, 0.990, 319, 91, 1, 20, 72, 2.520, 2.460
Wed Jan 11 16:53:02 EST 2017, 8866, 0.600, 10, 0.490, 469, 46, 11, 45, 27, 14.693, 14.507
Wed Jan 11 17:00:34 EST 2017, 6391, 0.350, 7, 0.740, 544, 68, 15, 8, 94, 34.693, 0.000
Wed Jan 11 17:01:10 EST 2017, 1441, 0.850, 1, 0.240, 394, 23, 6, 33, 49, 3.663, 3.910
Wed Jan 11 17:03:10 EST 2017, 2060, 0.160, 7, 0.430, 413, 29, 5, 11, 66, 2.943, 3.017
Wed Jan 11 17:05:21 EST 2017, 7010, 0.660, 1, 0.930, 563, 74, 14, 36, 21, 9.187, 9.237
Wed Jan 11 17:12:29 EST 2017, 9485, 0.410, 4, 0.180, 488, 51, 19, 23, 89, 86.307, 0.000
Wed Jan 11 17:13:59 EST 2017, 4535, 0.910, 10, 0.680, 338, 96, 9, 48, 44, 35.237, 37.037
Wed Jan 11 17:15:35 EST 2017, 3297, 0.290, 0, 0.300, 451, 85, 2, 30, 55, 6.090, 5.943
Wed Jan 11 17:17:31 EST 2017, 8247, 0.790, 6, 0.800, 301, 40, 12, 5, 10, 1.157, 1.147
Wed Jan 11 17:20:22 EST 2017, 5772, 0.040, 9, 0.050, 376, 62, 16, 42, 77, 37.917, 46.320
Wed Jan 11 17:21:38 EST 2017, 822, 0.540, 3, 0.550, 526, 17, 7, 17, 32, 2.380, 2.360
Wed Jan 11 17:23:38 EST 2017, 1132, 0.010, 2, 0.710, 516, 43, 14, 3, 41, 2.937, 2.840
Wed Jan 11 17:25:54 EST 2017, 6082, 0.510, 8, 0.210, 366, 88, 4, 28, 86, 17.703, 18.353
Wed Jan 11 17:27:40 EST 2017, 8557, 0.260, 11, 0.960, 441, 20, 9, 16, 18, 1.303, 1.290
Wed Jan 11 17:31:56 EST 2017, 3607, 0.760, 5, 0.460, 591, 65, 18, 41, 63, 132.730, 127.550
Wed Jan 11 17:33:12 EST 2017, 4844, 0.380, 6, 0.580, 404, 77, 11, 34, 52, 27.607, 28.160
Wed Jan 11 17:34:47 EST 2017, 9794, 0.880, 0, 0.080, 554, 32, 2, 9, 97, 0.070, 0.080
Wed Jan 11 17:36:58 EST 2017, 7319, 0.130, 3, 0.830, 479, 99, 6, 47, 30, 10.887, 11.063
Wed Jan 11 17:42:55 EST 2017, 2369, 0.630, 9, 0.330, 329, 54, 16, 22, 75, 30.753, 199.510
Wed Jan 11 17:44:21 EST 2017, 1750, 0.320, 5, 0.020, 348, 48, 15, 44, 47, 25.900, 22.670
Wed Jan 11 17:46:32 EST 2017, 6700, 0.820, 11, 0.520, 498, 93, 5, 19, 92, 34.090, 36.470
Wed Jan 11 17:48:02 EST 2017, 9175, 0.070, 8, 0.270, 573, 26, 10, 31, 24, 4.217, 4.357
Wed Jan 11 17:51:38 EST 2017, 4225, 0.570, 2, 0.770, 423, 71, 19, 6, 69, 18.633, 56.633
Wed Jan 11 17:52:14 EST 2017, 2988, 0.190, 10, 0.150, 535, 60, 12, 13, 35, 10.577, 10.983
Wed Jan 11 17:54:09 EST 2017, 7938, 0.690, 4, 0.650, 385, 15, 3, 38, 80, 3.067, 3.050
Wed Jan 11 17:56:05 EST 2017, 5463, 0.440, 1, 0.400, 310, 82, 8, 0, 13, 0.763, 0.750
Wed Jan 11 17:58:36 EST 2017, 513, 0.940, 7, 0.900, 460, 37, 17, 25, 58, 28.047, 29.537
Wed Jan 11 18:00:12 EST 2017, 667, 0.240, 5, 0.290, 380, 67, 8, 20, 11, 2.263, 2.173
Wed Jan 11 18:02:42 EST 2017, 5617, 0.740, 11, 0.790, 530, 22, 17, 45, 56, 26.227, 28.863
Wed Jan 11 18:04:58 EST 2017, 8092, 0.490, 8, 0.040, 455, 89, 13, 7, 34, 14.153, 42.153
Wed Jan 11 18:06:19 EST 2017, 3142, 0.990, 2, 0.540, 305, 44, 3, 32, 79, 0.100, 0.103
Wed Jan 11 18:08:24 EST 2017, 4380, 0.370, 9, 0.410, 493, 33, 5, 38, 23, 3.693, 3.400
Wed Jan 11 18:09:45 EST 2017, 9330, 0.870, 3, 0.910, 343, 78, 15, 13, 68, 24.237, 25.907
Wed Jan 11 18:10:26 EST 2017, 6855, 0.120, 0, 0.160, 418, 10, 10, 26, 45, 2.523, 2.580
Wed Jan 11 18:12:26 EST 2017, 1905, 0.620, 6, 0.660, 568, 55, 1, 1, 90, 2.377, 2.290
Wed Jan 11 18:14:32 EST 2017, 2524, 0.430, 2, 0.970, 549, 61, 9, 29, 28, 7.040, 6.850
Wed Jan 11 18:16:28 EST 2017, 7474, 0.930, 8, 0.470, 399, 16, 19, 4, 73, 0.097, 0.090
Wed Jan 11 18:18:59 EST 2017, 9949, 0.180, 11, 0.720, 324, 84, 14, 41, 51, 27.877, 28.290
Wed Jan 11 18:20:40 EST 2017, 4999, 0.680, 5, 0.220, 474, 39, 4, 16, 96, 9.790, 10.657
Wed Jan 11 18:22:36 EST 2017, 3761, 0.050, 7, 0.850, 362, 50, 7, 10, 17, 1.233, 1.233
Wed Jan 11 18:25:22 EST 2017, 8711, 0.550, 1, 0.350, 512, 95, 16, 35, 62, 48.863, 48.967
Wed Jan 11 18:26:42 EST 2017, 6236, 0.300, 4, 0.600, 587, 27, 11, 23, 39, 7.230, 7.130
Wed Jan 11 18:28:53 EST 2017, 1286, 0.800, 10, 0.100, 437, 72, 2, 48, 84, 15.730, 15.663
Wed Jan 11 18:31:59 EST 2017, 977, 0.270, 8, 0.130, 315, 98, 18, 37, 82, 69.673, 99.737
Wed Jan 11 18:32:50 EST 2017, 5927, 0.770, 2, 0.630, 465, 53, 8, 12, 37, 5.677, 5.820
Wed Jan 11 18:34:56 EST 2017, 8402, 0.020, 5, 0.380, 540, 75, 4, 49, 59, 13.153, 13.343
Wed Jan 11 18:36:46 EST 2017, 3452, 0.520, 11, 0.880, 390, 30, 13, 24, 14, 2.790, 2.817
Wed Jan 11 18:39:53 EST 2017, 4689, 0.150, 0, 0.010, 577, 19, 16, 5, 93, 10.507, 58.330
Wed Jan 11 18:41:03 EST 2017, 9639, 0.650, 6, 0.510, 427, 64, 6, 30, 48, 13.250, 13.440
Wed Jan 11 18:42:59 EST 2017, 7164, 0.400, 9, 0.260, 352, 41, 1, 18, 70, 1.553, 1.557
Wed Jan 11 18:45:15 EST 2017, 2214, 0.900, 3, 0.760, 502, 86, 11, 43, 25, 23.293, 23.887
Wed Jan 11 18:52:21 EST 2017, 1596, 0.080, 10, 0.570, 484, 81, 19, 15, 99, 52.443, 0.000
Wed Jan 11 18:53:17 EST 2017, 6546, 0.580, 4, 0.070, 334, 36, 10, 40, 54, 21.037, 17.377
Wed Jan 11 18:55:03 EST 2017, 9021, 0.330, 1, 0.820, 409, 58, 5, 2, 76, 2.183, 2.077
Wed Jan 11 18:56:58 EST 2017, 4071, 0.830, 7, 0.320, 559, 13, 14, 27, 31, 0.087, 0.080
Wed Jan 11 18:59:34 EST 2017, 2833, 0.460, 3, 0.690, 446, 25, 17, 46, 87, 29.113, 30.727
Wed Jan 11 19:00:10 EST 2017, 7783, 0.960, 9, 0.190, 596, 70, 7, 21, 42, 0.093, 0.090
Wed Jan 11 19:02:15 EST 2017, 5308, 0.210, 6, 0.940, 521, 47, 3, 34, 65, 6.067, 6.063
Wed Jan 11 19:04:21 EST 2017, 358, 0.710, 0, 0.440, 371, 92, 12, 9, 20, 6.837, 6.887
Wed Jan 11 19:06:32 EST 2017, 281, 0.110, 6, 0.060, 533, 86, 5, 23, 71, 15.927, 16.897
Wed Jan 11 19:08:27 EST 2017, 5231, 0.610, 0, 0.560, 383, 41, 15, 48, 26, 13.770, 13.847
Wed Jan 11 19:13:44 EST 2017, 7706, 0.360, 3, 0.310, 308, 63, 10, 11, 94, 13.777, 186.190
Wed Jan 11 19:14:19 EST 2017, 2756, 0.860, 9, 0.810, 458, 18, 1, 36, 49, 0.077, 0.077
