<?xml version="1.0" encoding="UTF-8"?>
<configurationDescriptor version="51">
  <logicalFolder name="root" displayName="root" projectFiles="true">
    <logicalFolder name="HeaderFiles"
                   displayName="Header Files"
                   projectFiles="true">
      <logicalFolder name="f1" displayName="clockExampleHeaders" projectFiles="true">
        <itemPath>ClockAgent.h</itemPath>
        <itemPath>ClockEvent.h</itemPath>
        <itemPath>ClockState.h</itemPath>
      </logicalFolder>
      <itemPath>Agent.h</itemPath>
      <itemPath>Compatibility.h</itemPath>
      <itemPath>DataTypes.h</itemPath>
      <itemPath>Event.h</itemPath>
      <itemPath>Scheduler.h</itemPath>
      <itemPath>Simulation.h</itemPath>
      <itemPath>State.h</itemPath>
      <itemPath>Utilities.h</itemPath>
    </logicalFolder>
    <logicalFolder name="ResourceFiles"
                   displayName="Resource Files"
                   projectFiles="true">
    </logicalFolder>
    <logicalFolder name="SourceFiles"
                   displayName="Source Files"
                   projectFiles="true">
      <logicalFolder name="f1" displayName="clockExampleSrc" projectFiles="true">
        <itemPath>ClockAgent.cpp</itemPath>
        <itemPath>ClockEvent.cpp</itemPath>
        <itemPath>ClockExample.cpp</itemPath>
        <itemPath>ClockState.cpp</itemPath>
      </logicalFolder>
      <itemPath>Agent.cpp</itemPath>
      <itemPath>Compatibility.cpp</itemPath>
      <itemPath>Event.cpp</itemPath>
      <itemPath>Scheduler.cpp</itemPath>
      <itemPath>Simulation.cpp</itemPath>
      <itemPath>State.cpp</itemPath>
      <itemPath>Utilities.cpp</itemPath>
    </logicalFolder>
    <logicalFolder name="ExternalFiles"
                   displayName="Important Files"
                   projectFiles="false">
      <itemPath>Makefile</itemPath>
    </logicalFolder>
  </logicalFolder>
  <projectmakefile>Makefile</projectmakefile>
  <confs>
    <conf name="Debug" type="1">
      <toolsSet>
        <developmentServer>localhost</developmentServer>
        <compilerSet>Cygwin|Cygwin</compilerSet>
        <platform>4</platform>
      </toolsSet>
      <compileType>
        <linkerTool>
          <linkerLibItems>
          </linkerLibItems>
        </linkerTool>
      </compileType>
      <item path="Agent.cpp">
        <itemTool>1</itemTool>
      </item>
      <item path="Agent.h">
        <itemTool>3</itemTool>
      </item>
      <item path="ClockAgent.cpp">
        <itemTool>1</itemTool>
      </item>
      <item path="ClockAgent.h">
        <itemTool>3</itemTool>
      </item>
      <item path="ClockEvent.cpp">
        <itemTool>1</itemTool>
      </item>
      <item path="ClockEvent.h">
        <itemTool>3</itemTool>
      </item>
      <item path="ClockExample.cpp">
        <itemTool>1</itemTool>
      </item>
      <item path="ClockState.cpp">
        <itemTool>1</itemTool>
      </item>
      <item path="ClockState.h">
        <itemTool>3</itemTool>
      </item>
      <item path="Compatibility.cpp">
        <itemTool>1</itemTool>
      </item>
      <item path="Compatibility.h">
        <itemTool>3</itemTool>
      </item>
      <item path="DataTypes.h">
        <itemTool>3</itemTool>
      </item>
      <item path="Event.cpp">
        <itemTool>1</itemTool>
      </item>
      <item path="Event.h">
        <itemTool>3</itemTool>
      </item>
      <item path="Scheduler.cpp">
        <itemTool>1</itemTool>
      </item>
      <item path="Scheduler.h">
        <itemTool>3</itemTool>
      </item>
      <item path="Simulation.cpp">
        <itemTool>1</itemTool>
      </item>
      <item path="Simulation.h">
        <itemTool>3</itemTool>
      </item>
      <item path="State.cpp">
        <itemTool>1</itemTool>
      </item>
      <item path="State.h">
        <itemTool>3</itemTool>
      </item>
      <item path="Utilities.cpp">
        <itemTool>1</itemTool>
      </item>
      <item path="Utilities.h">
        <itemTool>3</itemTool>
      </item>
    </conf>
    <conf name="Release" type="1">
      <toolsSet>
        <developmentServer>localhost</developmentServer>
        <compilerSet>GNU|GNU</compilerSet>
        <platform>4</platform>
      </toolsSet>
      <compileType>
        <cCompilerTool>
          <developmentMode>5</developmentMode>
        </cCompilerTool>
        <ccCompilerTool>
          <developmentMode>5</developmentMode>
        </ccCompilerTool>
        <fortranCompilerTool>
          <developmentMode>5</developmentMode>
        </fortranCompilerTool>
        <linkerTool>
          <linkerLibItems>
          </linkerLibItems>
        </linkerTool>
      </compileType>
      <item path="Agent.cpp">
        <itemTool>1</itemTool>
      </item>
      <item path="Agent.h">
        <itemTool>3</itemTool>
      </item>
      <item path="ClockAgent.cpp">
        <itemTool>1</itemTool>
      </item>
      <item path="ClockAgent.h">
        <itemTool>3</itemTool>
      </item>
      <item path="ClockEvent.cpp">
        <itemTool>1</itemTool>
      </item>
      <item path="ClockEvent.h">
        <itemTool>3</itemTool>
      </item>
      <item path="ClockExample.cpp">
        <itemTool>1</itemTool>
      </item>
      <item path="ClockState.cpp">
        <itemTool>1</itemTool>
      </item>
      <item path="ClockState.h">
        <itemTool>3</itemTool>
      </item>
      <item path="Compatibility.cpp">
        <itemTool>1</itemTool>
      </item>
      <item path="Compatibility.h">
        <itemTool>3</itemTool>
      </item>
      <item path="DataTypes.h">
        <itemTool>3</itemTool>
      </item>
      <item path="Event.cpp">
        <itemTool>1</itemTool>
      </item>
      <item path="Event.h">
        <itemTool>3</itemTool>
      </item>
      <item path="Scheduler.cpp">
        <itemTool>1</itemTool>
      </item>
      <item path="Scheduler.h">
        <itemTool>3</itemTool>
      </item>
      <item path="Simulation.cpp">
        <itemTool>1</itemTool>
      </item>
      <item path="Simulation.h">
        <itemTool>3</itemTool>
      </item>
      <item path="State.cpp">
        <itemTool>1</itemTool>
      </item>
      <item path="State.h">
        <itemTool>3</itemTool>
      </item>
      <item path="Utilities.cpp">
        <itemTool>1</itemTool>
      </item>
      <item path="Utilities.h">
        <itemTool>3</itemTool>
      </item>
    </conf>
  </confs>
</configurationDescriptor>
