# 'Timestamp', '--imbalance% 0 100', '--moveIntervalMean 120 160', '--callIntervalMean 20 30', '--callDurationMean 2 10', '--maxChannels 8 30', '--simEndTime 300 600', '--portables 1 20', '--rows 10 50', '--granularity 0 30', '--cols 10 50', 2tLadderQ_timing_secs, fibHeap_timing_secs
Sun Jul  2 21:55:30 EDT 2017, 0.430, 122, 29, 7, 19, 394, 1, 20, 15, 25, 0.340, 0.420
Sun Jul  2 21:57:41 EDT 2017, 0.930, 142, 24, 3, 8, 544, 11, 40, 0, 45, 130.120, 7.793
Sun Jul  2 21:57:46 EDT 2017, 0.680, 132, 22, 9, 14, 319, 16, 10, 23, 35, 5.643, 1.280
Sun Jul  2 21:57:48 EDT 2017, 0.180, 152, 27, 5, 25, 469, 6, 30, 8, 15, 1.943, 1.140
Sun Jul  2 21:57:50 EDT 2017, 0.120, 125, 20, 3, 29, 450, 5, 12, 17, 33, 1.743, 1.033
Sun Jul  2 21:57:56 EDT 2017, 0.620, 145, 25, 7, 18, 300, 14, 32, 2, 13, 5.070, 1.190
Sun Jul  2 21:58:21 EDT 2017, 0.870, 135, 27, 5, 12, 525, 19, 22, 25, 23, 25.130, 2.830
Sun Jul  2 21:59:20 EDT 2017, 0.370, 155, 22, 9, 23, 375, 10, 42, 10, 43, 59.033, 4.730
Sun Jul  2 21:59:22 EDT 2017, 0.250, 130, 26, 2, 10, 413, 2, 37, 21, 28, 1.663, 1.523
Sun Jul  2 21:59:52 EDT 2017, 0.750, 150, 21, 6, 21, 563, 12, 17, 6, 48, 29.967, 3.847
Sun Jul  2 22:03:40 EDT 2017, 0.500, 120, 24, 4, 26, 338, 17, 47, 28, 38, 226.690, 6.710
Sun Jul  2 22:03:43 EDT 2017, 0.000, 140, 29, 8, 15, 488, 7, 27, 13, 18, 2.870, 1.357
Sun Jul  2 22:04:33 EDT 2017, 0.000, 130, 23, 3, 27, 431, 14, 26, 18, 36, 49.403, 3.853
Sun Jul  2 22:04:37 EDT 2017, 0.500, 150, 28, 7, 16, 581, 5, 46, 3, 16, 3.837, 1.723
Sun Jul  2 22:04:40 EDT 2017, 0.750, 120, 26, 5, 11, 356, 9, 16, 25, 26, 3.193, 1.030
Sun Jul  2 22:09:28 EDT 2017, 0.250, 140, 21, 9, 22, 506, 19, 36, 10, 46, 287.360, 9.587
Sun Jul  2 22:09:58 EDT 2017, 0.370, 125, 29, 2, 8, 469, 12, 41, 22, 21, 29.783, 3.247
Sun Jul  2 22:09:59 EDT 2017, 0.870, 145, 24, 6, 19, 319, 2, 21, 7, 41, 0.833, 0.697
Sun Jul  2 22:10:15 EDT 2017, 0.620, 135, 22, 4, 24, 544, 7, 31, 29, 31, 15.953, 2.913
Sun Jul  2 22:10:16 EDT 2017, 0.120, 155, 27, 8, 13, 394, 17, 11, 14, 11, 0.850, 0.510
Sun Jul  2 22:11:37 EDT 2017, 0.190, 122, 20, 6, 18, 375, 13, 34, 20, 39, 80.943, 4.613
Sun Jul  2 22:11:38 EDT 2017, 0.690, 142, 25, 2, 29, 525, 3, 14, 5, 19, 0.593, 0.840
Sun Jul  2 22:11:55 EDT 2017, 0.940, 132, 27, 8, 23, 300, 8, 44, 27, 29, 16.183, 2.363
Sun Jul  2 22:13:47 EDT 2017, 0.440, 152, 22, 4, 12, 450, 18, 24, 12, 49, 112.417, 5.853
Sun Jul  2 22:13:54 EDT 2017, 0.310, 137, 26, 7, 20, 487, 11, 19, 16, 24, 6.330, 1.860
Sun Jul  2 22:13:55 EDT 2017, 0.810, 157, 21, 3, 9, 337, 1, 39, 1, 44, 1.263, 1.167
Sun Jul  2 22:14:07 EDT 2017, 0.560, 127, 24, 9, 15, 562, 6, 29, 24, 34, 11.400, 2.557
Sun Jul  2 22:14:27 EDT 2017, 0.060, 147, 29, 5, 26, 412, 15, 49, 9, 14, 20.007, 2.600
Sun Jul  2 22:14:39 EDT 2017, 0.090, 128, 25, 4, 22, 347, 5, 38, 10, 40, 12.523, 2.373
Sun Jul  2 22:14:47 EDT 2017, 0.590, 148, 20, 8, 11, 497, 15, 18, 25, 20, 7.730, 1.760
Sun Jul  2 22:15:10 EDT 2017, 0.840, 138, 22, 2, 17, 422, 19, 48, 2, 10, 22.553, 2.553
Sun Jul  2 22:15:28 EDT 2017, 0.340, 158, 27, 6, 28, 572, 10, 28, 17, 30, 17.547, 3.150
Sun Jul  2 22:15:28 EDT 2017, 0.470, 133, 21, 5, 14, 534, 3, 13, 13, 15, 0.333, 0.427
Sun Jul  2 22:16:01 EDT 2017, 0.970, 153, 26, 9, 25, 384, 12, 33, 28, 35, 32.293, 3.433
Sun Jul  2 22:17:28 EDT 2017, 0.720, 123, 28, 3, 20, 459, 17, 23, 6, 45, 86.740, 4.797
Sun Jul  2 22:17:41 EDT 2017, 0.220, 143, 23, 7, 9, 309, 8, 43, 21, 25, 12.870, 2.760
Sun Jul  2 22:17:44 EDT 2017, 0.150, 136, 28, 9, 13, 328, 4, 20, 11, 42, 2.360, 1.190
Sun Jul  2 22:18:21 EDT 2017, 0.650, 156, 23, 5, 24, 478, 14, 40, 26, 22, 36.963, 3.930
Sun Jul  2 22:18:23 EDT 2017, 0.900, 126, 20, 7, 29, 403, 18, 10, 4, 12, 1.457, 0.797
Sun Jul  2 22:18:45 EDT 2017, 0.400, 146, 25, 3, 18, 553, 9, 30, 19, 32, 22.833, 3.470
Sun Jul  2 22:18:47 EDT 2017, 0.280, 121, 24, 8, 27, 590, 2, 45, 8, 17, 1.520, 1.507
Sun Jul  2 22:19:10 EDT 2017, 0.780, 141, 29, 4, 16, 440, 11, 25, 23, 37, 22.650, 3.057
Sun Jul  2 22:22:32 EDT 2017, 0.530, 131, 27, 6, 10, 515, 16, 35, 0, 47, 201.977, 7.930
Sun Jul  2 22:22:34 EDT 2017, 0.030, 151, 22, 2, 21, 365, 6, 15, 15, 27, 1.710, 0.990
Sun Jul  2 22:26:32 EDT 2017, 0.040, 120, 27, 7, 14, 548, 19, 40, 1, 35, 237.233, 8.290
Sun Jul  2 22:26:34 EDT 2017, 0.540, 140, 22, 3, 25, 398, 9, 20, 16, 15, 2.173, 1.067
Sun Jul  2 22:26:38 EDT 2017, 0.790, 130, 20, 9, 20, 473, 4, 30, 8, 25, 3.110, 1.593
Sun Jul  2 22:26:44 EDT 2017, 0.290, 150, 25, 5, 9, 323, 14, 10, 23, 45, 6.497, 1.403
Sun Jul  2 22:26:58 EDT 2017, 0.420, 135, 23, 6, 23, 361, 16, 25, 4, 20, 13.173, 1.883
Sun Jul  2 22:27:38 EDT 2017, 0.920, 155, 28, 2, 12, 511, 7, 45, 19, 40, 39.897, 4.860
Sun Jul  2 22:27:39 EDT 2017, 0.670, 125, 26, 8, 17, 436, 2, 15, 12, 30, 0.447, 0.567
Sun Jul  2 22:27:44 EDT 2017, 0.170, 145, 21, 4, 28, 586, 11, 35, 27, 10, 5.457, 1.850
Sun Jul  2 22:28:26 EDT 2017, 0.230, 133, 25, 2, 24, 567, 17, 17, 6, 38, 41.583, 3.967
Sun Jul  2 22:28:33 EDT 2017, 0.730, 153, 20, 6, 13, 417, 8, 37, 21, 18, 6.820, 1.770
Sun Jul  2 22:28:35 EDT 2017, 0.980, 123, 23, 4, 8, 492, 3, 27, 14, 28, 2.123, 1.327
Sun Jul  2 22:30:57 EDT 2017, 0.480, 143, 28, 8, 19, 342, 13, 47, 29, 48, 140.860, 6.003
Sun Jul  2 22:31:23 EDT 2017, 0.360, 128, 21, 3, 10, 304, 15, 32, 3, 23, 26.077, 2.623
Sun Jul  2 22:31:25 EDT 2017, 0.860, 148, 26, 7, 21, 454, 6, 12, 18, 43, 2.307, 1.133
Sun Jul  2 22:31:27 EDT 2017, 0.610, 138, 29, 5, 27, 379, 1, 42, 10, 33, 1.250, 1.280
Sun Jul  2 22:31:29 EDT 2017, 0.110, 158, 24, 9, 16, 529, 10, 22, 25, 13, 2.113, 1.090
Sun Jul  2 22:31:37 EDT 2017, 0.080, 139, 20, 8, 10, 464, 10, 13, 22, 42, 8.137, 2.010
Sun Jul  2 22:32:07 EDT 2017, 0.580, 159, 25, 4, 21, 314, 19, 33, 7, 22, 28.853, 2.590
Sun Jul  2 22:32:11 EDT 2017, 0.830, 129, 28, 6, 26, 539, 14, 23, 15, 12, 4.263, 1.377
Sun Jul  2 22:32:22 EDT 2017, 0.330, 149, 23, 2, 15, 389, 5, 43, 0, 32, 11.327, 2.417
Sun Jul  2 22:32:27 EDT 2017, 0.450, 124, 27, 9, 29, 426, 7, 38, 26, 17, 4.880, 1.443
Sun Jul  2 22:33:10 EDT 2017, 0.950, 144, 22, 5, 18, 576, 17, 18, 11, 37, 42.613, 4.030
Sun Jul  2 22:35:40 EDT 2017, 0.700, 134, 24, 7, 12, 351, 12, 48, 18, 47, 149.540, 6.447
Sun Jul  2 22:35:42 EDT 2017, 0.200, 154, 29, 3, 23, 501, 3, 28, 3, 27, 1.733, 1.277
Sun Jul  2 22:37:18 EDT 2017, 0.140, 126, 22, 5, 19, 520, 8, 46, 28, 44, 95.387, 6.933
Sun Jul  2 22:37:38 EDT 2017, 0.640, 146, 27, 9, 8, 370, 18, 26, 13, 24, 19.933, 2.407
Sun Jul  2 22:37:53 EDT 2017, 0.890, 136, 25, 3, 14, 595, 13, 36, 20, 14, 15.140, 2.690
Sun Jul  2 22:37:55 EDT 2017, 0.390, 156, 20, 7, 25, 445, 4, 16, 5, 34, 1.507, 0.943
Sun Jul  2 22:37:57 EDT 2017, 0.260, 131, 29, 4, 17, 408, 6, 21, 24, 19, 1.573, 0.943
Sun Jul  2 22:40:57 EDT 2017, 0.760, 151, 24, 8, 28, 558, 16, 41, 9, 39, 180.563, 8.327
Sun Jul  2 22:41:07 EDT 2017, 0.510, 121, 21, 2, 22, 333, 11, 11, 17, 49, 9.260, 1.703
Sun Jul  2 22:41:08 EDT 2017, 0.010, 141, 26, 6, 11, 483, 1, 31, 2, 29, 0.497, 0.703
Sun Jul  2 22:47:27 EDT 2017, 0.020, 125, 21, 9, 26, 504, 16, 44, 19, 48, 378.273, 11.047
Sun Jul  2 22:47:31 EDT 2017, 0.520, 145, 26, 5, 15, 354, 7, 24, 4, 28, 4.327, 1.513
Sun Jul  2 22:47:32 EDT 2017, 0.770, 135, 29, 7, 9, 579, 2, 34, 26, 18, 0.833, 0.650
Sun Jul  2 22:47:40 EDT 2017, 0.270, 155, 24, 3, 20, 429, 11, 14, 11, 38, 8.107, 1.850
Sun Jul  2 22:47:50 EDT 2017, 0.400, 130, 25, 8, 12, 391, 18, 29, 15, 13, 9.380, 1.703
Sun Jul  2 22:49:04 EDT 2017, 0.900, 150, 20, 4, 23, 541, 9, 49, 0, 33, 73.440, 6.177
Sun Jul  2 22:49:07 EDT 2017, 0.650, 120, 23, 6, 28, 316, 4, 19, 22, 43, 2.690, 1.263
Sun Jul  2 22:49:48 EDT 2017, 0.150, 140, 28, 2, 17, 466, 14, 39, 7, 23, 40.797, 3.740
Sun Jul  2 22:50:25 EDT 2017, 0.210, 138, 24, 4, 13, 485, 15, 17, 17, 45, 36.787, 3.670
Sun Jul  2 22:50:28 EDT 2017, 0.710, 158, 29, 8, 24, 335, 5, 37, 2, 25, 3.313, 1.443
Sun Jul  2 22:50:29 EDT 2017, 0.960, 128, 27, 2, 19, 560, 1, 27, 24, 15, 0.283, 0.347
Sun Jul  2 22:51:31 EDT 2017, 0.460, 148, 22, 6, 8, 410, 10, 47, 9, 35, 61.970, 4.903
Sun Jul  2 22:51:38 EDT 2017, 0.330, 123, 28, 5, 22, 447, 17, 32, 21, 10, 7.390, 1.723
Sun Jul  2 22:51:41 EDT 2017, 0.830, 143, 23, 9, 11, 597, 8, 12, 6, 30, 2.757, 1.253
Sun Jul  2 22:51:49 EDT 2017, 0.580, 133, 21, 3, 16, 372, 3, 42, 28, 40, 7.253, 2.143
Sun Jul  2 22:51:56 EDT 2017, 0.080, 153, 26, 7, 27, 522, 13, 22, 13, 20, 7.683, 1.853
Sun Jul  2 22:51:59 EDT 2017, 0.120, 134, 29, 6, 21, 588, 7, 11, 12, 34, 2.167, 1.143
Sun Jul  2 22:52:12 EDT 2017, 0.620, 154, 24, 2, 10, 438, 17, 31, 27, 14, 13.040, 2.243
Sun Jul  2 22:52:23 EDT 2017, 0.870, 124, 22, 8, 15, 513, 12, 21, 5, 24, 11.493, 2.150
Sun Jul  2 22:52:27 EDT 2017, 0.370, 144, 27, 4, 26, 363, 2, 41, 20, 44, 3.243, 1.740
Sun Jul  2 22:52:48 EDT 2017, 0.490, 129, 23, 7, 18, 326, 10, 36, 8, 29, 21.193, 2.363
Sun Jul  2 22:53:40 EDT 2017, 0.990, 149, 28, 3, 29, 476, 19, 16, 23, 49, 51.733, 4.167
Sun Jul  2 22:55:54 EDT 2017, 0.740, 139, 25, 9, 24, 401, 14, 46, 1, 39, 132.983, 6.260
Sun Jul  2 22:55:56 EDT 2017, 0.240, 159, 20, 5, 13, 551, 5, 26, 16, 19, 2.280, 1.390
Sun Jul  2 22:56:24 EDT 2017, 0.180, 122, 26, 3, 8, 532, 6, 48, 10, 31, 28.013, 3.913
Sun Jul  2 22:56:29 EDT 2017, 0.680, 142, 21, 7, 19, 382, 15, 28, 25, 11, 4.793, 1.297
Sun Jul  2 22:56:51 EDT 2017, 0.930, 132, 24, 5, 25, 457, 11, 38, 3, 21, 20.990, 2.693
Sun Jul  2 22:56:51 EDT 2017, 0.430, 152, 29, 9, 14, 307, 1, 18, 18, 41, 0.283, 0.410
Sun Jul  2 22:56:57 EDT 2017, 0.300, 137, 20, 2, 28, 344, 8, 23, 14, 26, 6.037, 1.713
Sun Jul  2 23:02:09 EDT 2017, 0.800, 157, 25, 6, 17, 494, 18, 43, 29, 46, 311.137, 10.607
Sun Jul  2 23:02:18 EDT 2017, 0.550, 127, 27, 4, 11, 419, 13, 13, 7, 36, 9.157, 1.897
Sun Jul  2 23:02:20 EDT 2017, 0.050, 147, 22, 8, 22, 569, 4, 33, 22, 16, 1.663, 1.137
Sun Jul  2 23:03:02 EDT 2017, 0.040, 135, 26, 5, 16, 312, 12, 27, 6, 48, 41.773, 3.190
Sun Jul  2 23:03:04 EDT 2017, 0.540, 155, 21, 9, 27, 462, 2, 47, 21, 28, 2.273, 1.553
Sun Jul  2 23:03:06 EDT 2017, 0.790, 125, 24, 3, 22, 387, 7, 17, 14, 18, 1.430, 0.830
Sun Jul  2 23:05:09 EDT 2017, 0.290, 145, 29, 7, 11, 537, 16, 37, 29, 38, 123.493, 6.697
Sun Jul  2 23:05:35 EDT 2017, 0.410, 120, 20, 4, 19, 574, 14, 42, 2, 13, 25.390, 3.130
Sun Jul  2 23:05:37 EDT 2017, 0.910, 140, 25, 8, 8, 424, 4, 22, 17, 33, 2.200, 1.190
Sun Jul  2 23:06:23 EDT 2017, 0.660, 130, 28, 2, 14, 499, 9, 32, 10, 43, 45.740, 4.600
Sun Jul  2 23:06:28 EDT 2017, 0.160, 150, 23, 6, 25, 349, 19, 12, 25, 23, 5.047, 1.450
Sun Jul  2 23:07:06 EDT 2017, 0.220, 127, 28, 8, 29, 368, 10, 30, 0, 46, 37.327, 3.410
Sun Jul  2 23:07:06 EDT 2017, 0.720, 147, 23, 4, 18, 518, 1, 10, 15, 26, 0.227, 0.240
Sun Jul  2 23:07:11 EDT 2017, 0.970, 137, 21, 6, 12, 443, 6, 40, 8, 16, 4.600, 1.740
Sun Jul  2 23:07:46 EDT 2017, 0.470, 157, 26, 2, 23, 593, 15, 20, 23, 36, 34.933, 4.100
Sun Jul  2 23:07:48 EDT 2017, 0.350, 132, 22, 9, 9, 555, 13, 15, 4, 11, 2.100, 1.343
Sun Jul  2 23:07:51 EDT 2017, 0.850, 152, 27, 5, 20, 405, 3, 35, 19, 31, 2.517, 1.367
Sun Jul  2 23:08:11 EDT 2017, 0.600, 122, 25, 7, 26, 480, 8, 25, 12, 41, 19.417, 2.827
Sun Jul  2 23:09:15 EDT 2017, 0.100, 142, 20, 3, 15, 330, 18, 45, 27, 21, 64.010, 3.813
Sun Jul  2 23:09:19 EDT 2017, 0.070, 124, 24, 2, 12, 396, 3, 36, 29, 32, 3.780, 1.593
Sun Jul  2 23:09:21 EDT 2017, 0.570, 144, 29, 6, 23, 546, 12, 16, 14, 12, 1.627, 1.050
Sun Jul  2 23:10:16 EDT 2017, 0.820, 134, 26, 4, 28, 321, 17, 46, 22, 22, 55.023, 3.483
Sun Jul  2 23:10:30 EDT 2017, 0.320, 154, 21, 8, 17, 471, 7, 26, 7, 42, 14.153, 2.940
Sun Jul  2 23:10:31 EDT 2017, 0.440, 139, 27, 3, 25, 508, 5, 11, 26, 27, 0.960, 0.830
Sun Jul  2 23:11:59 EDT 2017, 0.940, 159, 22, 7, 14, 358, 15, 31, 11, 47, 87.187, 5.150
Sun Jul  2 23:13:27 EDT 2017, 0.690, 129, 20, 5, 9, 583, 19, 21, 18, 37, 88.093, 5.543
Sun Jul  2 23:13:37 EDT 2017, 0.190, 149, 25, 9, 20, 433, 10, 41, 3, 17, 9.733, 2.037
Sun Jul  2 23:13:38 EDT 2017, 0.130, 131, 22, 7, 24, 415, 2, 24, 24, 30, 0.983, 0.910
Sun Jul  2 23:13:45 EDT 2017, 0.630, 151, 27, 3, 13, 565, 11, 44, 9, 10, 6.503, 1.840
Sun Jul  2 23:13:48 EDT 2017, 0.880, 121, 29, 9, 18, 340, 16, 14, 16, 20, 3.580, 1.000
Sun Jul  2 23:14:07 EDT 2017, 0.380, 141, 24, 5, 29, 490, 6, 34, 1, 40, 18.977, 3.350
Sun Jul  2 23:14:14 EDT 2017, 0.260, 126, 26, 6, 16, 452, 4, 49, 28, 25, 6.597, 1.967
Sun Jul  2 23:15:13 EDT 2017, 0.760, 146, 21, 2, 27, 302, 13, 29, 13, 45, 58.800, 3.813
Sun Jul  2 23:18:12 EDT 2017, 0.510, 136, 23, 8, 21, 527, 18, 39, 20, 35, 178.660, 7.803
Sun Jul  2 23:18:14 EDT 2017, 0.010, 156, 28, 4, 10, 377, 9, 19, 5, 15, 1.477, 0.903
Sun Jul  2 23:18:17 EDT 2017, 0.010, 123, 25, 8, 20, 331, 15, 12, 4, 18, 2.583, 0.980
Sun Jul  2 23:18:29 EDT 2017, 0.510, 143, 20, 4, 9, 481, 5, 32, 19, 38, 12.310, 2.833
Sun Jul  2 23:18:30 EDT 2017, 0.760, 133, 23, 6, 15, 406, 1, 22, 12, 48, 0.537, 0.750
Sun Jul  2 23:19:09 EDT 2017, 0.260, 153, 28, 2, 26, 556, 10, 42, 27, 28, 38.070, 4.510
Sun Jul  2 23:23:17 EDT 2017, 0.380, 138, 22, 9, 17, 594, 17, 37, 0, 43, 248.177, 9.530
Sun Jul  2 23:23:19 EDT 2017, 0.880, 158, 27, 5, 28, 444, 8, 17, 15, 23, 2.283, 1.163
Sun Jul  2 23:23:21 EDT 2017, 0.630, 128, 29, 7, 23, 519, 3, 47, 8, 13, 1.190, 0.830
Sun Jul  2 23:23:45 EDT 2017, 0.130, 148, 24, 3, 12, 369, 12, 27, 23, 33, 24.003, 2.937
Sun Jul  2 23:24:10 EDT 2017, 0.200, 130, 27, 5, 8, 350, 16, 45, 2, 16, 25.353, 2.593
Sun Jul  2 23:24:18 EDT 2017, 0.700, 150, 22, 9, 19, 500, 6, 25, 17, 36, 7.843, 2.353
Sun Jul  2 23:24:23 EDT 2017, 0.950, 120, 20, 3, 24, 425, 2, 35, 10, 46, 4.180, 1.877
Sun Jul  2 23:24:28 EDT 2017, 0.450, 140, 25, 7, 13, 575, 11, 15, 25, 26, 5.443, 1.767
Sun Jul  2 23:25:47 EDT 2017, 0.320, 125, 23, 4, 27, 538, 18, 20, 6, 41, 78.243, 4.843
Sun Jul  2 23:25:57 EDT 2017, 0.820, 145, 28, 8, 16, 388, 9, 40, 21, 21, 10.187, 2.120
Sun Jul  2 23:25:58 EDT 2017, 0.570, 135, 26, 2, 10, 463, 4, 10, 13, 11, 0.230, 0.317
Sun Jul  2 23:26:27 EDT 2017, 0.070, 155, 21, 6, 21, 313, 14, 30, 28, 31, 29.000, 2.817
Sun Jul  2 23:26:33 EDT 2017, 0.100, 137, 23, 7, 26, 378, 6, 41, 27, 22, 6.350, 1.617
Sun Jul  2 23:27:17 EDT 2017, 0.600, 157, 28, 3, 15, 528, 15, 21, 12, 42, 43.453, 4.200
Sun Jul  2 23:27:37 EDT 2017, 0.850, 127, 25, 9, 10, 303, 11, 31, 20, 32, 19.680, 2.297
Sun Jul  2 23:27:37 EDT 2017, 0.350, 147, 20, 5, 21, 453, 1, 11, 5, 12, 0.180, 0.217
Sun Jul  2 23:27:54 EDT 2017, 0.480, 122, 29, 6, 13, 491, 8, 26, 24, 37, 16.367, 2.737
Sun Jul  2 23:28:34 EDT 2017, 0.980, 142, 24, 2, 24, 341, 18, 46, 9, 17, 40.110, 2.927
Sun Jul  2 23:28:45 EDT 2017, 0.730, 132, 21, 8, 29, 566, 13, 16, 16, 27, 10.463, 2.170
Sun Jul  2 23:28:55 EDT 2017, 0.230, 152, 26, 4, 18, 416, 4, 36, 1, 47, 9.930, 2.480
Sun Jul  2 23:28:57 EDT 2017, 0.170, 129, 21, 2, 14, 435, 7, 19, 26, 20, 2.717, 1.190
Sun Jul  2 23:32:23 EDT 2017, 0.670, 149, 26, 6, 25, 585, 17, 39, 11, 40, 204.897, 8.870
Sun Jul  2 23:32:44 EDT 2017, 0.920, 139, 28, 4, 19, 360, 12, 29, 18, 30, 20.427, 2.610
Sun Jul  2 23:32:44 EDT 2017, 0.420, 159, 23, 8, 8, 510, 2, 49, 3, 10, 0.453, 0.613
Sun Jul  2 23:33:15 EDT 2017, 0.290, 134, 27, 3, 22, 472, 9, 34, 29, 35, 30.557, 3.727
Sun Jul  2 23:33:18 EDT 2017, 0.790, 154, 22, 7, 11, 322, 19, 14, 14, 15, 2.560, 0.840
Sun Jul  2 23:34:42 EDT 2017, 0.540, 124, 24, 5, 17, 547, 14, 44, 22, 25, 83.900, 5.367
Sun Jul  2 23:34:47 EDT 2017, 0.040, 144, 29, 9, 28, 397, 5, 24, 7, 45, 5.437, 1.763
Sun Jul  2 23:35:06 EDT 2017, 0.060, 132, 20, 4, 11, 524, 10, 39, 20, 18, 18.540, 2.820
Sun Jul  2 23:35:07 EDT 2017, 0.560, 152, 25, 8, 22, 374, 1, 19, 5, 38, 0.387, 0.527
Sun Jul  2 23:36:28 EDT 2017, 0.810, 122, 27, 2, 27, 599, 6, 49, 28, 48, 80.830, 7.210
Sun Jul  2 23:37:06 EDT 2017, 0.310, 142, 22, 6, 16, 449, 15, 29, 13, 28, 37.800, 3.663
Sun Jul  2 23:37:21 EDT 2017, 0.430, 127, 26, 5, 25, 411, 13, 14, 17, 43, 14.720, 2.163
Sun Jul  2 23:37:23 EDT 2017, 0.930, 147, 21, 9, 14, 561, 3, 34, 2, 23, 2.013, 1.320
Sun Jul  2 23:37:25 EDT 2017, 0.680, 137, 24, 3, 8, 336, 8, 24, 24, 13, 1.727, 1.103
Sun Jul  2 23:39:29 EDT 2017, 0.180, 157, 29, 7, 19, 486, 17, 44, 9, 33, 123.897, 6.517
Sun Jul  2 23:39:34 EDT 2017, 0.240, 120, 23, 9, 23, 467, 12, 22, 15, 15, 4.763, 1.320
Sun Jul  2 23:39:36 EDT 2017, 0.740, 140, 28, 5, 12, 317, 2, 42, 0, 35, 1.817, 1.117
Sun Jul  2 23:39:41 EDT 2017, 0.990, 130, 26, 7, 18, 542, 7, 12, 22, 45, 4.380, 1.570
Sun Jul  2 23:40:20 EDT 2017, 0.490, 150, 21, 3, 29, 392, 16, 32, 7, 25, 39.333, 3.590
Sun Jul  2 23:42:50 EDT 2017, 0.370, 135, 29, 8, 15, 430, 14, 47, 19, 40, 149.950, 6.950
Sun Jul  2 23:42:52 EDT 2017, 0.870, 155, 24, 4, 26, 580, 4, 27, 4, 20, 2.010, 1.357
Sun Jul  2 23:42:55 EDT 2017, 0.620, 125, 22, 6, 20, 355, 9, 37, 26, 10, 2.720, 1.033
Sun Jul  2 23:43:20 EDT 2017, 0.120, 145, 27, 2, 9, 505, 19, 17, 11, 30, 24.607, 2.987
Sun Jul  2 23:43:21 EDT 2017, 0.090, 126, 28, 3, 17, 570, 1, 25, 14, 24, 0.373, 0.557
Sun Jul  2 23:45:08 EDT 2017, 0.590, 146, 23, 7, 28, 420, 11, 45, 29, 44, 107.303, 6.577
Sun Jul  2 23:45:30 EDT 2017, 0.840, 136, 20, 5, 22, 495, 16, 15, 6, 34, 21.407, 2.853
Sun Jul  2 23:45:32 EDT 2017, 0.340, 156, 25, 9, 11, 345, 6, 35, 21, 14, 1.603, 0.870
Sun Jul  2 23:45:40 EDT 2017, 0.460, 131, 24, 2, 20, 308, 4, 40, 10, 39, 8.367, 1.903
Sun Jul  2 23:45:45 EDT 2017, 0.960, 151, 29, 6, 9, 458, 13, 20, 25, 19, 4.957, 1.417
Sun Jul  2 23:46:45 EDT 2017, 0.710, 121, 26, 4, 14, 383, 18, 30, 3, 29, 59.193, 3.840
Sun Jul  2 23:46:51 EDT 2017, 0.210, 141, 21, 8, 25, 533, 9, 10, 18, 49, 6.073, 1.793
Sun Jul  2 23:46:53 EDT 2017, 0.150, 138, 25, 6, 29, 552, 3, 33, 8, 22, 1.800, 1.247
Sun Jul  2 23:47:04 EDT 2017, 0.650, 158, 20, 2, 18, 402, 12, 13, 23, 42, 10.723, 2.030
Sun Jul  2 23:49:47 EDT 2017, 0.900, 128, 22, 8, 13, 477, 17, 43, 1, 32, 162.697, 7.013
Sun Jul  2 23:49:48 EDT 2017, 0.400, 148, 27, 4, 24, 327, 7, 23, 16, 12, 1.033, 0.690
Sun Jul  2 23:49:51 EDT 2017, 0.280, 123, 21, 7, 10, 364, 5, 18, 12, 37, 3.193, 1.360
Sun Jul  2 23:50:18 EDT 2017, 0.780, 143, 26, 3, 21, 514, 15, 38, 27, 17, 25.883, 3.103
Sun Jul  2 23:51:00 EDT 2017, 0.530, 133, 28, 9, 27, 439, 19, 28, 5, 27, 42.477, 3.377
Sun Jul  2 23:53:45 EDT 2017, 0.030, 153, 23, 5, 16, 589, 10, 48, 20, 47, 164.573, 9.760
Sun Jul  2 23:54:25 EDT 2017, 0.020, 138, 29, 2, 22, 531, 13, 35, 2, 26, 39.687, 3.993
Sun Jul  2 23:54:26 EDT 2017, 0.520, 158, 24, 6, 11, 381, 3, 15, 17, 46, 1.200, 0.973
Sun Jul  2 23:55:23 EDT 2017, 0.770, 128, 21, 4, 16, 456, 8, 45, 10, 36, 56.733, 4.990
Sun Jul  2 23:55:31 EDT 2017, 0.270, 148, 26, 8, 27, 306, 18, 25, 25, 16, 7.317, 1.450
Sun Jul  2 23:55:34 EDT 2017, 0.390, 123, 22, 3, 13, 343, 11, 10, 6, 31, 2.997, 1.027
Sun Jul  2 23:55:34 EDT 2017, 0.890, 143, 27, 7, 24, 493, 1, 30, 21, 11, 0.207, 0.267
Sun Jul  2 23:55:36 EDT 2017, 0.640, 133, 25, 5, 19, 418, 6, 20, 14, 21, 1.823, 0.990
Sun Jul  2 23:58:36 EDT 2017, 0.140, 153, 20, 9, 8, 568, 15, 40, 29, 41, 179.713, 8.780
Sun Jul  2 23:59:02 EDT 2017, 0.200, 125, 27, 7, 12, 587, 14, 23, 4, 28, 25.573, 3.210
Sun Jul  2 23:59:31 EDT 2017, 0.700, 145, 22, 3, 23, 437, 5, 43, 19, 48, 28.953, 4.083
Sun Jul  2 23:59:37 EDT 2017, 0.950, 135, 24, 9, 28, 512, 9, 13, 12, 38, 5.400, 1.653
Sun Jul  2 23:59:57 EDT 2017, 0.450, 155, 29, 5, 17, 362, 19, 33, 27, 18, 20.083, 2.270
Mon Jul  3 00:01:18 EDT 2017, 0.330, 130, 20, 6, 26, 324, 12, 48, 1, 33, 81.423, 4.527
Mon Jul  3 00:01:19 EDT 2017, 0.830, 150, 25, 2, 15, 474, 2, 28, 16, 13, 0.483, 0.627
Mon Jul  3 00:01:28 EDT 2017, 0.580, 120, 28, 8, 9, 399, 7, 38, 8, 23, 8.517, 1.890
Mon Jul  3 00:02:18 EDT 2017, 0.080, 140, 23, 4, 20, 549, 16, 18, 23, 43, 49.817, 4.397
Mon Jul  3 00:02:19 EDT 2017, 0.110, 121, 22, 5, 28, 484, 4, 29, 24, 12, 1.053, 0.887
Mon Jul  3 00:03:26 EDT 2017, 0.610, 141, 27, 9, 17, 334, 13, 49, 9, 32, 66.413, 4.140
Mon Jul  3 00:04:30 EDT 2017, 0.860, 131, 29, 3, 11, 559, 18, 19, 16, 42, 63.517, 4.647
Mon Jul  3 00:04:42 EDT 2017, 0.360, 151, 24, 7, 22, 409, 9, 39, 1, 22, 12.050, 2.277
Mon Jul  3 00:04:47 EDT 2017, 0.490, 136, 26, 4, 9, 446, 2, 44, 28, 47, 5.047, 2.160
Mon Jul  3 00:05:02 EDT 2017, 0.990, 156, 21, 8, 20, 596, 11, 24, 13, 27, 15.050, 2.780
Mon Jul  3 00:05:25 EDT 2017, 0.740, 126, 23, 2, 25, 371, 16, 34, 20, 17, 22.537, 2.477
Mon Jul  3 00:05:28 EDT 2017, 0.240, 146, 28, 6, 14, 521, 6, 14, 5, 37, 2.707, 1.300
Mon Jul  3 00:05:30 EDT 2017, 0.170, 134, 24, 8, 18, 503, 5, 31, 26, 14, 1.730, 1.133
Mon Jul  3 00:05:35 EDT 2017, 0.670, 154, 29, 4, 29, 353, 15, 11, 11, 34, 5.583, 1.797
Mon Jul  3 00:12:35 EDT 2017, 0.920, 124, 26, 6, 24, 578, 19, 41, 18, 44, 418.307, 12.143
Mon Jul  3 00:12:42 EDT 2017, 0.420, 144, 21, 2, 13, 428, 10, 21, 3, 24, 7.343, 1.860
Mon Jul  3 00:12:44 EDT 2017, 0.300, 129, 28, 9, 21, 390, 3, 16, 22, 49, 1.453, 0.930
Mon Jul  3 00:13:30 EDT 2017, 0.800, 149, 23, 5, 10, 540, 12, 36, 7, 29, 45.730, 4.577
Mon Jul  3 00:13:43 EDT 2017, 0.550, 139, 20, 7, 15, 315, 17, 26, 15, 19, 13.097, 1.780
Mon Jul  3 00:14:32 EDT 2017, 0.050, 159, 25, 3, 26, 465, 8, 46, 0, 39, 49.087, 5.103
Mon Jul  3 00:14:39 EDT 2017, 0.030, 128, 24, 6, 9, 413, 17, 12, 16, 26, 6.750, 1.407
Mon Jul  3 00:15:19 EDT 2017, 0.530, 148, 29, 2, 20, 563, 8, 32, 1, 46, 39.737, 4.673
Mon Jul  3 00:15:20 EDT 2017, 0.780, 138, 27, 8, 25, 338, 3, 22, 23, 36, 1.437, 1.030
Mon Jul  3 00:15:40 EDT 2017, 0.280, 158, 22, 4, 14, 488, 13, 42, 8, 16, 20.037, 2.777
Mon Jul  3 00:16:49 EDT 2017, 0.410, 133, 28, 7, 28, 451, 15, 37, 20, 31, 68.077, 4.483
Mon Jul  3 00:16:49 EDT 2017, 0.910, 153, 23, 3, 17, 301, 5, 17, 5, 11, 0.423, 0.447
Mon Jul  3 00:16:50 EDT 2017, 0.660, 123, 21, 9, 12, 526, 1, 47, 27, 21, 0.813, 0.990
Mon Jul  3 00:17:14 EDT 2017, 0.160, 143, 26, 5, 23, 376, 10, 27, 12, 41, 23.803, 2.867
Mon Jul  3 00:20:36 EDT 2017, 0.220, 136, 21, 3, 19, 395, 19, 49, 22, 29, 200.630, 6.960
Mon Jul  3 00:21:17 EDT 2017, 0.720, 156, 26, 7, 8, 545, 9, 29, 7, 49, 40.647, 4.803
Mon Jul  3 00:21:24 EDT 2017, 0.970, 126, 29, 5, 13, 320, 4, 39, 29, 39, 7.120, 1.887
Mon Jul  3 00:21:30 EDT 2017, 0.470, 146, 24, 9, 24, 470, 14, 19, 14, 19, 5.673, 1.523
Mon Jul  3 00:22:29 EDT 2017, 0.350, 121, 25, 2, 16, 507, 16, 24, 18, 34, 59.630, 4.127
Mon Jul  3 00:22:34 EDT 2017, 0.850, 141, 20, 6, 27, 357, 7, 44, 3, 14, 4.360, 1.450
Mon Jul  3 00:22:35 EDT 2017, 0.600, 131, 22, 4, 21, 582, 2, 14, 25, 24, 0.667, 0.673
Mon Jul  3 00:23:28 EDT 2017, 0.100, 151, 27, 8, 10, 432, 11, 34, 10, 44, 52.570, 4.607
Mon Jul  3 00:23:30 EDT 2017, 0.060, 132, 26, 9, 15, 367, 8, 43, 8, 10, 2.430, 1.033
Mon Jul  3 00:24:14 EDT 2017, 0.560, 152, 21, 5, 26, 517, 18, 23, 23, 30, 43.753, 3.977
Mon Jul  3 00:25:39 EDT 2017, 0.810, 122, 23, 7, 21, 442, 13, 33, 0, 40, 84.880, 5.190
Mon Jul  3 00:25:40 EDT 2017, 0.310, 142, 28, 3, 10, 592, 4, 13, 15, 20, 0.720, 0.797
Mon Jul  3 00:26:02 EDT 2017, 0.440, 127, 20, 8, 23, 554, 6, 28, 11, 45, 21.233, 3.660
Mon Jul  3 00:27:20 EDT 2017, 0.940, 147, 25, 4, 12, 404, 16, 48, 26, 25, 78.207, 4.777
Mon Jul  3 00:27:23 EDT 2017, 0.690, 137, 27, 6, 18, 479, 11, 18, 4, 15, 2.440, 1.220
Mon Jul  3 00:27:24 EDT 2017, 0.190, 157, 22, 2, 29, 329, 1, 38, 19, 35, 0.833, 0.757
Mon Jul  3 00:27:25 EDT 2017, 0.130, 124, 29, 4, 25, 310, 10, 16, 13, 13, 1.137, 0.670
Mon Jul  3 00:29:25 EDT 2017, 0.630, 144, 24, 8, 14, 460, 19, 36, 28, 33, 119.520, 5.823
Mon Jul  3 00:30:32 EDT 2017, 0.880, 134, 22, 2, 8, 385, 14, 26, 6, 43, 67.050, 4.450
Mon Jul  3 00:30:39 EDT 2017, 0.380, 154, 27, 6, 19, 535, 5, 46, 21, 23, 7.107, 2.243
Mon Jul  3 00:31:16 EDT 2017, 0.250, 139, 23, 5, 11, 573, 7, 31, 9, 48, 36.890, 4.890
Mon Jul  3 00:31:21 EDT 2017, 0.750, 159, 28, 9, 22, 423, 17, 11, 24, 28, 4.623, 1.290
Mon Jul  3 00:31:45 EDT 2017, 0.500, 129, 25, 3, 27, 498, 12, 41, 2, 18, 24.047, 3.007
Mon Jul  3 00:31:46 EDT 2017, 0.000, 149, 20, 7, 16, 348, 2, 21, 17, 38, 1.063, 0.770
Mon Jul  3 00:31:49 EDT 2017, 0.000, 129, 29, 5, 12, 461, 5, 18, 26, 30, 2.110, 1.127
Mon Jul  3 00:31:53 EDT 2017, 0.500, 149, 24, 9, 23, 311, 15, 38, 11, 10, 4.577, 1.040
Mon Jul  3 00:32:04 EDT 2017, 0.750, 139, 22, 3, 28, 536, 10, 28, 18, 20, 10.693, 2.310
Mon Jul  3 00:32:05 EDT 2017, 0.250, 159, 27, 7, 17, 386, 1, 48, 3, 40, 1.070, 0.977
Mon Jul  3 00:32:17 EDT 2017, 0.370, 134, 23, 4, 25, 423, 8, 33, 22, 25, 11.847, 2.363
Mon Jul  3 00:32:41 EDT 2017, 0.870, 154, 28, 8, 14, 573, 17, 13, 7, 45, 23.340, 3.103
Mon Jul  3 00:33:59 EDT 2017, 0.620, 124, 26, 2, 9, 348, 12, 43, 15, 35, 77.800, 4.507
Mon Jul  3 00:34:00 EDT 2017, 0.120, 144, 21, 6, 20, 498, 3, 23, 0, 15, 0.773, 0.810
Mon Jul  3 00:34:17 EDT 2017, 0.190, 137, 26, 8, 21, 517, 6, 41, 24, 32, 16.510, 2.977
Mon Jul  3 00:34:20 EDT 2017, 0.690, 157, 21, 4, 10, 367, 16, 21, 9, 12, 3.367, 1.160
Mon Jul  3 00:34:40 EDT 2017, 0.940, 127, 24, 6, 16, 592, 11, 31, 17, 22, 19.947, 3.003
Mon Jul  3 00:34:41 EDT 2017, 0.440, 147, 29, 2, 27, 442, 2, 11, 2, 42, 0.383, 0.527
Mon Jul  3 00:34:52 EDT 2017, 0.310, 122, 20, 9, 13, 405, 9, 26, 28, 27, 10.533, 1.997
Mon Jul  3 00:43:04 EDT 2017, 0.810, 142, 25, 5, 24, 555, 18, 46, 13, 47, 491.247, 13.073
Mon Jul  3 00:43:16 EDT 2017, 0.560, 132, 27, 7, 19, 330, 14, 16, 20, 37, 11.663, 1.787
Mon Jul  3 00:43:18 EDT 2017, 0.060, 152, 22, 3, 8, 480, 4, 36, 5, 17, 2.187, 1.410
Mon Jul  3 00:51:03 EDT 2017, 0.090, 131, 21, 2, 18, 545, 15, 47, 4, 46, 464.093, 12.917
Mon Jul  3 00:51:07 EDT 2017, 0.590, 151, 26, 6, 29, 395, 6, 27, 19, 26, 3.777, 1.563
Mon Jul  3 00:51:08 EDT 2017, 0.840, 121, 28, 4, 23, 470, 1, 37, 12, 16, 0.317, 0.427
Mon Jul  3 00:51:15 EDT 2017, 0.340, 141, 23, 8, 12, 320, 11, 17, 27, 36, 7.640, 1.607
Mon Jul  3 00:51:20 EDT 2017, 0.470, 126, 25, 3, 21, 358, 18, 22, 1, 11, 4.167, 1.050
Mon Jul  3 00:51:52 EDT 2017, 0.970, 146, 20, 7, 10, 508, 8, 42, 16, 31, 32.130, 4.027
Mon Jul  3 00:51:53 EDT 2017, 0.720, 136, 22, 5, 15, 433, 3, 12, 8, 41, 0.817, 0.720
Mon Jul  3 00:52:11 EDT 2017, 0.220, 156, 27, 9, 26, 583, 13, 32, 23, 21, 18.267, 2.950
Mon Jul  3 00:52:55 EDT 2017, 0.160, 123, 24, 7, 28, 564, 17, 14, 2, 48, 43.363, 3.927
Mon Jul  3 00:53:04 EDT 2017, 0.660, 143, 29, 3, 17, 414, 7, 34, 17, 28, 9.273, 2.000
Mon Jul  3 00:53:05 EDT 2017, 0.910, 133, 27, 9, 11, 489, 2, 24, 10, 18, 0.397, 0.580
Mon Jul  3 00:54:24 EDT 2017, 0.410, 153, 22, 5, 22, 339, 12, 44, 25, 38, 78.367, 4.807
Mon Jul  3 00:54:38 EDT 2017, 0.280, 138, 28, 6, 8, 302, 19, 39, 6, 13, 13.613, 1.707
Mon Jul  3 00:54:46 EDT 2017, 0.780, 158, 23, 2, 19, 452, 9, 19, 21, 33, 8.237, 2.057
Mon Jul  3 00:55:14 EDT 2017, 0.530, 128, 20, 8, 25, 377, 5, 49, 14, 43, 27.323, 3.533
Mon Jul  3 00:55:38 EDT 2017, 0.030, 148, 25, 4, 14, 527, 14, 29, 29, 23, 23.730, 3.137
Mon Jul  3 00:55:38 EDT 2017, 0.050, 139, 24, 9, 19, 353, 1, 34, 13, 31, 0.647, 0.713
Mon Jul  3 00:55:39 EDT 2017, 0.550, 159, 29, 5, 8, 503, 10, 14, 28, 11, 0.617, 0.550
Mon Jul  3 00:56:24 EDT 2017, 0.800, 129, 26, 7, 13, 428, 15, 44, 6, 21, 44.663, 3.693
Mon Jul  3 00:56:37 EDT 2017, 0.300, 149, 21, 3, 24, 578, 6, 24, 21, 41, 12.930, 3.037
Mon Jul  3 00:56:38 EDT 2017, 0.420, 124, 27, 8, 16, 541, 3, 19, 9, 26, 0.990, 0.867
Mon Jul  3 00:58:47 EDT 2017, 0.920, 144, 22, 4, 27, 391, 13, 39, 24, 46, 128.243, 6.490
Mon Jul  3 01:00:21 EDT 2017, 0.670, 134, 20, 6, 22, 466, 17, 29, 2, 36, 93.710, 5.373
Mon Jul  3 01:00:28 EDT 2017, 0.170, 154, 25, 2, 11, 316, 8, 49, 17, 16, 6.887, 1.623
Mon Jul  3 01:00:29 EDT 2017, 0.230, 126, 22, 4, 9, 334, 2, 26, 8, 34, 1.080, 0.773
Mon Jul  3 01:00:43 EDT 2017, 0.730, 146, 27, 8, 20, 484, 12, 46, 23, 14, 13.343, 2.463
Mon Jul  3 01:00:51 EDT 2017, 0.980, 136, 29, 2, 26, 409, 16, 16, 0, 24, 8.213, 1.670
Mon Jul  3 01:01:25 EDT 2017, 0.480, 156, 24, 6, 15, 559, 7, 36, 15, 44, 34.037, 4.460
Mon Jul  3 01:01:34 EDT 2017, 0.360, 131, 25, 5, 29, 597, 4, 41, 11, 29, 8.417, 2.460
Mon Jul  3 01:02:23 EDT 2017, 0.860, 151, 20, 9, 18, 447, 14, 21, 26, 49, 48.713, 4.027
Mon Jul  3 01:05:43 EDT 2017, 0.610, 121, 23, 3, 12, 522, 19, 31, 4, 39, 200.283, 7.513
Mon Jul  3 01:05:45 EDT 2017, 0.110, 141, 28, 7, 23, 372, 9, 11, 19, 19, 0.943, 0.650
Mon Jul  3 01:06:10 EDT 2017, 0.080, 120, 27, 6, 25, 437, 11, 20, 22, 45, 25.663, 2.910
Mon Jul  3 01:06:12 EDT 2017, 0.580, 140, 22, 2, 14, 587, 1, 40, 7, 25, 0.950, 1.020
Mon Jul  3 01:06:12 EDT 2017, 0.830, 130, 24, 8, 9, 362, 6, 10, 29, 15, 0.293, 0.310
Mon Jul  3 01:07:19 EDT 2017, 0.330, 150, 29, 4, 20, 512, 16, 30, 14, 35, 66.713, 4.807
Mon Jul  3 01:07:29 EDT 2017, 0.450, 135, 21, 7, 11, 475, 13, 45, 18, 10, 9.580, 2.017
Mon Jul  3 01:07:31 EDT 2017, 0.950, 155, 26, 3, 22, 325, 4, 25, 3, 30, 1.743, 0.973
Mon Jul  3 01:08:17 EDT 2017, 0.700, 125, 28, 9, 28, 550, 9, 35, 25, 40, 46.100, 4.490
Mon Jul  3 01:08:23 EDT 2017, 0.200, 145, 23, 5, 17, 400, 18, 15, 10, 20, 6.377, 1.487
Mon Jul  3 01:10:07 EDT 2017, 0.140, 133, 29, 3, 15, 381, 12, 38, 16, 48, 102.930, 5.570
Mon Jul  3 01:10:08 EDT 2017, 0.640, 153, 24, 7, 26, 531, 3, 18, 1, 28, 1.123, 1.060
Mon Jul  3 01:10:16 EDT 2017, 0.890, 123, 21, 5, 21, 306, 7, 48, 24, 18, 8.210, 1.527
Mon Jul  3 01:11:26 EDT 2017, 0.390, 143, 26, 9, 10, 456, 17, 28, 9, 38, 69.370, 4.463
Mon Jul  3 01:11:28 EDT 2017, 0.270, 128, 23, 2, 24, 494, 14, 13, 20, 13, 2.357, 1.270
Mon Jul  3 01:11:34 EDT 2017, 0.770, 148, 28, 6, 13, 344, 5, 33, 5, 33, 5.130, 1.537
Mon Jul  3 01:12:06 EDT 2017, 0.520, 138, 25, 4, 18, 569, 10, 23, 27, 43, 31.973, 4.020
Mon Jul  3 01:13:22 EDT 2017, 0.020, 158, 20, 8, 29, 419, 19, 43, 12, 23, 75.820, 4.817
Mon Jul  3 01:13:26 EDT 2017, 0.020, 134, 25, 7, 8, 402, 3, 30, 26, 44, 3.940, 1.617
Mon Jul  3 01:13:30 EDT 2017, 0.520, 154, 20, 3, 19, 552, 13, 10, 11, 24, 3.377, 1.293
Mon Jul  3 01:13:49 EDT 2017, 0.770, 124, 22, 9, 25, 327, 18, 40, 18, 14, 19.527, 1.967
Mon Jul  3 01:13:57 EDT 2017, 0.270, 144, 27, 5, 14, 477, 8, 20, 3, 34, 7.210, 1.943
Mon Jul  3 01:13:57 EDT 2017, 0.400, 129, 21, 6, 27, 515, 1, 15, 29, 19, 0.247, 0.280
Mon Jul  3 01:14:35 EDT 2017, 0.900, 149, 26, 2, 16, 365, 10, 35, 14, 39, 37.620, 3.803
Mon Jul  3 01:16:09 EDT 2017, 0.650, 139, 29, 8, 11, 590, 15, 25, 22, 49, 94.233, 6.000
Mon Jul  3 01:16:24 EDT 2017, 0.150, 159, 24, 4, 22, 440, 6, 45, 7, 29, 14.130, 2.920
Mon Jul  3 01:16:33 EDT 2017, 0.210, 121, 28, 2, 20, 421, 5, 28, 28, 42, 9.333, 1.990
Mon Jul  3 01:17:44 EDT 2017, 0.710, 141, 23, 6, 9, 571, 14, 48, 13, 22, 70.707, 5.453
Mon Jul  3 01:17:49 EDT 2017, 0.960, 131, 20, 4, 15, 346, 19, 18, 20, 12, 4.433, 1.273
Mon Jul  3 01:18:17 EDT 2017, 0.460, 151, 25, 8, 26, 496, 9, 38, 5, 32, 28.160, 3.563
Mon Jul  3 01:18:18 EDT 2017, 0.340, 136, 24, 3, 18, 459, 2, 43, 24, 17, 0.863, 1.010
Mon Jul  3 01:18:32 EDT 2017, 0.840, 156, 29, 7, 29, 309, 12, 23, 9, 37, 13.137, 1.940
Mon Jul  3 01:21:51 EDT 2017, 0.590, 126, 27, 5, 23, 534, 16, 33, 16, 47, 198.997, 7.970
Mon Jul  3 01:21:53 EDT 2017, 0.090, 146, 22, 9, 12, 384, 7, 13, 1, 27, 1.440, 0.893
Mon Jul  3 01:22:20 EDT 2017, 0.120, 125, 23, 8, 14, 318, 13, 24, 2, 38, 26.633, 2.453
Mon Jul  3 01:22:23 EDT 2017, 0.620, 145, 28, 4, 25, 468, 4, 44, 17, 18, 2.667, 1.250
Mon Jul  3 01:22:26 EDT 2017, 0.870, 135, 25, 6, 20, 393, 9, 14, 10, 28, 3.137, 1.240
Mon Jul  3 01:27:50 EDT 2017, 0.370, 155, 20, 2, 9, 543, 18, 34, 25, 48, 324.007, 10.740
Mon Jul  3 01:28:34 EDT 2017, 0.490, 130, 29, 9, 23, 580, 11, 49, 6, 23, 43.567, 4.353
Mon Jul  3 01:28:36 EDT 2017, 0.990, 150, 24, 5, 12, 430, 2, 29, 21, 43, 2.047, 1.427
Mon Jul  3 01:28:57 EDT 2017, 0.740, 120, 21, 7, 17, 505, 6, 39, 13, 33, 20.863, 3.220
Mon Jul  3 01:29:01 EDT 2017, 0.240, 140, 26, 3, 28, 355, 16, 19, 28, 13, 3.257, 1.080
Mon Jul  3 01:30:38 EDT 2017, 0.180, 137, 20, 5, 27, 374, 15, 37, 4, 36, 97.063, 4.977
Mon Jul  3 01:30:39 EDT 2017, 0.680, 157, 25, 9, 16, 524, 5, 17, 19, 16, 0.873, 0.813
Mon Jul  3 01:31:20 EDT 2017, 0.930, 127, 27, 3, 10, 449, 10, 47, 12, 26, 40.883, 4.103
Mon Jul  3 01:34:25 EDT 2017, 0.430, 147, 22, 7, 21, 599, 19, 27, 27, 46, 183.633, 8.260
Mon Jul  3 01:34:28 EDT 2017, 0.300, 122, 26, 4, 13, 562, 12, 12, 0, 21, 3.250, 1.267
Mon Jul  3 01:34:32 EDT 2017, 0.800, 142, 21, 8, 24, 412, 3, 32, 15, 41, 3.923, 1.677
Mon Jul  3 01:34:40 EDT 2017, 0.550, 132, 23, 2, 29, 487, 7, 22, 8, 31, 7.727, 2.010
Mon Jul  3 01:34:49 EDT 2017, 0.050, 152, 28, 6, 18, 337, 17, 42, 23, 11, 9.080, 1.563
Mon Jul  3 01:35:02 EDT 2017, 0.040, 124, 20, 3, 23, 585, 8, 16, 8, 42, 13.193, 2.650
Mon Jul  3 01:35:41 EDT 2017, 0.540, 144, 25, 7, 12, 435, 17, 36, 23, 22, 38.810, 3.283
Mon Jul  3 01:35:46 EDT 2017, 0.790, 134, 28, 5, 17, 510, 13, 26, 1, 12, 4.460, 1.437
Mon Jul  3 01:35:50 EDT 2017, 0.290, 154, 23, 9, 28, 360, 3, 46, 16, 32, 3.697, 1.563
Mon Jul  3 01:35:52 EDT 2017, 0.410, 139, 27, 2, 15, 323, 5, 31, 12, 17, 1.550, 0.930
Mon Jul  3 01:36:01 EDT 2017, 0.910, 159, 22, 6, 26, 473, 15, 11, 27, 37, 9.073, 1.887
Mon Jul  3 01:37:36 EDT 2017, 0.660, 129, 24, 4, 20, 398, 10, 41, 5, 47, 94.617, 5.757
Mon Jul  3 01:37:37 EDT 2017, 0.160, 149, 29, 8, 9, 548, 1, 21, 20, 27, 0.427, 0.637
Mon Jul  3 01:38:57 EDT 2017, 0.230, 132, 22, 6, 10, 529, 9, 43, 14, 40, 80.303, 6.260
Mon Jul  3 01:39:10 EDT 2017, 0.730, 152, 27, 2, 21, 379, 18, 23, 29, 20, 13.017, 2.087
Mon Jul  3 01:39:16 EDT 2017, 0.980, 122, 25, 8, 27, 454, 14, 33, 6, 10, 5.733, 1.363
Mon Jul  3 01:39:17 EDT 2017, 0.480, 142, 20, 4, 16, 304, 4, 13, 21, 30, 0.967, 0.697
Mon Jul  3 01:39:19 EDT 2017, 0.350, 127, 28, 7, 24, 341, 7, 28, 10, 15, 1.827, 0.937
Mon Jul  3 01:42:55 EDT 2017, 0.850, 147, 23, 3, 13, 491, 16, 48, 25, 35, 215.020, 8.670
Mon Jul  3 01:43:14 EDT 2017, 0.600, 137, 21, 9, 8, 416, 11, 18, 3, 45, 18.860, 2.743
Mon Jul  3 01:43:15 EDT 2017, 0.100, 157, 26, 5, 19, 566, 2, 38, 18, 25, 1.617, 1.360
Mon Jul  3 01:48:20 EDT 2017, 0.070, 135, 28, 4, 29, 501, 18, 47, 15, 39, 304.190, 9.717
Mon Jul  3 01:48:24 EDT 2017, 0.570, 155, 23, 8, 18, 351, 8, 27, 0, 19, 3.093, 1.210
Mon Jul  3 01:48:33 EDT 2017, 0.820, 125, 20, 2, 13, 576, 4, 37, 22, 29, 8.897, 2.560
Mon Jul  3 01:48:58 EDT 2017, 0.320, 145, 25, 6, 24, 426, 13, 17, 7, 49, 25.330, 2.963
Mon Jul  3 01:49:16 EDT 2017, 0.450, 120, 24, 5, 10, 388, 16, 22, 19, 24, 17.690, 2.150
Mon Jul  3 01:49:47 EDT 2017, 0.950, 140, 29, 9, 21, 538, 6, 42, 4, 44, 30.533, 4.153
Mon Jul  3 01:49:47 EDT 2017, 0.700, 130, 26, 3, 26, 313, 1, 12, 26, 34, 0.310, 0.357
Mon Jul  3 01:49:54 EDT 2017, 0.200, 150, 21, 7, 15, 463, 11, 32, 11, 14, 6.137, 1.703
Mon Jul  3 01:50:05 EDT 2017, 0.130, 128, 26, 9, 17, 482, 19, 10, 21, 36, 11.330, 2.027
Mon Jul  3 01:50:10 EDT 2017, 0.630, 148, 21, 5, 28, 332, 10, 30, 6, 16, 4.813, 1.463
Mon Jul  3 01:50:13 EDT 2017, 0.880, 138, 23, 7, 22, 557, 5, 20, 28, 26, 2.360, 1.200
Mon Jul  3 01:52:23 EDT 2017, 0.380, 158, 28, 3, 11, 407, 14, 40, 13, 46, 130.517, 6.560
Mon Jul  3 01:53:04 EDT 2017, 0.260, 133, 22, 8, 19, 445, 17, 35, 17, 21, 40.407, 3.510
Mon Jul  3 01:53:10 EDT 2017, 0.760, 153, 27, 4, 8, 595, 7, 15, 2, 41, 5.643, 1.923
Mon Jul  3 01:53:12 EDT 2017, 0.510, 123, 29, 6, 14, 370, 2, 45, 24, 31, 2.037, 1.230
Mon Jul  3 01:53:16 EDT 2017, 0.010, 143, 24, 2, 25, 520, 12, 25, 9, 11, 3.487, 1.293
Mon Jul  3 01:53:17 EDT 2017, 0.000, 136, 21, 6, 14, 565, 5, 21, 10, 13, 0.947, 0.740
Mon Jul  3 01:54:34 EDT 2017, 0.500, 156, 26, 2, 25, 415, 14, 41, 25, 33, 76.790, 5.283
Mon Jul  3 01:54:53 EDT 2017, 0.750, 126, 29, 8, 19, 490, 19, 11, 3, 43, 19.297, 2.427
Mon Jul  3 01:55:01 EDT 2017, 0.250, 146, 24, 4, 8, 340, 9, 31, 18, 23, 7.920, 1.813
Mon Jul  3 01:55:05 EDT 2017, 0.380, 121, 25, 7, 22, 303, 2, 46, 14, 48, 4.047, 1.543
Mon Jul  3 01:55:29 EDT 2017, 0.880, 141, 20, 3, 11, 453, 12, 26, 29, 28, 23.483, 2.887
Mon Jul  3 01:55:51 EDT 2017, 0.630, 131, 23, 9, 16, 378, 16, 36, 6, 18, 22.290, 2.513
Mon Jul  3 01:55:56 EDT 2017, 0.130, 151, 28, 5, 27, 528, 7, 16, 21, 38, 4.797, 1.703
Mon Jul  3 01:55:57 EDT 2017, 0.190, 129, 23, 3, 26, 546, 3, 39, 12, 10, 0.937, 0.790
Mon Jul  3 01:56:07 EDT 2017, 0.690, 149, 28, 7, 15, 396, 13, 19, 27, 30, 9.583, 1.910
Mon Jul  3 02:01:34 EDT 2017, 0.940, 139, 26, 5, 10, 471, 18, 49, 4, 40, 326.710, 10.023
Mon Jul  3 02:01:38 EDT 2017, 0.440, 159, 21, 9, 21, 321, 8, 29, 19, 20, 3.723, 1.433
Mon Jul  3 02:01:38 EDT 2017, 0.320, 134, 27, 2, 12, 359, 1, 14, 8, 45, 0.293, 0.397
Mon Jul  3 02:02:02 EDT 2017, 0.820, 154, 22, 6, 23, 509, 11, 34, 23, 25, 23.613, 3.353
Mon Jul  3 02:02:12 EDT 2017, 0.570, 124, 20, 4, 29, 434, 15, 24, 1, 15, 9.293, 1.830
Mon Jul  3 02:02:37 EDT 2017, 0.070, 144, 25, 8, 18, 584, 6, 44, 16, 35, 24.980, 4.097
Mon Jul  3 02:03:30 EDT 2017, 0.100, 122, 29, 9, 9, 518, 15, 32, 17, 29, 53.193, 4.193
Mon Jul  3 02:03:33 EDT 2017, 0.600, 142, 24, 5, 20, 368, 5, 12, 2, 49, 2.073, 1.093
Mon Jul  3 02:05:15 EDT 2017, 0.850, 132, 21, 7, 25, 593, 10, 42, 24, 39, 101.567, 6.960
Mon Jul  3 02:05:29 EDT 2017, 0.350, 152, 26, 3, 14, 443, 19, 22, 9, 19, 14.050, 2.233
Mon Jul  3 02:05:40 EDT 2017, 0.470, 137, 22, 8, 28, 406, 12, 17, 20, 34, 10.983, 1.987
Mon Jul  3 02:05:41 EDT 2017, 0.970, 157, 27, 4, 17, 556, 3, 37, 5, 14, 1.120, 0.953
Mon Jul  3 02:05:47 EDT 2017, 0.720, 127, 25, 6, 12, 331, 8, 27, 28, 24, 5.357, 1.327
Mon Jul  3 02:13:01 EDT 2017, 0.220, 147, 20, 2, 23, 481, 17, 47, 13, 44, 433.960, 12.357
Mon Jul  3 02:13:23 EDT 2017, 0.160, 130, 27, 4, 21, 462, 14, 25, 19, 26, 22.103, 2.700
Mon Jul  3 02:13:35 EDT 2017, 0.660, 150, 22, 8, 10, 312, 4, 45, 4, 46, 11.273, 2.357
Mon Jul  3 02:13:44 EDT 2017, 0.910, 120, 24, 2, 16, 537, 9, 15, 26, 36, 9.187, 2.113
Mon Jul  3 02:14:02 EDT 2017, 0.410, 140, 29, 6, 27, 387, 18, 35, 11, 16, 18.113, 2.250
Mon Jul  3 02:14:58 EDT 2017, 0.290, 125, 21, 5, 18, 425, 11, 40, 15, 31, 55.687, 4.377
Mon Jul  3 02:14:59 EDT 2017, 0.790, 145, 26, 9, 29, 575, 2, 20, 0, 11, 0.220, 0.347
Mon Jul  3 02:15:02 EDT 2017, 0.540, 135, 28, 3, 24, 350, 6, 30, 22, 21, 3.060, 1.237
Mon Jul  3 02:15:13 EDT 2017, 0.040, 155, 23, 7, 13, 500, 16, 10, 7, 41, 10.360, 1.970
Mon Jul  3 02:15:21 EDT 2017, 0.050, 127, 26, 2, 28, 382, 9, 45, 24, 14, 8.140, 1.873
Mon Jul  3 02:16:39 EDT 2017, 0.550, 147, 21, 6, 17, 532, 19, 25, 9, 34, 77.893, 5.133
Mon Jul  3 02:18:07 EDT 2017, 0.800, 137, 24, 4, 12, 307, 14, 35, 16, 44, 87.307, 4.680
Mon Jul  3 02:18:08 EDT 2017, 0.300, 157, 29, 8, 23, 457, 4, 15, 1, 24, 0.823, 0.820
Mon Jul  3 02:18:25 EDT 2017, 0.430, 132, 20, 3, 9, 495, 7, 20, 27, 49, 17.390, 3.227
Mon Jul  3 02:19:22 EDT 2017, 0.930, 152, 25, 7, 20, 345, 16, 40, 12, 29, 56.590, 3.923
Mon Jul  3 02:19:24 EDT 2017, 0.680, 122, 28, 5, 26, 570, 11, 10, 20, 19, 1.630, 0.940
Mon Jul  3 02:19:25 EDT 2017, 0.180, 142, 23, 9, 15, 420, 2, 30, 5, 39, 1.567, 1.010
Mon Jul  3 02:19:26 EDT 2017, 0.240, 139, 29, 7, 16, 439, 8, 13, 29, 12, 0.557, 0.463
Mon Jul  3 02:21:05 EDT 2017, 0.740, 159, 24, 3, 27, 589, 17, 33, 14, 32, 98.877, 6.460
Mon Jul  3 02:21:39 EDT 2017, 0.990, 129, 22, 9, 22, 364, 13, 23, 22, 42, 33.533, 3.243
Mon Jul  3 02:21:42 EDT 2017, 0.490, 149, 27, 5, 11, 514, 3, 43, 7, 22, 2.453, 1.427
Mon Jul  3 02:22:07 EDT 2017, 0.360, 124, 23, 6, 19, 476, 5, 38, 26, 47, 24.827, 3.930
Mon Jul  3 02:22:16 EDT 2017, 0.860, 144, 28, 2, 8, 326, 15, 18, 11, 27, 9.127, 1.787
Mon Jul  3 02:22:35 EDT 2017, 0.610, 134, 26, 8, 13, 551, 10, 48, 18, 17, 18.960, 2.943
Mon Jul  3 02:22:36 EDT 2017, 0.110, 154, 21, 4, 24, 401, 1, 28, 3, 37, 0.583, 0.787
Mon Jul  3 02:22:56 EDT 2017, 0.080, 133, 24, 5, 24, 336, 19, 19, 0, 28, 19.670, 2.220
Mon Jul  3 02:24:07 EDT 2017, 0.580, 153, 29, 9, 13, 486, 10, 39, 15, 48, 70.650, 5.577
Mon Jul  3 02:24:15 EDT 2017, 0.830, 123, 27, 3, 18, 411, 5, 29, 8, 38, 8.117, 2.023
Mon Jul  3 02:25:02 EDT 2017, 0.330, 143, 22, 7, 29, 561, 14, 49, 23, 18, 46.713, 4.413
Mon Jul  3 02:27:11 EDT 2017, 0.460, 128, 28, 4, 15, 598, 17, 34, 4, 33, 128.287, 6.590
Mon Jul  3 02:27:12 EDT 2017, 0.960, 148, 23, 8, 26, 448, 7, 14, 19, 13, 0.653, 0.587
Mon Jul  3 02:27:16 EDT 2017, 0.710, 138, 20, 2, 21, 523, 3, 44, 11, 23, 4.070, 2.000
Mon Jul  3 02:27:42 EDT 2017, 0.210, 158, 25, 6, 10, 373, 12, 24, 26, 43, 25.997, 2.893
Mon Jul  3 02:29:12 EDT 2017, 0.140, 121, 21, 8, 11, 354, 18, 42, 6, 26, 90.023, 4.183
Mon Jul  3 02:29:31 EDT 2017, 0.640, 141, 26, 4, 22, 504, 8, 22, 21, 46, 18.283, 3.210
Mon Jul  3 02:29:36 EDT 2017, 0.890, 131, 28, 6, 28, 429, 4, 32, 13, 36, 5.297, 1.653
Mon Jul  3 02:29:39 EDT 2017, 0.390, 151, 23, 2, 17, 579, 13, 12, 28, 16, 2.247, 1.200
Mon Jul  3 02:30:28 EDT 2017, 0.270, 136, 25, 9, 25, 542, 16, 27, 2, 31, 48.697, 4.170
Mon Jul  3 02:30:30 EDT 2017, 0.770, 156, 20, 5, 14, 392, 6, 47, 17, 11, 2.730, 1.347
Mon Jul  3 02:30:31 EDT 2017, 0.520, 126, 22, 7, 9, 467, 1, 17, 10, 21, 0.210, 0.280
Mon Jul  3 02:31:17 EDT 2017, 0.020, 146, 27, 3, 20, 317, 11, 37, 25, 41, 46.470, 3.750
Mon Jul  3 02:31:32 EDT 2017, 0.010, 121, 22, 4, 17, 371, 7, 48, 11, 22, 14.533, 2.223
Mon Jul  3 02:32:59 EDT 2017, 0.510, 141, 27, 8, 28, 521, 16, 28, 26, 42, 86.507, 5.600
Mon Jul  3 02:33:51 EDT 2017, 0.760, 131, 25, 2, 23, 446, 11, 38, 4, 32, 51.650, 4.353
Mon Jul  3 02:33:51 EDT 2017, 0.260, 151, 20, 6, 12, 596, 2, 18, 19, 12, 0.227, 0.413
Mon Jul  3 02:34:09 EDT 2017, 0.390, 136, 28, 5, 20, 558, 9, 23, 7, 37, 17.500, 2.943
Mon Jul  3 02:34:41 EDT 2017, 0.890, 156, 23, 9, 9, 408, 18, 43, 22, 17, 31.773, 3.280
Mon Jul  3 02:34:50 EDT 2017, 0.640, 126, 21, 3, 15, 483, 14, 13, 0, 27, 8.357, 1.747
Mon Jul  3 02:34:56 EDT 2017, 0.140, 146, 26, 7, 26, 333, 4, 33, 15, 47, 6.540, 1.803
Mon Jul  3 02:34:57 EDT 2017, 0.200, 134, 20, 9, 27, 314, 5, 11, 9, 24, 0.527, 0.507
Mon Jul  3 02:36:34 EDT 2017, 0.700, 154, 25, 5, 16, 464, 15, 31, 24, 44, 96.663, 5.873
Mon Jul  3 02:36:45 EDT 2017, 0.950, 124, 28, 7, 10, 389, 10, 21, 2, 34, 10.907, 2.080
Mon Jul  3 02:36:45 EDT 2017, 0.450, 144, 23, 3, 21, 539, 1, 41, 17, 14, 0.417, 0.413
Mon Jul  3 02:37:25 EDT 2017, 0.320, 129, 26, 8, 8, 577, 8, 36, 13, 39, 39.997, 4.773
Mon Jul  3 02:37:32 EDT 2017, 0.820, 149, 21, 4, 19, 427, 17, 16, 28, 19, 6.610, 1.457
Mon Jul  3 02:38:45 EDT 2017, 0.570, 139, 24, 6, 24, 502, 12, 46, 6, 29, 72.750, 5.403
Mon Jul  3 02:38:48 EDT 2017, 0.070, 159, 29, 2, 13, 352, 3, 26, 21, 49, 2.787, 1.407
Mon Jul  3 02:38:52 EDT 2017, 0.110, 138, 25, 3, 12, 418, 17, 15, 20, 15, 3.397, 0.960
Mon Jul  3 02:39:14 EDT 2017, 0.610, 158, 20, 7, 23, 568, 7, 35, 5, 35, 22.283, 3.823
Mon Jul  3 02:39:16 EDT 2017, 0.860, 128, 23, 5, 29, 343, 2, 25, 27, 45, 1.573, 1.087
Mon Jul  3 02:39:55 EDT 2017, 0.360, 148, 28, 9, 18, 493, 12, 45, 12, 25, 38.287, 3.963
Mon Jul  3 02:42:59 EDT 2017, 0.480, 123, 22, 2, 26, 455, 19, 30, 16, 40, 183.527, 6.940
Mon Jul  3 02:43:00 EDT 2017, 0.980, 143, 27, 6, 15, 305, 9, 10, 1, 20, 0.903, 0.620
Mon Jul  3 02:43:02 EDT 2017, 0.730, 133, 29, 4, 10, 530, 5, 40, 23, 10, 1.567, 1.120
Mon Jul  3 02:43:14 EDT 2017, 0.230, 153, 24, 8, 21, 380, 14, 20, 8, 30, 12.383, 1.910
Mon Jul  3 02:43:43 EDT 2017, 0.170, 125, 27, 6, 22, 399, 15, 42, 18, 18, 28.387, 2.673
Mon Jul  3 02:43:52 EDT 2017, 0.670, 145, 22, 2, 11, 549, 6, 22, 3, 38, 9.303, 2.450
Mon Jul  3 02:43:53 EDT 2017, 0.920, 135, 20, 8, 17, 324, 1, 32, 25, 48, 0.927, 0.810
Mon Jul  3 02:43:57 EDT 2017, 0.420, 155, 25, 4, 28, 474, 11, 12, 10, 28, 3.337, 1.240
Mon Jul  3 02:46:10 EDT 2017, 0.290, 130, 24, 7, 14, 511, 18, 27, 22, 43, 133.213, 6.243
Mon Jul  3 02:46:23 EDT 2017, 0.790, 150, 29, 3, 25, 361, 8, 47, 7, 23, 13.007, 2.323
Mon Jul  3 02:46:24 EDT 2017, 0.540, 120, 26, 9, 19, 586, 4, 17, 29, 13, 0.417, 0.553
Mon Jul  3 02:47:34 EDT 2017, 0.040, 140, 21, 5, 8, 436, 13, 37, 14, 33, 69.257, 4.947
Mon Jul  3 02:47:34 EDT 2017, 0.030, 131, 28, 8, 24, 479, 2, 23, 28, 20, 0.473, 0.567
Mon Jul  3 02:48:55 EDT 2017, 0.530, 151, 23, 4, 13, 329, 12, 43, 13, 40, 80.317, 4.850
Mon Jul  3 02:49:09 EDT 2017, 0.780, 121, 21, 6, 8, 554, 16, 13, 20, 30, 14.337, 2.317
Mon Jul  3 02:49:11 EDT 2017, 0.280, 141, 26, 2, 19, 404, 7, 33, 5, 10, 1.487, 0.843
Mon Jul  3 02:49:23 EDT 2017, 0.400, 126, 24, 9, 11, 441, 4, 48, 24, 35, 12.087, 2.703
Mon Jul  3 02:49:33 EDT 2017, 0.900, 146, 29, 5, 22, 591, 14, 28, 9, 15, 9.303, 1.963
Mon Jul  3 02:50:34 EDT 2017, 0.650, 136, 27, 7, 27, 366, 19, 38, 16, 25, 60.693, 3.817
Mon Jul  3 02:50:50 EDT 2017, 0.150, 156, 22, 3, 16, 516, 9, 18, 1, 45, 15.967, 3.013
